origins,destinations,path,free_flow_time,route_id,total_length,mean_speed,speed_std,speed_range,pct_high_speed,pct_high_capacity,pct_mid_capacity,pct_local,road_type_entropy,lane_changes_per_km,priority_changes_per_km,yield_priority_changes_per_km,traffic_lights_per_km,bearing_std,turns_per_km,left_yield_turns_per_km,mean_circuity,edges_per_km,edge_dist_from_shortest,mean_edge_dist_to_other_routes,max_edge_dist_to_other_routes,spatial_distinct_rank_for_OD,cluster
-100468675#0,-101604513#1,"100468675#0,100468675#1,100468675#2,100468675#3,101600741#0,101600741#1,101600741#2,101600741#3,101601553#0,101601553#1,-100525438#0,100468681#7,100468681#8,120511932#0,120511932#1,120511932#2,-101604499,100475363,282479151#1,100475362,-659278038#3,-659278038#2,101604503,101604513#1",2.941402522131963,8a1deba337e88c6d64051a2860008f069165eee4848864325bd9c1deb051523b,1879.046647727192,36.66,9.638572941459028,20.016000000000005,0.187688897176883,0.0,0.0798244291331329,0.9201755708668672,0.2783403572325248,0.0,1.0643695314425046,0.5321847657212523,0.0,91.97451786653338,1.0643695314425046,0.0,2.6329115372508536,12.772434377310054,0.95,0.6195865530120094,0.95,0.6666666666666666,0
-100468675#0,-101604513#1,"100468675#0,100468675#1,100468675#2,100468675#3,101600741#0,101600741#1,101600741#2,101600741#3,101601553#0,101601553#1,100525438#1,100525438#2,659278038#0,659278038#1,101604503,101604513#1",2.225147236720462,6a5441c238068ea57ca5115c5fcb48967d31f65ee43a8a394787c4bc2664a593,1374.0614297792467,32.49,6.836765551048246,20.016000000000005,0.0659307425770555,0.0,0.0,1.0,-0.0,0.0,0.0,0.0,0.0,56.07193728150286,0.0,0.0,1.9253285679379408,11.64431200326358,0.7857142857142857,0.539083693765544,0.8888888888888888,0.2222222222222222,1
-100468675#0,-101604513#1,"-100468675#0,100468664,100468672#2,100468667,100468681#0,100468681#1,100468681#2,100468681#3,100468681#4,100468681#5,100468681#6,100525438#0,100525438#1,100525438#2,659278038#0,659278038#1,101604503,101604513#1",1.691361577028219,1b55ef6f125033f6e92b83b3e656bfcf955520ecc785e3eeeec12f6599778c25,1426.8311092963502,48.888000000000005,20.83862838435333,70.02,0.6841848765990739,0.0,0.6048311640050205,0.3951688359949795,0.6710041070919089,1.401707593119631,1.401707593119631,0.7008537965598155,0.0,81.2490803367144,1.401707593119631,0.0,2.044310672337936,12.615368338076678,0.0,0.7083859427609427,0.95,0.8888888888888888,2
-100468675#0,-101604513#1,"-100468675#0,100468664,100468672#2,100468667,100468681#0,100468681#1,100468681#2,-101600741#4,101601553#0,101601553#1,-100525438#0,100468681#7,100468681#8,120511932#0,120511932#1,120511932#2,-101604499,100475363,282479151#1,100475362,-659278038#3,-659278038#2,101604503,101604513#1",2.543252052440847,90782605c9dd7706ef96c2e88f126518ff5d7d9d6de3d3a4bd494e32d25397e3,1918.2655677309929,45.831,19.324762550990734,70.02,0.5402412813759369,0.0,0.4227842273411729,0.577215772658827,0.6811747731321494,1.042608507207731,2.0852170144154614,1.042608507207731,0.0,125.83566612772636,2.0852170144154614,0.0,2.7484197302263635,12.511302086492767,0.7272727272727273,0.7373004599567099,0.9523809523809524,1.0,3
-100468681#0,-101608828,"100468681#0,100468681#1,100468681#2,100468681#3,100468681#4,101607105,-101607101,101607107,101607098#1,101607098#2,-101607965,101607964#1,101607969#0,101607966#0,-101608828",2.251111272442742,d53345996d23176ab352c57e7399b5ce85bf6aa4f887de6905523efc44fbd48b,1729.051502617169,39.3288,10.336217954358355,20.016000000000005,0.5808774640327963,0.0,0.4355302874124227,0.5644697125875775,0.6848113047301448,0.0,0.5783517717583054,0.5783517717583054,0.0,78.85581806322665,0.5783517717583054,0.5783517717583054,2.411599607266153,8.67527657637458,0.5909090909090908,0.4676410474358627,0.75,0.5833333333333334,0
-100468681#0,-101608828,"100468681#0,100468681#1,100468681#2,100468681#3,100468681#4,101607105,101607099,101607107,101607098#1,101607098#2,-120512823#1,-120512823#0,-101609498#5,336863927#0,336863927#1,336863927#2,101608827,101609498#2,101608828",2.483452560289773,36b2a95e29997f9c2efbc2d9d23e64147c0f11121b80d1a27031eee4dbbf32f4,1881.7878928669347,38.41578947368422,10.153261586411793,20.016000000000005,0.5192963715743593,0.0,0.4001802226171444,0.5998197773828555,0.6730846733285202,0.0,0.5314095195269237,0.5314095195269237,0.0,79.97177080957357,0.5314095195269237,0.5314095195269237,2.543697022671059,10.096780871011552,0.3333333333333333,0.4989754338766197,0.7333333333333334,0.75,1
-100468681#0,-101608828,"100468681#0,100468681#1,100468681#2,100468681#3,100468681#4,101607105,101607099,101607107,101607098#1,101607098#2,-120512823#1,-120512823#0,-101609498#5,-101609498#4,-101609498#3,101608828",2.230791495864004,4686839857e8c9d44bb3de43bae30299336b220034022cc12d5b513757774d22,1707.9742611239992,39.996,10.336217954358355,20.016000000000005,0.5721430627387031,0.0,0.4409049451308243,0.5590950548691755,0.6861463771435635,0.0,0.585488916760321,0.585488916760321,0.0,76.0318300883491,0.585488916760321,0.585488916760321,2.30874534759648,9.367822668165136,0.0,0.4003621650680474,0.7037037037037037,0.0833333333333333,2
-100468681#0,-101608828,"-100468681#0,100468681#0,100468681#1,100468681#2,100468681#3,100468681#4,101607105,101607099,101607107,101607098#1,101607098#2,-101607965,101607964#1,101607969#0,101607966#0,-101608828",2.367997537387885,2786b6cd8fd8690ae040675f1b51647acb3efed7d090beb1d0d3f5a097ecc106,1823.0209960506827,39.996,10.336217954358355,20.016000000000005,0.6027686344735167,0.0,0.4649135276584807,0.535086472341519,0.6906830348064746,0.0,0.5485400344627729,0.5485400344627729,0.0,88.41970755049304,0.5485400344627729,0.5485400344627729,2.9280714340291194,8.776640551404366,0.5454545454545454,0.4480901353634439,0.7142857142857143,0.5,3
-100468681#0,-101749458#0,"-100468681#0,100468681#0,100468681#1,100468681#2,-101600741#4,101601553#0,101601553#1,-100525438#0,100468681#7,100468681#8,282479126,133906980,133906979,282479125#0,282479125#1,120511930,-42762428#0,-697042776#1,687927789#0,-71324342,71223791#0,71223791#1,101411570,282689981#1,-120511301,101411571#0,-47374680#8,-47374680#7,-47374680#6,101746498#0,101746498#1,101746498#2,-101746514,101749449#1,-101749458#1,-101749458#0",5.343460422325878,fb6f88a9dc99f7032b5b26e7de671838053299531c2e776c0c82e4524f3a6bb0,3850.15014484815,38.88399999999999,10.08711585567026,20.016000000000005,0.5025115250456059,0.017438381938859,0.3179749005188668,0.664586717542274,0.7064830394901849,0.0,1.0389205224508875,0.5194602612254438,0.2597301306127219,67.45695400563909,1.0389205224508875,0.2597301306127219,2.460519254388698,9.350284702057987,0.7346938775510203,0.691414817000468,0.953125,0.8333333333333334,0
-100468681#0,-101749458#0,"100468681#0,100468681#1,100468681#2,100468681#3,100468681#4,100468681#5,100468681#6,100468681#7,100468681#8,282479126,133906980,133906979,282479125#0,282479125#1,120511930,-42762428#0,-697042776#1,42762429,1323419246,184568063,1323419245,16648700,1323419243,120511145,47374680#0,101749458#0",3.319095730444805,70bb2f230b3b4734e07a77faa9e524c7cb97048a2b568289c0f215a4e6b650be,2445.189391503312,39.996,10.20619745840732,20.016000000000005,0.4965091608300779,0.4070955582497653,0.5446333156400969,0.0482711261101376,0.8431081312700905,0.8179325523616771,0.8179325523616771,0.4089662761808385,0.4089662761808385,37.51409910383782,0.8179325523616771,0.4089662761808385,1.4598335435241598,10.6331231807018,0.0,0.4910402391485418,0.7872340425531915,0.25,1
-100468681#0,-101749458#0,"-100468681#0,100468681#0,100468681#1,100468681#2,-101600741#4,101601553#0,101601553#1,-100525438#0,100468681#7,100468681#8,282479126,133906980,133906979,282479125#0,282479125#1,120511930,-42762428#0,-697042776#1,42762429,1323419246,184568063,76867740,1323419243,120511145,47374680#0,101749458#0",3.966395096555541,85f835f11770ab763d51c2057b0e34f5cf1c0207b1533dc4a8acc42f217c4de8,2743.341914189115,37.68646153846154,9.930716990150389,20.016000000000005,0.4033687637515484,0.2767023713526389,0.4462626779982176,0.2770349506491436,1.0711819745453486,1.458075633704715,2.1871134505570726,1.0935567252785363,0.3645189084261787,48.88951976366952,1.458075633704715,0.3645189084261787,1.6678290611364182,9.477491619080649,0.375,0.5127791423409526,0.8823529411764706,0.3333333333333333,2
-100468681#0,-101749458#0,"100468681#0,100468681#1,100468681#2,-101600741#4,101601553#0,101601553#1,-100525438#0,100468681#7,100468681#8,282479126,133906980,133906979,282479125#0,282479125#1,120511930,-42762428#0,-697042776#1,42762429,1323419246,184568063,1323419245,16648700,1323419243,120511145,283490977#1,-173532317#3,-173532317#2,-101415865#2,-101415865#1,-101749458#1,-101749458#0",4.810561762501976,e8d652b530d48b61f4ae7d59bd3a903911d28e51a2461fd382211667d956e3aa,3421.5135084317008,38.3818064516129,10.040231967504058,20.016000000000005,0.4542898961373545,0.3269815515164743,0.4345201586681962,0.2384982898153294,1.0695568140834173,0.5845366370968176,1.461341592742044,0.8768049556452263,0.2922683185484088,64.05831524241256,1.461341592742044,0.5845366370968176,2.1471849141411665,9.060317875000672,0.4594594594594594,0.5686979455665623,0.9310344827586208,0.5,3
-100468681#0,-1200809291,"100468681#0,100468681#1,100468681#2,100468681#3,100468681#4,100468681#5,100468681#6,100468681#7,100468681#8,282479126,133906980,133906979,282479125#0,282479125#1,120511930,-42762428#0,-697042776#1,687927789#0,-71324342,71223791#0,71223791#1,-679068326#3,-679068326#2,-679068326#1,-679068326#0,101749453,224715836,224715833,282689986,-352797377,-120511301,120509990,71324347#0,71324347#1,71324347#2,71324347#3,101418583,526438862#2,101418589,-1200809291",6.176356886301712,6627b2707af28fff40334c7f07f53f6d77325c3cdcc869f26bfc0d24503b7d9a,3754.9839501531674,34.9983,13.009704397989871,39.99600000000001,0.3430429592193155,0.0260295094943922,0.3546570700010896,0.5356865713394134,1.0044978994647986,0.5326254456875693,1.331563614218923,0.798938168531354,0.2663127228437846,73.5586619327115,1.331563614218923,0.5326254456875693,3.078385893234422,10.652508913751388,0.5555555555555556,0.6247486057446491,0.8070175438596492,0.75,0
-100468681#0,-1200809291,"100468681#0,100468681#1,100468681#2,100468681#3,100468681#4,100468681#5,100468681#6,100468681#7,100468681#8,282479126,133906980,133906979,282479125#0,282479125#1,120511930,-42762428#0,-697042776#1,42762429,1323419246,184568063,76867740,-16648700,42762427,659281081#0,659281081#1,526438862#0,526438862#1,526438862#2,101418589,-1200809291",4.035578111267917,ce4bce68419238423c84fa233bfca06a834bbfe6b2107c628540464c48291dcb,2735.643803471464,35.995200000000004,11.92339060317417,39.99600000000001,0.3643333217946766,0.4054797115080798,0.4868073847817853,0.088724012457509,1.006645994533092,1.4621786633640317,1.4621786633640317,0.7310893316820157,0.3655446658410078,69.2173123935722,1.0966339975230237,0.0,2.2427172540050946,10.966339975230236,0.2258064516129032,0.4823700740457803,0.7021276595744681,0.5,1
-100468681#0,-1200809291,"100468681#0,100468681#1,100468681#2,100468681#3,100468681#4,100468681#5,100468681#6,100468681#7,100468681#8,282479126,133906980,133906979,282479125#0,282479125#1,120511930,-42762428#0,-697042776#1,42762429,1323419246,-100525445,526438862#0,526438862#1,526438862#2,101418589,-1200809291",2.666770588258714,967c23fee05fc8907e156dfa018858f65616bad42610a5b0851f1278a80872a5,1989.2851057333885,37.19664000000001,12.757891919905893,39.99600000000001,0.5010273244861673,0.2591873219871977,0.6694523584498819,0.0452469974753416,0.8538624961004708,2.01077260794416,2.01077260794416,1.00538630397208,0.50269315198604,54.95706738227025,2.01077260794416,0.50269315198604,1.630842445241668,12.567328799651,0.0,0.4161482715582403,0.6666666666666667,0.0833333333333333,2
-100468681#0,-1200809291,"100468681#0,100468681#1,100468681#2,100468681#3,100468681#4,100468681#5,100468681#6,100468681#7,100468681#8,282479126,133906980,133906979,282479125#0,282479125#1,120511930,42762428#1,1164653913,463830226#0,463830226#1,101411570,282689981#1,-120511301,120509990,71324347#0,71324347#1,71324347#2,71324347#3,101418583,526438862#2,101418589,-1200809291",4.103572380130633,f4446324afe0e72bd15e8394213249e08ce763a820d8ff9cafa8d87066de2ee3,2660.9347441785903,36.45290322580647,14.502096389499096,39.99600000000001,0.5203038850783858,0.0575251955035032,0.5004751088225333,0.3239894824946158,1.1280290519251417,0.7516155758330647,1.8790389395826617,1.1274233637495972,0.0,65.06507410181483,1.8790389395826617,0.3758077879165323,2.1814697713854647,11.650041425412503,0.5263157894736843,0.5657187883043346,0.8200000000000001,0.5833333333333334,3
-100468681#0,-23887076#2,"-100468681#0,100468681#0,100468681#1,100468681#2,100468681#3,100468681#4,100468681#5,100468681#6,100525438#0,-101601553#1,-101601553#0,-101600741#3,-101600741#2,-101600741#1,-101600741#0,-100468675#3,-100468675#2,-100468675#1,-100468675#0,100468664,100468672#2,100468672#3,100468672#4,100468679,-23887076#3,-23887076#2",3.202398476755829,4b03c2d63677e915cb6f6790cda8432c0012bbb30702e950d52d28b71126d58d,2579.959056967625,51.535384615384615,25.413562960084004,70.02,0.5893598771473139,0.0,0.580587856019924,0.4194121439800761,0.6801015465112872,0.7752061004994069,0.7752061004994069,0.3876030502497034,0.0,85.17520058394724,0.7752061004994069,0.0,4.090209965198034,10.07767930649229,0.8148148148148149,0.3982149216524216,0.8148148148148149,0.4,0
-100468681#0,-23887076#2,"-100468681#0,100468665,100468672#4,100468679,-23887076#3,-23887076#2",0.456037628600873,a7e3714d794f23cf95937dbfbc40a6e4f5b8e72a90b2af5eda0705df3d308eb2,669.7086960343679,85.002,19.75145722218996,50.00399999999999,1.0,0.0,1.0,0.0,-0.0,2.986373048226575,0.0,0.0,0.0,19.70661850896239,0.0,0.0,1.0617413384533123,8.959119144679725,0.0,0.8320105820105821,0.8518518518518519,1.0,1
-100468681#0,-23887076#2,"100468681#0,100468681#1,100468681#2,-101600741#4,-101600741#3,-101600741#2,-101600741#1,-101600741#0,-100468675#3,-100468675#2,-100468675#1,-100468675#0,100468664,100468672#2,100468672#3,100468672#4,100468679,-23887076#3,-23887076#2",2.3828920996909644,72aab00036c010341a53c83130a59aa30fb213f10a3ccae5a086de405f8bc940,2002.350184388784,54.20652631578948,28.93513755390076,70.02,0.6113107573609591,0.0,0.600008311099578,0.3999916889004219,0.6730082970044664,0.9988262870265616,0.9988262870265616,0.4994131435132807,0.0,68.610280759433,0.9988262870265616,0.0,3.579089257353434,9.488849726752337,0.8095238095238095,0.495970695970696,0.8095238095238095,0.6,2
-100468681#0,-23887076#2,"100468681#0,100468681#1,100468681#2,100468681#3,100468681#4,100468681#5,100468681#6,100525438#0,100525438#1,100525438#2,659278036#0,659278036#1,659278036#2,659278036#3,-100468675#3,-100468675#2,-100468675#1,-100468675#0,100468664,100468672#2,100468672#3,100468672#4,100468679,-23887076#3,-23887076#2",2.8796298588695093,9cda090183a473463fb07d9fe87aa92c1a5c08defb7b4c746f313a5c1f3225dd,2374.968877644465,51.59664,25.9356500253994,70.02,0.6004421960637388,0.0,0.5909130373583131,0.4090869626416868,0.6765245092541134,0.8421162983759324,0.8421162983759324,0.4210581491879662,0.0,83.62191436161403,0.8421162983759324,0.0,4.245124385733126,10.526453729699154,0.8518518518518519,0.5446329898446833,0.8518518518518519,0.8,3
-100468681#0,-336863927#1,"100468681#0,100468681#1,100468681#2,100468681#3,100468681#4,101607105,-101607101,101607107,101607098#1,101607098#2,-101607965,101607964#1,101607969#0,101607966#0,-101608828,-101609498#2,-101608827,-336863927#2,-336863927#1",2.539073224682241,f0b4c13febe6422462ca695146e5eb8ac084390fafe98fe3dd5a371f22ce8566,2082.022662930407,37.3623157894737,9.91982206971158,20.016000000000005,0.4823996731182212,0.0,0.361693612319199,0.638306387680801,0.6543864181922026,0.0,0.4803021685616617,0.4803021685616617,0.0,81.8555192162709,0.4803021685616617,0.4803021685616617,2.3725178355520598,9.125741202671572,0.64,0.495486408626261,0.7741935483870968,0.8333333333333334,0
-100468681#0,-336863927#1,"100468681#0,100468681#1,100468681#2,100468681#3,100468681#4,101607105,-101607101,101607107,101607098#1,101607098#2,-120512823#1,-120512823#0,-101609498#5,-101609498#4,-101609498#3,-101609498#2,-101608827,-336863927#2,-336863927#1",2.4503193069884537,383d7fccbe43bc5c9f4ea1d0b7ab648030265b9aa43edf5759eb2188793c1d95,1989.374496721627,37.3623157894737,9.91982206971158,20.016000000000005,0.4549728423000136,0.0,0.3785382285370233,0.6214617714629764,0.6633439819257766,0.0,0.5026705638621293,0.5026705638621293,0.0,79.68914755776981,0.5026705638621293,0.5026705638621293,2.2669428912082044,9.550740713380456,0.4545454545454546,0.4050377956109182,0.6428571428571428,0.1666666666666666,1
-100468681#0,-336863927#1,"100468681#0,100468681#1,100468681#2,100468681#3,100468681#4,101607105,101607099,101607107,101607098#1,101607098#2,-120512823#1,-120512823#0,-101609498#5,336863927#0,336863927#1",1.8866338327987773,c51935221f561cdd246e898463a5d9ee843db48c4c23709a384927d9469f271e,1656.930678288405,39.328800000000015,10.336217954358355,20.016000000000005,0.5462578374778903,0.0,0.4544875097995262,0.5455124902004739,0.6889986671291778,0.0,0.6035255506482572,0.6035255506482572,0.0,71.09799499106505,0.6035255506482572,0.6035255506482572,2.3573617116802734,9.052883259723858,0.0,0.4166328220205225,0.6666666666666667,0.5,2
-100468681#0,-336863927#1,"-100468681#0,100468681#0,100468681#1,100468681#2,100468681#3,100468681#4,101607105,-101607101,101607107,101607098#1,101607098#2,-101607965,101607964#1,101607969#0,101607966#0,-101608828,-101609498#2,-101608827,-336863927#2,-336863927#1",2.6567598097554352,46fa355ee0f4fe129dc0be82be9ed6fe451b464ffc83cdbe87044c437cbbbc14,2176.5154873140705,37.994400000000006,10.060535794039897,20.016000000000005,0.5048711496935262,0.0,0.3894055094987245,0.6105944905012755,0.6684814210618433,0.0,0.4594499813249894,0.4594499813249894,0.0,88.96222372040279,0.4594499813249894,0.4594499813249894,2.772082228106062,9.188999626499788,0.6538461538461539,0.4872460092381382,0.78125,0.75,3
-100468681#0,101417074,"100468681#0,100468681#1,100468681#2,-101600741#4,101601553#0,101601553#1,-100525438#0,100468681#7,100468681#8,282479126,133906980,133906979,282479125#0,282479125#1,120511930,42762428#1,1164653913,463830226#0,-416376586,71223791#1,-679068326#3,-679068326#2,-679068326#1,-679068326#0,-1006827381,101417074",3.910378204557561,7d86e8d1372d4d7cdd52be54a2b08066d4d170c6c8f6d61295f0190c58a87788,2814.982179731282,37.68646153846154,9.93071699015039,20.016000000000005,0.4333457007171215,0.0435067726640607,0.4013376329845805,0.5551555943513589,0.8295016717868908,0.0,1.420968142818524,0.710484071409262,0.0,68.26453751640904,1.420968142818524,0.0,2.159181302052043,9.236292928320406,0.8823529411764706,0.4105662921766524,0.8823529411764706,0.5,0
-100468681#0,101417074,"100468681#0,100468681#1,100468681#2,100468681#3,100468681#4,100468681#5,100468681#6,100468681#7,100468681#8,282479126,133906980,133906979,282479125#0,282479125#1,120511930,42762428#1,1164653913,463830226#0,71324343#0,-416375814,-679068326#2,-101415864#1,101416507,101416508#2,-679068326#0,-1006827381,101417074",2.925707244740949,3b34898917e790853cc2e50943fffd0b7cb9140e586bb459341a32b31701546a,2446.416151303916,42.59066666666667,9.849931198510204,20.016000000000005,0.6521979358153092,0.0500613068964883,0.5443602082796256,0.405578484823886,0.8469689812849492,0.0,0.8175223986050042,0.4087611993025021,0.0,62.761775749831614,0.8175223986050042,0.0,1.8764793784370533,11.036552381167557,0.8163265306122449,0.4663824704950705,0.8163265306122449,0.75,1
-100468681#0,101417074,"100468681#0,100468681#1,100468681#2,100468681#3,100468681#4,101607105,-101607101,101607107,101607098#1,101607098#2,372606529#0,372606529#1,101594836#0,101594836#1,101594812#3,101594812#0,101594843,101594815#0,659283000#6,-71324343#11,-71324343#10,-71324343#8,-71324343#7,-71324343#6,-71324343#5,101416508#0,101416508#1,101416508#2,-679068326#0,-1006827381,101417074",2.557062666679343,b799ce27c101cb2ff6a741a3051d7f4eb18252a63d4bc465bb851e8c6b692c84,2141.1277385957774,36.44477419354839,9.511422321642817,20.016000000000005,0.5156339553972883,0.0062780545067422,0.3517091877851319,0.6420127577081257,0.6838589269632092,0.0,1.4011307900608954,0.9340871933739304,0.4670435966869651,62.00986123941169,1.4011307900608954,0.4670435966869651,1.6423134085070112,14.47835149729592,0.0,0.8552853388353625,0.8867924528301887,1.0,2
-100468681#0,101417074,"100468681#0,100468681#1,100468681#2,-101600741#4,101601553#0,101601553#1,-100525438#0,100468681#7,100468681#8,282479126,133906980,133906979,282479125#0,282479125#1,120511930,42762428#1,42762428#4,71324344,463830226#0,463830226#1,-679068326#3,-679068326#2,-101415864#1,101416507,101416508#2,-679068326#0,-1006827381,101417074",3.4831783541350307,437011782b4390dacc490d1ab410e8a88ff7afbeb463673dee348b4aa057f919,2625.5264702973245,37.85142857142857,9.95490678725106,20.016000000000005,0.4640602905649732,0.0561112347779548,0.4302978079589461,0.5135909572630991,0.8667045433049572,0.0,1.5235039696808028,0.7617519848404014,0.0,67.38867147005647,1.5235039696808028,0.0,2.01386271768507,10.66452778776562,0.8653846153846154,0.4098753831368478,0.8653846153846154,0.4166666666666667,3
-100468681#2,659281081#1,"-100468681#2,100468681#2,-101600741#4,101601553#0,101601553#1,100525438#1,100525438#2,659278038#0,659278038#1,659278038#2,659278038#3,100475365#0,100475365#1,282479151#3,282479151#4,100488713,-100488715#7,-101605219,-100488715#5,-100488715#4,-100488715#3,-100488715#2,-100488715#1,-100488715#0,162276533#2,-1323419243,-16648700,42762427,659281081#0,659281081#1",4.047377770402618,22e58fd467624100cebe2194b5ecf384328b235d36c9ad5cc11630a567a13da1,2783.439045881029,35.99280000000001,9.329289459583174,20.016000000000005,0.3097879744271644,0.1394599266316009,0.1616614145770114,0.6988786587913876,0.8197136349901027,0.359267791935237,1.077803375805711,0.359267791935237,0.0,72.42907407183242,1.077803375805711,0.0,2.932438792875637,10.77803375805711,0.9166666666666666,0.8896065922381713,0.9473684210526316,1.0,0
-100468681#2,659281081#1,"100468681#2,100468681#3,100468681#4,100468681#5,100468681#6,100468681#7,100468681#8,282479126,133906980,133906979,282479125#0,282479125#1,120511930,-42762428#0,-697042776#1,42762429,1323419246,184568063,1323419245,42762427,659281081#0,659281081#1",2.2503160803558284,d57300dc4ebb0a2f8ddaf05bdce031db0009a213a384589580d5cc9c05e5685d,1621.210978903708,38.17636363636365,10.072777375279776,20.016000000000005,0.2584110152810204,0.5349253142550516,0.4650746857449483,0.0,0.6907056377166965,0.6168228645208276,0.6168228645208276,0.0,0.6168228645208276,53.31515591690543,0.6168228645208276,0.0,1.647168651426377,13.570103019458204,0.0,0.3939668904944422,0.9166666666666666,0.1666666666666666,1
-100468681#2,659281081#1,"-100468681#2,100468681#2,100468681#3,100468681#4,100468681#5,100468681#6,100468681#7,100468681#8,282479126,133906980,133906979,282479125#0,282479125#1,120511930,-42762428#0,-697042776#1,42762429,1323419246,-100525445,526438862#0,526438862#1,526438862#2,101418589,625955757,71324347#2,71324347#3,71324347#4,71324347#5,47374666,659281081#0,659281081#1",3.5571511246117336,b30fb93d086d12ec03c3c0142334f9d587547c4032a6147dd60b88b07c2712a6,2005.5275181951515,33.54735483870967,12.792273797227212,39.99600000000001,0.2333981349359729,0.3366541550756206,0.4004591243549452,0.0448805500499219,1.2043646765612963,2.4931096455358968,2.4931096455358968,0.9972438582143588,0.4986219291071794,71.85627322246457,2.4931096455358968,0.4986219291071794,2.1128850309253133,15.45727980232256,0.4411764705882353,0.4790610189908176,0.9298245614035088,0.6666666666666666,3
-100488715#3,-101411571#1,"-100488715#3,-100488715#2,-100488715#1,-100488715#0,162276533#2,120511145,47374680#0,47374680#1,101415865#0,-101749449#1,101746514,-101746498#2,-101746498#1,-101746498#0,47374680#6,47374680#7,47374680#8,101411571#1",4.242252682210393,a53c83f726f7b79091ce3044a51e42d73a80f6c24c27d1943f3b5084be48a8d2,2766.686954978267,34.43600000000001,8.562697321041117,20.016000000000005,0.3683588298421737,0.0479257121770163,0.1271121325745461,0.8249621552484375,0.5665330028217388,0.0,1.084329397874927,0.3614431326249758,0.0,93.4474842880931,1.084329397874927,0.3614431326249758,4.689494404331254,6.505976387249564,0.4545454545454546,0.5942335021762536,0.9743589743589745,0.3333333333333333,0
-100488715#3,-101411571#1,"-100488715#3,-100488715#2,-100488715#1,-100488715#0,162276533#2,120511145,47374680#0,101749458#0,101749458#1,-101415865#0,47374680#2,47374680#3,47374680#4,47374680#5,47374680#6,47374680#7,47374680#8,101411571#1",2.7800184292579524,7f16bb09ae37f9c9fb2921c73f4b323ef33a63c2357c15e90bc3917152c8c034,1877.2233392329997,35.54800000000001,9.225146196832938,20.016000000000005,0.3422532862296157,0.0706338132053964,0.1873402443191202,0.7420259424754834,0.722358921396351,0.0,1.5981049975788963,0.5327016658596321,0.0,72.60510873344572,1.5981049975788963,0.5327016658596321,3.1818664302345447,9.58862998547338,0.2105263157894736,0.5769646938963132,0.9743589743589745,0.25,1
-100488715#3,-101411571#1,"-100488715#3,-100488715#2,-100488715#1,-100488715#0,162276533#2,120511145,47374680#0,47374680#1,47374680#2,47374680#3,47374680#4,47374680#5,47374680#6,47374680#7,47374680#8,101411571#1",2.545859999867478,fdf1a5b98fa4b526eb50555b37a6f891032732f1877fda352fa6c4bc6141333b,1678.389321629827,33.741,8.068707554497191,20.016000000000005,0.2953662258181086,0.0790016005103245,0.2095339111618994,0.7114644883277762,0.7702066413662576,0.0,1.7874279592572728,0.5958093197524242,0.0,72.32543484604183,1.7874279592572728,0.5958093197524242,2.8448456439605505,9.532949116038788,0.0,0.5361424624234828,0.972972972972973,0.0833333333333333,2
-100488715#3,-101411571#1,"-100488715#3,-100488715#2,-100488715#1,-100488715#0,162276533#2,120511145,283490977#1,-173532317#3,-173532317#2,-101415865#2,-101415865#1,-101415865#0,47374680#2,47374680#3,47374680#4,47374680#5,47374680#6,47374680#7,47374680#8,101411571#1",3.593195507144542,0d2b0b65d4fe03a30bcb381b6023a12c7bd72862e7d29ec226248e516220bb0d,2447.5531465640533,35.9928,9.410769517168251,20.016000000000005,0.3987835294103976,0.1045703535421163,0.2895290701532928,0.6059005763045908,0.898560101446477,0.0,1.6342852475401062,0.8171426237700531,0.0,87.56252909670202,1.6342852475401062,0.8171426237700531,4.148567211213688,8.171426237700532,0.3636363636363636,0.6250646972064549,0.975609756097561,0.5,3
-100488715#3,-101609498#0,"-100488715#3,100488715#3,101418592,101418584#2,101418584#3,101418584#4,101418587,464265154,120511142#1,75421017,619185406,619184994,1164659927#1,1164659928,-372606529#8,-372606529#7,-372606529#6,-372606529#5,-372606529#4,-372606529#3,-372606529#2,-372606529#1,-372606529#0,-101607965,101607964#1,101607969#0,101607966#0,-101608828,-101609498#2,-101609498#1,-101609498#0",3.829205620333087,ab2bc54c1b475fa8591baf27bd871735b814b2c654e3f2887adbdf1324fa848b,2539.826283836262,32.570709677419366,6.820994444573551,20.016000000000005,0.1342325748411239,0.0,0.0,1.0,-0.0,1.5749108612098577,0.0,0.0,0.0,58.94124714817259,0.0,0.0,2.2415095417977238,12.205559174376395,0.3055555555555556,0.4735964357083864,0.9701492537313432,0.25,0
-100488715#3,-101609498#0,"100488715#3,101418592,101418584#2,101418584#3,101418584#4,101418587,464265154,120511142#1,75421017,619185406,619184994,1164659927#1,1164659928,-372606529#8,-372606529#7,-372606529#6,-372606529#5,-372606529#4,-372606529#3,-372606529#2,-372606529#1,-372606529#0,-120512823#1,-120512823#0,-101609498#5,-101609498#4,-101609498#3,-101609498#2,-101609498#1,-101609498#0",3.390511726648904,80f3b46ed3f76a1f93a3f35f4679affc61ac3c68cf7cb8765fcbd1b018b2bc26,2258.6136064305388,32.65680000000001,6.920450007293478,20.016000000000005,0.1070000367440796,0.0,0.0,1.0,-0.0,1.7709979204107906,0.0,0.0,0.0,56.07924065094311,0.0,0.0,1.748370848065458,13.28248440308093,0.0,0.4601282460388967,0.9032258064516128,0.0833333333333333,1
-100488715#3,-101609498#0,"100488715#3,101418592,101418584#2,101418584#3,101418584#4,416373452,-100525445,526438862#0,526438862#1,526438862#2,1200809292,868087112,526439431#0,526439431#1,623959719,619185406,619184994,1164659927#1,1164659928,-372606529#8,-372606529#7,-372606529#6,-372606529#5,-372606529#4,-372606529#3,-372606529#2,-372606529#1,-372606529#0,-120512823#1,-120512823#0,-101609498#5,-101609498#4,-101609498#3,-101609498#2,-101609498#1,-101609498#0",3.772774422944124,6c68d36a5bf4f38265faf461bf850814db2c1d3e88704028173ce3281f1ecbf2,2522.624576133049,32.21200000000001,6.3796522251832615,20.016000000000005,0.1126792491581063,0.1243642514532036,0.0,0.8756357485467965,0.3755312013523592,0.7928250675595239,0.7928250675595239,0.3964125337797619,0.3964125337797619,56.18358120999955,0.7928250675595239,0.3964125337797619,1.952739174583621,14.27085121607143,0.35,0.5299869265144491,0.9117647058823528,0.4166666666666667,2
-100488715#3,-101609498#0,"100488715#3,101418592,101418584#2,101418584#3,101418584#4,101418587,464265154,120511142#1,120511142#2,1323419247,868087112,526439431#0,526439431#1,623959719,619185406,619184994,1164659927#1,1164659928,-372606529#8,-372606529#7,-372606529#6,-372606529#5,-372606529#4,-372606529#3,-372606529#2,-372606529#1,-372606529#0,-120512823#1,-120512823#0,-101609498#5,336863927#0,336863927#1,336863927#2,336863927#3,101609498#0",3.927786636612888,d24554338997e87a6d6a29c70dd1f640fe1d3ea1084a6988e66a86be0a245755,2597.3295797671376,32.27554285714287,6.461221867430966,20.016000000000005,0.0930462351645079,0.0568292408224775,0.0,0.9431707591775224,0.2181524278826667,2.3100649400596773,0.7700216466865591,0.3850108233432796,0.3850108233432796,59.57358004457374,0.7700216466865591,0.3850108233432796,2.0821295533564297,13.475378817014786,0.4146341463414634,0.5698699244169256,0.9264705882352942,0.6666666666666666,3
-100488715#3,1164659926,"-100488715#3,100488715#3,100488715#4,100488715#5,100488715#6,100488715#7,100488714,282479151#6,100475366,100475359,282689984#0,282689984#1,619185406,619184994,1164659927#1,1164659926",1.954360477092205,633551963b885657600cfab0da3243a430496463073c8aa3e2bc229946b822aa,1230.4918921634962,37.494,10.008000000000004,20.016000000000005,0.1649164288461006,0.0,0.0,1.0,-0.0,0.0,0.0,0.0,0.0,54.18125926390893,0.0,0.0,1.7721176251604651,13.002930049273392,0.7916666666666666,0.7057316837996351,0.9166666666666666,0.8333333333333334,0
-100488715#3,1164659926,"100488715#3,101418592,101418584#2,101418584#3,101418584#4,101418587,464265154,120511142#1,75421017,619185406,619184994,1164659927#1,1164659926",1.6002326200458583,bbf8004a42e52bd857fd3a1bd1e8024dfe6db6d58800168f1bd6cb4d6da586fd,992.0505046631276,33.06738461538462,7.516684702917699,20.016000000000005,0.09033276750594,0.0,0.0,1.0,-0.0,4.032052784810878,0.0,0.0,0.0,44.39710863592789,0.0,0.0,1.1261682832487925,13.104171550635352,0.0,0.5963399708211513,0.7916666666666666,0.5833333333333334,1
-100488715#3,1164659926,"100488715#3,101418592,101418584#2,101418584#3,101418584#4,101418587,464265154,120511142#1,120511142#2,1323419247,868087112,526439431#0,526439431#1,623959719,619185406,619184994,1164659927#1,1164659926",1.9531737965164464,14cbbc626f63795e8af5d822b5ab4929786318f1e40b86fe7a499a672539bbfa,1235.0708883807529,32.212,6.472790760969657,20.016000000000005,0.0725583190689359,0.1195107662018076,0.0,0.8804892337981925,0.3659490924781214,4.858020747186695,1.6193402490622315,0.8096701245311159,0.8096701245311159,55.36899778823744,1.6193402490622315,0.8096701245311159,1.4020431979222905,14.574062241560084,0.368421052631579,0.547471927112756,0.8275862068965517,0.3333333333333333,2
-100488715#3,1164659926,"-100488715#3,100488715#3,101418592,101418584#2,101418584#3,101418584#4,416373452,-100525445,526438862#0,526438862#1,526438862#2,1200809292,868087112,526439431#0,526439431#1,623959719,619185406,619184994,1164659927#1,1164659926",2.332435292331476,3a4d3982b3c6595f13a4c1110e9e648ced6c6b78c9243f94b1b0e07a746b7df2,1444.6259855625822,31.989600000000006,6.160794808600936,20.016000000000005,0.0915049107386214,0.2171664640146064,0.0,0.7828335359853938,0.5232981832814343,1.3844413848205408,1.3844413848205408,0.6922206924102704,0.6922206924102704,55.73920625414592,1.3844413848205408,0.6922206924102704,2.080507142780998,13.844413848205408,0.625,0.5336687386687387,0.8333333333333334,0.1666666666666666,3
-100488715#4,-101605951#5,"-100488715#4,-100488715#3,101605951#0,101605951#1,101605951#2,101605951#3,101605951#4,101605951#5",0.6985882762032098,37db973116200ad49f5d74d0121a4882be37c6b267a4f643b0ea3c52c4dfcd21,643.6827789122506,45.0,9.265607558523698,20.016000000000005,0.6859533589825639,0.0,0.0,1.0,-0.0,0.0,0.0,0.0,0.0,71.36212349738238,0.0,0.0,2.850345324703061,12.428482261897816,0.0,0.6528472222222222,0.9,0.7777777777777778,1
-100488715#4,-101605951#5,"-100488715#4,100488715#4,120829754,101605951#5",0.9782583537011926,1e708209c39a4e2612a13be8336ce666c4a4fffc6abdb876e6c7de74a85fde37,291.31943311433304,29.997,16.3283019325342,39.99600000000001,0.2930169925267262,0.0,0.0,0.3862610528767055,0.6670461943933319,0.0,6.865316119213603,3.4326580596068017,0.0,74.24143557855683,6.865316119213603,3.4326580596068017,1.2900158453451238,13.730632238427209,0.8,0.7830090742590743,0.9230769230769232,0.8888888888888888,2
-100488715#4,-101605951#5,"-100488715#4,101418592,101418584#2,101418584#3,101418584#4,101418587,464265154,120511142#1,120511142#2,1323419246,184568063,76867740,1323419243,-162276533#2,100488715#0,100488715#1,100488715#2,101605951#0,101605951#1,101605951#2,101605951#3,101605951#4,101605951#5",3.131670565994577,2b13c82c3968b38e016b5e13d3dfb980905b585c68107ea3f8fac0bcd970b0fc,2204.955439012664,37.820347826086966,9.988201761026476,20.016000000000005,0.4003847403441192,0.1763737129872089,0.1594950504627613,0.6641312365500296,0.8706393485990572,3.628191236183097,2.267619522614436,1.3605717135686612,0.0,93.8135395568388,1.3605717135686612,0.0,9.763946827021009,10.431049804026404,0.7083333333333333,0.5380608974358974,0.96,0.4444444444444444,3
-100488715#4,-101611601,"100488715#4,100488715#5,101605219,100488715#7,100488714,282479151#6,100475366,100475359,282689984#0,282689984#1,619185406,619184994,1164659927#1,1164659928,-372606529#8,-372606529#7,-372606529#6,-372606529#5,-372606529#4,-372606529#3,-101611601",1.876215021645808,2582bb3056f8b5831a03febd0e8f1729db2dd4decae56f6e079127117a38bccc,1394.1649499662635,37.61314285714288,9.96022884418684,20.016000000000005,0.4253732378952541,0.0,0.0,1.0,-0.0,0.0,0.0,0.0,0.0,40.32039552211151,0.0,0.0,1.3989975831172805,15.062780053757743,0.6333333333333333,0.57421433551373,0.8095238095238095,0.6666666666666666,0
-100488715#4,-101611601,"-100488715#4,101418592,101418584#2,101418584#3,101418584#4,101418587,464265154,120511142#1,75421017,619185406,619184994,1164659927#1,1164659928,-372606529#8,-372606529#7,-372606529#6,-372606529#5,-372606529#4,-372606529#3,-101611601",1.7804847208861947,3be498e3eb64774b0e6d7703ef1b6c3b5b4af7b59d449e31df0819617fe85b1e,1172.827277766981,32.99040000000001,7.332812531426987,20.016000000000005,0.1099615156806338,0.0,0.0,1.0,-0.0,3.4105618754160028,0.0,0.0,0.0,49.044248880046815,0.0,0.0,1.193146327150924,17.052809377080013,0.0,0.4978497478497478,0.6756756756756757,0.1666666666666666,1
-100488715#4,-101611601,"-100488715#4,101418592,101418584#2,101418584#3,101418584#4,101418587,464265154,120511142#1,120511142#2,1323419247,868087112,526439431#0,526439431#1,623959719,619185406,619184994,1164659927#1,1164659928,-372606529#8,-372606529#7,-372606529#6,-372606529#5,-372606529#4,-372606529#3,-101611601",2.133425897356783,c4ca233cd6d32a41aca7ab3bbb7fb678bab356ed26fe5a89d035c7b9b644a0ee,1415.8476614846063,32.389920000000004,6.63855618037537,20.016000000000005,0.0910873878617846,0.1042515181535551,0.0,0.8957484818464448,0.3343253330414208,4.2377440477661406,1.4125813492553805,0.7062906746276901,0.7062906746276901,56.58409900017657,1.4125813492553805,0.7062906746276901,1.4403770010550674,17.657266865692254,0.2692307692307693,0.5155551181838501,0.7073170731707317,0.25,2
-100488715#4,-101611601,"-100488715#4,101418592,101418584#2,101418584#3,101418584#4,101418587,464265154,120511142#1,75421017,619185406,120511930,42762428#1,42762428#4,1197063689,282479127#0,101611060,-372606529#7,-372606529#6,-372606529#5,-372606529#4,-372606529#3,-101611601",2.134326257500841,67a616e7cd7103a118b583d79d6093cec30509c14908efb57b37d8ecd3b5b014,1376.549357320434,32.71745454545456,7.030621734528603,20.016000000000005,0.0936877885337084,0.1841037849955886,0.0624680822379312,0.7534281327664804,0.6980926879544411,2.9058166194536805,2.1793624645902603,0.7264541548634201,0.0,52.038305222182366,2.1793624645902603,0.7264541548634201,1.4003978599099056,15.981991406995244,0.3846153846153846,0.613734976922776,0.8095238095238095,0.9166666666666666,3
-100488715#4,-619184994,"-100488715#4,100488715#4,100488715#5,101605219,100488715#7,100488714,282479151#6,100475366,100475359,282689984#0,282689984#1,619185406,619184994",0.9991842093208776,534c180d4209a3d34e8328eaa81cc350a42c4ec27deefc010b3c75e04eb64399,987.397621613058,40.76584615384616,10.385792425602023,20.016000000000005,0.5607561222597721,0.0,0.0,1.0,-0.0,0.0,0.0,0.0,0.0,47.67235218884092,0.0,0.0,1.4538269915468938,13.165921929974475,0.8571428571428572,0.6742672310854129,0.9696969696969696,0.625,0
-100488715#4,-619184994,"-100488715#4,101418592,101418584#2,101418584#3,101418584#4,101418587,464265154,120511142#1,75421017,619185406,619184994",0.9030537484972392,946cd98011aaaf1a99c4ace4f34d81f29d2844a656e78d8c75153fe95de284e2,752.4780460125578,33.62727272727273,8.096870668238555,20.016000000000005,0.1190927337571643,0.0,0.0,1.0,-0.0,5.31576970410808,0.0,0.0,0.0,49.24973596620961,0.0,0.0,1.107935516446108,14.618366686297218,0.0,0.656294933032901,0.9047619047619048,0.5,1
-100488715#4,-619184994,"-100488715#4,101418592,101418584#2,101418584#3,101418584#4,101418587,464265154,120511142#1,120511142#2,1323419247,868087112,526439431#0,526439431#1,623959719,619185406,619184994",1.2559949249678275,84c5ed5a37c4f63d7d66a9cc738c3eca62d6c10b555011915a728d76f0604bab,995.4984297301831,32.49,6.836765551048246,20.016000000000005,0.0900198984906221,0.1482717237674972,0.0,0.8517282762325027,0.4196994672727237,6.027131556225781,2.0090438520752603,1.00452192603763,1.00452192603763,59.33504139993972,2.0090438520752603,1.00452192603763,1.4657544797605877,16.072350816602082,0.4117647058823529,0.6016029650940137,0.9230769230769232,0.1666666666666666,2
-100488715#4,-619184994,"-100488715#4,101418592,101418584#2,101418584#3,101418584#4,416373452,-100525445,526438862#0,526438862#1,526438862#2,1200809292,868087112,526439431#0,526439431#1,623959719,619185406,619184994",1.2853164447924597,0488c4c4ce9ce73f59391c6738b86a82fd137763e383cc645ca775c1a61a0bc9,1016.489015715069,32.34282352941176,6.647425330863957,20.016000000000005,0.1300460406516103,0.3086352260162363,0.0,0.6913647739837637,0.6180043249690343,1.967556922976744,1.967556922976744,0.9837784614883718,0.9837784614883718,52.0154395222382,1.967556922976744,0.9837784614883718,1.49666065150461,16.724233845302322,0.6666666666666667,0.6474614391610438,0.925925925925926,0.4166666666666667,3
-100488715#6,-372606529#4,"101605219,-101605219,-100488715#5,-100488715#4,101418592,101418584#2,101418584#3,101418584#4,101418587,464265154,120511142#1,75421017,619185406,619184994,1164659927#1,1164659928,-372606529#8,-372606529#7,-372606529#6,-372606529#5,-372606529#4",2.4134831614431227,01527f351c38feb9bd5aba9359ccb2b3ccd20a123b694eb34fdd3ad8934417e0,1784.4800959711797,33.800571428571445,8.05391614415887,20.016000000000005,0.4433428734045194,0.0,0.0,1.0,-0.0,2.241549238364048,0.0,0.0,0.0,60.47118757389255,0.0,0.0,2.1419559397228323,11.76813350141125,0.6428571428571428,0.6492201808528103,0.8611111111111112,0.8333333333333334,0
-100488715#6,-372606529#4,"101605219,100488715#7,100488714,282479151#6,100475366,100475359,282689984#0,282689984#1,619185406,619184994,1164659927#1,1164659928,-372606529#8,-372606529#7,-372606529#6,-372606529#5,-372606529#4",1.52875603805237,557f7366a95fc9cb4c527cf1def6b6faa485e81d62798982feb9f7550f11da16,1172.5822150420972,38.22988235294118,10.154109918416983,20.016000000000005,0.4721965371139302,0.0,0.0,1.0,-0.0,0.0,0.0,0.0,0.0,38.222830002985546,0.0,0.0,1.4074796608789633,14.497917316091714,0.0,0.4633131462179173,0.8717948717948718,0.3333333333333333,1
-100488715#6,-372606529#4,"-100488715#6,101605219,100488715#7,100488714,282479151#6,100475366,100475359,282689984#0,282689984#1,619185406,120511930,42762428#1,42762428#4,1197063689,1164653914,1164659927#1,1164659928,-372606529#8,-372606529#7,-372606529#6,-372606529#5,-372606529#4",2.054526346175619,2469352ee186139bd5d41751f38ee72f53df019f909b9cc236e93c232b9c9c20,1489.7444604418151,36.35672727272729,9.54225359316989,20.016000000000005,0.3716672732315795,0.1027649682910628,0.0577215762441312,0.8395134554648062,0.5453097627608925,0.0,2.0137681861963674,0.6712560620654558,0.0,51.60724221597509,2.0137681861963674,0.6712560620654558,2.219632419331982,14.767633365440028,0.3043478260869565,0.4374585972169915,0.8048780487804879,0.0833333333333333,2
-100488715#6,-372606529#4,"-100488715#6,101605219,100488715#7,100488714,282479151#6,100475366,100475359,282689984#0,282689984#1,619185406,120511930,42762428#1,42762428#4,1197063689,282479127#0,101611060,-372606529#7,-372606529#6,-372606529#5,-372606529#4",2.186979327368096,1a35a7f595aa70af218f0f2771ea375fc0dd40c539457394ff15815770a0fa4f,1542.0225281430503,36.993600000000015,9.795039466350731,20.016000000000005,0.3590669081151682,0.1643477590571406,0.0557646836464941,0.7798875572963652,0.6516298564821836,0.0,1.945496868721295,0.6484989562404316,0.0,50.09200713203104,1.945496868721295,0.6484989562404316,2.29752369328596,12.969979124808631,0.4583333333333333,0.4767566879331585,0.85,0.4166666666666667,3
-100525438#2,-101415865#0,"-100525438#2,-100525438#1,-100525438#0,100468681#7,100468681#8,282479126,133906980,133906979,282479125#0,282479125#1,120511930,42762428#1,1164653913,463830226#0,-416376586,71223791#1,101411570,282689981#1,-120511301,101411571#0,-47374680#8,-47374680#7,-47374680#6,101746498#0,101746498#1,101746498#2,-101746514,101749449#1,-101415865#0",4.898299146872572,27711e039af28d28688339f92a31c0c49a7aafeafb00ac9405d79abec075f83c,3509.277577640629,36.89006896551725,9.68224523080053,20.016000000000005,0.3347969395216444,0.0348991457749806,0.1432953784340999,0.8218054757909194,0.5567784872352088,0.0,0.8548768040221463,0.2849589346740487,0.0,71.80574394570688,0.8548768040221463,0.0,3.787601361744472,8.263809105547415,0.9807692307692308,0.7958298406050033,0.9814814814814816,0.8333333333333334,0
-100525438#2,-101415865#0,"100525438#2,659278038#0,659278038#1,659278038#2,659278038#3,100475365#0,100475365#1,282479151#3,282479151#4,100488713,-100488715#7,-101605219,-100488715#5,-100488715#4,-100488715#3,-100488715#2,-100488715#1,-100488715#0,162276533#2,120511145,47374680#0,101749458#0,101749458#1,-101415865#0",2.9603401187688902,ba351c2ff340e1ef2e3a5da989f8363f8990d797b1d37b0593f2a597d11eb0a1,2412.898103585081,38.328,10.080260866189668,20.016000000000005,0.432393936580517,0.0549527733853261,0.1457498261078409,0.7992974005068327,0.6191880873858514,0.0,1.2433181473940418,0.4144393824646806,0.0,47.78873732232936,1.2433181473940418,0.4144393824646806,2.53547001710274,9.946545179152334,0.0,0.8707165827210754,1.0,0.9166666666666666,1
-100525438#2,-101415865#0,"-100525438#2,-100525438#1,-100525438#0,100468681#7,100468681#8,282479126,133906980,133906979,282479125#0,282479125#1,120511930,-42762428#0,-697042776#1,42762429,1323419246,184568063,76867740,1323419243,120511145,47374680#0,101749458#0,101749458#1,-101415865#0",3.21725218525135,81b6e7a96f5f9dff78aba4ac95fbaa1ccbc44e864f1c650ec3556ad6272b7003,2328.5270041446147,36.07982608695653,9.41696692944165,20.016000000000005,0.1920354053743624,0.325995451947128,0.215957666637859,0.4580468814150131,1.054027140118516,1.7178241836492687,2.147280229561586,0.8589120918246343,0.4294560459123172,56.60373502762661,1.2883681377369516,0.4294560459123172,2.5132044577922787,9.877489055983297,0.8809523809523809,0.4788216760359045,0.9574468085106383,0.1666666666666666,2
-100525438#2,-101415865#0,"100525438#2,-100525438#2,-100525438#1,-100525438#0,100468681#7,100468681#8,282479126,133906980,133906979,282479125#0,282479125#1,120511930,-42762428#0,-697042776#1,42762429,1323419246,184568063,76867740,-16648700,42762427,659281081#0,659281081#1,526438862#0,526438862#1,526438862#2,101418589,625955757,71324347#2,71324347#3,71324347#4,71324347#5,-47374665#1,-47374680#3,-47374680#2,101415865#0",6.05950500031577,5b56d3cc51b7841f832086fbbc172071e62fb1fd354d1f8d0585ad5aa6a7f811,3149.043393664532,29.42331428571429,9.68134183629834,39.99600000000001,0.0532916908542083,0.3522492139842019,0.1596876243528466,0.3272621701172505,1.3199229443515843,1.2702270181628752,1.905340527244313,0.6351135090814376,0.3175567545407188,83.15659716027437,1.587783772703594,0.0,2.6276675851443767,11.114486408925158,0.9827586206896552,0.6412458741600614,0.9833333333333332,0.5,3
-100525445,101606547#1,"100525445,-416373452,-101418584#4,-101418584#3,-101418584#2,-101418592,-100488715#3,101605951#0,101605951#1,-101606546,101606547#1",1.0331702299350265,63b0097ca58dd5d942284b3a841c0154fa0fdf5a67f43a37fbbc9d0efdc7ad1c,767.7658824088907,40.90581818181818,10.453015084827744,20.016000000000005,0.4847596139922529,0.0,0.0,1.0,-0.0,0.0,0.0,0.0,0.0,47.085739850898,0.0,0.0,1.4470402159035491,14.327284204772344,0.0,0.6822612819382426,0.88,0.6666666666666666,1
-100525445,101606547#1,"100525445,184568063,1323419245,16648700,1323419243,-162276533#2,100488715#0,100488715#1,100488715#2,101605951#0,101605951#1,-101606546,101606547#1",2.24757126752789,98fbb8d6b70c227ede613492cde7dc5d8c7dcba9b534c13733b04bcfed109497,1498.291569767682,37.68646153846154,10.13549558577334,20.016000000000005,0.3948971027305217,0.3064972863459637,0.2347203215379464,0.4587823921160898,1.060115371009704,1.3348536695765505,2.0022805043648253,1.3348536695765505,0.0,86.80070237464349,2.0022805043648253,0.0,2.8238922909685,8.676548852247576,0.736842105263158,0.5711369294321239,0.875,0.3333333333333333,2
-100525445,101606547#1,"-100525445,100525445,184568063,76867740,1323419243,-162276533#2,100488715#0,100488715#1,100488715#2,100488715#3,100488715#4,120829754,-101605951#4,-101605951#3,-101605951#2,-101606546,101606547#1",3.854409620543423,5edd5b31d0bdebc0bba4c4c7e3679b98cc55fe8f7e7c695a93aa26886e56f199,2052.078429541766,35.87717647058824,11.76180562368771,39.99600000000001,0.3255857123032383,0.1086146464028524,0.1713772114899115,0.6328798532552008,1.0455613144554772,1.9492432367183985,3.4111756642571973,1.9492432367183985,0.0,106.88030137567618,2.436554045897998,0.4873108091795996,4.235370743567096,8.284283756053194,0.88,0.5898506644577147,0.88,0.4166666666666667,3
-1006827381,416428068,"1006827381,101749453,224715836,224715833,282689986,-352797377,-120511301,120509990,120509991,282689983#0,282689983#1,71324342,416428068",2.4611864904349066,4a9187436d37b99d40bbb2be876daeb492d6e5fe3acf19551bb066be367dc145,1530.8955918760407,40.76584615384616,10.385792425602023,20.016000000000005,0.2586389304613224,0.0,0.0,1.0,-0.0,0.0,0.0,0.0,0.0,117.5336521785095,0.0,0.0,2.5656580857689804,8.491761338256328,0.5789473684210527,0.5557058008108253,0.7714285714285715,0.5833333333333334,0
-1006827381,416428068,"1006827381,679068326#0,679068326#1,679068326#2,679068326#3,101411570,282689981#1,-120511301,120509990,120509991,282689983#0,282689983#1,71324342,416428068",1.7083369128789023,bcd150f777d560b31a567738f3e7cce0123410357cef873a0604dc9eab51a4e7,1259.9270510835725,41.4257142857143,10.279268661718124,20.016000000000005,0.480727418566574,0.0,0.0,1.0,-0.0,0.0,0.0,0.0,0.0,91.38300141569886,0.0,0.0,2.111536569342594,11.111754436861728,0.0,0.4598565841728386,0.7391304347826086,0.1666666666666666,1
-1006827381,416428068,"-1006827381,1006827381,679068326#0,679068326#1,679068326#2,679068326#3,101411570,282689981#1,-120511301,120509990,120509991,282689983#0,101418595,526439431#1,687927789#0,416428068",1.971741223487235,bd5ee40a904f0ac7cbdc3cba908087e8605ad18cce988eb41c019c6e11efb17c,1401.7442780194174,38.745000000000005,10.25514832657237,20.016000000000005,0.3867755157202491,0.0454281740138714,0.0,0.9545718259861288,0.1848271027091852,1.4267937678517817,1.4267937678517817,0.7133968839258908,0.7133968839258908,103.68549020092895,1.4267937678517817,0.0,2.4046175110162715,11.414350142814254,0.3333333333333333,0.5026519673258804,0.7567567567567568,0.25,2
-1006827381,416428068,"-1006827381,1006827381,101749453,224715836,224715833,282689986,-352797377,-120511301,120509990,120509991,282689983#0,101418595,526439431#1,687927789#0,416428068",2.72459080104324,125cec4984f12893296498284d4ef7a803f602696cb4ac0872aa5ae7729ff4f7,1672.712818811886,37.994400000000006,10.149964537587596,20.016000000000005,0.1987358989429877,0.0380691068237553,0.0,0.9619308931762446,0.1617583518344471,1.19566250554628,1.19566250554628,0.59783125277314,0.59783125277314,114.7274184495665,1.19566250554628,0.0,2.869449583699839,8.9674687915971,0.7391304347826086,0.577766645791952,0.8157894736842105,0.75,3
-101411571#0,-101746498#2,"101411571#0,-47374680#8,-47374680#7,-47374680#6,-47374680#5,-47374680#4,-47374680#3,-47374680#2,-47374680#1,101749458#0,101749458#1,-101749449#1,101746514,-101746498#2",1.7134441537594158,d118d257749f30c7de138432430c347fa9b1dd8ac5170047006d5d8b0635bab2,1527.2728038569742,35.706857142857146,9.383645534464929,20.016000000000005,0.4473342889417165,0.0,0.0,1.0,-0.0,0.0,0.0,0.0,0.0,60.481260272683954,0.0,0.0,4.341736990440733,9.166666207009255,0.7647058823529411,0.6392930408479118,0.9642857142857144,0.25,0
-101411571#0,-101746498#2,"101411571#0,-47374680#8,-47374680#7,-47374680#6,101746498#0,101746498#1,101746498#2",0.710524094446994,daa0f49e7a8dfb9e07c9037ce07ced392d074a58e8d1d58319caf37746aa1e09,662.9201454360997,32.84742857142857,7.565336891752695,20.016000000000005,0.0197023826699316,0.0,0.0,1.0,-0.0,0.0,0.0,0.0,0.0,39.64095870629113,0.0,0.0,1.1888116831549995,10.559341193945878,0.0,0.6895310274989419,0.9583333333333334,0.6666666666666666,1
-101411571#0,-101746498#2,"101411571#0,-101411571#0,120509990,71324347#0,71324347#1,71324347#2,71324347#3,71324347#4,71324347#5,-47374665#1,-47374680#3,-47374680#2,-47374680#1,101749458#0,101749458#1,-101749449#1,101746514,-101746498#2",3.023879144786867,5a55eb14196e574625893d107229e053b070950f999d51a41d0f0a7b6afaac91,1832.3708122862088,32.226,13.952716471754758,39.99600000000001,0.4557439233035909,0.0,0.0,0.7497852403809663,0.5625709592076715,0.0,1.0914821315586465,0.5457410657793232,0.0,70.43175656581997,1.0914821315586465,0.5457410657793232,5.209070780161682,9.823339184027818,0.9583333333333334,0.8139901271324198,0.9642857142857144,0.9166666666666666,3
-101411571#0,-416409191#0,"101411571#0,-47374680#8,-47374680#7,-47374680#6,101746498#0,101746498#1,101746498#2,-101746514,101749449#1,-101749458#1,-101749458#0,-47374680#0,-283490977#0,-162276533#2,-162276533#1,-162276533#0,-1323419242#1,-1323419242#0,-162276528,162276631,416409191#0",3.025935248620597,c9ef6f3cbd350a5eb6434557964aca4134ea78460499c95421137a9656ea8f8b,2766.482011796824,43.33028571428572,11.552087989376025,39.99600000000001,0.7497049049285143,0.0479292625517828,0.223560928436373,0.728509809011844,0.7112792344499499,0.0,1.084409725856669,0.7229398172377793,0.0,55.9287818594298,0.7229398172377793,0.3614699086188896,1.5945496141878184,7.5908680809966835,0.4615384615384615,0.6761565110218385,0.7647058823529411,0.9166666666666666,0
-101411571#0,-416409191#0,"101411571#0,-47374680#8,-47374680#7,-47374680#6,-47374680#5,-47374680#4,-47374680#3,-47374680#2,-47374680#1,-47374680#0,-283490977#0,-162276533#2,-162276533#1,-162276533#0,-1323419242#1,-1323419242#0,-162276528,162276631,416409191#0",2.1128959796372664,404c2496c6a054f9171b44065bc9d6143627ec8208cbe0860eff35e0402ed446,2040.6009459666784,41.574315789473694,12.144570716774508,39.99600000000001,0.6879859332943359,0.0649786245322849,0.3030858572727146,0.6319355181950006,0.8294754502940916,0.0,1.4701551549947127,0.9801034366631418,0.0,34.2572562757947,0.9801034366631418,0.4900517183315709,1.176165049050546,9.310982648299849,0.0,0.618724296447041,0.75,0.75,1
-101411571#0,-416409191#0,"101411571#0,-47374680#8,-47374680#7,-47374680#6,-47374680#5,-47374680#4,47374665#0,47374666,-42762427,16648700,1323419243,-162276533#2,-162276533#1,-162276533#0,-1323419242#1,-1323419242#0,-162276528,162276631,416409191#0",2.942449076624361,b00d987fe04a6ca5afb329cf11f735e8d6d202d916118a3c379ef53275f68ece,2048.7470899156683,38.94442105263158,14.490056292796831,59.97600000000001,0.6205301327145881,0.1115835689785765,0.3018807397477651,0.4676568446954704,1.21486944470866,0.976206389673176,1.952412779346352,1.4643095845097638,0.0,34.21439911135575,1.4643095845097638,0.0,1.1808603373754258,9.27396070189517,0.4166666666666666,0.5051852474443231,0.7096774193548387,0.1666666666666666,2
-101411571#0,-416409191#0,"101411571#0,-47374680#8,-47374680#7,-47374680#6,-47374680#5,-47374680#4,47374665#0,47374666,-42762427,16648700,1323419243,120511145,283490977#1,120511144#0,120511144#1,120511144#2,120511144#3,120511144#4,71223798,282689985#0,282689985#1,-1323419242#1,-1323419242#0,-162276528,162276631,416409191#0",3.798379324893576,ddc197b14dddc1ff4ded0883298737ceda8f1d35938f1223a202d4d0e02e99dd,2762.3302435954124,40.38230769230769,13.41277314434038,59.97600000000001,0.6597788128993989,0.391230294177074,0.051387541084477,0.4692128766729534,1.0888618480202523,0.7240263920786049,1.810065980196512,1.0860395881179072,0.0,53.61516643121501,1.4480527841572095,0.0,1.592156610960063,9.412343097021862,0.6764705882352942,0.7062866337924144,0.8536585365853658,1.0,3
-101415864#1,-1323419247,"-101415864#1,-101415864#0,-71324343#1,-71324343#0,-416376586,71223791#1,101411570,282689981#1,-120511301,120509990,120509991,282689983#0,101418595,526439431#1,42762429,1323419247",2.6085351347162327,1fdfa104295936401eee655aa13617d17ec4f8abd3348cd0cee9341879f4fda4,1857.5609821796731,39.996,10.336217954358355,20.016000000000005,0.4206094957386605,0.1260447916015543,0.0,0.8739552083984455,0.3787982535803215,1.076680668460848,1.076680668460848,0.5383403342304239,0.5383403342304239,101.52716035377264,1.076680668460848,0.5383403342304239,3.189612545663194,8.613445347686783,0.8666666666666667,0.5909708064627973,0.8666666666666667,0.6666666666666666,0
-101415864#1,-1323419247,"-101415864#1,101415864#1,679068326#2,679068326#3,101411570,282689981#1,-120511301,120509990,120509991,282689983#0,282689983#1,71324342,416428068,-697042776#1,42762429,1323419247",1.9146810055915813,143fff6ef1f29737dff77cfd751dbc4977c8527cfdda4128fcdd92aa9190ec38,1479.4829352829515,42.498000000000005,10.008000000000004,20.016000000000005,0.5107006293718429,0.1245904853671701,0.0,0.8754095146328297,0.375972515218643,1.3518236353415591,1.3518236353415591,0.6759118176707796,0.6759118176707796,103.99897124508698,1.3518236353415591,0.6759118176707796,2.540415833851028,10.814589082732471,0.8275862068965517,0.5107309852399807,0.8275862068965517,0.25,1
-101415864#1,-1323419247,"101415864#1,-101415864#1,-101415864#0,71324343#2,71324343#3,-463830227,416376585#0,416376585#1,-1164659923,-659283000#0,-282479127#2,-1197063689,-42762428#4,-42762428#3,-42762428#0,-697042776#1,42762429,1323419247",1.4347567680780016,da0f83b1a24909431d77554f3c26396a12a77dfd750a9485e3f3685e9afbae93,1078.5417249170032,35.548,9.225146196832938,20.016000000000005,0.24269648388309,0.4879059761041819,0.0,0.5120940238958183,0.6928546212005207,1.8543557043691612,1.8543557043691612,0.9271778521845808,0.9271778521845808,70.54985990688748,1.8543557043691612,0.9271778521845808,1.9231205532635092,16.68920133932245,0.0,0.8137921403772349,0.9032258064516128,0.9166666666666666,2
-101415864#1,-1323419247,"101415864#1,679068326#2,416375814,-71324343#0,463830226#1,101411570,282689981#1,-120511301,120509990,120509991,282689983#0,101418595,526439431#1,42762429,1323419247",2.261948623942017,bdeb1a4bcd34a5a11746a9510c2066d637d5da1d87da54dfcc6606d2eb035d51,1620.6750986751035,39.328800000000015,10.336217954358355,20.016000000000005,0.3927954050557499,0.1444681213880689,0.0,0.8555318786119309,0.4129922400510434,1.234053637052234,1.234053637052234,0.6170268185261171,0.6170268185261171,111.90227537350206,1.234053637052234,0.6170268185261171,2.889784901612685,9.255402277891756,0.9,0.5496128203347456,0.9,0.4166666666666667,3
-101415864#1,-416412034,"101415864#1,679068326#2,416375814,71324343#1,71324343#2,101416509,101416508#1,101416508#2,-679068326#0,101749453,224715836,224715833,282689986,-352797377,-120511301,120509990,120509991,282689983#0,101418595,526439431#1,623959719,-282689984#1,-282689984#0,-134065887,100475363,282479151#1,100475362,-659278038#3,-659278038#2,-659278038#1,-659278038#0,659278036#0,-416412034",4.232562340991112,fd72597be6b5317aad1af393526b3ff6af9c83ec6e2a112c41c81652f4f9a0ab,2957.7456509450567,39.08618181818183,10.121088335298191,20.016000000000005,0.286289115683443,0.0215294655118394,0.0,0.9784705344881606,0.1039332787090348,0.6761906654688045,0.6761906654688045,0.3380953327344022,0.3380953327344022,82.90318725508213,0.6761906654688045,0.3380953327344022,3.1727933333238827,11.157145980235274,0.9454545454545454,0.8116940233449946,0.9516129032258064,0.8333333333333334,0
-101415864#1,-416412034,"-101415864#1,101415864#1,679068326#2,679068326#3,101411570,282689981#1,-120511301,120509990,120509991,282689983#0,101418595,526439431#1,623959719,619185406,619184994,1164659927#1,1164659928,1164659929,120512822,-133906979,-133906980,-282479126,-100468681#8,-100468681#7,100525438#0,100525438#1,100525438#2,659278036#0,-416412034",3.639751177648885,ad774d5cd7bd8c0daeaed72a762eaf7f9af461d93bdf3284359e781876260c27,2567.4225424368638,37.58027586206897,9.883980339405465,20.016000000000005,0.2849277041556178,0.0248025722031614,0.0789359045213071,0.8962615232755313,0.3902792849742305,0.7789913685581745,1.557982737116349,0.7789913685581745,0.3894956842790872,70.35415598954381,1.168487052837262,0.7789913685581745,2.5761023147023274,11.295374844093532,0.6153846153846154,0.6467203550698511,0.8909090909090909,0.4166666666666667,1
-101415864#1,-416412034,"-101415864#1,-101415864#0,71324343#2,71324343#3,-463830227,416376585#0,416376585#1,-1164659923,-659283000#0,-282479127#2,1164653914,1164659927#1,1164659928,1164659929,120512822,-133906979,-133906980,-282479126,-100468681#8,-100468681#7,100525438#0,100525438#1,100525438#2,659278036#0,-416412034",2.104825846825411,8d74b003a93704e18168eaa6986d7a2c1867c68f7236ed2439307ab29c696bd1,1606.5666904210532,36.39312,9.52952209504758,20.016000000000005,0.2207380744431611,0.0843636426578038,0.1261459122014623,0.7894904451407339,0.6563709461538849,0.0,2.489781484858042,1.244890742429021,0.0,47.74512217421325,1.867336113643532,0.6224453712145105,1.611998064794241,15.561134280362763,0.0,0.6170119086210831,0.9454545454545454,0.25,2
-101415864#1,-416412034,"101415864#1,679068326#2,679068326#3,101411570,282689981#1,-120511301,120509990,120509991,282689983#0,101418595,526439431#1,687927789#0,416428068,697042776#2,42762428#1,42762428#4,1197063689,1164653914,1164659927#1,1164659926,120512822,-133906979,-133906980,-282479126,-100468681#8,-100468681#7,100525438#0,100525438#1,100525438#2,659278036#0,-416412034",3.5260055354035056,be86ae32febca09e0cf71226ca8781e4fa0a1943d05ce8d4edeb59df38ca4e61,2526.4982904719727,37.73612903225808,9.910675159449484,20.016000000000005,0.3106766031438899,0.1068832391028954,0.0802145093230159,0.8129022515740888,0.6097663179586101,0.7916094808148008,2.3748284424444024,1.1874142212222012,0.3958047404074004,76.18806830816773,1.9790237020370016,0.7916094808148008,2.710191435866832,12.269946952629413,0.6976744186046512,0.6698443928823279,0.9137931034482758,0.6666666666666666,3
-101415865#0,-100525438#2,"-101415865#0,101415865#0,-101749458#1,-101749458#0,-47374680#0,-283490977#0,-162276533#2,100488715#0,100488715#1,100488715#2,100488715#3,100488715#4,100488715#5,101605219,100488715#7,100488714,282479151#6,282479151#7,282479151#1,100475362,-659278038#3,-659278038#2,-659278038#1,-659278038#0,-100525438#2",3.8554308404427298,782a426c3db8febc09a724b5b6aea50447147500ebb6c5586f2e86b43da1cf5d,2703.029815156505,37.994400000000006,10.008000000000004,20.016000000000005,0.3894995618191316,0.0490543766645493,0.1301056603377135,0.8208399629977369,0.5752850467296957,0.0,1.1098656711732573,0.7399104474488383,0.0,49.12103102641712,1.1098656711732573,0.3699552237244191,2.25549887348494,9.248880593110478,0.7,0.5258888641180033,0.8431372549019608,0.0833333333333333,0
-101415865#0,-100525438#2,"101415865#0,-101749458#1,-101749458#0,-47374680#0,-283490977#0,-1323419243,-16648700,42762427,659281081#0,659281081#1,100525445,-416373452,101418587,464265154,120511142#1,75421017,-282689984#1,-282689984#0,-134065887,100475363,282479151#1,100475362,-659278038#3,-659278038#2,-659278038#1,-659278038#0,-100525438#2",2.84546959172438,523dae92fc99f96208efc52ab72647f5c3c2105d7efc9e354a9d83dfc5b1deb4,2014.8292404585925,38.14266666666667,10.022246270556932,20.016000000000005,0.2982263388419918,0.2584703643132374,0.0,0.7415296356867626,0.5714508780170834,2.9779198552004083,0.9926399517334694,0.4963199758667347,0.0,57.0047350378107,0.9926399517334694,0.4963199758667347,2.1171798018218784,13.400639348401835,0.0,0.6412450986247521,0.8333333333333334,0.75,1
-101415865#0,-100525438#2,"-101415865#0,47374680#2,47374680#3,47374665#0,47374666,659281081#0,659281081#1,100525445,-416373452,101418587,464265154,120511142#1,75421017,-282689984#1,-282689984#0,-134065887,100475363,282479151#1,100475362,-659278038#3,-659278038#2,-659278038#1,-659278038#0,-100525438#2",3.3126011326160336,4a262951dfd82c6bedc6610013cc92fdc4932d4ebab4d5e83a1446f75ecb02c0,1786.8041442454537,35.412,11.416404307151526,39.99600000000001,0.1799488593447009,0.0893056429316845,0.0,0.7743880406967225,0.685370154097955,3.3579505729956374,1.678975286497819,1.1193168576652126,0.0,57.137975387741925,1.678975286497819,1.1193168576652126,1.4909693973355225,13.43180229198255,0.40625,0.6410604229990148,0.8292682926829268,0.6666666666666666,2
-101415865#0,-100525438#2,"-101415865#0,-47374680#1,101749458#0,101749458#1,101415865#1,101415865#2,173532317#2,173532317#3,-283490977#1,-283490977#0,-162276533#2,100488715#0,100488715#1,100488715#2,100488715#3,100488715#4,100488715#5,101605219,100488715#7,100488714,282479151#6,282479151#7,282479151#1,100475362,-659278038#3,-659278038#2,-659278038#1,-659278038#0,-100525438#2",4.687661083151761,f5d8115df0a63c55ea3d22e025e7b6aced1a121a8f087621ba4d573e28eabb86,3368.018279796805,38.96068965517242,10.130501500431576,20.016000000000005,0.4552033760051687,0.0759917187458862,0.2104020013567768,0.7136062798973366,0.7645894431407092,0.0,1.1876420101381764,0.5938210050690882,0.0,66.9510976752048,1.1876420101381764,0.2969105025345441,2.810387585576276,8.610404573501778,0.8333333333333334,0.6256178865729156,0.84,0.5833333333333334,3
-101418584#1,-100468681#0,"101418584#1,-101418592,100488715#4,100488715#5,101605219,100488715#7,100488714,282479151#6,282479151#7,282479151#1,100475362,-659278038#3,-659278038#2,-659278038#1,-659278038#0,659278036#0,-416412034,659278036#2,659278036#3,101600741#0,101600741#1,101600741#2,101600741#3,101600741#4,-100468681#2,-100468681#1,-100468681#0",3.6568136397827673,662d55e2a767732092071741752f4838b74d4c0e46ec6751a28ede023f180ced,2611.37363889197,37.40133333333334,9.849931198510204,20.016000000000005,0.4248695829757646,0.0,0.2400633203354269,0.759936679664573,0.5511529051499855,0.0,0.3829402216162024,0.0,0.0,52.33722093693367,0.3829402216162024,0.0,1.9998005278984052,10.339385983637468,0.9166666666666666,0.704340129333496,0.9245283018867924,0.9166666666666666,0
-101418584#1,-100468681#0,"101418584#1,101418584#2,101418584#3,101418584#4,101418587,464265154,120511142#1,75421017,619185406,619184994,1164659927#1,1164659926,120512822,-133906979,-133906980,-282479126,-100468681#8,-100468681#7,-100468681#6,-100468681#5,-100468681#4,-100468681#3,-100468681#2,-100468681#1,-100468681#0",2.956740277104362,06653dc9f3890af380ab2c99f61ab9d5d5bad9bca2ebd3fb7db1c1dee7ef4d74,2145.967187776484,39.59568,10.20619745840732,20.016000000000005,0.4778779165252527,0.0,0.4806831034954358,0.5193168965045639,0.692400709820801,1.8639613982842624,0.4659903495710655,0.0,0.0,49.844924765637394,0.0,0.0,1.6433903793212044,11.649758739276638,0.0,0.6389393297346578,0.9818181818181818,0.4166666666666667,1
-101418584#1,-100468681#0,"101418584#1,-101418592,100488715#4,100488715#5,100488715#6,100488715#7,100488714,282479151#6,282479151#7,282479151#1,100475362,-659278038#3,-659278038#2,-659278038#1,-659278038#0,-100525438#2,-100525438#1,-100525438#0,-100468681#6,-100468681#5,-100468681#4,-100468681#3,-100468681#2,-100468681#1,-100468681#0",2.9646210392004173,e54c519807eea7bfe5318745edba4b8b0fc30e293a0ebbb73fac7d5bb0b4606e,2160.1230952615733,40.39632,10.20619745840732,20.016000000000005,0.4447457735015511,0.0,0.3837134786264369,0.6162865213735629,0.6658528244415455,0.0,0.462936580879854,0.0,0.0,46.18745220115952,0.462936580879854,0.0,1.6542310307086383,11.573414521996352,0.8095238095238095,0.617750907514388,0.9148936170212766,0.3333333333333333,2
-101418584#1,-100468681#0,"101418584#1,101418584#2,101418584#3,101418584#4,101418587,464265154,120511142#1,75421017,619185406,619184994,1164659927#1,1164659928,1164659929,120512822,-133906979,-133906980,-282479126,-100468681#8,-100468681#7,100525438#0,-101601553#1,-101601553#0,101600741#4,-100468681#2,-100468681#1,-100468681#0",3.4547694095636805,182da4ff288b9dfb1692d0026f312472a27d27d58f65130983b4642a561d7941,2361.6975970333315,36.14676923076923,9.421105346222143,20.016000000000005,0.3487055281359321,0.0,0.3512544739455703,0.6487455260544296,0.6482197508024468,1.693696942836643,1.2702727071274824,0.4234242357091607,0.0,58.68563622904557,0.8468484714183215,0.4234242357091607,1.808597602022065,11.00903012843818,0.3548387096774194,0.6534012363451912,0.9444444444444444,0.6666666666666666,3
-101594809#0,-101787493,"101594809#0,-101594809#0,-101594836#0,372606529#2,372606529#3,372606529#4,372606529#5,372606529#6,372606529#7,372606529#8,1164659929,120512822,282479125#0,282479125#1,120511930,-42762428#0,-697042776#1,42762429,1323419246,184568063,76867740,1323419243,120511145,283490977#1,120511144#0,120511144#1,-336860316#1,-336860316#0,101787498,-101786553#0,-101786554#3,-101787491#1,-101787491#0,-101786554#1,-101787493",5.244089990207746,2993e6be42e155a8f5f448ac108c2cfadf63e57f6a4757715e5a135bb09b73d8,3366.1554963103304,33.99119999999999,8.123287934733588,20.016000000000005,0.2003411318765898,0.3473575319427135,0.0891822847077981,0.5634601833494882,0.9060899540437986,1.1882992346564,1.4853740433205,0.5941496173282,0.2970748086641,51.36109970600636,0.8912244259923001,0.2970748086641,1.6588391883066076,10.3976183032435,0.7636363636363637,0.5524208408947673,0.8305084745762712,0.5,0
-101594809#0,-101787493,"-101594809#0,101594836#1,101594812#3,101594812#0,101594843,101594815#0,-659283000#5,-659283000#3,-659283000#2,-659283000#1,-659283000#0,-282479127#2,-1197063689,-42762428#4,-42762428#3,-42762428#0,-697042776#1,42762429,1323419246,184568063,1323419245,16648700,1323419243,120511145,283490977#1,-173532317#3,-101786553#2,-101786553#1,-101786553#0,-101786554#3,-101786554#2,-101786554#1,-101787493",4.315327037942606,8e7ea797aff3d2c06e300d2c8ecae2a845a908074f6a8ace19ff38a1bfe2fffa,2844.090723293527,35.446909090909095,9.052576609602776,20.016000000000005,0.260000713739932,0.5898577818062491,0.0354038582394728,0.3747383599542778,0.797468344863062,0.7032124480487567,1.054818672073135,0.7032124480487567,0.3516062240243783,44.2712697475096,0.7032124480487567,0.3516062240243783,1.3986352906529569,11.603005392804484,0.0,0.5874299779148182,0.8360655737704918,0.6666666666666666,1
-101594809#0,-101787493,"-101594809#0,-101594836#0,372606529#2,372606529#3,372606529#4,372606529#5,372606529#6,372606529#7,372606529#8,1164659929,120512822,282479125#0,282479125#1,120511930,-42762428#0,-697042776#1,42762429,1323419246,184568063,1323419245,16648700,1323419243,120511145,283490977#1,-173532317#3,-101786553#2,-101786553#1,-101786553#0,-101786554#3,-101787491#1,-101787491#0,-101786554#1,-101787493",4.535075254003688,15000dfc9727b7063df003c6f831e55c9b4590d45a81818b54a10af013194a8c,2902.0086391916834,33.627272727272725,7.83976131362081,20.016000000000005,0.1682444991072396,0.3855163559517149,0.1381433594704993,0.4763402845777855,0.9941777882468406,0.6891778242800386,1.3783556485600772,0.6891778242800386,0.3445889121400193,44.88506519820415,1.033766736420058,0.3445889121400193,1.4271175189000307,11.371434100620636,0.625,0.4964089426401311,0.7777777777777778,0.25,2
-101594809#0,-101787493,"-101594809#0,-101594836#0,-372606529#1,-372606529#0,-101607965,101607964#1,101607969#0,101607969#1,100468681#4,100468681#5,100468681#6,100468681#7,100468681#8,282479126,133906980,133906979,282479125#0,282479125#1,120511930,-42762428#0,-697042776#1,42762429,1323419246,184568063,76867740,1323419243,120511145,283490977#1,120511144#0,120511144#1,-336860316#1,-336860316#0,101787498,-101786553#0,-101786554#3,-101786554#2,-101786554#1,-101787493",5.032534179978687,c3aa2f569c1145a0439c88f98f749160fb978440f7a8a539b032341eb79b1967,3368.923838776851,36.30884210526316,9.428919523455532,20.016000000000005,0.2768019373762926,0.3470720981802537,0.1921626491097187,0.4607652527100273,1.0412667809037002,1.1873227746971784,1.484153468371473,0.5936613873485892,0.2968306936742946,60.84320128514477,0.8904920810228838,0.2968306936742946,1.6567318805424198,11.279566359623194,0.7543859649122807,0.7083251376409359,0.8387096774193549,1.0,3
-101594843,-619184994,"101594843,101594815#0,659283000#6,659283000#7,659283000#8,659283000#9,659283000#11,1047412915,1047412911,297823020#0,297823020#1,-297823025,-297823021,297823023#1,297823019#3,297823019#4,297823017,372606529#1,372606529#2,372606529#3,372606529#4,372606529#5,372606529#6,372606529#7,372606529#8,1164659929,120512822,282479125#0,282479125#1,619184994",3.058968641452261,bd6e158da2904ef6a42ec1c127a064bc8528c58b4b616c581514acde62b3eb19,2079.2550768661104,34.658400000000015,8.610544272115963,20.016000000000005,0.1114515204649769,0.1114515204649769,0.1030229728753942,0.7855255066596287,0.6683217433743286,0.9618829465668228,1.9237658931336457,0.9618829465668228,0.4809414732834114,132.41779353535608,1.9237658931336457,0.9618829465668228,5.508516600441226,14.428244198502345,0.9473684210526316,0.7556851130241621,0.9482758620689656,0.4166666666666667,0
-101594843,-619184994,"101594843,101594815#0,-659283000#5,-659283000#3,-659283000#2,-659283000#1,-659283000#0,-282479127#2,-1197063689,-42762428#4,-42762428#3,-42762428#0,-697042776#1,623959719,619185406,619184994",1.3392345419089162,a4a40b0d0a9ef95987d3fda438dc37702c99fbecea7b190ce22fbfb8312bdf8a,1083.379879978562,36.243,9.581930494425434,20.016000000000005,0.2819041672309663,0.577800686621834,0.0,0.4221993133781658,0.6809919566576482,0.0,1.846074527468219,0.9230372637341095,0.9230372637341095,60.63299346370384,1.846074527468219,0.0,2.870170245028681,14.768596219745753,0.5555555555555556,0.7644942164399618,0.9375,0.5,1
-101594843,-619184994,"101594843,101594815#0,-659283000#5,-659283000#3,-659283000#2,-659283000#1,-659283000#0,-282479127#2,1164653914,-619184994",0.7735082513927097,cc14a98a89595abaeca00026d3aafb0960f53de07a587047d2f4a047210a1f96,736.3018079783706,39.996,10.549358274321715,20.016000000000005,0.4147882017276159,0.5510562423458112,0.0,0.4489437576541886,0.6879246026709771,0.0,2.716277453523177,1.3581387267615888,0.0,50.71898410166039,2.716277453523177,0.0,1.387774045966377,13.581387267615888,0.0,0.8310209651504462,0.9534883720930232,0.75,2
-101594843,-619184994,"101594843,101594815#0,659283000#6,659283000#7,659283000#8,659283000#9,659283000#11,1047412915,1047412911,297823020#0,297823020#1,297823022#2,-297823021,297823023#1,297823019#3,297823019#4,297823017,-372606529#0,-101607965,101607964#1,101607969#0,101607969#1,-100468681#3,-101600741#4,101601553#0,101601553#1,-100525438#0,100468681#7,100468681#8,282479126,133906980,133906979,282479125#0,282479125#1,619184994",3.320747492661571,2e0203f55a61c97d074dc5408a11630775f08582cbd05ac3400a08f108ab23c3,2340.1329372347577,36.85062857142858,9.639585343430358,20.016000000000005,0.1952919978462087,0.0990269125586873,0.2026928053012792,0.6982802821400335,0.8032735472828849,0.8546523012335019,2.5639569037005057,1.2819784518502528,0.4273261506167509,143.31433398617938,2.5639569037005057,1.2819784518502528,6.199653556419821,14.956415271586284,0.9534883720930232,0.7463718819310107,0.9534883720930232,0.25,3
-101600741#2,-101752975#2,"101600741#2,101600741#3,101601553#0,101601553#1,-100525438#0,100468681#7,100468681#8,282479126,133906980,133906979,282479125#0,282479125#1,120511930,-42762428#0,-697042776#1,687927789#0,-71324342,71223791#0,71223791#1,101411570,282689981#1,-120511301,101411571#0,-47374680#8,-47374680#7,-47374680#6,101746498#0,101746498#1,101746498#2,-101746514,101749449#1,101415865#1,101415865#2,-173532317#1,-173532317#0,47374679#0,101754278#0,101754278#1,-101752975#2",5.281175306695752,4ef0bd9e362e040c5f12f4bdb2229e7770e7f0f909ae1c796173dd2517afc474,3787.907563620312,38.199692307692295,9.974177666021411,20.016000000000005,0.4074713616482908,0.0177249279767656,0.1880504181754453,0.7942246538477891,0.8069257774034714,0.0,1.3199899723057722,0.5279959889223089,0.2639979944611544,55.63788941541674,1.0559919778446178,0.2639979944611544,1.929276384583494,10.295921783985024,0.5714285714285714,0.630428818369625,0.8412698412698413,0.9166666666666666,0
-101600741#2,-101752975#2,"101600741#2,101600741#3,101601553#0,101601553#1,-100525438#0,100468681#7,100468681#8,282479126,133906980,133906979,282479125#0,282479125#1,120511930,-42762428#0,-697042776#1,42762429,1323419246,184568063,1323419245,16648700,1323419243,120511145,283490977#1,-173532317#3,-173532317#2,-173532317#1,-173532317#0,47374679#0,101754278#0,101754278#1,-101752975#2",3.93993281978018,86a93027f18c3cf57752a19069892b324e71433f2c0b3ecb2fc41bc9cf60260d,2913.7106886822703,39.027483870967735,10.125682290989804,20.016000000000005,0.4316045781245419,0.3839680445513069,0.3669808101278254,0.2490511453208678,1.245528422928163,0.686409947208761,1.372819894417522,0.686409947208761,0.3432049736043805,46.12935057094302,1.0296149208131415,0.3432049736043805,1.4840259770781143,10.639354181735795,0.0,0.4018819664314341,0.7254901960784313,0.25,1
-101600741#2,-101752975#2,"101600741#2,101600741#3,101601553#0,101601553#1,-100525438#0,100468681#7,100468681#8,282479126,133906980,133906979,282479125#0,282479125#1,120511930,-42762428#0,-697042776#1,42762429,1323419246,184568063,76867740,1323419243,120511145,283490977#1,-173532317#3,-173532317#2,-173532317#1,-173532317#0,47374679#0,47374679#1,101754282#1,101754278#1,-101752975#2",3.9754659099060783,ed3ba0507d5b61db9bd4a317ccd5072fc2bd462eb555fe2430d244f85626a523,2933.91534573166,39.67316129032257,10.168138168143257,20.016000000000005,0.4333440512656402,0.3007705282063215,0.3735079445984559,0.3257215271952226,1.2833795648033328,1.3633658536942144,2.0450487805413213,1.0225243902706609,0.3408414634235536,47.408052608157455,1.3633658536942144,0.3408414634235536,1.4943167159753274,10.56608536613016,0.1764705882352941,0.4001237811789354,0.75,0.1666666666666666,2
-101600741#2,-101752975#2,"101600741#2,101600741#3,101601553#0,101601553#1,-100525438#0,100468681#7,100468681#8,282479126,133906980,133906979,282479125#0,282479125#1,120511930,-42762428#0,-697042776#1,42762429,1323419246,-100525445,526438862#0,526438862#1,526438862#2,101418589,625955757,71324347#2,71324347#3,71324347#4,71324347#5,-47374665#1,-47374680#3,-47374680#2,101415865#0,101415865#1,101415865#2,-173532317#1,-173532317#0,47374679#0,101754278#0,101754278#1,-101752975#2",5.943538368882781,f52692a695397ddcffa50ad7f56000b0f23baf37108fbdcdee662e45f7124d19,3170.23362168209,32.560615384615375,11.8584316541247,39.99600000000001,0.2033512806896265,0.1626370610978777,0.2246893088499844,0.4529474519375351,1.5002941586041594,1.2617366659172726,2.5234733318345453,0.9463024994379544,0.3154341664793181,60.87814056878973,2.2080391653552267,0.3154341664793181,1.6146795446291766,12.301932492693409,0.5106382978723405,0.4719145327669781,0.8412698412698413,0.5,3
-101600741#2,-659283000#3,"101600741#2,101600741#3,101601553#0,101601553#1,-100525438#0,-100468681#6,-100468681#5,101607105,-101607101,101607107,101607098#1,101607098#2,372606529#0,372606529#1,101594836#0,101594836#1,101594812#3,101594812#0,101594843,101594815#0,-659283000#5,-659283000#3",2.232004176760697,0cd86297c153765948e3cecae1cdcf142fc98b3bf17e60f944facecb6b7d11ec,1573.4630775028245,33.62727272727273,7.901736675788844,20.016000000000005,0.1806713499130847,0.1324884275793056,0.048182922333779,0.8193286500869151,0.5771879587703547,0.0,1.9066224323237195,0.6355408107745731,0.0,71.91656148267315,1.9066224323237195,0.0,2.20446528626914,13.981897837040613,0.9534883720930232,0.6042988120805779,0.9555555555555556,0.3333333333333333,0
-101600741#2,-659283000#3,"101600741#2,101600741#3,101600741#4,100468681#3,100468681#4,100468681#5,100468681#6,100468681#7,100468681#8,282479126,133906980,133906979,282479125#0,282479125#1,120511930,42762428#1,42762428#4,1197063689,282479127#0,659283000#0,659283000#1,659283000#2,659283000#3",1.6975292492807057,19463aec9f3e83067f68d7bc2f77947e32934290cb8f72e0727a9d20a1b185b3,1366.9443177515675,40.43113043478262,10.22325043180027,20.016000000000005,0.4399225133180937,0.3547959874238759,0.5156293274864225,0.1295746850897013,0.9739654868176344,0.0,1.4631173881974364,0.0,0.0,57.74801997695013,1.4631173881974364,0.0,1.7721663547945852,16.825849964270517,0.0,0.7769587685046485,0.9830508474576272,0.75,1
-101600741#2,-659283000#3,"101600741#2,101600741#3,101600741#4,100468681#3,100468681#4,101607105,-101607101,101607107,101607098#1,101607098#2,372606529#0,372606529#1,101594836#0,101594836#1,101594812#3,101594812#0,101594843,101594815#0,-659283000#5,-659283000#3",1.7738572030684123,91801e3bc18b39a0686471665d79a0167bba2e0a1f3cb070578096dc3b98a2ff,1342.665572301495,33.991200000000006,8.21439307813458,20.016000000000005,0.2492243246512832,0.1552625264942992,0.0939617981569841,0.7507756753487168,0.7266136424163206,0.0,2.23436130477199,0.7447871015906634,0.0,60.63895902979326,2.23436130477199,0.7447871015906634,1.88111159869401,14.895742031813269,0.868421052631579,0.5748131692868536,0.9523809523809524,0.1666666666666666,2
-101600741#2,-659283000#3,"101600741#2,101600741#3,101601553#0,101601553#1,-100525438#0,100468681#7,100468681#8,120511932#0,120511932#1,120511932#2,-101604499,100475359,282689984#0,282689984#1,619185406,120511930,42762428#1,42762428#4,1197063689,282479127#0,659283000#0,659283000#1,659283000#2,659283000#3",2.4658421323893127,2615c423527409c83c1eb63df83a832143ffb6cdf62714b3aa655d5fe4435fb9,1774.0752048032646,38.328,10.080260866189668,20.016000000000005,0.3429731261635487,0.273374182592167,0.1330181628084835,0.5936076545993493,0.9324644155357804,0.0,2.254695848952794,0.5636739622381987,0.0,68.29142251376857,2.254695848952794,0.0,2.299988630114084,13.528175093716769,0.6176470588235294,0.8428618216278735,0.9814814814814816,1.0,3
-101601551,-101746508#0,"-101601551,101601551,101600741#3,101601553#0,101601553#1,-100525438#0,100468681#7,100468681#8,282479126,133906980,133906979,282479125#0,282479125#1,120511930,42762428#1,42762428#4,71324344,463830226#0,-416376586,71223791#1,101411570,282689981#1,-120511301,101411571#0,-47374680#8,-47374680#7,-47374680#6,101746498#0,101746498#1,-101746508#1,-101746508#0",4.321136777245095,a58b3465725609cad50860b891e13c72b36754af1134ac775121c4db517595d8,2973.689988298772,37.73612903225807,9.910675159449486,20.016000000000005,0.3549556462898749,0.0495416579301428,0.1691041300529111,0.781354212016946,0.6421894465944464,0.0,1.0088475973637991,0.3362825324545997,0.0,62.23551164452698,1.0088475973637991,0.0,2.217674274104063,10.42475850609259,0.3947368421052631,0.4381223750255092,0.8113207547169812,0.25,0
-101601551,-101746508#0,"-101601551,101601551,101600741#3,101601553#0,101601553#1,-100525438#0,100468681#7,100468681#8,282479126,133906980,133906979,282479125#0,282479125#1,120511930,42762428#1,1164653913,463830226#0,-416376586,71223791#1,101411570,282689981#1,-120511301,101411571#0,-47374680#8,-47374680#7,-47374680#6,101746498#0,101746498#1,-101746508#1,-101746508#0",4.312569534653314,6be7e1e0761311f4c2c864370fa7b86eae976880df231876b438c6d6681318b6,2963.0053184284816,38.6616,10.08820277080252,20.016000000000005,0.3654641622064437,0.0413333006813187,0.1697139236945493,0.7889527756241319,0.6197233863746398,0.0,1.0124855265501649,0.3374951755167216,0.0,62.06221732672808,1.0124855265501649,0.0,2.209706019984812,10.124855265501647,0.3333333333333333,0.4143389270713378,0.8076923076923077,0.1666666666666666,1
-101601551,-101746508#0,"101601551,101600741#3,101600741#4,100468681#3,100468681#4,100468681#5,100468681#6,100468681#7,100468681#8,282479126,133906980,133906979,282479125#0,282479125#1,120511930,42762428#1,1164653913,463830226#0,463830226#1,101411570,282689981#1,-120511301,101411571#0,-47374680#8,-47374680#7,-47374680#6,101746498#0,101746498#1,-101746508#1,-101746508#0",3.4178685152966866,f85a97fadc5c47fdbdb67f03bdcac0c61f602cf7c16cae0293a3a40aaed0a3b2,2455.264537854649,39.996,10.17908931635561,20.016000000000005,0.3892841333395756,0.0498808938339341,0.2870715429668107,0.663047563199255,0.780272804206607,0.0,1.221864265030003,0.4072880883433342,0.0,51.36974195988903,1.221864265030003,0.0,1.695278792830416,12.218642650300028,0.0,0.4658557001447617,0.8727272727272728,0.4166666666666667,2
-101601551,-101746508#0,"101601551,101600741#3,101601553#0,101601553#1,-100525438#0,100468681#7,100468681#8,120511932#0,120511932#1,120511932#2,-101604499,100475359,282689984#0,282689984#1,619185406,120511930,-42762428#0,-697042776#1,42762429,1323419246,184568063,76867740,1323419243,120511145,47374680#0,101749458#0,101749458#1,-101749449#1,101746514,-101746498#2,-101746508#1,-101746508#0",5.042044492382986,5e876e9668c679313355f12019f5eaabee3f8bd2c936e5df29b450ac9b489b9f,3530.8571569060005,38.1195,9.987802199392696,20.016000000000005,0.425846046846681,0.2149872337946364,0.0668348262023155,0.7181779400030479,0.7490411713659645,1.1328693918348989,1.9825214357110728,0.849652043876174,0.2832173479587246,63.445793259201,1.4160867397936234,0.2832173479587246,2.4379398497916958,9.06295513467919,0.8727272727272728,0.7650107442783379,0.8771929824561404,1.0,3
-101601551,101606547#1,"-101601551,101601551,101600741#3,101601553#0,101601553#1,100525438#1,100525438#2,659278038#0,659278038#1,659278038#2,659278038#3,100475365#0,100475365#1,282479151#3,282479151#4,100488713,-100488715#7,-101605219,-100488715#5,-100488715#4,-100488715#3,101605951#0,101605951#1,-101606546,101606547#1",2.973227519949664,c5b41e77182b3dc57a366aca564e76c8704634311c15809ca104c67ddfba045c,2073.686989479866,39.59568,10.20619745840732,20.016000000000005,0.4181472670936278,0.0,0.0,1.0,-0.0,0.0,0.0,0.0,0.0,63.16759618015272,0.0,0.0,1.99366638779784,12.05582140739121,0.641025641025641,0.4459826189136534,0.725,0.5,0
-101601551,101606547#1,"101601551,101600741#3,101601553#0,101601553#1,-100525438#0,100468681#7,100468681#8,120511932#0,120511932#1,120511932#2,-101604499,100475363,282479151#1,282479151#2,282479151#3,282479151#4,100488713,-100488715#7,-101605219,-100488715#5,-100488715#4,-100488715#3,101605951#0,101605951#1,-101606546,101606547#1",2.84698031840526,0626e2565d701ce7067f999d925d9515a395e1e1cfdfacfe1f93c07abc005729,2038.552281461857,41.5356923076923,10.084690776694076,20.016000000000005,0.4783296633642943,0.0,0.0735786015072366,0.9264213984927632,0.2627988292432301,0.0,0.9810884018955788,0.4905442009477894,0.0,64.04806212186854,0.9810884018955788,0.0,1.8321685834229933,12.754149224642523,0.2580645161290322,0.4363077711300022,0.725,0.1666666666666666,1
-101601551,101606547#1,"101601551,101600741#3,101600741#4,100468681#3,100468681#4,100468681#5,100468681#6,100468681#7,100468681#8,120511932#0,120511932#1,120511932#2,-101604499,100475363,282479151#1,282479151#2,282479151#3,282479151#4,100488713,-100488715#7,-101605219,-100488715#5,-100488715#4,-100488715#3,101605951#0,101605951#1,-101606546,101606547#1",2.524710474542589,83a971bb0d5ff5c0dbbc831db415e61f56f3864e89508b4f60ee79dc999ba3b5,1959.3828747773036,43.5702857142857,9.519506829963111,20.016000000000005,0.6007367740372124,0.0,0.1796316336411104,0.8203683663588897,0.4708344554943658,0.0,1.020729549974919,0.5103647749874595,0.0,63.52704881247498,1.020729549974919,0.0,1.761014313299658,14.290213699648866,0.0,0.5589426312221694,0.7954545454545454,1.0,2
-101601551,101606547#1,"-101601551,101601551,101600741#3,101601553#0,101601553#1,100525438#1,100525438#2,659278038#0,659278038#1,659278038#2,659278038#3,100475365#0,100475365#1,282479151#3,282479151#4,100488713,-100488715#7,-100488715#6,-100488715#5,120829754,-101605951#4,-101605951#3,-101605951#2,-101606546,101606547#1",3.585708691647746,0cf5c1cf4f9d0e73bde040d3caa5b0ee31a51318a1407c7943dbf68d9d0d1a0c,1941.7483749784196,38.79648,11.667530576775878,39.99600000000001,0.3052929202828739,0.0,0.0,0.907921085728663,0.3073214675954395,0.0,1.0299995744928732,0.5149997872464366,0.0,57.17637957050084,1.0299995744928732,0.0,1.8668190948753296,12.874994681160915,0.7954545454545454,0.4701226203263821,0.7954545454545454,0.75,3
-101601553#1,-619184994,"-101601553#1,101601553#1,100525438#1,100525438#2,659278038#0,659278038#1,659278038#2,659278038#3,100475365#0,100475365#1,282479151#3,282479151#4,282479151#5,282479151#6,100475366,100475359,282689984#0,282689984#1,619185406,619184994",1.915607092368985,1743c99c1f984190e223755de4d7933b8355b16e075b7485c6b3287690641b63,1383.6018891860074,39.996,10.267991347668223,20.016000000000005,0.1746728796470382,0.0,0.0,1.0,-0.0,0.0,0.0,0.0,0.0,64.47286952415307,0.0,0.0,3.3835765626367684,14.455025073553696,0.9285714285714286,0.7003850736805283,0.9393939393939394,0.6666666666666666,0
-101601553#1,-619184994,"101601553#1,-101601553#1,-101601553#0,101600741#4,100468681#3,100468681#4,100468681#5,100468681#6,100468681#7,100468681#8,120511932#0,120511932#1,120511932#2,-101604499,100475359,282689984#0,282689984#1,619185406,619184994",2.0679165114569944,bd72896f2ae55c0c90cdeb50020be8e214f1bbb507a7a367f83190cc1f6c0f60,1581.0614993491654,40.52273684210527,10.267991347668223,20.016000000000005,0.366130620459754,0.0,0.2226144567238829,0.777385543276117,0.5301971310431458,0.0,1.264972931681208,0.632486465840604,0.0,73.27049314146318,1.264972931681208,0.0,3.019251762559249,12.017242850971476,0.84,0.6093188290975373,0.9047619047619048,0.0833333333333333,1
-101601553#1,-619184994,"101601553#1,-100525438#0,100468681#7,100468681#8,282479126,133906980,133906979,282479125#0,282479125#1,619184994",1.1066883340809324,0da0f2431170a686630d8c7e8babd9fcba1c71136caea006bd8e719471065503,862.7041369847009,37.9944,10.336217954358355,20.016000000000005,0.1945253764612856,0.0,0.4832164842951759,0.5167835157048241,0.6925837019171027,0.0,2.318291885083968,1.159145942541984,0.0,41.677870136293365,2.318291885083968,1.159145942541984,1.6474507710360615,11.59145942541984,0.0,0.7307960442888674,0.9714285714285714,0.9166666666666666,2
-101601559,-100468681#0,"-101601559,101601559,659278036#3,101600741#0,101600741#1,101600741#2,101600741#3,101601553#0,101601553#1,-100525438#0,-100468681#6,-100468681#5,-100468681#4,-100468681#3,-100468681#2,-100468681#1,-100468681#0",2.4023680602550592,3a3c0b3872051d1c2384b2078934da234d1dede6f2ce78af8af0d153f2fbd2b4,1837.80301964362,40.58470588235294,10.298147040637373,20.016000000000005,0.5745885308911611,0.0,0.4510104392498255,0.5489895607501745,0.6883395169388249,0.0,0.5441279556684571,0.0,0.0,87.07361004444165,0.5441279556684571,0.0,4.579509099077411,9.25017524636377,0.92,0.5606535947712418,0.92,0.3333333333333333,0
-101601559,-100468681#0,"101601559,659278036#3,-100468675#3,-100468675#2,-100468675#1,-100468675#0,100468664,100468672#2,100468667,100468681#0",0.7934623165320845,a522a04977f2b951b74e41c6faf2d90c2d6acda417def59b37713a148a73ad07,643.6471482643474,49.9968,27.89663618431441,70.02,0.411411670157375,0.0,0.199824388658678,0.800175611341322,0.5001588781318518,3.107292567664101,1.5536462838320504,0.0,0.0,51.7163686679637,1.5536462838320504,0.0,1.6027202686533817,15.536462838320505,0.0,0.7422402977139819,0.92,1.0,1
-101601559,-100468681#0,"-101601559,101601559,659278036#3,101600741#0,101600741#1,101600741#2,101600741#3,101600741#4,-100468681#2,-100468681#1,-100468681#0",1.690813359180965,f1eea244e73fb98e0a80e5da9186b2fb78161be909065742f24d6abfdcd1738c,1354.6869714484417,39.08618181818183,10.453015084827747,20.016000000000005,0.6304092638138715,0.0,0.4627600616240752,0.5372399383759249,0.6903709844987227,0.0,0.7381779120019087,0.0,0.0,83.17581035631078,0.7381779120019087,0.0,3.37566172535334,8.119957032020997,0.8947368421052632,0.5544391281233386,0.8947368421052632,0.1666666666666666,2
-101601559,-100468681#0,"101601559,659278036#3,101600741#0,101600741#1,101600741#2,101600741#3,101601553#0,101601553#1,-100525438#0,-100468681#6,-100468681#5,-100468681#4,-100468681#3,-100468681#2,-100468681#1,-100468681#0",2.270726591572554,bf852d33b7f80d45cd474bb22249fcfcedcabbae7e8dfb1ee75ebcd5f6d80890,1724.2469246534984,39.996,10.336217954358355,20.016000000000005,0.5465716242026262,0.0,0.4807132524308793,0.5192867475691206,0.6924030386956618,0.0,0.5799633368642709,0.0,0.0,80.21787959259206,0.5799633368642709,0.0,4.104943656057406,9.279413389828337,0.9166666666666666,0.5732156862745098,0.92,0.6666666666666666,3
-101601559,-101746516#0,"101601559,659278036#3,101600741#0,101600741#1,101600741#2,101600741#3,101601553#0,101601553#1,-100525438#0,100468681#7,100468681#8,282479126,133906980,133906979,282479125#0,282479125#1,120511930,42762428#1,1164653913,463830226#0,71324343#0,-416375814,679068326#3,101411570,282689981#1,-120511301,101411571#0,-47374680#8,-47374680#7,-47374680#6,101746498#0,101746498#1,-101746508#1,-101746504,-101746516#0",4.929360873218977,f1f4ae703e95d9c315f7d2cdb872cd78a441acf32d9c9f1e5f9be380a483fed4,3287.730801610788,36.27874285714286,9.427700450527372,20.016000000000005,0.2393242485277203,0.0372508569396703,0.1529514698320017,0.809797673228328,0.5805889856829183,0.0,0.9124834668733166,0.3041611556244388,0.0,71.48431316208745,0.9124834668733166,0.0,2.471959560568237,10.64564044685536,0.409090909090909,0.3242192773860806,0.736842105263158,0.3333333333333333,0
-101601559,-101746516#0,"-101601559,101601559,659278036#3,101600741#0,101600741#1,101600741#2,101600741#3,101601553#0,101601553#1,-100525438#0,100468681#7,100468681#8,282479126,133906980,133906979,282479125#0,282479125#1,120511930,42762428#1,1164653913,463830226#0,463830226#1,101411570,282689981#1,-120511301,101411571#0,-47374680#8,-47374680#7,-47374680#6,101746498#0,101746498#1,-101746508#1,-101746504,-101746516#0",4.555443487690252,facd064c76ecd71af5b6d3ef961085849d4e73c5e8f9c51d6a8ed2934655aa25,3066.84813572762,36.46376470588236,9.504759327955284,20.016000000000005,0.2453862412527857,0.0399337640231391,0.1639674467933866,0.796098789183474,0.6066114718811211,0.0,0.978202984703134,0.3260676615677114,0.0,69.9312742250157,0.978202984703134,0.0,2.3454633510665084,11.086300493302186,0.3953488372093023,0.2817978493223622,0.7321428571428572,0.1666666666666666,1
-101601559,-101746516#0,"101601559,659278036#3,101600741#0,101600741#1,101600741#2,101600741#3,101601553#0,101601553#1,-100525438#0,100468681#7,100468681#8,282479126,133906980,133906979,282479125#0,282479125#1,120511930,-42762428#0,-697042776#1,687927789#0,-71324342,71223791#0,71223791#1,101411570,282689981#1,-120511301,101411571#0,-47374680#8,-47374680#7,-47374680#6,101746498#0,-101746516#3,-101746516#2,-101746516#1,-101746516#0",4.252991462963875,da032eeb012af0918f45ca845fdac6885af616309374e14c6e411cfca1fcdf9f,2882.1110961467307,35.70685714285715,9.17431855825834,20.016000000000005,0.2278790289137488,0.023295558883063,0.1744774027589095,0.8022270383580274,0.568991708484784,0.0,1.0409036639881375,0.3469678879960459,0.3469678879960459,64.6470768139187,1.0409036639881375,0.3469678879960459,2.1669846190719637,12.143876079861608,0.0,0.3766976605022821,0.736842105263158,0.75,2
-101601559,-101746516#0,"101601559,659278036#3,101600741#0,101600741#1,101600741#2,101600741#3,101601553#0,101601553#1,-100525438#0,100468681#7,100468681#8,282479126,133906980,133906979,282479125#0,282479125#1,120511930,42762428#1,42762428#4,71324344,463830226#0,-416376586,71223791#1,101411570,282689981#1,-120511301,101411571#0,-47374680#8,-47374680#7,-47374680#6,101746498#0,-101746516#3,-101746516#2,-101746516#1,-101746516#0",4.747409791850505,d6f74412247d2b0bbc4e6ba5b0539d2b3f2c5c209f00119481050c2db046c173,3175.453487774476,35.13497142857143,8.875886505801299,20.016000000000005,0.2323174425995442,0.0463938561083566,0.1583595100524518,0.7952466338391915,0.6164885573356267,0.0,0.9447469508056175,0.3149156502685392,0.0,66.49936506399672,0.9447469508056175,0.0,2.387541158904509,11.022047759398871,0.25,0.3646807388583621,0.7796610169491526,0.6666666666666666,3
-101604496#1,-100468681#0,"101604496#1,100525438#2,659278036#0,-416412034,659278036#2,659278036#3,101600741#0,101600741#1,101600741#2,101600741#3,101600741#4,-100468681#2,-100468681#1,-100468681#0",2.203278071487774,b72ef32277f148dab6eec0035d86904385e5981ce0e5c3ddd7ac76dd7d4ca189,1596.6463037177011,35.706857142857146,9.383645534464929,20.016000000000005,0.4327008457308483,0.0,0.3926323725731382,0.6073676274268618,0.6699110273473745,0.0,0.6263127892956356,0.0,0.0,72.49303049036082,0.6263127892956356,0.0,2.3934268299514025,8.768379050138899,0.782608695652174,0.6321766543690676,0.9655172413793104,0.1666666666666666,0
-101604496#1,-100468681#0,"101604496#1,100525438#2,659278036#0,659278036#1,659278036#2,659278036#3,-100468675#3,-100468675#2,-100468675#1,-100468675#0,100468664,100468672#2,100468667,100468681#0",1.194651330654652,b2ea078d63451c3312b9e319bfb01b20b705ed38e82c494a3c279e25b45dd0bb,875.2935984078956,44.28000000000001,25.03515047657224,70.02,0.2458866753095102,0.0,0.1469408643542805,0.8530591356457193,0.417365800969029,2.284947592028406,1.142473796014203,0.0,0.0,50.31006746174317,1.142473796014203,0.0,1.4525566890345645,15.994633144198843,0.0,0.7082401317051037,0.9583333333333334,0.5833333333333334,1
-101604496#1,-100468681#0,"101604496#1,-100525438#1,-101601553#1,-101601553#0,101600741#4,-100468681#2,-100468681#1,-100468681#0",1.4805889958575222,5b6d15dcecd3dbd64079b16d035dcac6ee37d787ed6760e43b91900fa2d9e37a,1168.159550786601,39.996,10.699002036238175,20.016000000000005,0.5914176753393598,0.0,0.5366518862656062,0.4633481137343938,0.6904580476820806,0.0,0.8560474460245028,0.0,0.0,57.33393869967278,0.8560474460245028,0.0,1.7511106899546394,6.848379568196022,0.9523809523809524,0.7269073172816489,0.9545454545454546,0.75,2
-101604496#1,-100468681#0,"-101604496#1,101604496#1,-100525438#1,-101601553#1,-101601553#0,101600741#4,-100468681#2,-100468681#1,-100468681#0",1.5344166896420195,d6617c9a837b5cc5902a09eeb423a6f939c0ccfde72f33de6ba3955453de7d46,1232.1347303494704,41.108,10.549358274321715,20.016000000000005,0.6126321796809145,0.0,0.5087877250331271,0.491212274966873,0.6929927243850291,0.0,0.81159955593198,0.0,0.0,72.28281046397589,0.81159955593198,0.0,2.026149274746408,7.3043960033878195,0.9545454545454546,0.7185648694739605,0.9545454545454546,0.6666666666666666,3
-101604496#1,-101746498#2,"101604496#1,-100525438#1,-100525438#0,100468681#7,100468681#8,282479126,133906980,133906979,282479125#0,282479125#1,120511930,42762428#1,1164653913,463830226#0,71324343#0,-416375814,-679068326#2,-101415864#1,-101415864#0,71324343#2,71324343#3,71324343#4,101416508#0,101416508#1,101416508#2,-679068326#0,101749453,224715836,224715833,282689986,-352797377,-120511301,101411571#0,-47374680#8,-47374680#7,-47374680#6,101746498#0,101746498#1,101746498#2",5.620539374857215,afe38d4ed616dbb2bf964390f2198ccfbcc14cc37e700bb28b9f6b0fca3c1dd7,3758.1446273615743,37.17323076923078,9.727185827851484,20.016000000000005,0.1966806047125752,0.0325880991527812,0.1338062550486124,0.8336056457986062,0.5324201884713612,0.0,0.7982662450396876,0.2660887483465625,0.0,78.98965593011984,0.7982662450396876,0.0,2.861900310989217,10.37746118551594,0.9846153846153848,0.796021356986041,0.9852941176470588,0.75,0
-101604496#1,-101746498#2,"101604496#1,100525438#2,659278038#0,659278038#1,659278038#2,659278038#3,100475365#0,100475365#1,282479151#3,282479151#4,100488713,-100488715#7,-101605219,-100488715#5,-100488715#4,-100488715#3,-100488715#2,-100488715#1,-100488715#0,162276533#2,120511145,47374680#0,101749458#0,101749458#1,-101749449#1,101746514,-101746498#2",3.62883483126872,bd4c13b378b4aa22327b05b0fbc3095f9bc3c7765750b880a774f2fd95a140f4,2960.271900416989,38.884,10.135495585773338,20.016000000000005,0.5508587703724676,0.0447916431830186,0.1187997220673974,0.8364086347495839,0.541606244716715,0.0,1.0134204224880203,0.3378068074960068,0.0,54.02835354089709,1.0134204224880203,0.3378068074960068,2.730918371019245,9.120783802392184,0.0,0.8918643525693475,0.9846153846153848,1.0,1
-101604496#1,-101746498#2,"101604496#1,-100525438#1,-100525438#0,100468681#7,100468681#8,282479126,133906980,133906979,282479125#0,282479125#1,120511930,-42762428#0,-697042776#1,42762429,1323419246,184568063,76867740,1323419243,120511145,47374680#0,101749458#0,101749458#1,-101749449#1,101746514,-101746498#2",3.762237493989677,1cb786842150a2d7487554c2a391439a741135d5014b62c2a406d8a3b1521e72,2801.5367264342854,37.193760000000005,9.805797338309622,20.016000000000005,0.3692719238194075,0.2709545821494057,0.1794955082235688,0.5495499096270255,0.991107170372196,1.4277878145438714,1.7847347681798391,0.7138939072719357,0.3569469536359678,58.82987608609589,1.0708408609079036,0.3569469536359678,2.5844815512476425,8.923673840899196,0.8181818181818181,0.6360557061766915,0.8775510204081632,0.1666666666666666,2
-101604496#1,-101746498#2,"-101604496#1,101604496#1,-100525438#1,-100525438#0,100468681#7,100468681#8,282479126,133906980,133906979,282479125#0,282479125#1,120511930,-42762428#0,-697042776#1,42762429,1323419246,-100525445,526438862#0,526438862#1,526438862#2,101418589,625955757,71324347#2,71324347#3,71324347#4,71324347#5,-47374665#1,-47374680#3,-47374680#2,-47374680#1,101749458#0,101749458#1,-101749449#1,101746514,-101746498#2",5.69683817692695,77d47ee1b0195572077578cede36364923db9b090f3bc9cfbbf429b80df354ce,3240.589473106738,32.28274285714286,12.147163881874208,39.99600000000001,0.2980657073386643,0.1591060773056685,0.1551764772093216,0.5294590535091077,1.2083263445140182,1.2343433295687465,1.8515149943531195,0.6171716647843731,0.3085858323921865,72.34622011076924,1.8515149943531195,0.3085858323921865,2.861002997679316,10.80050413372653,0.8928571428571429,0.6545581886236046,0.9344262295081968,0.4166666666666667,3
-101604497,-1323419243,"101604497,101604496#0,101604496#1,-100525438#1,-100525438#0,100468681#7,100468681#8,120511932#0,120511932#1,120511932#2,-101604499,100475359,282689984#0,282689984#1,619185406,120511930,-42762428#0,-697042776#1,42762429,1323419246,184568063,1323419245,16648700,1323419243",3.3364752092341607,5c1b5e09156cfab5fd1b0c091a92cf9e01dbed6a07c2d6260ad8cf0431ff93dc,2138.741695661565,37.494,9.898619666617556,20.016000000000005,0.2492688030437757,0.4034289411491349,0.1103378799345934,0.4862331789162717,0.9600289283846328,0.4675646442151002,1.870258576860401,0.4675646442151002,0.4675646442151002,78.16452800964211,1.870258576860401,0.0,2.540280374725977,11.221551461162406,0.931818181818182,0.7141900736187419,0.9333333333333332,0.9166666666666666,0
-101604497,-1323419243,"101604497,101604496#0,101604496#1,100525438#2,659278038#0,659278038#1,659278038#2,659278038#3,100475365#0,100475365#1,282479151#3,282479151#4,100488713,-100488715#7,-100488715#6,-100488715#5,-100488715#4,-100488715#3,-100488715#2,-100488715#1,-100488715#0,162276533#2,-1323419243",2.69020333835478,13dbd9df7811f8e5577a761101c9d50eacc362b6544f739facb690e08d0d19b4,1799.5601561759722,37.820347826086966,9.988201761026476,20.016000000000005,0.3164326961477258,0.0048382370218412,0.1954252419995652,0.7997365209785935,0.523559942780181,0.5556913430029364,1.1113826860058729,0.0,0.0,66.9295390731574,1.1113826860058729,0.0,2.159685289683922,12.780900889067537,0.0,0.6996457944038484,0.9423076923076924,0.7916666666666666,1
-101604497,-1323419243,"101604497,101604496#0,101604496#1,-100525438#1,-100525438#0,100468681#7,100468681#8,282479126,133906980,133906979,282479125#0,282479125#1,120511930,-42762428#0,-697042776#1,42762429,1323419246,184568063,76867740,1323419243",2.923625447299149,e3cad7b15d41c25e7b467a59c7144bab72e4dff66d68f076a00d4244db848a5c,1817.1609829197023,36.993600000000015,9.795039466350731,20.016000000000005,0.178320867319064,0.3447651453490982,0.2767301649358251,0.3785046897150767,1.0903837124001878,1.6509269284330463,2.2012359045773957,0.5503089761443488,0.5503089761443488,69.04114792816314,1.1006179522886976,0.0,2.1583243979356816,11.006179522886976,0.925,0.5602616754614872,0.926829268292683,0.3333333333333333,2
-101604497,-1323419243,"-101604497,101604497,101604496#0,101604496#1,-100525438#1,-100525438#0,100468681#7,100468681#8,282479126,133906980,133906979,282479125#0,282479125#1,120511930,-42762428#0,-697042776#1,42762429,1323419246,-100525445,526438862#0,526438862#1,526438862#2,101418589,625955757,71324347#2,71324347#3,71324347#4,71324347#5,47374666,-42762427,16648700,1323419243",4.270808567430473,3cf22ed1e44ac062ea1da8c73434eebeee3cd7cdc1cdfbac72f096f5d68f21e1,2232.7192656378083,32.185125,11.840677976856432,39.99600000000001,0.1511056638508765,0.3333173153046299,0.2252245798464345,0.245635288768953,1.3660822882825512,2.2394217118790696,2.6873060542548832,0.8957686847516277,0.4478843423758138,79.82227358217784,2.6873060542548832,0.4478843423758138,2.6122940304824147,14.332298956026044,0.9423076923076924,0.6168389558620652,0.9423076923076924,0.4166666666666667,3
-101604513#1,-100468675#0,"101604513#1,-101604513#1,-101604503,-659278038#1,-659278038#0,-100525438#2,-100525438#1,-101601553#1,-101601553#0,-101600741#3,-101600741#2,-101600741#1,-101600741#0,-100468675#3,-100468675#2,-100468675#1,-100468675#0",2.3114282574080742,688d9a6a0b6bf899c13ee1e0cdad08528e1ecd0574ff07e5a5f2a8d7be703019,1431.2838467152694,33.52023529411765,7.865339721917706,20.016000000000005,0.1032746283604668,0.0,0.0,1.0,-0.0,0.0,0.0,0.0,0.0,64.87541928145058,0.0,0.0,2.178680054753797,11.877448375466695,0.6190476190476191,0.5974716323408676,0.8857142857142857,0.4166666666666667,0
-101604513#1,-100468675#0,"-101604513#1,-101604503,-659278038#1,-659278038#0,659278036#0,659278036#1,659278036#2,659278036#3,-100468675#3,-100468675#2,-100468675#1,-100468675#0",1.137435406127894,eb5d511a0d9941765bf60c93ece2d88535549b84b404588afad3a282233f2444,747.9320487596185,33.324000000000005,7.791217433168525,20.016000000000005,0.1211244932772662,0.0,0.0,1.0,-0.0,0.0,0.0,0.0,0.0,23.04045870070348,0.0,0.0,1.0479989534271372,16.044238269908313,0.0,0.5894364894364895,0.8571428571428572,0.3333333333333333,1
-101604513#1,-100468675#0,"-101604513#1,-101604503,-659278038#1,-659278038#0,-100525438#2,-100525438#1,-101601553#1,-101601553#0,101600741#4,-100468681#2,-100468681#1,-100468681#0,100468665,100468672#4,100468672#5,100468672#0,100468678,100468675#0",1.8705626671114808,15168fbb4834fe0f34ecbd6f7deb12e2401883f3e5f4186e0683e668d96e0f82,1458.715769768865,52.22,27.77888565926625,70.02,0.5619178065114273,0.0,0.4795502811697013,0.5204497188302988,0.6923105652250243,1.3710690193723636,1.3710690193723636,0.6855345096861818,0.0,89.71032295137971,0.6855345096861818,0.6855345096861818,2.0899938308162915,12.339621174351272,0.8461538461538461,0.6051813736310303,0.8518518518518519,0.6666666666666666,2
-101604513#1,-100468675#0,"-101604513#1,-101604503,-659278038#1,-659278038#0,659278036#0,-416412034,659278036#2,659278036#3,101600741#0,101600741#1,101600741#2,101600741#3,101600741#4,-100468681#2,-100468681#1,-100468681#0,100468665,100468672#4,100468672#5,100468672#0,100468678,100468675#0",2.344912407007439,4d7eab46e25a7ca86ab0833fcc50bb7f0cfb4339209253a53d7e6ac03c8fd693,1738.47437361549,48.1778181818182,26.48981336581751,70.02,0.4714929239753306,0.0,0.4023801375251423,0.5976198624748575,0.6739649352800056,1.1504339841608464,1.1504339841608464,0.5752169920804232,0.0,89.51906104667071,0.5752169920804232,0.5752169920804232,2.490821578260107,12.654773825769311,0.7407407407407407,0.6905476749663789,0.8947368421052632,1.0,3
-101604513#1,101606547#1,"101604513#1,-101604513#1,-101604503,659278038#2,659278038#3,100475365#0,100475365#1,282479151#3,282479151#4,100488713,-100488715#7,-101605219,-100488715#5,120829754,-101605951#4,-101605951#3,-101605951#2,-101606546,101606547#1",2.481277084591677,76b07fed674654212a92fd0b93d2a00b1da6b754f67f295a72a0e856519fd5ef,1405.5218822230854,43.68505263157895,11.651390520132422,39.99600000000001,0.6236576655436806,0.0,0.0,0.8727916765882358,0.3810451782666158,0.0,1.4229589914577785,0.7114794957288891,0.0,55.66076279245728,1.4229589914577785,0.0,1.9403918268859952,13.518110418848892,0.4583333333333333,0.4526859544753962,0.9148936170212766,0.4166666666666667,0
-101604513#1,101606547#1,"-101604513#1,-101604503,659278038#2,659278038#3,100475365#0,100475365#1,282479151#3,282479151#4,100488713,-100488715#7,-100488715#6,-100488715#5,-100488715#4,-100488715#3,101605951#0,101605951#1,-101606546,101606547#1",1.5986657297908362,71b676d42ae04a64a92c07511f00007536a56c2ecec5eec0fa87dbf63c3bab5e,1110.1526811943595,42.22,10.04065261530228,20.016000000000005,0.3532169363386127,0.0,0.0,1.0,-0.0,0.0,0.0,0.0,0.0,62.46859448763835,0.0,0.0,1.5891690930959086,16.213985972303078,0.0,0.4309160040150526,0.8372093023255813,0.3333333333333333,1
-101604513#1,101606547#1,"-101604513#1,-101604503,659278038#2,659278038#3,100475365#0,100475365#1,282479151#3,282479151#4,100488713,-100488715#7,-100488715#6,-100488715#5,120829754,-101605951#4,-101605951#3,-101605951#2,-101606546,101606547#1",2.3162683885286586,63ac41dc0db82e3aed4d512337e18c1776cf63525b250b8d07a3143aa212552a,1163.256765989988,42.22200000000001,12.157810038867057,39.99600000000001,0.4028183285557135,0.0,0.0,0.8462986957105869,0.4290760093167702,0.0,1.7193108679646518,0.8596554339823259,0.0,55.97998343883215,1.7193108679646518,0.0,1.6651868983076783,15.473797811681866,0.3636363636363636,0.4699831909994174,0.9130434782608696,0.6666666666666666,2
-101604513#1,101606547#1,"-101604513#1,-101604503,659278038#2,659278038#3,100475365#0,100475365#1,282479151#3,282479151#4,100488713,-100488715#7,-101605219,-100488715#5,120829754,-101605951#4,-101605951#3,-101605951#2,-101606546,101606547#1",2.4213898755683987,a454e717fd77f9da07aa0cd285ee72f33e9174230ee1366276559b0f2d0328d0,1348.2994652870627,43.33400000000001,11.885336591041629,39.99600000000001,0.6076855328481074,0.0,0.0,0.8673928999014481,0.3913128166791391,0.0,1.483349991223341,0.7416749956116705,0.0,55.97998343883215,1.483349991223341,0.0,1.930073110454265,13.35014992101007,0.4347826086956522,0.4632773455938815,0.9130434782608696,0.5833333333333334,3
-101605951#3,526438862#2,"-101605951#3,-101605951#2,-101605951#1,-101605951#0,100488715#3,100488715#4,100488715#5,101605219,100488715#7,100488714,282479151#6,100475366,100475359,282689984#0,282689984#1,619185406,120511930,-42762428#0,-697042776#1,42762429,1323419246,-100525445,526438862#0,526438862#1,526438862#2",2.838938354319409,5e7c6ed62816939cc8eca1f5d29d14fdc7a51f8972390cf37869af57d2638664,2051.8789676614288,38.79504,10.14056206726235,20.016000000000005,0.442021836819725,0.2512806492732337,0.0419081241208244,0.7068112266059418,0.7252667392515795,1.4620745410822966,1.9494327214430625,0.4873581803607655,0.4873581803607655,77.77983060118942,1.9494327214430625,0.4873581803607655,4.524203947510184,12.18395450901914,0.7,0.7386550714267787,0.9230769230769232,1.0,0
-101605951#3,526438862#2,"-101605951#3,-101605951#2,-101605951#1,-101605951#0,100488715#3,101418592,101418584#2,101418584#3,101418584#4,416373452,-100525445,526438862#0,526438862#1,526438862#2",1.3044223304872704,256f7872461bb558ad66fcb02ba2c19617689817ac235bbff2b4288c9e1c589d,993.0498921093726,38.56628571428572,10.279268661718124,20.016000000000005,0.4888741487314249,0.1127732682219555,0.0,0.8872267317780443,0.3522745284488339,1.0069987499579345,1.0069987499579345,0.0,0.0,59.369641108085,1.0069987499579345,0.0,2.1895834563167647,14.097982499411083,0.0,0.6380748478574566,0.8928571428571429,0.4166666666666667,1
-101605951#3,526438862#2,"101605951#3,101605951#4,-120829754,-100488715#4,101418592,101418584#2,101418584#3,101418584#4,101418587,464265154,120511142#1,120511142#2,1323419246,-100525445,526438862#0,526438862#1,526438862#2",2.3679254831973027,971535b01220eead0685384d6bf2acf79ff1397f408df1c03d0aff97a12c799c,1161.9516540015495,33.52235294117648,10.5753349884364,39.99600000000001,0.2427176226073872,0.239252541719493,0.0,0.6068735156423501,0.9332751030440064,6.024347033625087,4.30310502401792,1.7212420096071677,0.0,62.301775225695394,4.30310502401792,0.8606210048035838,2.0717805763625705,14.630557081660926,0.6521739130434783,0.6691303507148344,0.9,0.5,2
-101605951#3,526438862#2,"101605951#3,101605951#4,-120829754,100488715#5,101605219,100488715#7,100488714,282479151#6,100475366,100475359,282689984#0,282689984#1,619185406,120511930,-42762428#0,-697042776#1,42762429,1323419246,-100525445,526438862#0,526438862#1,526438862#2",3.3185777527444307,148fba095d026547aa3d652596586678de7edf4ab28340cb9a6c475435ceaed2,1867.6520618783009,37.26818181818183,11.627020384130542,39.99600000000001,0.3994859385778731,0.2760672021026867,0.0460419797738898,0.582158810108862,1.0366172060529224,1.6062949096540473,3.2125898193080946,1.070863273102698,0.5354316365513491,71.90803584895022,3.2125898193080946,0.5354316365513491,3.3300570224910646,11.77949600412968,0.875,0.7108547724218515,0.9142857142857144,0.6666666666666666,3
-101605951#5,-101606549,"-101605951#5,-101605951#4,-101605951#3,-101605951#2,-101606546,101606547#1,-101606549",0.4086753059755219,32f38b68912698605de664fa61cdfa6a8face6393694fcab6c7ba82a3fc32d51,449.5054465166096,50.00400000000001,7.674738709330906e-15,0.0,1.0,0.0,0.0,1.0,-0.0,0.0,0.0,0.0,0.0,34.16378980650056,0.0,0.0,1.0686427200023247,15.572670040476014,0.0,0.5865108311229001,0.8620689655172413,0.8,1
-101605951#5,-101606549,"-101605951#5,-120829754,-100488715#4,-100488715#3,101605951#0,101605951#1,-101606546,101606547#1,-101606549",1.6491661724175557,a774c34f4ceb54dd3fa6f9208200c9a3c2c78081fb7be3c273a4469e941eaac5,753.9895260332731,41.112,14.53165317505204,39.99600000000001,0.494766858687774,0.0,0.0,0.7628692760537686,0.5477499425805731,0.0,2.6525567411021846,1.3262783705510923,0.0,58.1330652344948,2.6525567411021846,1.3262783705510923,1.7925153614878118,11.936505334959833,0.6666666666666667,0.5406695156695157,0.7037037037037037,0.4,2
-101605951#5,-101606549,"101605951#5,-101605951#5,-120829754,-100488715#4,-100488715#3,101605951#0,101605951#1,-101606546,101606547#1,-101606549",1.7457344469555929,c82bf1b69d17a995da90972e93f2155a7587879e03a810d6c270f030dfdfefd7,839.3510701890258,42.0012,13.986153667109484,39.99600000000001,0.54614879246116,0.0,0.0,0.7869853408111095,0.5179235741634813,0.0,2.3827931732422654,1.191396586621133,0.0,70.95468169850186,2.3827931732422654,1.191396586621133,2.4172394484609177,11.913965866211326,0.6923076923076923,0.5185897435897435,0.6923076923076923,0.2,3
-101606546,-336860317#0,"-101606546,101606546,-101605951#1,-101605951#0,-100488715#2,-100488715#1,-100488715#0,162276533#2,120511145,283490977#1,120511144#0,120511144#1,-336860316#1,-336860316#0,-479315694,-101784499#1,-101784499#0,-336860317#1,-336860317#0",2.7796623617049407,6519956df1b15cbc07b50d617e6f91650b33e3a14bf381fa3c901b9aa76f4a47,2214.3764826183165,40.52273684210528,10.267991347668223,20.016000000000005,0.5696807835101925,0.2451099436772194,0.1588164802931943,0.5960735760295858,0.9452629232370784,0.0,1.354783174202044,0.4515943914006813,0.0,75.3151557515273,1.354783174202044,0.4515943914006813,2.6802515015743835,8.580293436612944,0.4285714285714286,0.5401156543261806,0.7428571428571429,0.5,0
-101606546,-336860317#0,"101606546,-101605951#1,-101605951#0,-100488715#2,-100488715#1,-100488715#0,162276533#2,120511145,283490977#1,120511144#0,120511144#1,-336860316#1,-336860316#0,-479315694,-101784499#1,-101784499#0,-336860317#1,-336860317#0",2.685085927819652,6c3451c3e2e5962c8b8c78dd2eb51406ad95c8a0005f61dd7710e263c09263e7,2119.3099799599954,39.99600000000001,10.298147040637373,20.016000000000005,0.5503778295651887,0.2561049115358671,0.1659405572280196,0.5779545312361128,0.9637774299136967,0.0,1.415555076118043,0.4718516920393478,0.0,78.17252309140731,1.415555076118043,0.4718516920393478,2.8441805532609967,8.49333045670826,0.4,0.5365871289112455,0.7352941176470589,0.4166666666666667,1
-101606546,-336860317#0,"101606546,-101605951#1,-101605951#0,-100488715#2,-100488715#1,-100488715#0,162276533#2,120511145,283490977#1,120511144#0,120511144#1,-336860316#1,101784793,336860317#0",2.071548100881821,1db114a16b6ef02db5b05f369cfef3a88b8bd48adbf1dd39f32273dc1285532a,1746.5514784559318,41.42571428571431,10.27926866171812,20.016000000000005,0.6466290241071548,0.3107642125811121,0.2013564921226215,0.4878792952962663,1.0360510431543375,0.0,1.7176705278977522,0.5725568426325841,0.0,55.9128530668719,1.7176705278977522,0.5725568426325841,2.0152369566808868,8.015795796856178,0.0,0.4221898620067957,0.6086956521739131,0.0833333333333333,2
-101606546,-336860317#0,"101606546,101605951#2,101605951#3,101605951#4,-120829754,-100488715#4,-100488715#3,-100488715#2,-100488715#1,-100488715#0,162276533#2,120511145,283490977#1,120511144#0,120511144#1,-336860316#1,101784793,336860317#0",3.4873569418858907,ee83c30944a4d8b85a18772bbe3efb98fb36197e03a87debea8f92299d6da86b,2203.9483924478823,38.886,12.318860317797736,39.99600000000001,0.5471213842558365,0.2462696934259407,0.1595679282775135,0.5130379369217808,1.1841276911787015,0.0,2.268655662325468,0.9074622649301872,0.0,78.45663182087435,2.268655662325468,0.4537311324650935,2.542998764058741,8.167160384371684,0.4,0.6125524689419213,0.7586206896551724,0.8333333333333334,3
-101606549,-101605951#5,"101606549,-101606547#1,101606546,101605951#2,101605951#3,101605951#4,101605951#5",0.3575953923686105,09da06e6c948701a4d3a9bc8686af379e7ba06a23c747fad3e3f3c9769e86eb3,449.5054465166096,50.00400000000001,7.674738709330906e-15,0.0,1.0,0.0,0.0,1.0,-0.0,0.0,0.0,0.0,0.0,34.16378980650056,0.0,0.0,1.0686427200023247,15.572670040476014,0.0,0.5839565527065527,0.8518518518518519,0.8,1
-101606549,-101605951#5,"101606549,-101606547#1,101606546,-101605951#1,-101605951#0,100488715#3,100488715#4,120829754,101605951#5",1.6005803566564425,6c693382757c6a22a0d84dabee220cf4c9462a46e8e2620d989d6053968b3e59,753.989526033273,41.112,14.53165317505204,39.99600000000001,0.4947668586877741,0.0,0.0,0.7628692760537688,0.547749942580573,0.0,2.652556741102185,1.3262783705510923,0.0,58.13306523449478,2.652556741102185,1.3262783705510923,1.7925153614878115,11.936505334959833,0.6666666666666667,0.5347435897435897,0.6923076923076923,0.4,2
-101606549,-101605951#5,"-101606549,101606549,-101606547#1,101606546,-101605951#1,-101605951#0,100488715#3,100488715#4,120829754,101605951#5",1.647052638873865,dde41c7b812e55a450d69f1b0a95a110f5b3d50a967658144115699f349f7c5f,801.6854902231285,42.0012,13.986153667109484,39.99600000000001,0.5248255065109362,0.0,0.0,0.7769772755817458,0.5307071863980364,0.0,2.4947439168985728,1.2473719584492864,0.0,73.23488374898574,2.4947439168985728,1.2473719584492864,2.145259988834916,12.473719584492866,0.6923076923076923,0.5119230769230769,0.6923076923076923,0.2,3
-101607098#1,100475365#1,"101607098#1,101607098#2,-120512823#1,-120512823#0,-101609498#5,-101609498#4,-101608824,-101607967#0,101607962,-101607966#1,-101607966#0,101607969#1,-100468681#3,-101600741#4,101601553#0,101601553#1,100525438#1,100525438#2,659278038#0,659278038#1,659278038#2,659278038#3,100475365#0,100475365#1",2.723830266447832,f98465b57e8088cadca0f0f017060072f50eb6b2fef5baa955b758c7b0771fde,1820.803635297476,36.66,9.638572941459028,20.016000000000005,0.2932928371851724,0.0,0.0315548852449417,0.9684451147550583,0.1401062400360316,0.0,1.0984160846500328,0.5492080423250164,0.0,82.81786807186178,1.0984160846500328,0.5492080423250164,2.659742723051268,13.180993015800391,0.6451612903225806,0.6137045436428561,0.7959183673469388,0.8333333333333334,0
-101607098#1,100475365#1,"-101607098#1,101607098#1,101607098#2,-120512823#1,-120512823#0,-101609498#5,-101609498#4,-101609498#3,101608828,-101607966#0,101607969#1,100468681#4,100468681#5,100468681#6,100525438#0,100525438#1,100525438#2,659278038#0,659278038#1,659278038#2,659278038#3,100475365#0,100475365#1",2.6359756141477475,04b6eeb386428e97d2684fe4437918dd0a97cdd1d81f5fdc8ff526b6b5c7db19,1778.6593978460076,37.82034782608697,9.988201761026476,20.016000000000005,0.3236628501261417,0.0,0.0812511215834475,0.9187488784165524,0.2818144612105295,0.0,1.1244423763324447,0.5622211881662224,0.0,74.41362547659286,1.1244423763324447,0.0,2.379012939024247,12.931087327823116,0.4230769230769231,0.5729126807727863,0.7659574468085106,0.5833333333333334,1
-101607098#1,100475365#1,"101607098#1,101607098#2,-101607965,101607964#1,101607969#0,101607969#1,100468681#4,100468681#5,100468681#6,100525438#0,100525438#1,100525438#2,659278038#0,659278038#1,659278038#2,659278038#3,100475365#0,100475365#1",2.073269869502876,dac57a788da90e9e0c1e222769e892894e0e9cbc4d07091cee08ae68f59426bc,1304.9760412156284,35.548,9.225146196832938,20.016000000000005,0.132045447000304,0.0,0.1107438500214181,0.889256149978582,0.348067714383495,0.0,1.5325951870633072,0.7662975935316536,0.0,70.43415826337935,1.5325951870633072,0.0,1.9062464848453884,13.793356683569764,0.0,0.5068323496816654,0.7380952380952381,0.3333333333333333,2
-101607098#1,100475365#1,"101607098#1,101607098#2,372606529#0,372606529#1,101594836#0,101594809#0,336863934,101594812#2,101594812#3,101594812#0,101594843,101594815#0,-659283000#5,-659283000#3,-659283000#2,-659283000#1,-659283000#0,101611060,372606529#8,1164659929,120512822,-133906979,-133906980,-282479126,-100468681#8,-100468681#7,100525438#0,100525438#1,100525438#2,659278038#0,659278038#1,659278038#2,659278038#3,100475365#0,100475365#1",3.5487711571309584,ee9fde133afdb682271117973d3b5a2c7c769aa44d38e9f9dcbc5c789409df89,2327.933710849545,36.27874285714285,9.427700450527372,20.016000000000005,0.2152231488567746,0.1311932987768307,0.0870565255922556,0.7817501756309135,0.6714693012793027,0.0,1.71826198544986,0.85913099272493,0.0,87.55505639781298,1.288696489087395,0.429565496362465,3.4005340428520365,15.034792372686276,0.7380952380952381,0.7565094392063609,0.8305084745762712,1.0,3
-101607967#0,-100468681#0,"-101607967#0,101607962,-101607966#1,-101608828,101609498#3,-101608824,101607967#1,101607964#0,101607964#1,101607969#0,101607969#1,-100468681#3,-100468681#2,-100468681#1,-100468681#0",2.1273498744350148,56702cd02b189213913e19b65c69a31f66a900a4f88b6509c0b8e18ac2f975e8,1605.7918271363426,39.3288,10.336217954358355,20.016000000000005,0.5442450808283033,0.0,0.4261762107574178,0.5738237892425821,0.682207324789611,0.0,0.6227457277468714,0.0,0.0,70.12674986436518,0.6227457277468714,0.0,1.819474672268581,9.341185916203072,0.5,0.6001127970692988,0.7931034482758621,0.6666666666666666,0
-101607967#0,-100468681#0,"-101607967#0,101607962,-101607966#1,-101607966#0,101607969#1,-100468681#3,-100468681#2,-100468681#1,-100468681#0",1.073152327885798,4fd02c947a87a2c5c4688f81d3098d0c8506c24766418c52cdbc56b1ce591e64,1052.314801522328,45.556,8.826226373711476,20.016000000000005,0.9322956819946724,0.0,0.6503284712561144,0.3496715287438854,0.6472430652857307,0.0,0.9502859776878108,0.0,0.0,30.067643848278745,0.9502859776878108,0.0,1.1923464151873824,8.552573799190297,0.0,0.5278405907817673,0.84,0.25,1
-101607967#0,-100468681#0,"101607967#0,-101607967#0,101607962,101607963,-659279347,101607969#0,101607969#1,-100468681#3,-100468681#2,-100468681#1,-100468681#0",1.211891394426741,80237f69422bd3b2b41f084fcf1ad9c3fab44cd34cca644bdf224756fa49b52b,1049.3146026565485,40.90581818181818,10.453015084827744,20.016000000000005,0.70867374631254,0.0,0.6521878895248653,0.3478121104751346,0.6460817188930158,0.0,0.953003034045558,0.0,0.0,60.82277794076496,0.953003034045558,0.0,1.231395003134838,10.48303337450114,0.4615384615384615,0.502835447380902,0.76,0.1666666666666666,2
-101607967#0,-100468681#0,"101607967#0,101607967#1,101607964#0,101607964#1,101607969#0,101607969#1,-100468681#3,-100468681#2,-100468681#1,-100468681#0",1.5328852059182203,310976cb1011b5d14aa3b4797ccc174c8f6b112e1735f0b69ad389b5cd169d5b,1187.2556689125863,37.994400000000006,10.336217954358355,20.016000000000005,0.5764135679225664,0.0,0.5764135679225664,0.4235864320774336,0.6814232246620691,0.0,0.842278564073655,0.0,0.0,74.63696124682139,0.842278564073655,0.0,1.3932720410458157,8.42278564073655,0.6428571428571428,0.5650120630357784,0.8095238095238095,0.5,3
-101608828,-619184994,"101608828,-101608828,101609498#3,101609498#4,101609498#5,120512823#0,120512823#1,372606529#0,372606529#1,372606529#2,372606529#3,372606529#4,372606529#5,372606529#6,372606529#7,372606529#8,1164659929,120512822,282479125#0,282479125#1,619184994",2.29336300394888,29d48496828059ef6032412a5a283925576f68efd3b3b910844c8754650e10fa,1670.5963647409128,33.800571428571445,8.05391614415887,20.016000000000005,0.1773292393488029,0.0,0.1282242939743402,0.8717757060256597,0.3829971684208009,0.0,1.1971772728657728,0.5985886364328864,0.0,65.83414850089339,1.1971772728657728,0.5985886364328864,2.628746173953538,12.570361365090616,0.8709677419354839,0.7677012851585906,0.9545454545454546,0.75,0
-101608828,-619184994,"-101608828,101608828,-101607966#0,101607969#1,100468681#4,100468681#5,100468681#6,100468681#7,100468681#8,120511932#0,120511932#1,120511932#2,-101604499,100475359,282689984#0,282689984#1,619185406,619184994",1.546275544054915,a7b8e97e4092c1542285793cde6f5c151f12b1bb104bc6f02a4019e5551f1e19,1404.9174965148784,43.33200000000001,9.709186141454484,20.016000000000005,0.6013355160530507,0.0,0.2096293182267723,0.7903706817732279,0.5134651306161474,0.0,1.423571138491277,0.7117855692456385,0.0,67.45189142153785,1.423571138491277,0.0,2.4935668381635523,12.812140246421492,0.6086956521739131,0.7295547165078731,0.9473684210526316,0.5833333333333334,1
-101608828,-619184994,"101608828,-101607966#0,101607969#1,100468681#4,100468681#5,100468681#6,100468681#7,100468681#8,282479126,133906980,133906979,282479125#0,282479125#1,619184994",1.0309980435658783,d6fecad474c50b8892634d9d5d5af9f04a1c9e403561258335c78987023ab5b4,1004.8617604819748,42.85542857142858,9.95285908450652,20.016000000000005,0.5609216056523584,0.0,0.5586747880437914,0.4413252119562085,0.6862458281650339,0.0,1.990323523745907,0.9951617618729536,0.0,39.40882092652784,1.990323523745907,0.9951617618729536,1.5811877506562595,13.932264666221348,0.0,0.5967647802183633,0.9032258064516128,0.1666666666666666,2
-101608828,-619184994,"101608828,-101608828,101609498#3,-101608824,101607967#1,101607964#0,101607964#1,101607969#0,101607969#1,-100468681#3,-101600741#4,101601553#0,101601553#1,-100525438#0,100468681#7,100468681#8,282479126,133906980,133906979,282479125#0,282479125#1,619184994",2.695725964972021,462c3840ed37c9846bb1c4360931ced75b3700a5a0997ff4fd54dc9240b99892,1870.528216303618,36.35672727272728,9.54225359316989,20.016000000000005,0.1975172600436157,0.0,0.2535797673041057,0.7464202326958942,0.5662338561827114,0.0,2.138433392843689,1.0692166964218446,0.0,73.36790669649761,2.138433392843689,1.0692166964218446,2.943346457384908,11.76138366064029,0.6153846153846154,0.6862187474385985,0.8648648648648649,0.5,3
-101608960,-100488715#7,"101608960,-336863927#3,101608827,101609498#2,101609498#3,-101608824,-101607967#0,101607962,-101607966#1,-101607966#0,101607969#1,100468681#4,100468681#5,100468681#6,100525438#0,100525438#1,100525438#2,659278038#0,659278038#1,659278038#2,659278038#3,100475365#0,100475365#1,282479151#3,282479151#4,100488713,-100488715#7",2.6267141413800954,2c21eb7f2a478cb359e51276b91c43cfa529f03eaa6620ca170bb4d9bf4c752d,1862.321714855576,38.14266666666667,10.022246270556932,20.016000000000005,0.2699730416919088,0.0,0.0776010234091777,0.9223989765908222,0.2728707790198827,0.0,1.0739283036041392,0.5369641518020696,0.0,55.3978364326859,1.0739283036041392,0.0,1.992994213216448,14.498032098655878,0.717948717948718,0.5377359477809784,0.8085106382978724,0.5,0
-101608960,-100488715#7,"-101608960,101608960,101609498#0,101609498#1,101609498#2,101608828,-101607966#0,101607969#1,100468681#4,100468681#5,100468681#6,100525438#0,100525438#1,100525438#2,659278038#0,659278038#1,659278038#2,659278038#3,100475365#0,100475365#1,282479151#3,282479151#4,100488713,-100488715#7",2.1436075510117654,ca3f5969a0f330dc88d10995d7903a98515fe504311d17134bd0d2a15ab358c5,1572.476486028862,38.328,10.080260866189668,20.016000000000005,0.2908604018976259,0.0,0.091904758051355,0.9080952419486448,0.3069227275808072,0.0,1.2718791141041526,0.6359395570520763,0.0,51.389136666149696,1.2718791141041526,0.0,1.7172951642848675,15.262549369249832,0.5757575757575757,0.475992549727887,0.7954545454545454,0.1666666666666666,1
-101608960,-100488715#7,"101608960,101609498#0,101609498#1,101609498#2,101608828,-101607966#0,101607969#1,100468681#4,100468681#5,100468681#6,100468681#7,100468681#8,120511932#0,120511932#1,120511932#2,-101604499,100475363,282479151#1,282479151#2,282479151#3,282479151#4,100488713,-100488715#7",1.7099959062098562,42aa71376cbf4e288368e8284ca5622294570274cf89ed31ac9216a9d9ffc5fb,1393.4660489092869,42.171652173913046,9.988201761026476,20.016000000000005,0.4828043785955345,0.0,0.2113520434816494,0.7886479565183506,0.5157425266301006,0.0,1.4352699885048998,0.7176349942524499,0.0,55.66192878683849,1.4352699885048998,0.0,1.491240610919455,16.505604867806348,0.0,0.5391347221124874,0.7631578947368421,0.5833333333333334,2
-101608960,-100488715#7,"-101608960,101608960,101609498#0,101609498#1,101609498#2,101609498#3,-101608824,101607967#1,101607964#0,101607964#1,101607969#0,101607969#1,100468681#4,100468681#5,100468681#6,100468681#7,100468681#8,120511932#0,120511932#1,120511932#2,-101604499,100475363,282479151#1,282479151#2,282479151#3,282479151#4,100488713,-100488715#7",2.6920910768915203,7956260a28bcce270443883c755b9336332a0bdecaa0c29edf2a372bb4cf8195,1843.2074901563408,38.56628571428571,10.087115855670255,20.016000000000005,0.2286550797736042,0.0,0.1597822809054976,0.8402177190945024,0.4393086750759756,0.0,1.085065035098333,0.5425325175491665,0.0,66.88480951607914,1.085065035098333,0.0,2.012959390962259,15.190910491376664,0.3,0.5877595647490068,0.8181818181818181,0.9166666666666666,3
-101608960,-101752975#2,"-101608960,101608960,101609498#0,101609498#1,101609498#2,101608828,-101607966#0,101607969#1,100468681#4,100468681#5,100468681#6,100468681#7,100468681#8,120511932#0,120511932#1,120511932#2,-101604499,100475359,282689984#0,282689984#1,619185406,120511930,-42762428#0,-697042776#1,42762429,1323419246,184568063,76867740,1323419243,120511145,283490977#1,-173532317#3,-173532317#2,-173532317#1,-101765339#6,416382004,336860320,101752975#1,101752975#2",4.9852648762888885,65cadcd0a165d0df81bb5f351eb95a4ad3582b30a3cfc713875a23850090588e,3831.109410268454,40.252615384615375,10.135495585773336,20.016000000000005,0.5419689534804146,0.2303341339934506,0.1992763502556826,0.5703895157508666,1.200033986622035,1.044083990208912,2.3491889779700523,1.044083990208912,0.261020997552228,58.8873621028068,1.827146982865596,0.261020997552228,1.8206343782543997,10.179818904536893,0.4897959183673469,0.5863834333878845,0.825,0.8333333333333334,0
-101608960,-101752975#2,"-101608960,101608960,101609498#0,101609498#1,101609498#2,101608828,101607966#1,101607963,-659279347,101607969#0,101607969#1,100468681#4,100468681#5,100468681#6,100468681#7,100468681#8,282479126,133906980,133906979,282479125#0,282479125#1,120511930,-42762428#0,-697042776#1,42762429,1323419246,184568063,76867740,1323419243,120511145,283490977#1,-173532317#3,-173532317#2,-173532317#1,-173532317#0,47374679#0,101754278#0,101754278#1,-101752975#2",4.497551778090646,dcc3a2347c5be9c514681eabeb38a4449a950c3b8b5d6b9e2142632c247acba5,3372.790572376048,40.25261538461537,10.13549558577334,20.016000000000005,0.4682815510782572,0.2616335788755154,0.3598782533199394,0.378488167804545,1.2805801834642536,1.185961569259872,1.778942353889808,0.8894711769449041,0.296490392314968,48.11308687825956,0.8894711769449041,0.296490392314968,1.5067871101277817,11.563125300283753,0.15,0.4387674068041754,0.7297297297297297,0.3333333333333333,1
-101608960,-101752975#2,"101608960,101609498#0,101609498#1,101609498#2,101608828,-101607966#0,101607969#1,100468681#4,100468681#5,100468681#6,100468681#7,100468681#8,282479126,133906980,133906979,282479125#0,282479125#1,120511930,-42762428#0,-697042776#1,42762429,1323419246,184568063,76867740,1323419243,120511145,283490977#1,-173532317#3,-173532317#2,-173532317#1,-173532317#0,47374679#0,101754278#0,101754278#1,-101752975#2",4.177767939429192,95b9f70287ef3a3dc21886b3feb1ad44eac903a7822d5c99cb3b33cd7342aea0,3206.349653290179,40.853828571428565,10.116740341939124,20.016000000000005,0.5156648140341143,0.2752149215363451,0.3785594558457225,0.3462256226179325,1.2811842426193372,1.247524578579701,1.871286867869551,0.9356434339347754,0.3118811446449251,41.41809678882804,0.9356434339347754,0.3118811446449251,1.418190029596398,10.91584006257238,0.0,0.3885370547319136,0.8,0.0833333333333333,2
-101608960,-101752975#2,"-101608960,101608960,101609498#0,101609498#1,101609498#2,101608828,-101607966#0,101607969#1,-100468681#3,-101600741#4,101601553#0,101601553#1,-100525438#0,100468681#7,100468681#8,282479126,133906980,133906979,282479125#0,282479125#1,120511930,-42762428#0,-697042776#1,42762429,1323419246,184568063,76867740,1323419243,120511145,283490977#1,-173532317#3,-173532317#2,-173532317#1,-173532317#0,47374679#0,101754278#0,101754278#1,-101752975#2",4.854664860904765,f86b793911d22bc97073b433174d369d674dcf92324a0c5c2b7f0071243b261a,3558.9920104623675,38.94252631578946,10.085994803437314,20.016000000000005,0.4401074438670047,0.2479452793527631,0.3165871559879474,0.4354675646592895,1.2721796956988545,1.1239137340688603,2.2478274681377206,1.1239137340688603,0.2809784335172151,53.85954007542276,1.4048921675860755,0.5619568670344302,1.589972211833658,10.677180473654174,0.2195121951219512,0.4905930029319219,0.8375,0.5,3
-101609498#5,282689983#1,"101609498#5,120512823#0,120512823#1,372606529#0,372606529#1,372606529#2,372606529#3,372606529#4,372606529#5,372606529#6,372606529#7,372606529#8,1164659929,120512822,282479125#0,282479125#1,120511930,42762428#1,1164653913,463830226#0,463830226#1,-679068326#3,416375814,71324343#1,101415864#0,101415864#1,-679068326#1,-679068326#0,101749453,224715836,224715833,282689986,-352797377,-120511301,120509990,120509991,282689983#0,282689983#1",5.841077827819394,cc92789d3674280909b0715c20e459ff96b055bd9f22eeed90bcee0420f43437,3653.960287041129,35.78210526315789,9.199471041754505,20.016000000000005,0.1950569782954833,0.0335172744436487,0.0821578271956977,0.8843248983606536,0.4278468500811402,0.0,0.8210269856078027,0.2736756618692675,0.0,86.27262524898077,0.8210269856078027,0.0,3.503740783208483,10.399675151032168,0.8103448275862069,0.7866348866336988,0.8857142857142857,1.0,0
-101609498#5,282689983#1,"101609498#5,120512823#0,120512823#1,372606529#0,372606529#1,101594836#0,101594836#1,101594812#3,101594812#0,101594843,101594815#0,659283000#6,-71324343#11,-71324343#10,-71324343#8,-71324343#7,-71324343#6,-71324343#5,101416508#0,-101416509,-71324343#2,-71324343#1,-71324343#0,463830226#1,101411570,282689981#1,-120511301,120509990,120509991,282689983#0,282689983#1",2.9389642682126844,5183f972714db32fa72d72f95478e70c5bc26ac331ef17dfba223cd6d8bdf5a2,2111.175658712508,37.09045161290322,9.735251117592227,20.016000000000005,0.3690054825448399,0.0063671237366386,0.0,0.9936328762633616,0.038542855730063,0.0,0.9473394559786146,0.4736697279893073,0.4736697279893073,66.32423928687058,0.9473394559786146,0.0,2.024382225001665,14.683761567668526,0.0,0.726381345851024,0.9193548387096774,0.6666666666666666,1
-101609498#5,282689983#1,"101609498#5,120512823#0,120512823#1,-101607965,101607964#1,101607969#0,101607969#1,-100468681#3,-101600741#4,101601553#0,101601553#1,-100525438#0,100468681#7,100468681#8,282479126,133906980,133906979,282479125#0,282479125#1,120511930,42762428#1,42762428#4,71324344,463830226#0,463830226#1,101411570,282689981#1,-120511301,120509990,120509991,282689983#0,282689983#1",4.090396129654165,333f347b3170ea83a05791704bc94369bddc6d6861662b613956c77dcbddb7a2,2721.061681294693,38.1195,9.987802199392696,20.016000000000005,0.3038226285420304,0.0541411954029987,0.2059190764161942,0.739939728180807,0.706152428574846,0.0,1.837518066705852,0.7350072266823408,0.0,82.8592060826242,1.837518066705852,0.3675036133411704,2.609194965853975,11.760115626917452,0.7884615384615384,0.6612608946115842,0.8181818181818181,0.3333333333333333,2
-101609498#5,282689983#1,"-101609498#5,336863927#0,336863927#1,336863927#2,101608827,101609498#2,101608828,101607966#1,101607963,-659279347,101607969#0,101607969#1,100468681#4,100468681#5,100468681#6,100468681#7,100468681#8,120511932#0,120511932#1,120511932#2,-101604499,100475359,282689984#0,282689984#1,619185406,120511930,42762428#1,42762428#4,71324344,463830226#0,71324343#0,-416375814,679068326#3,101411570,282689981#1,-120511301,120509990,120509991,282689983#0,282689983#1",4.826146988673079,6bb8aa383496f9e3c399edee562f6e773d06adeccaf6e36b1271c61e781af818,3338.616167685718,39.4956,10.122818288021758,20.016000000000005,0.3881739548105243,0.0441265257193999,0.1139700631356796,0.8419034111449203,0.5301109396600034,0.0,1.4976264862054895,0.5990505944821959,0.0,86.3737801078617,1.4976264862054895,0.0,3.299278197897697,11.981011889643916,0.890625,0.7814634095788656,0.8939393939393939,0.9166666666666666,3
-101611601,-100468681#0,"101611601,-372606529#2,-372606529#1,-372606529#0,-120512823#1,-120512823#0,-101609498#5,336863927#0,336863927#1,336863927#2,336863927#3,101609498#0,101609498#1,101609498#2,101608828,-101607966#0,101607969#1,-100468681#3,-100468681#2,-100468681#1,-100468681#0",2.9100613031389657,78e41a067a49e3e3f58cbc6ced82c498ce4aaded99d4fbca7b3bd2f51bbb4e64,2197.276626137796,38.56628571428572,10.149964537587596,20.016000000000005,0.5129401030682794,0.0,0.3114538552012431,0.6885461447987566,0.6202589854234519,0.0,0.4551088324994943,0.0,0.0,93.17205785211114,0.4551088324994943,0.0,2.295607977215316,9.557285482489382,0.625,0.7482445095612413,0.8974358974358975,0.8333333333333334,0
-101611601,-100468681#0,"101611601,-372606529#2,-372606529#1,-372606529#0,-101607965,101607964#1,101607969#0,101607969#1,-100468681#3,-100468681#2,-100468681#1,-100468681#0",1.5898725652968169,94f5f53149520a991ff65702555c88a0c918dc77638e098d4328e0dd4d4876fd,1280.5006700921954,38.32800000000001,10.306811869297457,20.016000000000005,0.5651707106135722,0.0,0.5344396079893688,0.4655603920106312,0.690773128059068,0.0,0.7809445347092246,0.0,0.0,59.717588511318326,0.7809445347092246,0.0,1.3378049527883422,9.371334416510695,0.0,0.5943099498053058,0.8666666666666667,0.5,1
-101611601,-100468681#0,"-101611601,101611601,-372606529#2,-372606529#1,-372606529#0,-101607965,101607964#1,101607969#0,101607969#1,100468681#4,100468681#5,100468681#6,100525438#0,-101601553#1,-101601553#0,101600741#4,-100468681#2,-100468681#1,-100468681#0",2.390488045470168,cb64a8a438bdf02656cbbd512ea32a5c1ba3d3b37fab244e47599f7443aea744,1806.1669402518744,38.41578947368421,10.153261586411793,20.016000000000005,0.4706738194787896,0.0,0.4270995555212435,0.5729004444787564,0.6824802488504134,0.0,1.6609760333569403,0.5536586777856468,0.0,84.28810292404913,1.6609760333569403,0.0,1.824540672215016,10.51951487792729,0.4499999999999999,0.6362598084063812,0.8888888888888888,0.5833333333333334,2
-101611601,-100468681#0,"101611601,-372606529#2,101594836#0,101594809#0,336863934,101594812#2,101594812#3,101594812#0,101594843,101594815#0,-659283000#5,-659283000#3,-659283000#2,-659283000#1,-659283000#0,101611060,372606529#8,1164659929,120512822,-133906979,-133906980,-282479126,-100468681#8,-100468681#7,-100468681#6,-100468681#5,-100468681#4,-100468681#3,-100468681#2,-100468681#1,-100468681#0",3.109715506072839,37afb858845eaa2f9f9d736024dbdac66badfd88db5a467687038af7536b405e,2411.224096518765,40.96451612903225,10.125682290989808,20.016000000000005,0.5563343102226034,0.1266615174015054,0.4278035249021679,0.4455349576963266,0.9851628458233092,0.0,1.2441813286169825,0.4147271095389941,0.0,87.55871816102739,0.8294542190779883,0.0,2.51912991062562,12.85654039570882,0.8378378378378378,0.7983824583300866,0.8888888888888888,0.9166666666666666,3
-101611601,-1323419243,"-101611601,101611601,-372606529#2,101594836#0,101594809#0,336863934,101594812#2,101594812#3,101594812#0,101594843,101594815#0,-659283000#5,-659283000#3,-659283000#2,-659283000#1,-659283000#0,-282479127#2,-1197063689,-42762428#4,-42762428#3,-42762428#0,-697042776#1,42762429,1323419246,184568063,76867740,1323419243",3.3831780804474407,8ec9855c53cdd054ec4479cb8846757beb8c204ba04299314cc482c15fbc2b6a,2138.4168985265264,35.177333333333344,8.938666911449726,20.016000000000005,0.1796243277588859,0.5543030552142802,0.0,0.4456969447857197,0.6872378878316595,1.4029069832300458,1.4029069832300458,0.4676356610766819,0.4676356610766819,56.98404834116042,0.4676356610766819,0.0,1.6821173328923518,12.626162849070411,0.825,0.7158128908128908,0.9473684210526316,0.6666666666666666,0
-101611601,-1323419243,"101611601,372606529#3,372606529#4,372606529#5,372606529#6,372606529#7,372606529#8,1164659929,120512822,282479125#0,282479125#1,120511930,-42762428#0,-697042776#1,42762429,1323419246,184568063,1323419245,16648700,1323419243",2.8164911608992047,782c4816c06891c48085d0d86dfc68692d67b0c808165ab30ad68eb0bde99674,1680.505305215903,30.988800000000005,4.47571366376358,20.016000000000005,0.0234162887679242,0.513435033495118,0.1786376019825173,0.3079273645223647,1.0126617957938782,0.595059115193644,1.190118230387288,0.0,0.595059115193644,38.83723027026041,1.190118230387288,0.0,1.3228149295302365,11.90118230387288,0.0,0.5553412129615338,0.8823529411764706,0.25,1
-101611601,-1323419243,"101611601,372606529#3,372606529#4,372606529#5,372606529#6,372606529#7,372606529#8,1164659929,120512822,282479125#0,282479125#1,120511930,-42762428#0,-697042776#1,42762429,1323419246,184568063,76867740,1323419243",2.849684438210129,1c57b7a399915fa72709eaababd5eb5eb099d737d738fd89d86e80639616fc05,1686.8860728411837,31.041473684210526,4.591985329153165,20.016000000000005,0.0233277149752537,0.3713906828004291,0.1779618924335802,0.4506474247659908,1.034255582922207,1.7784247841629095,2.371233045550546,0.5928082613876365,0.5928082613876365,37.48104279401022,1.185616522775273,0.0,1.3278375704290106,11.263356966365096,0.1428571428571429,0.5563322567544353,0.9019607843137256,0.3333333333333333,2
-101611601,-1323419243,"101611601,372606529#3,372606529#4,372606529#5,372606529#6,372606529#7,372606529#8,1164659929,120512822,282479125#0,282479125#1,120511930,-42762428#0,-697042776#1,687927789#0,-71324342,71223791#0,71223791#1,101411570,282689981#1,-120511301,120509990,71324347#0,71324347#1,71324347#2,71324347#3,71324347#4,71324347#5,47374666,-42762427,16648700,1323419243",4.161985902580288,4a4457363ebfaadbd5eaa5bfb408245e964517b3a6fce62ee884b1cdc300c0f2,2458.7082406355576,31.559625000000004,9.87157349208714,29.988000000000007,0.21983823895993,0.1202854800285821,0.1220972187269635,0.5992681771450377,1.1101968553877928,0.4067176346801959,2.03358817340098,0.8134352693603919,0.4067176346801959,54.93494600996821,2.03358817340098,0.8134352693603919,1.935379768202447,13.01496430976627,0.5555555555555556,0.6404079679423859,0.9272727272727272,0.4166666666666667,3
-101746498#0,-101600741#2,"-101746498#0,47374680#6,47374680#7,47374680#8,-101411571#0,120509990,120509991,282689983#0,101418595,526439431#1,623959719,619185406,619184994,1164659927#1,1164659928,1164659929,120512822,-133906979,-133906980,-282479126,-100468681#8,-100468681#7,100525438#0,-101601553#1,-101601553#0,-101600741#3,-101600741#2",3.0654774076657296,e301d49d014bb51149379e5b75c1aae31ad81c449e22feafdde6239b6df11429,1964.5164139458416,35.91866666666667,9.313877685392995,20.016000000000005,0.1899014451119783,0.0324144316294677,0.1031611745450323,0.8644243938254998,0.4714199890214726,1.0180622497232727,2.036124499446545,1.0180622497232727,0.5090311248616364,51.939006216782,1.5270933745849091,1.0180622497232727,1.5580092704976336,13.743840371264184,0.5128205128205128,0.468525947736474,0.912280701754386,0.5,0
-101746498#0,-101600741#2,"-101746498#0,47374680#6,47374680#7,47374680#8,-101411571#0,120509990,120509991,282689983#0,101418595,526439431#1,623959719,619185406,619184994,1164659927#1,1164659926,120512822,-133906979,-133906980,-282479126,-100468681#8,-100468681#7,100525438#0,-101601553#1,-101601553#0,-101600741#3,-101600741#2",3.054132869850604,23d89189b647d97455ff00449302c61a390f7fe7dc3751e15a751a6f7c861a38,1946.0649353658523,36.14676923076923,9.421105346222143,20.016000000000005,0.1917019823824029,0.0327217667959488,0.1041392900065528,0.8631389431974986,0.4745013305018131,1.0277149357423718,2.055429871484744,1.0277149357423718,0.5138574678711859,49.941593794090096,1.5415724036135576,1.0277149357423718,1.5433758602202052,13.360294164650831,0.4594594594594594,0.4557434085202368,0.9107142857142856,0.3333333333333333,1
-101746498#0,-101600741#2,"-101746498#0,47374680#6,47374680#7,47374680#8,-101411571#0,120509990,120509991,282689983#0,101418595,526439431#1,697042776#0,697042776#2,42762428#1,42762428#4,1197063689,1164653914,1164659927#1,1164659926,120512822,-133906979,-133906980,-282479126,-100468681#8,-100468681#7,-100468681#6,-100468681#5,-100468681#4,-100468681#3,-101600741#4,-101600741#3,-101600741#2",2.5933586393520693,6a5e3e349c4f09a851dd10a239ebb39ca9391ecc47aee4efa79c21fe3a741ff9,1804.9009522757824,37.73612903225807,9.910675159449486,20.016000000000005,0.318597996186311,0.1573009386546875,0.2241868956414254,0.6185121657038871,0.9233210670104162,1.10809404664462,2.21618809328924,1.10809404664462,0.5540470233223099,48.500293028763046,1.66214106996693,1.10809404664462,1.4314222044739808,17.17545772299161,0.0,0.5005535909947674,0.9523809523809524,0.5833333333333334,2
-101746498#0,-101600741#2,"-101746498#0,-47374680#5,-47374680#4,47374665#0,47374666,659281081#0,659281081#1,100525445,-416373452,101418587,464265154,120511142#1,75421017,619185406,619184994,1164659927#1,1164659926,120512822,-133906979,-133906980,-282479126,-100468681#8,-100468681#7,100525438#0,-101601553#1,-101601553#0,-101600741#3,-101600741#2",4.389310390833358,e36045183fb8ee0b9411f4ba6e4424d8309fa388b937b02b264ade585145ba02,2288.0465472742203,33.20742857142858,9.836196477442751,39.99600000000001,0.1171487619119859,0.0697414539424202,0.0885741686143062,0.7352386885346534,0.8649962188501185,2.622324273580832,2.1852702279840264,1.311162136790416,0.0,62.59799311084014,1.748216182387221,0.8741080911936107,1.8145929994156889,12.23751327671055,0.7708333333333334,0.7132180683331668,0.9491525423728814,0.8333333333333334,3
-101746498#0,416428068,"101746498#0,-101746516#3,-101746516#2,-101746516#1,101746504,101746508#1,101746498#2,-101746514,101749449#1,-101415865#0,47374680#2,47374680#3,47374680#4,47374680#5,47374680#6,47374680#7,47374680#8,-101411571#0,120509990,120509991,282689983#0,282689983#1,71324342,416428068",3.08241181281728,fd9fed5506ba9b3d3140d834689339accff850bb1d91380e39d02a2508dbaae6,2245.79756312819,37.494,9.898619666617558,20.016000000000005,0.4524421937627029,0.0,0.0,1.0,-0.0,0.0,0.0,0.0,0.0,73.50154863019121,0.0,0.0,5.305295650748115,10.68662661053483,0.6,0.7887793169372117,0.9761904761904762,1.0,0
-101746498#0,416428068,"-101746498#0,47374680#6,47374680#7,47374680#8,-101411571#0,120509990,120509991,282689983#0,282689983#1,71324342,416428068",0.9177836433349438,3721540c8781789410b9323a5775452d47bf3eef78c9cc563e41b6dc725630b5,737.5463615156807,42.72545454545456,10.098571981856017,20.016000000000005,0.5384170843422488,0.0,0.0,1.0,-0.0,0.0,0.0,0.0,0.0,39.95467286057957,0.0,0.0,1.264719329683779,14.914316677523376,0.0,0.7264809271091105,0.967741935483871,0.6666666666666666,1
-101746498#0,416428068,"-101746498#0,-47374680#5,-47374680#4,47374665#0,47374666,659281081#0,659281081#1,526438862#0,526438862#1,526438862#2,1200809292,868087112,526439431#0,526439431#1,687927789#0,416428068",2.439222493903528,e51e450156b71a64e0a8c43ea6e2c7fc56f11c7fcc19551d67a69d9b54dbcb76,1145.4395018440744,30.618,9.286446381689824,39.99600000000001,0.1120441451375619,0.413200356056438,0.0,0.3741714862909822,1.06221490350618,1.7460546775103751,2.619082016265563,1.7460546775103751,0.8730273387551876,68.40919594520007,2.619082016265563,0.0,1.9641605661080332,13.968437420083,0.92,0.6702262961160526,0.9743589743589745,0.25,2
-101746498#0,416428068,"101746498#0,101746498#1,101746498#2,-101746514,101749449#1,-101415865#0,47374680#2,47374680#3,47374665#0,47374666,659281081#0,659281081#1,526438862#0,526438862#1,526438862#2,1200809292,868087112,526439431#0,526439431#1,687927789#0,416428068",3.995122319636557,bdf8fe1e5b69daf97ba32fedfd0b904948331522a854a67c97ecd4ed2eaf75b2,2205.282030553928,31.42114285714286,9.103378725977043,39.99600000000001,0.295533102185299,0.2146192656746933,0.0,0.6749401250947414,0.8389467541419245,0.9069134796775338,1.3603702195163003,0.9069134796775338,0.4534567398387669,72.5462447426982,1.3603702195163003,0.4534567398387669,5.209584940983794,9.522591536614105,0.967741935483871,0.6869078438295275,0.967741935483871,0.4166666666666667,3
-101746498#1,71223791#1,"-101746498#1,-101746498#0,47374680#6,47374680#7,47374680#8,-101411571#0,120511301,-282689981#1,-282689981#0,-679068326#3,-679068326#2,-101415864#1,-101415864#0,-71324343#1,-71324343#0,-416376586,71223791#1",2.5026285676257545,75c4dc2abce1d15ab82cb0dc3cae546ee0af6359310543dab5c2545e27854a50,1882.6441104878,37.052470588235295,9.859725136366931,20.016000000000005,0.3198604231680801,0.0,0.0,1.0,-0.0,0.0,0.0,0.0,0.0,73.44957930538517,0.0,0.0,2.948705072150545,9.0298532289224,0.6818181818181819,0.6626410310236435,0.9117647058823528,0.75,0
-101746498#1,71223791#1,"-101746498#1,-101746498#0,47374680#6,47374680#7,47374680#8,-101411571#0,120509990,120509991,282689983#0,282689983#1,71223791#0,71223791#1",0.9513293582371756,3150908d9e1fd3c8edfc7c78661c180ac0e54b2d4e1e0dad76e5d006f72caf81,869.2934521048123,38.328,10.30681186929746,20.016000000000005,0.2770250097523071,0.0,0.0,1.0,-0.0,0.0,0.0,0.0,0.0,40.80869796238678,0.0,0.0,1.3615372109519728,13.804314263433724,0.0,0.5700162788809554,0.9090909090909092,0.0833333333333333,1
-101746498#1,71223791#1,"-101746498#1,-101746498#0,47374680#6,47374680#7,47374680#8,-101411571#0,120509990,120509991,282689983#0,101418595,526439431#1,687927789#0,-71324342,71223791#0,71223791#1",1.3869745882514275,62063cf4100bc1566eb382260baa92347d81f56872139840805348282e87af0d,1162.6663950035045,37.99440000000001,10.149964537587596,20.016000000000005,0.2975481755851579,0.0547695222451344,0.0,0.9452304777548656,0.2123262410594932,1.720183888168516,1.720183888168516,0.8600919440842579,0.8600919440842579,58.87399509164824,1.720183888168516,0.0,1.8210347229554296,12.901379161263868,0.3125,0.6317816540886757,0.8857142857142857,0.6666666666666666,2
-101746498#1,71223791#1,"-101746498#1,-101746498#0,-47374680#5,-47374680#4,47374665#0,47374666,659281081#0,659281081#1,526438862#0,526438862#1,526438862#2,1200809292,868087112,526439431#0,526439431#1,623959719,619185406,120511930,42762428#1,42762428#4,71324344,463830226#0,-416376586,71223791#1",3.713036900875821,817f8d0ccf30818fe89ce5d758fb53cda371cae97863616482be0ff43e981b7d,2086.9027002255634,29.574,6.238617238096778,39.99600000000001,0.1062067537948758,0.2973869084201143,0.0412047952443446,0.5447029554716524,1.073667912902885,0.9583580488845164,2.875074146653549,1.4375370733267747,0.4791790244422582,77.91869746117605,2.875074146653549,0.4791790244422582,3.26862657841654,11.500296586614198,0.9090909090909092,0.8211478577788739,0.9117647058823528,0.9166666666666666,3
-101746498#2,-101604518,"101746498#2,-101746498#2,-101746498#1,-101746498#0,47374680#6,47374680#7,47374680#8,-101411571#0,120509990,120509991,282689983#0,101418595,526439431#1,623959719,619185406,619184994,1164659927#1,1164659928,1164659929,120512822,-133906979,-133906980,-282479126,-100468681#8,-100468681#7,100525438#0,100525438#1,-101604496#1,-101604502,-101604518",3.983200436402062,abc84528ff7f13c7ed3be5f10eae082931fc61f51904e66db064039e2e91876a,2513.7264455377067,37.3272,9.81049247735688,20.016000000000005,0.2191745456186353,0.0253323837595197,0.0806220665082341,0.8940455497322459,0.3962503196376973,0.7956315228931696,1.5912630457863393,0.7956315228931696,0.3978157614465848,64.61879015775922,1.1934472843397546,0.7956315228931696,2.4112153400412457,11.934472843397543,0.6888888888888889,0.5137157327452049,0.9272727272727272,0.1666666666666666,0
-101746498#2,-101604518,"-101746498#2,-101746498#1,-101746498#0,47374680#6,47374680#7,47374680#8,-101411571#0,120509990,120509991,282689983#0,282689983#1,71324342,416428068,-697042776#1,623959719,-282689984#1,-282689984#0,-134065887,100475363,282479151#1,100475362,-659278038#3,-659278038#2,-659278038#1,-659278038#0,-100525438#2,-101604496#1,-101604502,-101604518",2.6070258052825164,c8432b2f766ec48d8ab2691a14cfa602daad5aebad560da137f0834af4167474,1899.6170712067303,41.03131034482758,10.130501500431576,20.016000000000005,0.4191883267427467,0.0073026786863603,0.0,0.9926973213136396,0.0432015794179761,0.0,1.0528437706287306,0.5264218853143653,0.5264218853143653,59.81806887899205,1.0528437706287306,0.0,1.4956963705640527,15.266234674116593,0.0,0.592216653892129,0.8771929824561404,0.6666666666666666,1
-101746498#2,-101604518,"-101746498#2,-101746498#1,-101746498#0,47374680#6,47374680#7,47374680#8,-101411571#0,120509990,120509991,282689983#0,101418595,526439431#1,623959719,619185406,619184994,1164659927#1,1164659926,120512822,-133906979,-133906980,-282479126,-100468681#8,-100468681#7,100525438#0,100525438#1,-101604496#1,-101604502,-101604518",3.538062381179973,1e63ed159d8a5b7c0298fcbf0dfd5763f1c32b73664b1ffdf92e6e54ab80d7db,2263.968196636774,37.85142857142857,9.95490678725106,20.016000000000005,0.2433536179212797,0.0281270218722207,0.0895161959327481,0.8823567821950311,0.4269096244258732,0.8834046357060535,1.766809271412107,0.8834046357060535,0.4417023178530267,57.999455207631584,1.3251069535590805,0.8834046357060535,1.782574533630075,12.36766489988475,0.6744186046511628,0.5011724971355505,0.9444444444444444,0.0833333333333333,2
-101746498#2,-101604518,"-101746498#2,-101746498#1,-101746498#0,47374680#6,47374680#7,47374680#8,-101411571#0,120509990,120509991,282689983#0,101418595,526439431#1,42762429,-120511142#2,75421017,619185406,619184994,1164659927#1,1164659926,120512822,-133906979,-133906980,-282479126,-100468681#8,-100468681#7,100525438#0,100525438#1,-101604496#1,-101604502,-101604518",3.94754617469738,5a940b8d1acbf1dbb703fe5dffad437c5375be3db947b2a64cea91cad2177aa5,2498.59642998511,37.3272,9.81049247735688,20.016000000000005,0.2205017364543171,0.093706964468612,0.0811102658450751,0.8251827696863131,0.5841627623379376,0.8004493947075394,1.6008987894150788,0.8004493947075394,0.4002246973537697,60.33822885379055,1.200674092061309,0.4002246973537697,1.9673131329879083,12.00674092061309,0.7173913043478262,0.5315253903948756,0.9464285714285714,0.4166666666666667,3
-101746498#2,-101746516#0,"101746498#2,-101746514,101749449#1,-101415865#0,47374680#2,47374680#3,47374680#4,47374680#5,101746498#0,101746498#1,-101746508#1,-101746504,-101746516#0",2.439602493265125,5f429bcdcfc7d32acd5e306673ab48ac08b6e88d2882360752d09aaad6d5e8e6,1770.3193688266745,33.06738461538462,7.516684702917701,20.016000000000005,0.3496465245614938,0.0,0.0,1.0,-0.0,0.0,0.0,0.0,0.0,74.15394140281916,0.0,0.0,7.077192198708407,7.343307783282115,0.7857142857142857,0.634339319091641,0.9444444444444444,0.5,0
-101746498#2,-101746516#0,"-101746498#2,-101746508#1,-101746504,-101746516#0",0.6013897423620276,d5eda93f253717e1df3a778f4bd0515fd9bc560824f727c9c4a2ea3027977486,508.9872022702148,34.992000000000004,10.008000000000004,20.016000000000005,0.187808189195319,0.0,0.0,1.0,-0.0,0.0,0.0,0.0,0.0,41.21081193469801,0.0,0.0,1.360709865382336,7.85874376046974,0.0,0.7970386936296027,0.9444444444444444,1.0,1
-101746498#2,-101746516#0,"-101746498#2,101746498#2,-101746514,101749449#1,101415865#1,101415865#2,-173532317#1,-101765339#6,-101765339#5,-101765339#4,-101765339#3,101786554#0,101786554#1,101786554#2,101786554#3,101786554#4,101786553#1,101786553#2,173532317#3,-283490977#1,47374680#0,47374680#1,47374680#2,47374680#3,47374680#4,47374680#5,101746498#0,-101746516#3,-101746516#2,-101746516#1,-101746516#0",4.551953394748828,26d1fc0450a16a5b00ba943edcef3fa3ccd1daabb00026a79552b8398d824064,3113.13539612161,32.57070967741937,6.820994444573553,20.016000000000005,0.2484378894776306,0.0396211662733315,0.040692313792413,0.9196865199342552,0.3351962511442493,0.0,1.6060978286485943,0.6424391314594379,0.0,101.77850137876491,1.2848782629188755,0.0,8.322555119027815,9.957806537621286,0.9393939393939394,0.7107544601862784,0.9393939393939394,0.6666666666666666,3
-101746498#2,120509990,"101746498#2,-101746514,101749449#1,-101415865#0,47374680#2,47374680#3,47374680#4,47374680#5,47374680#6,47374680#7,47374680#8,-101411571#0,120509990",2.1166640162184387,e6845fd567af84a4b462c99a1a591d799b993f29f287a9037c5ac9e51af1497b,1571.4434093676632,34.607076923076924,8.77759665722475,20.016000000000005,0.4297223909379188,0.0,0.0,1.0,-0.0,0.0,0.0,0.0,0.0,59.03121769804745,0.0,0.0,3.3831296595254683,8.272649159686317,0.6875,0.6543799943467875,0.975,0.25,0
-101746498#2,120509990,"-101746498#2,-101746498#1,-101746498#0,47374680#6,47374680#7,47374680#8,-101411571#0,120509990",1.1433772357034966,eb97567776f31b9fb82278cbdaa3675eeb5b190d3734e07358865a779badffde,801.7494082560344,34.992000000000004,9.265607558523698,20.016000000000005,0.1894486826442634,0.0,0.0,1.0,-0.0,0.0,0.0,0.0,0.0,39.665491092815,0.0,0.0,1.1748136300261554,9.978180111665568,0.0,0.6727669426533063,0.96875,0.4166666666666667,1
-101746498#2,120509990,"101746498#2,-101746498#2,-101746498#1,-101746498#0,-47374680#5,-47374680#4,47374665#0,47374666,659281081#0,659281081#1,100525445,-416373452,101418587,464265154,120511142#1,75421017,619185406,120511930,42762428#1,42762428#4,71324344,463830226#0,-416376586,71223791#1,101411570,282689981#1,-120511301,120509990",5.710524952972109,16c3e61ee98d0efcc0a9f7195ef6c1cdfb2812c85dc28572c97f7a05f0961ccf,3213.647578688739,33.20742857142857,9.836196477442751,39.99600000000001,0.2123230392498915,0.0954968513413186,0.0267578806798569,0.8019582736006262,0.6936867412600025,1.8670373315944533,1.8670373315944533,0.9335186657972268,0.0,110.9143081955308,1.8670373315944533,0.3111728885990756,6.918598769712594,8.712840880774117,0.875,0.8069372455803848,0.9555555555555556,0.75,3
-101746516#0,-101605951#5,"101746516#0,101746516#1,101746516#2,101746516#3,101746498#1,101746498#2,-101746514,101749449#1,-101415865#0,-47374680#1,-47374680#0,-283490977#0,-162276533#2,100488715#0,100488715#1,100488715#2,100488715#3,100488715#4,120829754,101605951#5",5.020435930275379,96018287d303d6e5944d822ac5d6ab0c259ef2d2d12ea710f5e956086c9b1366,2938.627279057481,32.99220000000001,9.790589120492996,39.99600000000001,0.3719527561522425,0.045121558502214,0.1196747479749322,0.774360971674341,0.7622155604218585,0.0,1.7014747108737356,1.0208848265242414,0.0,79.2507031170629,1.7014747108737356,0.6805898843494943,3.098164133536135,6.805898843494942,0.8717948717948718,0.5406376594369136,0.8717948717948718,0.3333333333333333,0
-101746516#0,-101605951#5,"101746516#0,101746516#1,101746516#2,101746516#3,-101746498#0,-47374680#5,-47374680#4,47374665#0,47374666,659281081#0,659281081#1,100525445,-416373452,-101418584#4,-101418584#3,-101418584#2,-101418592,-100488715#3,101605951#0,101605951#1,101605951#2,101605951#3,101605951#4,101605951#5",3.432971267711108,1ecb281518dea4fa3686cd4309f772047d55373ac4ff53a03f3a3bfbdf2a20ea,1918.7923127633703,35.412,11.416404307151526,39.99600000000001,0.2990040831190466,0.0831625662837004,0.0,0.7899072342572246,0.6551122463840966,1.042322291316499,1.563483436974748,1.042322291316499,0.0,64.57268050531572,1.563483436974748,0.5211611456582493,2.022962750490428,12.507867495797983,0.0,0.8236431077366348,0.9534883720930232,1.0,1
-101746516#0,-101605951#5,"101746516#0,101746516#1,101746516#2,101746516#3,101746498#1,101746498#2,-101746514,101749449#1,-101749458#1,-101749458#0,-47374680#0,-283490977#0,-162276533#2,100488715#0,100488715#1,100488715#2,100488715#3,100488715#4,120829754,101605951#5",4.2435017440739005,73f5baf3d5afae7ff7901878cd528061db0790da1ee1f53d1a26067bcf25e073,2576.210711539185,34.99380000000001,11.006890815828918,39.99600000000001,0.4812404698314005,0.0514691760632319,0.1365103706145799,0.7426184896725133,0.8306743214689469,0.0,1.9408350324778731,1.164501019486724,0.0,71.79733882574178,1.9408350324778731,0.7763340129911493,2.7160721210899057,7.763340129911493,0.8717948717948718,0.5466147038848154,0.8717948717948718,0.4166666666666667,2
-101746516#0,-101605951#5,"-101746516#0,101746516#0,101746504,101746508#1,101746498#2,-101746514,101749449#1,101415865#1,101415865#2,173532317#2,173532317#3,-283490977#1,-283490977#0,-162276533#2,100488715#0,100488715#1,100488715#2,100488715#3,100488715#4,120829754,101605951#5",5.185836114827242,38e70ddfb6930c6de3a75b95de269b53c95419424f9483c85bbab16b56320d17,3231.178928301977,36.6617142857143,11.552087989376025,39.99600000000001,0.5165070955175226,0.0792099427263295,0.2193124560415024,0.6461435927716385,0.9759520305243607,0.0,1.8569073805990284,0.9284536902995142,0.0,90.1091438689302,1.8569073805990284,0.6189691268663429,3.5625878311648145,6.4991758320966,0.9534883720930232,0.6124452335550147,0.9534883720930232,0.5,3
-101746516#2,-372606529#4,"101746516#2,101746516#3,-101746498#0,47374680#6,47374680#7,47374680#8,-101411571#0,120511301,-282689981#1,-282689981#0,-679068326#3,416375814,71324343#1,71324343#2,71324343#3,-463830227,416376585#0,416376585#1,-1164659923,-659283000#0,101611060,-372606529#7,-372606529#6,-372606529#5,-372606529#4",2.7055033820583665,477cf9c3ce58aa4088b480e05c468d98e826ce0d5976e9e2eea94d70a243bd93,1835.225655269321,34.79184,8.724772125391015,20.016000000000005,0.2307575261873453,0.0191809728676657,0.0,0.9808190271323342,0.0948342608473135,0.0,1.0897842422034465,0.5448921211017231,0.0,59.454454832765705,1.0897842422034465,0.0,1.7627374432819942,13.622303027543078,0.6666666666666667,0.6858277939673288,0.8372093023255813,0.8333333333333334,0
-101746516#2,-372606529#4,"101746516#2,101746516#3,-101746498#0,47374680#6,47374680#7,47374680#8,-101411571#0,120509990,120509991,282689983#0,101418595,526439431#1,623959719,619185406,619184994,1164659927#1,1164659928,-372606529#8,-372606529#7,-372606529#6,-372606529#5,-372606529#4",2.168484053088478,fa2c34c412737e90f8be4642901968040c914bfac65eddc7f0b6e25db28ebc03,1427.8841257207162,33.62727272727275,7.901736675788842,20.016000000000005,0.1437418171654947,0.0445965340168434,0.0,0.9554034659831568,0.1822866291296211,1.4006738810059336,1.4006738810059336,0.7003369405029668,0.7003369405029668,44.71784872851429,1.4006738810059336,0.7003369405029668,1.3714851935777408,15.40741269106527,0.5483870967741935,0.5710435918534051,0.8,0.4166666666666667,1
-101746516#2,-372606529#4,"101746516#2,101746516#3,-101746498#0,47374680#6,47374680#7,47374680#8,-101411571#0,120509990,120509991,282689983#0,282689983#1,71324342,416428068,697042776#2,42762428#1,42762428#4,1197063689,282479127#0,101611060,-372606529#7,-372606529#6,-372606529#5,-372606529#4",2.0180382880293943,7e0f785d3f1b74e6910dbbc1257f81868d232cd5b7dcf811346b76e77e7c4955,1407.916521221756,36.079826086956544,9.416966929441651,20.016000000000005,0.2820533430418918,0.2178368091735023,0.0,0.7821631908264978,0.5241564166835819,0.0,1.420538767642593,0.7102693838212965,0.0,45.16927914677119,1.420538767642593,0.7102693838212965,1.3523062746246937,16.336195827889817,0.0,0.5500356116406471,0.8292682926829268,0.25,2
-101746516#2,-372606529#4,"101746516#2,101746516#3,-101746498#0,-47374680#5,-47374680#4,47374665#0,47374666,659281081#0,659281081#1,100525445,-416373452,101418587,464265154,120511142#1,75421017,619185406,619184994,1164659927#1,1164659928,-372606529#8,-372606529#7,-372606529#6,-372606529#5,-372606529#4",3.503661574071233,a9bb4d4317491c7e6ae5f818713ca30956cb9ecd813fa9d755c44c9d6a0b8675,1769.865737629084,30.408,7.505615567258842,39.99600000000001,0.0566280091521359,0.0901603378732,0.0,0.7722288333495515,0.6894691475908005,3.3900876616989115,1.6950438308494558,1.1300292205663038,0.0,64.15156621402582,1.6950438308494558,0.5650146102831519,1.6999591283737028,13.560350646795646,0.825,0.6791335238629111,0.851063829787234,0.5833333333333334,3
-101749449#0,-1323419243,"101749449#0,101746514,-101746498#2,-101746498#1,-101746498#0,-47374680#5,-47374680#4,-47374680#3,-47374680#2,-47374680#1,-47374680#0,-283490977#0,-1323419243",2.5307531363877445,d1c0f1039863e9dc3c99740f28e3ff38496dc1dc48e6c4a54cecc82dd6710888,1706.3826109246663,33.06738461538462,7.516684702917701,20.016000000000005,0.3844328278901679,0.0828080058681947,0.0,0.9171919941318052,0.285574493007005,0.5860350390338971,0.5860350390338971,0.0,0.0,70.76653122633292,0.5860350390338971,0.0,5.017303289828253,7.618455507440662,0.75,0.7613475257846517,0.9583333333333334,0.8333333333333334,0
-101749449#0,-1323419243,"101749449#0,101749449#1,-101415865#0,-47374680#1,-47374680#0,-283490977#0,-1323419243",1.272335644120859,30d27c42b9f634a45fea740d286f29b336ea4c7530d01897687b0fbbcaac85de,793.6404384020219,32.84742857142857,7.565336891752694,20.016000000000005,0.1670724376837102,0.1780430210226486,0.0,0.8219569789773513,0.4684130162777393,1.2600164402074554,1.2600164402074554,0.0,0.0,57.97198102233469,1.2600164402074554,0.0,2.333553305713449,8.820115081452188,0.4444444444444444,0.6585853860621662,0.9444444444444444,0.1666666666666666,1
-101749449#0,-1323419243,"101749449#0,101749449#1,-101749458#1,-101749458#0,-47374680#0,-283490977#0,-1323419243",0.4954014579193808,de1e133813a41121b80417f56519f2b340494faf7b28c9f08221b98ba099a977,431.2238708837269,38.56628571428571,10.699002036238175,20.016000000000005,0.6477883044181559,0.3276769928558414,0.0,0.6723230071441585,0.6325212987138686,2.318981085046739,2.318981085046739,0.0,0.0,37.95158245134613,2.318981085046739,0.0,1.2679342441640218,16.232867595327175,0.0,0.6725330225330226,0.9444444444444444,0.3333333333333333,2
-101749449#0,-1323419243,"-101749449#0,101749449#0,101749449#1,101415865#1,101415865#2,173532317#2,173532317#3,-283490977#1,-283490977#0,-1323419243",1.4905721107737548,7331f0e824e73a7f3447882fac348735b80d7acf184f2b97accafb2248e96fda,1102.1512312783334,37.9944,10.336217954358355,20.016000000000005,0.5560941077028425,0.2401196758751614,0.3238741631200396,0.4360061610047988,1.0696230519319283,0.9073165021465766,1.814633004293153,0.0,0.0,83.40896282746517,1.814633004293153,0.0,3.521677758948755,9.073165021465766,0.6923076923076923,0.7286352536352537,0.9523809523809524,0.5,3
-101749451,-619184994,"-101749451,101749451,47374680#8,-101411571#0,120511301,-282689981#1,-282689981#0,-679068326#3,416375814,71324343#1,71324343#2,71324343#3,-463830227,416376585#0,416376585#1,-1164659923,-659283000#0,-282479127#2,1164653914,-619184994",2.481973970293661,35241be64725de938158f066a6710714fa96e491a725793d18358d237d696ff8,1772.2655424740035,35.99280000000001,9.410769517168257,20.016000000000005,0.2389552367047221,0.0764760217520283,0.0,0.766187352143936,0.691633713142992,0.0,1.6927485910560187,0.5642495303520062,0.0,75.1135426474587,1.6927485910560187,0.0,3.715758492540817,11.284990607040124,0.9,0.8263816156961319,0.90625,0.9166666666666666,0
-101749451,-619184994,"101749451,47374680#8,-101411571#0,120509990,120509991,282689983#0,282689983#1,71324342,416428068,-697042776#1,623959719,619185406,619184994",1.0417477718229118,89468f10d2ce2ca0c020853845dc16eedd965f8c980e526237b828650c5095f5,939.2212547887714,40.76584615384616,10.385792425602023,20.016000000000005,0.4228051265980085,0.0147699948520303,0.0,0.8367866646722427,0.4945250076471792,0.0,3.19413555081299,1.064711850270997,1.064711850270997,53.2944174450984,3.19413555081299,0.0,1.3918458737869697,13.841254053522958,0.0,0.5684925041055501,0.9117647058823528,0.5,1
-101749451,-619184994,"-101749451,101749451,47374680#8,-101411571#0,120509990,120509991,282689983#0,101418595,526439431#1,623959719,619185406,619184994",1.4303287909836362,8316a7dd51ee5d50b58e905f8ae879603cdb6a1b5840bf7322d76de980356ca2,1061.1489048938045,36.66,9.8551971337693,20.016000000000005,0.1934192816731971,0.0600091869210262,0.0,0.6772168708665904,0.7839630317838923,1.8847496244649584,2.8271244366974377,0.9423748122324792,0.9423748122324792,54.6531199276868,2.8271244366974377,0.9423748122324792,1.92675346852702,11.308497746789753,0.4375,0.5042070568984444,0.9090909090909092,0.0833333333333333,2
-101749451,-619184994,"-101749451,101749451,47374680#8,-101411571#0,120509990,120509991,282689983#0,101418595,526439431#1,697042776#0,697042776#2,42762428#1,42762428#4,1197063689,1164653914,-619184994",1.5737861739368173,e0ac3b518b030b6625c2e48d3c2f4216482bc8f0485129459345734e4838ecb0,1154.5386948674236,34.992000000000004,8.95142732752716,20.016000000000005,0.1777737375501546,0.2459100030461272,0.0,0.5125716465920271,1.0306708592231877,1.7322936068675128,2.598440410301269,0.8661468034337564,0.8661468034337564,56.58788944523044,2.598440410301269,0.8661468034337564,2.420623127633566,13.858348854940102,0.7391304347826086,0.5847624578574234,0.8571428571428572,0.5833333333333334,3
-101749462,100475365#1,"101749462,282689981#1,-120511301,120509990,120509991,282689983#0,282689983#1,71324342,416428068,697042776#2,42762428#1,42762428#4,1197063689,282479127#0,101611060,372606529#8,1164659929,120512822,-133906979,-133906980,-282479126,-100468681#8,-100468681#7,100525438#0,100525438#1,100525438#2,659278038#0,659278038#1,659278038#2,659278038#3,100475365#0,100475365#1",3.779797260876992,cb6ec8bf42cea5fdb275bb71ff669cae4fbfd8e0cb42e4e549c7550696b90e1f,2444.395267820829,38.1195,9.987802199392696,20.016000000000005,0.28273369355715,0.1254690870184115,0.0829087763929114,0.7916221365886769,0.6518589255015471,0.0,1.6363965569144583,0.8181982784572293,0.0,108.53248570182858,1.227297417685844,0.8181982784572293,3.6008932782605134,13.091172455315668,0.3421052631578947,0.375123463281358,0.7037037037037037,0.6666666666666666,0
-101749462,100475365#1,"-101749462,101749462,282689981#1,-120511301,120509990,120509991,282689983#0,101418595,526439431#1,697042776#0,697042776#2,42762428#1,42762428#4,1197063689,1164653914,1164659927#1,1164659926,120512822,-133906979,-133906980,-282479126,-100468681#8,-100468681#7,100525438#0,100525438#1,100525438#2,659278038#0,659278038#1,659278038#2,659278038#3,100475365#0,100475365#1",3.731483522134556,d18510c4e1cf0d7ed083619d1f5260150aee8b22a5f2a21bb6cfdfd375c2d095,2355.766600429297,36.243,9.42611636239546,20.016000000000005,0.2119276162129027,0.1205181421283339,0.0860279709537933,0.7934538869178728,0.6496180738422895,0.8489805397680463,1.6979610795360929,0.8489805397680463,0.4244902698840231,96.20818479765984,1.2734708096520695,0.8489805397680463,3.652537105906087,13.58368863628874,0.03125,0.2913520823375783,0.6274509803921569,0.1666666666666666,1
-101749462,100475365#1,"101749462,282689981#1,-120511301,120509990,120509991,282689983#0,101418595,526439431#1,697042776#0,697042776#2,42762428#1,42762428#4,1197063689,1164653914,1164659927#1,1164659926,120512822,-133906979,-133906980,-282479126,-100468681#8,-100468681#7,100525438#0,100525438#1,100525438#2,659278038#0,659278038#1,659278038#2,659278038#3,100475365#0,100475365#1",3.469198608168969,b8d4386a980c9390b26f9b18fb6244fa0b67cf7de70ced0882852a3237dc4ab4,2220.030055187651,36.44477419354839,9.511422321642817,20.016000000000005,0.2248852437003402,0.1278868334724963,0.0912878725232022,0.7808252940043016,0.6747116509682201,0.900888704333756,1.801777408667512,0.900888704333756,0.450444352166878,97.2131229372606,1.351333056500634,0.900888704333756,3.2703758710792457,13.963774917173218,0.0,0.2829082593637195,0.62,0.0833333333333333,2
-101749462,100475365#1,"-101749462,101749462,282689981#1,-120511301,120509990,120509991,282689983#0,101418595,526439431#1,687927789#0,416428068,697042776#2,42762428#1,42762428#4,1197063689,282479127#0,101611060,372606529#8,1164659929,120512822,-133906979,-133906980,-282479126,-100468681#8,-100468681#7,100525438#0,100525438#1,100525438#2,659278038#0,659278038#1,659278038#2,659278038#3,100475365#0,100475365#1",4.294442067683804,ddaf98654955aedb7d37fe5ca4c31f8cd4880fb3055b60b8e35c9b671012c043,2704.8504055499197,37.05247058823529,9.709186141454484,20.016000000000005,0.232024583868354,0.1369298371512413,0.0749253342291383,0.7881448286196202,0.6540433546174764,0.7394124258762409,2.218237277628723,1.1091186388143617,0.3697062129381204,112.346023100743,1.8485310646906024,0.7394124258762409,4.193779838119714,12.570011239896097,0.2894736842105263,0.3381782766727687,0.7142857142857143,0.5,3
-101749465,-1323419247,"101749465,-224715833,-224715836,-101749453,679068326#0,679068326#1,679068326#2,679068326#3,101411570,282689981#1,-120511301,120509990,120509991,282689983#0,101418595,526439431#1,42762429,1323419247",2.960203159737617,8c512eec6a0592a0f969aea20caf3321f398c16191da118cc90cdad1f81db3ec,1910.7396035668537,36.66,9.709186141454484,20.016000000000005,0.2228055140713543,0.1225367844205169,0.0,0.8774632155794831,0.3719490704754321,1.0467151025008956,1.0467151025008956,0.5233575512504478,0.5233575512504478,88.94854909599071,1.0467151025008956,0.5233575512504478,2.5425003205429184,9.42043592250806,0.7083333333333333,0.8216013093764292,0.9333333333333332,0.9166666666666666,0
-101749465,-1323419247,"101749465,282689986,-352797377,-120511301,120509990,120509991,282689983#0,282689983#1,71324342,416428068,-697042776#1,42762429,1323419247",2.532924357648027,07b21df286569630ca18577f013bbb50cafec25426ebee72b1cc256d209adcab,1621.087939435702,39.22615384615385,10.385792425602023,20.016000000000005,0.236906614260053,0.1137072780046178,0.0,0.8862927219953821,0.3541967812726281,1.2337393619103705,1.2337393619103705,0.6168696809551852,0.6168696809551852,91.14763607258516,1.2337393619103705,0.6168696809551852,2.157079173922781,8.019305852417407,0.0,0.6799605760944382,0.868421052631579,0.3333333333333333,1
-101749465,-1323419247,"101749465,282689986,-352797377,-120511301,120509990,120509991,282689983#0,101418595,526439431#1,42762429,1323419247",2.6586402307503274,2aafea1cdb02eab8ee3f0ce7fb0feec6024a7720c92069e0aa4664f5a1d5ba93,1603.5944490340855,35.44690909090909,9.349460919802228,20.016000000000005,0.1198467309883944,0.146006920282772,0.0,0.8539930797172278,0.4157196959907472,1.2471981311763,1.2471981311763,0.62359906558815,0.62359906558815,87.30412285841919,1.2471981311763,0.62359906558815,2.1338016928518404,6.859589721469651,0.4,0.6704016014752692,0.8611111111111112,0.1666666666666666,2
-101749465,-1323419247,"101749465,282689986,-352797377,-282689981#1,-282689981#0,-679068326#3,-679068326#2,-101415864#1,101416507,101416508#2,-679068326#0,-1006827381,101417074,-71324343#7,-71324343#6,-71324343#5,-71324343#4,-463830227,416376585#0,416376585#1,-1164659923,-659283000#0,-282479127#2,1164653914,-619184994,120511930,-42762428#0,-697042776#1,42762429,1323419247",4.1082127883550825,49777ac03ce35628c3eaa2f3624fde086e5fa4199fcdd507c13f68e429f900aa,2720.8779226800075,35.32560000000001,9.002725325297813,20.016000000000005,0.2522322892379204,0.1371371378757413,0.0316039164200963,0.8312589457041623,0.5352636225569842,0.7350568665094839,1.8376421662737097,0.7350568665094839,0.3675284332547419,101.5205190698324,1.8376421662737097,0.3675284332547419,3.62050013390536,11.02585299764226,0.8378378378378378,0.8274623684204395,0.9333333333333332,1.0,3
-101752970#1,-1323419243,"101752970#1,101752970#2,-120511144#0,-173532317#3,-173532317#2,-101415865#2,-101415865#1,-101415865#0,-47374680#1,-47374680#0,-283490977#0,-1323419243",2.503575080140048,5c3424ae49bdd33cc8eff6247f8d3e4f896f5a0ee0c2254decbc898208cfc1bd,1715.9641243232943,36.66,9.8551971337693,20.016000000000005,0.4056759433692462,0.2027278722790731,0.2080220108347318,0.5892501168861949,0.9618063206154256,0.5827627663220284,2.3310510652881136,1.1655255326440568,0.0,81.60734679929112,2.3310510652881136,0.5827627663220284,3.149918034586438,6.99315319586434,0.6153846153846154,0.7263229436351964,0.9047619047619048,0.6666666666666666,0
-101752970#1,-1323419243,"101752970#1,101752970#2,-120511144#0,-283490977#1,-283490977#0,-1323419243",0.8307929795388278,79f5edf439c4234701927b04974de3c7851b2a18e015394b674581a4aa47a69e,669.9076859068144,39.996,10.963214711023408,20.016000000000005,0.6904132049115022,0.7034100681417773,0.0,0.2965899318582228,0.6079472111568465,1.4927429868883486,1.4927429868883486,0.0,0.0,35.91153710680202,1.4927429868883486,0.0,1.2297193580186885,8.956457921330092,0.0,0.6585636960531417,0.8666666666666667,0.1666666666666666,1
-101752970#1,-1323419243,"101752970#1,101752970#2,-120511144#0,-173532317#3,-173532317#2,-101415865#2,-101415865#1,-101749458#1,-101749458#0,-47374680#0,-283490977#0,-1323419243",1.726640893938569,ef90ffc4d0bc4f30513300bfdc8ec9448ba687f67faaea5fd583a403d4ed28b9,1353.547556804999,39.996,10.453015084827744,20.016000000000005,0.6227130315010229,0.2570088905131846,0.2637205511305261,0.4792705583562895,1.053186404639901,0.7387993092466323,2.955197236986529,1.4775986184932646,0.0,72.70769121071356,2.955197236986529,0.7387993092466323,2.484646269357089,8.865591710959587,0.6153846153846154,0.7249265381083562,0.9047619047619048,0.5833333333333334,2
-101752970#1,-1323419243,"101752970#1,101752970#2,-120511144#0,-283490977#1,47374680#0,101749458#0,101749458#1,-101415865#0,47374680#2,47374680#3,47374665#0,47374666,-42762427,16648700,1323419243",2.955608947693108,3cc014bc57b397f0e0f27f6002a9703bcca499ae92a754a53306414c262e5f71,1531.0163820276812,33.3288,11.75277486505087,39.99600000000001,0.3113382801028501,0.3648061434986931,0.0,0.4761147677086498,1.0136332422326066,0.6531608751799233,2.612643500719693,1.3063217503598463,0.0,93.69684970594942,2.612643500719693,0.6531608751799233,2.8512186400278896,9.79741312769885,0.7647058823529411,0.673451244115424,0.96,0.3333333333333333,3
-101752975#1,101606547#1,"-101752975#1,-336860320,-416382004,101765339#6,173532317#1,-101415865#2,-101415865#1,-101415865#0,-47374680#1,-47374680#0,-283490977#0,-162276533#2,100488715#0,100488715#1,100488715#2,101605951#0,101605951#1,-101606546,101606547#1",3.379452789034981,bfadf36a25e8c58082316f1e6ba24c02d86bceb8f7ad1522fc9e24357af138da,2408.393880363847,40.52273684210527,10.267991347668223,20.016000000000005,0.4966264294530392,0.0550555470885694,0.1568133766333825,0.788131076278048,0.7550156783760961,0.0,2.491286848434257,1.6608578989561715,0.0,59.97449804201656,2.491286848434257,0.4152144747390429,2.078873251027748,7.8890750200418145,0.3636363636363636,0.5825156686485822,0.7954545454545454,0.25,0
-101752975#1,101606547#1,"-101752975#1,-336860320,-416382004,101765339#6,173532317#1,173532317#2,173532317#3,-283490977#1,-283490977#0,-162276533#2,100488715#0,100488715#1,100488715#2,101605951#0,101605951#1,-101606546,101606547#1",2.4855043817382967,a8c63f63e959178930a1ab0b0af415bdf07f43aae7d6187de724b9e27184346b,2076.2540572713506,45.29435294117647,8.751742119009627,20.016000000000005,0.8074042819922964,0.1232707996176948,0.35382311800054,0.522906082381765,1.0828224075217363,0.0,2.408183132738143,1.4449098796428856,0.0,56.31268661082984,2.408183132738143,0.4816366265476285,1.7921773748018184,8.187822651309686,0.0,0.4885838850572392,0.725,0.0833333333333333,1
-101752975#1,101606547#1,"-101752975#1,-336860320,-416382004,101765339#6,173532317#1,173532317#2,173532317#3,120511144#0,120511144#1,120511144#2,120511144#3,120511144#4,71223798,282689985#0,282689985#1,162276533#0,162276533#1,100488715#0,100488715#1,100488715#2,100488715#3,100488715#4,120829754,-101605951#4,-101605951#3,-101605951#2,-101606546,101606547#1",4.457517746443171,6a37ad526d594ff86e35d18305ed01850d745ea4d0f34d44ba9ca8a55eef1a5d,2985.0480275738105,42.85671428571427,11.179443201059447,39.99600000000001,0.6840306697591922,0.1997151329668967,0.1701130600799707,0.5702752557068645,1.2041020517579617,0.0,2.680023881057032,1.3400119405285158,0.0,86.0256799337194,2.680023881057032,0.6700059702642579,2.5766285773068125,9.38008358369961,0.6363636363636364,0.6609716853930718,0.8703703703703703,0.75,3
-101754276#1,-101746498#2,"-101754276#1,-416382004,101765339#6,173532317#1,-101415865#2,-101415865#1,-101749458#1,-101749458#0,47374680#1,47374680#2,47374680#3,47374680#4,47374680#5,101746498#0,101746498#1,101746498#2",2.2380325636374057,a30fa9c36a4c9cb96670bc41b02a5ec1a68722371a7eabd5c8b8ca44cf5159f3,1780.0905457213582,36.243,9.581930494425434,20.016000000000005,0.3144454358465712,0.0,0.0145997616200096,0.9854002383799904,0.0762022061799286,0.0,1.1235383530389609,0.5617691765194804,0.0,66.77714632513944,1.1235383530389609,0.0,2.519766037009653,8.988306824311687,0.6842105263157895,0.636438835862585,0.9,0.5,0
-101754276#1,-101746498#2,"101754276#1,-101754276#1,-416382004,101765339#6,173532317#1,-101415865#2,-101415865#1,-101749449#1,101746514,-101746498#2",1.6594693745028608,afe9bcd75e5f6eed5c518dc0f6b50dbad74cb24e95537106f4dac2ff86ece5b1,1554.6334977991703,39.996,10.549358274321715,20.016000000000005,0.64419592030875,0.0,0.0167170575356546,0.9832829424643454,0.0849714689782448,0.0,1.2864768466852905,0.6432384233426452,0.0,71.89883040327622,1.2864768466852905,0.0,2.0268935061560205,6.432384233426452,0.0999999999999999,0.5635346976256067,0.75,0.0833333333333333,1
-101754276#1,-101746498#2,"-101754276#1,-416382004,101765339#6,173532317#1,-101415865#2,-101415865#1,-101749449#1,101746514,-101746498#2",1.5900909247788388,cb424b0e85c926e677c8c9be53f6b79b00eecb53f8872eb7e2f4b41eabb6f69b,1489.5340008733106,38.884,10.549358274321715,20.016000000000005,0.6286456431224027,0.0,0.0174476699520303,0.9825523300479696,0.0879323159532046,0.0,1.3427018106517905,0.6713509053258953,0.0,57.16548724278368,1.3427018106517905,0.0,1.792322288580538,6.0421581479330575,0.0,0.565325368757863,0.7391304347826086,0.1666666666666666,2
-101754276#1,-101746498#2,"-101754276#1,-416382004,101765339#6,173532317#1,173532317#2,-101786553#2,-101786553#1,-101787498,336860316#0,336860316#1,-120511144#1,-120511144#0,-283490977#1,47374680#0,101749458#0,101749458#1,-101749449#1,101746514,-101746498#2",2.8729369933718623,876d808d4366b9a247753907df506a03809aa2977e07df5111a053c4c84cfc79,2552.934826447874,40.52273684210527,10.267991347668223,20.016000000000005,0.685317993386882,0.1606661666397678,0.1105611540019607,0.7287726793582714,0.7678214470817795,0.0,1.5668241737160038,0.7834120868580019,0.0,97.68291237956734,1.5668241737160038,0.3917060434290009,3.0718882469640167,7.442414825151018,0.6666666666666667,0.7467542395694888,0.8857142857142857,0.9166666666666666,3
-101765339#0,100475365#1,"-101765339#0,101765339#0,101765339#1,101754276#0,-416382004,101765339#6,173532317#1,173532317#2,173532317#3,-283490977#1,47374680#0,101749458#0,101749458#1,-101415865#0,47374680#2,47374680#3,47374665#0,47374666,659281081#0,659281081#1,100525445,-416373452,101418587,464265154,120511142#1,120511142#2,1323419247,868087112,526439431#0,526439431#1,697042776#0,697042776#2,42762428#1,42762428#4,1197063689,282479127#0,101611060,372606529#8,1164659929,120512822,-133906979,-133906980,-282479126,-100468681#8,-100468681#7,100525438#0,100525438#1,100525438#2,659278038#0,659278038#1,659278038#2,659278038#3,100475365#0,100475365#1",6.895137588523092,08a7712459fc103cf5a2819722dc2fc5833bc3482833751daec57abb5e716066,4229.93627962858,35.364000000000004,10.045379089740903,39.99600000000001,0.3257574737199798,0.1775654057771295,0.1384439356184876,0.6264123229323905,1.0380164969708416,1.8912814451905788,2.3641018064882235,1.1820509032441118,0.2364101806488223,92.08209479870814,2.127691625839401,0.9456407225952894,2.885512444263436,12.766149755036407,0.25,0.25,0.25,0.75,0
-101765339#0,100475365#1,"101765339#0,101765339#1,101754276#0,-416382004,101765339#6,173532317#1,173532317#2,173532317#3,-283490977#1,47374680#0,101749458#0,101749458#1,-101415865#0,47374680#2,47374680#3,47374665#0,47374666,659281081#0,659281081#1,526438862#0,526438862#1,526438862#2,1200809292,868087112,526439431#0,526439431#1,687927789#0,416428068,697042776#2,42762428#1,42762428#4,1197063689,282479127#0,101611060,372606529#8,1164659929,120512822,-133906979,-133906980,-282479126,-100468681#8,-100468681#7,100525438#0,100525438#1,100525438#2,659278038#0,659278038#1,659278038#2,659278038#3,100475365#0,100475365#1",6.567967958972206,590fd7b11aee6756d78f24d98ddf9234a5a1751147f776283ebefb54b842c20e,4022.921810753634,35.680235294117644,10.25320106618072,39.99600000000001,0.3495094459186857,0.2245477665797801,0.1455680854651011,0.5693429039447192,1.1064043021251864,0.4971510991473458,2.485755495736729,1.2428777478683646,0.2485755495736729,83.86306599222492,2.237179946163056,0.7457266487210188,2.7088378095110284,12.677353028257318,0.0,0.25,0.25,0.75,2
-101765339#0,71324343#3,"101765339#0,101765339#1,101754276#0,-416382004,101765339#6,173532317#1,-101415865#2,-101415865#1,-101749449#1,101746514,-101746498#2,-101746498#1,-101746498#0,47374680#6,47374680#7,47374680#8,-101411571#0,120511301,-282689981#1,-282689981#0,-679068326#3,416375814,71324343#1,71324343#2,71324343#3",4.2308852986839085,22e33683aec24ddd41cd7119fc72213f4e98de7b2fc998fa5eca39e5fa935f76,2975.0011950158296,36.39312,9.52952209504758,20.016000000000005,0.457465498315366,0.0,0.0087357604000648,0.9912642395999351,0.05010788165306,0.0,0.67226863752213,0.336134318761065,0.0,49.85417362435072,0.67226863752213,0.0,1.6427282269696697,8.403357969026624,0.8775510204081632,0.5966011813652486,0.8775510204081632,0.3333333333333333,0
-101765339#0,71324343#3,"-101765339#0,101765339#0,101765339#1,101754276#0,-416382004,101765339#6,173532317#1,-101415865#2,-101415865#1,-101415865#0,47374680#2,47374680#3,47374680#4,47374680#5,47374680#6,47374680#7,47374680#8,-101411571#0,120511301,-282689981#1,-282689981#0,-679068326#3,-679068326#2,-101415864#1,101416507,101416508#2,-679068326#0,-1006827381,101417074,-71324343#7,-71324343#6,-71324343#5,-71324343#4,-71324343#3",4.074916993435244,5fdb791e219240c7d173ee871a5e80e9f1c1a65491431f87957914a9328f4d05,2892.580188104204,35.875058823529415,9.257345757898614,20.016000000000005,0.3849257490622134,0.0,0.0089846766345301,0.9910153233654698,0.0512820984455996,0.0,0.6914242198798988,0.3457121099399494,0.0,74.71760254298788,0.6914242198798988,0.0,1.6437002553626283,11.75421173795828,0.8771929824561404,0.6220646669861073,0.8771929824561404,0.5,1
-101765339#0,71324343#3,"101765339#0,101765339#1,101754276#0,-416382004,101765339#6,173532317#1,173532317#2,173532317#3,-283490977#1,-283490977#0,-1323419243,-16648700,42762427,659281081#0,659281081#1,526438862#0,526438862#1,526438862#2,1200809292,868087112,526439431#0,526439431#1,697042776#0,697042776#2,42762428#1,1164653913,416376587,1164659921,463830227,-71324343#3",3.2808372737143805,208ccc40e7290718f77e3d835525f5ccc42c434bf04996eb122cf1481f416b47,2438.500299414924,35.99280000000001,9.329289459583174,20.016000000000005,0.5073578474137606,0.4705577435646594,0.1570420989423039,0.3724001574930366,1.013298256256727,0.8201762372060671,1.2302643558091009,0.4100881186030335,0.4100881186030335,41.41180383878718,1.2302643558091009,0.0,1.3705798271260576,12.302643558091008,0.0,0.8057103985011991,0.9,1.0,2
-101765339#0,71324343#3,"101765339#0,101765339#1,101754276#0,-416382004,101765339#6,173532317#1,-101415865#2,-101415865#1,-101415865#0,47374680#2,47374680#3,47374665#0,47374666,659281081#0,659281081#1,526438862#0,526438862#1,526438862#2,1200809292,868087112,526439431#0,526439431#1,623959719,619185406,120511930,42762428#1,42762428#4,71324344,463830226#0,-416376586,71223791#1,-679068326#3,-679068326#2,-101415864#1,-101415864#0,71324343#2,71324343#3",5.826389239651501,f89ceb0ffec9d6ec9babaf28b9bcd484af0dcb4389d2eea1313dabdaa9dad1b2,3377.0237525625685,32.424324324324324,8.632726330186307,39.99600000000001,0.2435665350023121,0.1837764812055968,0.0331591674480395,0.7109438367083544,0.856460180855556,0.5922374690087243,2.3689498760348973,1.1844749380174486,0.2961187345043621,56.42255512143672,2.3689498760348973,0.5922374690087243,1.8647159707954504,10.9563931766614,0.6862745098039216,0.730877885444449,0.8148148148148149,0.75,3
-101765343,-101418589,"101765343,101765339#1,101754276#0,-416382004,101765339#6,173532317#1,-101415865#2,-101415865#1,-101749458#1,-101749458#0,47374680#1,47374680#2,47374680#3,47374665#0,47374666,659281081#0,659281081#1,526438862#0,526438862#1,526438862#2,101418589",3.412638570197257,301969ea81effea069943efd20bc2bc4e34f1cac8b1e09e47529d568957a6dbc,1892.3507370539555,33.32914285714287,12.383971843821817,39.99600000000001,0.3565930409664988,0.1435046735354378,0.013733657889459,0.7087364239642554,0.8508388088488446,1.0568865278714847,2.642216319678712,1.585329791807227,0.0,52.35727509697335,2.642216319678712,0.5284432639357424,1.512508154117116,11.09730854265059,0.6875,0.532391034237095,0.8297872340425532,0.5833333333333334,0
-101765343,-101418589,"101765343,101765339#1,101765339#2,101765339#3,101765339#4,101765339#5,101765339#6,173532317#1,173532317#2,173532317#3,-283490977#1,-283490977#0,-1323419243,-16648700,42762427,659281081#0,659281081#1,526438862#0,526438862#1,526438862#2,101418589",2.150653177037553,09b1f9875c38138dd52ec07dcf73306dd7dd8dbe89b0a43c14e7868816df9ee0,1554.5006372941,34.75542857142858,10.783659066251255,39.99600000000001,0.4579597397678828,0.4864000481390656,0.2463474096467066,0.2607745265724273,1.07884766035362,1.2865867996563676,1.929880199484552,0.6432933998281838,0.0,35.57496720433522,1.929880199484552,0.0,1.2424731015498538,13.50916139639186,0.0,0.5494607261062582,0.6904761904761905,0.6666666666666666,1
-101765343,-101418589,"-101765343,101765343,101765339#1,101765339#2,101765339#3,101765339#4,101765339#5,101765339#6,173532317#1,-101415865#2,-101415865#1,-101415865#0,47374680#2,47374680#3,47374665#0,47374666,659281081#0,659281081#1,526438862#0,526438862#1,526438862#2,101418589",3.323692120487063,f7d39c7f4f567de0cb87b597acd01f55c234b77119261ca617bf35e378a10887,1649.8340933992315,30.4478181818182,9.98835233867721,39.99600000000001,0.1042583049316414,0.1645990804905495,0.0157524309465678,0.6659222615210938,0.920978436197521,1.2122431025045102,3.030607756261275,1.818364653756765,0.0,48.50283110554491,3.030607756261275,0.6061215512522551,1.3568549998606432,13.334674127549611,0.5172413793103448,0.5242372444820709,0.8,0.5,2
-101765343,-101418589,"-101765343,101765343,101765339#1,101765339#2,101786554#0,101786554#1,101786554#2,101786554#3,101786554#4,101786553#1,101786553#2,173532317#3,120511144#0,120511144#1,-336860316#1,101784793,102036177,120511144#3,120511144#4,71223798,282689985#0,282689985#1,162276533#0,162276533#1,162276533#2,-1323419243,-16648700,42762427,659281081#0,659281081#1,526438862#0,526438862#1,526438862#2,101418589",3.7656940818083897,51b08ce7ef96c56b044d162becad235ddb3664423d7ff1f31677a32d8960982c,2774.8576003061125,35.876117647058834,10.484426568515245,39.99600000000001,0.4935743237334701,0.3498851966709974,0.2080177782464143,0.438467981400322,1.075941173195592,0.7207577065501909,2.883030826200764,1.0811365598252862,0.0,69.48857140349433,2.522651972925668,0.3603788532750954,2.2820957718962416,12.252881011353244,0.6904761904761905,0.7246185415543621,0.8297872340425532,1.0,3
-101765343,-101746498#2,"101765343,101765339#1,101754276#0,-416382004,101765339#6,173532317#1,-101415865#2,-101415865#1,-101749458#1,-101749458#0,47374680#1,47374680#2,47374680#3,47374680#4,47374680#5,101746498#0,101746498#1,101746498#2",2.4915621540192747,7cbdda586dc1193aaece5114177b3e21eb7de5bbf8bfc20034afc116789508ab,1976.8380420357307,36.66,9.709186141454484,20.016000000000005,0.3413527509852871,0.0,0.0131467004766873,0.9868532995233128,0.0700059449636627,0.0,1.0117166694851831,0.5058583347425916,0.0,67.8653569551019,1.0117166694851831,0.0,2.474676391112083,9.105450025366649,0.76,0.5448299354567095,0.8709677419354839,0.4166666666666667,0
-101765343,-101746498#2,"-101765343,101765343,101765339#1,101754276#0,-416382004,101765339#6,173532317#1,-101415865#2,-101415865#1,-101749449#1,101746514,-101746498#2",1.923570119192385,c7628fdcaba3dc0118a5ced631b7ba7e6e2edcf83e6fc36f1d39a36d23553b97,1759.2915013710185,39.996,10.453015084827744,20.016000000000005,0.6391532157372922,0.0,0.0147723658127783,0.9852276341872216,0.0769281909902551,0.0,1.1368212706316136,0.5684106353158068,0.0,73.85805631803916,1.1368212706316136,0.0,2.097594081588345,6.820927623789681,0.4375,0.5083342162887617,0.6923076923076923,0.0833333333333333,1
-101765343,-101746498#2,"101765343,101765339#1,101765339#2,101765339#3,101765339#4,101765339#5,101765339#6,173532317#1,-101415865#2,-101415865#1,-101749449#1,101746514,-101746498#2",1.704412924276982,c37843a8a28a957eb055b830ab08065e783d6b4efd547f2413a829b9c95965e1,1465.41350665887,34.607076923076924,8.77759665722475,20.016000000000005,0.4247217245350317,0.0,0.0177348560740505,0.9822651439259492,0.0890875554982051,0.0,1.3648024881113472,0.6824012440556736,0.0,48.12357457498057,1.3648024881113472,0.0,1.6485720768702343,8.871216172723756,0.0,0.5899937003437824,0.7931034482758621,0.6666666666666666,2
-101765343,-101746498#2,"-101765343,101765343,101765339#1,101754276#0,-416382004,101765339#6,173532317#1,173532317#2,173532317#3,-283490977#1,47374680#0,101749458#0,101749458#1,-101749449#1,101746514,-101746498#2",2.156757332162526,be9ac08aabb68483b6993833d94986f538f5f51cbece40df286a081cbf01e788,2149.570419686204,43.749,9.581930494425434,20.016000000000005,0.8148174652754993,0.0573817233580718,0.1781505745447777,0.7644677020971504,0.6766481678211728,0.0,1.3956276903168134,0.4652092301056045,0.0,86.05602774824679,1.3956276903168134,0.0,2.562921600415476,7.443347681689672,0.6818181818181819,0.5930309589400499,0.8125,0.75,3
-101765343,416428068,"101765343,101765339#1,101754276#0,-416382004,101765339#6,173532317#1,-101415865#2,-101415865#1,-101749449#1,101746514,-101746498#2,-101746498#1,-101746498#0,47374680#6,47374680#7,47374680#8,-101411571#0,120509990,120509991,282689983#0,282689983#1,71324342,416428068",3.3189871917089366,4a88df2ca700fdc42e4156f666f38806c1a2d056cf7a40cb9253c3c4df9cff79,2501.941327452357,40.43113043478262,10.22325043180027,20.016000000000005,0.5789721613283237,0.0,0.0103874928418199,0.9896125071581802,0.0577746221597223,0.0,0.799379257241229,0.3996896286206145,0.0,52.42888946440216,0.799379257241229,0.0,1.7227797572884902,9.192861458274134,0.8863636363636364,0.5051376869002514,0.8863636363636364,0.4166666666666667,0
-101765343,416428068,"101765343,101765339#1,101754276#0,-416382004,101765339#6,173532317#1,173532317#2,173532317#3,-283490977#1,47374680#0,47374680#1,47374680#2,47374680#3,47374680#4,47374680#5,47374680#6,47374680#7,47374680#8,-101411571#0,120509990,120509991,282689983#0,282689983#1,71324342,416428068",2.6391903197564126,1be5b89b51a014246985be272f71a38cb21b98874bfea84b9361728a29b21cba,2166.3391799373985,41.19696,10.14056206726235,20.016000000000005,0.648774071862236,0.0569375545175213,0.1767715826026017,0.766290862879877,0.6734801947117041,0.0,1.3848246977127063,0.4616082325709021,0.0,47.23703390559809,1.3848246977127063,0.0,1.4916917697735923,11.540205814272552,0.813953488372093,0.5685384173598265,0.8478260869565217,0.6666666666666666,1
-101765343,416428068,"101765343,101765339#1,101765339#2,101765339#3,101765339#4,101765339#5,101765339#6,173532317#1,173532317#2,173532317#3,-283490977#1,-283490977#0,-1323419243,-16648700,42762427,659281081#0,659281081#1,526438862#0,526438862#1,526438862#2,1200809292,868087112,526439431#0,526439431#1,687927789#0,416428068",2.5221405912977133,46f90b8a26f2fa5630dbbbd0ff17d28e15d35e22979c6c1e760365dea82bddea,1874.5051829090417,36.14676923076923,9.421105346222143,20.016000000000005,0.4482454915441541,0.5109849942336191,0.2042924227594084,0.2847225830069723,1.0252207172325276,1.066948236918824,1.6004223553782362,0.5334741184594121,0.5334741184594121,36.570574007894535,1.6004223553782362,0.0,1.2907415328305898,13.870327079944714,0.0,0.7538899906764601,0.8888888888888888,1.0,2
-101765343,416428068,"101765343,101765339#1,101754276#0,-416382004,101765339#6,173532317#1,-101415865#2,-101415865#1,-101749449#1,101746514,-101746498#2,-101746498#1,-101746498#0,-47374680#5,-47374680#4,47374665#0,47374666,659281081#0,659281081#1,526438862#0,526438862#1,526438862#2,1200809292,868087112,526439431#0,526439431#1,687927789#0,416428068",4.840426042277524,8f4be8911951573fdb720865b213efd80ce927a7de16321cfdc0c55d7a5a4a8d,2909.834467780752,33.922285714285714,10.30951028350592,39.99600000000001,0.4054480140335762,0.162653929370783,0.0089314007093282,0.7447148259334555,0.7646673273825638,0.6873243210722372,1.718310802680593,1.0309864816083558,0.3436621605361186,65.89550333280118,1.718310802680593,0.0,2.0036456743202606,9.622540495011322,0.6153846153846154,0.6523833687703408,0.8478260869565217,0.8333333333333334,3
-101767911,416428068,"101767911,101765339#5,101765339#6,173532317#1,-101415865#2,-101415865#1,-101749449#1,101746514,-101746498#2,-101746498#1,-101746498#0,47374680#6,47374680#7,47374680#8,-101411571#0,120509990,120509991,282689983#0,101418595,526439431#1,687927789#0,416428068",3.113395739865421,312d458dde0bdfa222315cf00f90e2a8631a22e0f770c30a1b0540dd28920aba,2189.7454114135903,37.266545454545465,9.855197133769297,20.016000000000005,0.4032292483149997,0.029080404805464,0.0118684562571078,0.959051138937428,0.1955994557192571,0.9133481863121704,1.8266963726243408,0.9133481863121704,0.4566740931560852,55.23345734173085,1.8266963726243408,0.0,1.8332455512582784,10.046830049433874,0.5172413793103448,0.6403103729619356,0.8205128205128205,0.6666666666666666,0
-101767911,416428068,"101767911,101765339#5,101765339#6,173532317#1,-101415865#2,-101415865#1,-101415865#0,47374680#2,47374680#3,47374680#4,47374680#5,47374680#6,47374680#7,47374680#8,-101411571#0,120509990,120509991,282689983#0,282689983#1,71324342,416428068",2.182210191492004,441fdcff08636768a52be91d641855693078151a1aded7789f9b9f879343f242,1537.9797706991724,37.61314285714286,9.96022884418684,20.016000000000005,0.2750988453975113,0.0,0.0168980750752983,0.9831019249247016,0.0857080258233593,0.0,1.3004072212801543,0.6502036106400773,0.0,39.76508075085259,1.3004072212801543,0.0,1.2875901270821069,13.654275823441624,0.0,0.6451124530855599,0.868421052631579,0.75,1
-101767911,416428068,"101767911,101765339#5,101765339#6,173532317#1,-101415865#2,-101415865#1,-101749458#1,-101749458#0,47374680#1,47374680#2,47374680#3,47374665#0,47374666,659281081#0,659281081#1,526438862#0,526438862#1,526438862#2,1200809292,868087112,526439431#0,526439431#1,687927789#0,416428068",3.326174639772675,fb7c3804d9748c5434fd5a043d193e4055c0ca57bf772226d3249372ca0a61a1,1775.4407741426844,32.91,9.99332048224561,39.99600000000001,0.1695776222228924,0.266579441508897,0.0146379975091617,0.5816038420256868,1.001983880184122,1.1264808317617634,2.8162020794044085,1.689721247642645,0.5632404158808817,47.97259640175936,2.8162020794044085,0.5632404158808817,1.4863914698734233,13.51776998114116,0.75,0.5656275852010147,0.8157894736842105,0.3333333333333333,2
-101767911,416428068,"101767911,101765339#5,101765339#6,173532317#1,173532317#2,173532317#3,-283490977#1,47374680#0,47374680#1,47374680#2,47374680#3,47374665#0,47374666,659281081#0,659281081#1,526438862#0,526438862#1,526438862#2,1200809292,868087112,526439431#0,526439431#1,687927789#0,416428068",3.295514960494196,f172cae9d7c4d93f562ef23a2be322b589057627e8b8ab8049fd6b7ab5cdf7ac,1872.227017545452,33.744,10.558124537015582,39.99600000000001,0.3389722743535783,0.3186804055132293,0.204541010092682,0.346691426855416,1.321612686819138,1.068246522060163,3.204739566180488,1.602369783090244,0.5341232610300813,50.07436606164689,3.204739566180488,0.5341232610300813,1.56742050147513,12.818958264721951,0.8157894736842105,0.6028575614694867,0.875,0.5833333333333334,3
-101784793,-1323419243,"-101784793,336860316#1,-120511144#1,-120511144#0,-283490977#1,-283490977#0,-1323419243",0.8033013925512609,df07c97495fb68ab5684bc196c7a3bba29d7cce48ecc50052548a36d27b041f6,689.0101424142738,41.425714285714285,10.699002036238175,20.016000000000005,0.7877470323338028,0.8003835641272725,0.0,0.1996164358727274,0.499870230776262,1.4513574451836453,1.4513574451836453,0.0,0.0,31.671860060629054,1.4513574451836453,0.0,1.1243368984810096,10.159502116285516,0.0,0.6585784313725491,0.9411764705882352,0.25,1
-101784793,-1323419243,"-101784793,101784793,102036177,120511144#3,120511144#4,71223798,282689985#0,282689985#1,162276533#0,162276533#1,162276533#2,-1323419243",1.6677319019760533,5f4167ab426610e579634f6843461c31cdec5c1e4749ddb13bbba747d5658dbb,1290.8092389858991,39.996,10.453015084827744,20.016000000000005,0.647704128570415,0.1492059445522086,0.3691699081365003,0.4816241473112909,1.0036010958037085,0.7747078110361465,3.098831244144586,0.7747078110361465,0.0,69.53382510083037,3.098831244144586,0.0,2.106361527867652,9.296493732433758,0.8823529411764706,0.7447010574564754,0.9666666666666668,0.4166666666666667,3
-101787489,-1323419243,"101787489,-120511144#0,-173532317#3,-173532317#2,-101415865#2,-101415865#1,-101415865#0,-47374680#1,-47374680#0,-283490977#0,-1323419243",2.3659800421248414,e06403a9a5089345e50d9036c4b8f760a9d8d9563c8760bfdb98dedbbcc45a0f,1622.372216991011,37.26654545454546,10.098571981856017,20.016000000000005,0.429078701935446,0.2144229001138102,0.2200224485624122,0.5655546513237777,0.9856260427514728,0.6163813639848226,2.4655254559392903,1.2327627279696451,0.0,79.05712605973154,2.4655254559392903,0.6163813639848226,3.460228267473059,6.780195003833048,0.6666666666666667,0.7769319543919085,0.9696969696969696,0.3333333333333333,0
-101787489,-1323419243,"101787489,-120511144#0,-283490977#1,-283490977#0,-1323419243",0.6931979415236216,fc5da0319b96f087d376004393bc9607bdb83d3e922af9604789c7c55fdd87e4,576.3157785745318,41.9976,10.963214711023408,20.016000000000005,0.8025341828498235,0.8176416966371022,0.0,0.1823583033628978,0.4749507178774955,1.7351598501665446,1.7351598501665446,0.0,0.0,32.28242017809044,1.7351598501665446,0.0,1.2291779451899898,8.675799250832723,0.0,0.7325509185803305,0.962962962962963,0.1666666666666666,1
-101787489,-1323419243,"101787489,120511144#1,-336860316#1,-336860316#0,101787498,101786553#1,101786553#2,173532317#3,-283490977#1,-283490977#0,-1323419243",1.4857747994806272,4cfffdc379161b7f10665bb5dccd16b5d5b7d457210bb5f8eae1e4c259dc6e3f,1037.6780262643797,37.26654545454546,10.098571981856017,20.016000000000005,0.4210225658557601,0.3323774525462036,0.097035672182606,0.5705868752711903,0.9126118056915692,0.9636900605865004,3.8547602423460017,0.9636900605865004,0.0,76.36526936291071,2.8910701817595013,0.9636900605865004,2.213180675440247,10.600590666451504,0.6666666666666667,0.7778281196301791,0.96,0.4166666666666667,2
-101787489,-1323419243,"101787489,-120511144#0,-283490977#1,47374680#0,101749458#0,101749458#1,-101415865#0,47374680#2,47374680#3,47374665#0,47374666,-42762427,16648700,1323419243",2.818013909677902,44ee3e57ee715f80edfdffbc999fdaf0e3bfd34230c161512378528f7360ecd2,1437.4244746953989,33.56742857142857,12.158662260135529,39.99600000000001,0.331609775387187,0.3885589759971186,0.0,0.4420041629593091,1.0289739201978276,0.6956887249411192,2.782754899764477,1.3913774498822384,0.0,120.18925030183284,2.782754899764477,0.6956887249411192,3.1236805608814544,9.739642149175667,0.8125,0.804417307418415,0.962962962962963,0.75,3
-101787489,526438862#0,"101787489,-101752970#2,-101752970#1,-101752970#0,-120511144#3,-120511144#2,-336860316#1,101784793,336860317#0,-336860318,-101767908#0,101784499#1,479315694,101787498,101786553#1,101786553#2,173532317#3,-283490977#1,47374680#0,101749458#0,101749458#1,-101415865#0,47374680#2,47374680#3,47374665#0,47374666,659281081#0,659281081#1,526438862#0",4.912542736327352,6c98ee2f32fcecd74c563bcb2cd7bc6a403006873e2e280eb145e676da448c4a,2755.46643890142,35.16703448275862,10.899793479310771,39.99600000000001,0.2636413897040351,0.2013884343351741,0.0365425553242553,0.6736800945689466,0.9241942668428188,0.3629149627381022,2.5404047391667155,1.0887448882143067,0.0,91.97972437209782,2.1774897764286134,0.3629149627381022,3.39466414231311,10.524533919404965,0.8529411764705882,0.7404182011050139,0.9272727272727272,0.8333333333333334,0
-101787489,526438862#0,"101787489,-120511144#0,-283490977#1,-283490977#0,-1323419243,-16648700,42762427,659281081#0,659281081#1,526438862#0",1.3681079055092158,c8c6b9e7b65476dd023b1984c1bc2855f4e0c3ef5ccad7cbbb8fdbd3a7c893ea,956.8739773547308,35.9928,9.668646565057596,20.016000000000005,0.48335843942625,0.8901673887373801,0.0,0.1098326112626199,0.3461652272425498,1.0450696995277169,1.0450696995277169,0.0,0.0,31.0383345217886,1.0450696995277169,0.0,1.1788442543810067,10.45069699527717,0.0,0.6193663765021099,0.9189189189189187,0.25,1
-101787489,526438862#0,"101787489,-120511144#0,-283490977#1,47374680#0,47374680#1,47374680#2,47374680#3,47374665#0,47374666,659281081#0,659281081#1,526438862#0",2.460226028506715,00eafeb28b62f64b60fecf8280b8f601fc89f6daad0d02724acffee94ae2f1a5,1170.6423299885405,30.828000000000003,10.835356670724698,39.99600000000001,0.2818261917257058,0.4190657063135217,0.0,0.3728838202494053,1.0589525004311209,0.8542318814063294,3.4169275256253178,1.7084637628126589,0.0,52.72336033717429,3.4169275256253178,0.8542318814063294,1.4422013946467602,10.250782576875952,0.625,0.6297455587582227,0.8648648648648649,0.5,2
-101787489,526438862#0,"-101787489,101787489,120511144#1,-336860316#1,101784793,102036177,120511144#3,120511144#4,71223798,282689985#0,282689985#1,162276533#0,162276533#1,162276533#2,-1323419243,-16648700,42762427,659281081#0,659281081#1,526438862#0",2.582817345800811,693293be40484d81fdbc9aaa044eeb9d4d16abb4017ec509af373d65fb78c65b,1843.6037104019013,36.993600000000015,9.795039466350731,20.016000000000005,0.4970238726636166,0.3544184627890177,0.2584763338723637,0.3871052033386187,1.0847215503724594,0.542415918539241,3.254495511235446,1.084831837078482,0.0,78.32547295029975,3.254495511235446,0.542415918539241,2.3835231952474576,10.84831837078482,0.6956521739130435,0.7744465105704872,0.9583333333333334,0.9166666666666666,3
-101787498,-71223800#1,"101787498,101786553#1,101786553#2,173532317#3,-283490977#1,47374680#0,47374680#1,101415865#0,-101749449#1,101746514,-101746498#2,-101746498#1,-101746498#0,47374680#6,47374680#7,47374680#8,-101411571#0,120511301,352797377,-282689986,-224715833,-224715836,-101749453,-1006827381,-71223800#7,-71223800#6,-71223800#5,-71223800#4,-71223800#3,-71223800#2,-71223800#1",6.306035877481135,d4b1854672bfd69d32e4115899e5d3e0c4d9046c98c3409e343b9e088154ecf3,3756.373958350528,30.964645161290317,9.433482670955932,29.988000000000007,0.2056226957622738,0.0328364685009399,0.0268055805689535,0.9403579509301064,0.2670167504337343,0.0,0.798642529541265,0.266214176513755,0.0,56.07452303135786,0.53242835302751,0.0,1.829294584387752,8.252639471926406,0.5121951219512195,0.4785425675586058,0.8275862068965517,0.4166666666666667,0
-101787498,-71223800#1,"101787498,101786553#1,101786553#2,173532317#3,-283490977#1,47374680#0,101749458#0,101749458#1,-101415865#0,47374680#2,47374680#3,47374680#4,47374680#5,47374680#6,47374680#7,47374680#8,-101411571#0,120511301,352797377,-282689986,-224715833,-224715836,-101749453,-1006827381,-71223800#7,-71223800#6,-71223800#5,-71223800#4,-71223800#3,-71223800#2,-71223800#1",4.843801624528696,9e4b1ac45b81ad51893dda2fa8152a513bc8f91c6eb7dbaa8b4acc68f0e070e4,2866.91034260526,31.610322580645157,10.030515401802964,29.988000000000007,0.1380399035470479,0.0430240364786013,0.0351220557166715,0.9218539078047272,0.3279845132845533,0.0,1.046422678594754,0.3488075595315846,0.0,50.09933880545139,0.6976151190631693,0.0,1.3961399002872257,10.813034345479124,0.3947368421052631,0.4467143599450677,0.8275862068965517,0.3333333333333333,1
-101787498,-71223800#1,"101787498,101786553#1,101786553#2,173532317#3,-283490977#1,47374680#0,47374680#1,47374680#2,47374680#3,47374680#4,47374680#5,47374680#6,47374680#7,47374680#8,-101411571#0,120511301,-282689981#1,-282689981#0,-679068326#3,-679068326#2,-679068326#1,-679068326#0,-1006827381,-71223800#7,-71223800#6,-71223800#5,-71223800#4,-71223800#3,-71223800#2,-71223800#1",3.850963971108797,39529848e845712cd4fcf3882b973a11e432c25e4c0481e2c8bfcae2190caeca,2397.1077842096192,30.99719999999999,9.592979165460832,29.988000000000007,0.1913697719625651,0.0514561989968249,0.0420055307696079,0.9065382702335671,0.3747787716523477,0.0,1.251508179883187,0.4171693932943957,0.0,30.114401474927163,0.8343387865887913,0.0,1.1673535000689594,12.51508179883187,0.0,0.4969460418389243,0.7358490566037736,0.5833333333333334,2
-101787498,-71223800#1,"-101787498,336860316#0,336860316#1,120511144#2,120511144#3,101752970#0,101752970#1,101752970#2,-120511144#0,-283490977#1,47374680#0,47374680#1,47374680#2,47374680#3,47374680#4,47374680#5,47374680#6,47374680#7,47374680#8,-101411571#0,120511301,352797377,-282689986,-224715833,-224715836,-101749453,-1006827381,-71223800#7,-71223800#6,-71223800#5,-71223800#4,-71223800#3,-71223800#2,-71223800#1",5.513329233988606,ba15d6d29b5d1bd0f3b5fe945533565b4b64298c91ca727c12fb176e6e04a24e,3336.8885172294263,31.467176470588235,9.575119717490644,29.988000000000007,0.187538824859567,0.1800576490164584,0.0,0.8199423509835413,0.4714808914942507,0.0,1.1987214973909726,0.5993607486954863,0.0,57.11011597525644,1.1987214973909726,0.0,1.6631014166134586,10.189132727823266,0.5454545454545454,0.4881305782241509,0.7758620689655172,0.5,3
-1200809291,-101752975#2,"1200809291,625955757,71324347#2,71324347#3,71324347#4,71324347#5,-47374665#1,-47374680#3,-47374680#2,-47374680#1,101749458#0,101749458#1,101415865#1,101415865#2,-173532317#1,-173532317#0,47374679#0,101754278#0,101754278#1,-101752975#2",3.605487939435658,91b9dd976f31cb07d6d650d95251ba2c7464d6ea42cdddccf7b03ef18996edb6,1729.964939947308,33.003,15.59129629666906,39.99600000000001,0.3604694772068105,0.0,0.1210743281518735,0.5678349835356994,1.2726680989150256,0.0,1.73413919017999,0.5780463967266634,0.0,50.79823357553834,1.1560927934533267,0.0,1.4604591262569828,11.560927934533268,0.8378378378378378,0.443849446483027,0.8378378378378378,0.3333333333333333,0
-1200809291,-101752975#2,"1200809291,-101418589,1200809292,868087112,526439431#0,526439431#1,42762429,1323419246,184568063,1323419245,16648700,1323419243,120511145,283490977#1,-173532317#3,-173532317#2,-173532317#1,-173532317#0,47374679#0,47374679#1,101754282#1,101754278#1,-101752975#2",2.854678914777993,a7f231a2afa1d989239e47741e87eeeb92e99b4547ee5fa36968d3c8ddbde41b,2152.948501850213,37.82347826086957,13.131096100719244,39.99600000000001,0.5125886262582376,0.5821626671349732,0.2754257388795823,0.1182833611710521,1.012456063983402,0.928958587853462,1.393437881780193,0.928958587853462,0.4644792939267309,76.43415335773062,1.393437881780193,0.4644792939267309,1.8175474053157472,10.68302376031481,0.0,0.7711990155538543,0.9487179487179488,1.0,1
-1200809291,-101752975#2,"1200809291,625955757,71324347#2,71324347#3,71324347#4,71324347#5,-47374665#1,-47374680#3,-47374680#2,-47374680#1,-47374680#0,283490977#1,-173532317#3,-173532317#2,-173532317#1,-173532317#0,47374679#0,47374679#1,101754282#1,101754278#1,-101752975#2",3.581328959789083,a5d44f58c7bc8d399a224a881a1cf56d137a9dfcbc953921c2dc9b9ff17c840a,1840.5750727741845,34.765714285714296,16.00376403582251,39.99600000000001,0.5275424440125863,0.0670149547202203,0.3221696526607994,0.3184198300117918,1.4879559950897092,0.0,2.173233821954922,1.086616910977461,0.0,56.62066008234392,2.173233821954922,0.5433084554887305,1.5538376533087674,11.40947756526334,0.6666666666666667,0.4622333342670334,0.8055555555555556,0.4166666666666667,2
-1200809291,-101752975#2,"1200809291,625955757,71324347#2,71324347#3,71324347#4,71324347#5,-47374665#1,-47374680#3,-47374680#2,101415865#0,-101749458#1,-101749458#0,-47374680#0,283490977#1,-173532317#3,-173532317#2,-173532317#1,-173532317#0,47374679#0,47374679#1,101754282#1,101754278#1,-101752975#2",3.821961800398329,05d37f93208af6fb33371621057073b9867affc0d47c8ece730a64e1647e969a,2039.409090377357,36.09078260869566,15.877995680004116,39.99600000000001,0.5480645423274692,0.0604812716306492,0.2907594335485013,0.3848710997236143,1.4904266287100267,0.0,1.961352442172291,0.9806762210861456,0.0,66.37819305154505,1.961352442172291,0.4903381105430727,1.7216959427534886,11.277776542490674,0.6857142857142857,0.4967368598093484,0.8157894736842105,0.5833333333333334,3
-1200809291,120509991,"1200809291,-101418589,1200809292,868087112,526439431#0,526439431#1,687927789#0,-71324342,71223791#0,71223791#1,-679068326#3,-679068326#2,-679068326#1,-679068326#0,101749453,224715836,224715833,282689986,-352797377,-120511301,120509990,120509991",3.9831145222823343,548f6e6363a50baaaa584c15b0d50fa28bfad3eb1817eb7fae437de411b0d4a1,2306.9030008608934,32.72072727272728,11.206525557233832,39.99600000000001,0.1444193609365612,0.0874483388301648,0.0,0.8900336607724829,0.4021920330085065,0.8669631966552721,0.8669631966552721,0.433481598327636,0.433481598327636,82.18346772579532,0.8669631966552721,0.0,19.816532392234976,9.536595163207991,0.4583333333333333,0.6640623883994893,0.9347826086956522,0.6666666666666666,0
-1200809291,120509991,"1200809291,-101418589,1200809292,868087112,526439431#0,526439431#1,687927789#0,-71324342,71223791#0,71223791#1,101411570,282689981#1,-120511301,120509990,120509991",1.877123688223729,24f39c9d2cc33abd898b2e3705e9ab46473d4885c8ed4808bb42f680ba6ced97,1251.3605589649849,35.330400000000004,14.076636595031198,39.99600000000001,0.4338427750150834,0.1612123970364422,0.0,0.7972753127464162,0.6069271413290833,1.5982603780114533,1.5982603780114533,0.7991301890057266,0.7991301890057266,100.51858035211636,1.5982603780114533,0.0,10.749315008841236,11.9869528350859,0.0,0.5518314869919149,0.9230769230769232,0.4166666666666667,1
-1200809291,120509991,"1200809291,-101418589,1200809292,868087112,526439431#0,526439431#1,687927789#0,416428068,697042776#2,42762428#1,1164653913,463830226#0,463830226#1,101411570,282689981#1,-120511301,120509990,120509991",2.220967633289156,94db5a3d6d477e7898e57432af9452dbda268d652f46e959716d8753ffbce2a9,1461.6020690747143,35.552,13.384883624711083,39.99600000000001,0.3816874222993224,0.2582602533555465,0.0,0.706198716846292,0.7138896151688106,1.3683615002448135,2.7367230004896275,1.3683615002448135,0.6841807501224069,97.58021973701028,2.7367230004896275,0.0,12.555311053636826,12.315253502203324,0.4285714285714286,0.5262047163362954,0.9285714285714286,0.0833333333333333,2
-1200809291,120509991,"1200809291,625955757,71324347#2,71324347#3,71324347#4,71324347#5,-47374665#1,-47374680#3,-47374680#2,-47374680#1,-47374680#0,283490977#1,-173532317#3,-173532317#2,-101415865#2,-101415865#1,-101749449#1,101746514,-101746498#2,-101746498#1,-101746498#0,47374680#6,47374680#7,47374680#8,-101411571#0,120509990,120509991",5.694575424681736,2f4dab553ddc394a8c12c3768df476200eb8f6013d0ad86416ee496e11b349aa,2996.1178877460284,31.48,12.919487963180636,39.99600000000001,0.3996223352987403,0.0411686254621713,0.119140274527225,0.6600666646285089,0.967392675923602,0.0,1.3350609521607275,0.6675304760803638,0.0,114.45214776855012,1.3350609521607275,0.6675304760803638,25.7369586633322,9.01166142708491,0.9230769230769232,0.8364158243240364,0.9375,1.0,3
-120511302,-372606529#4,"-120511302,120511302,71324347#1,71324347#2,71324347#3,101418583,526438862#2,1200809292,868087112,526439431#0,526439431#1,42762429,-120511142#2,75421017,619185406,619184994,1164659927#1,1164659928,-372606529#8,-372606529#7,-372606529#6,-372606529#5,-372606529#4",2.8608546656072504,8dc1a6c0a1624390809a6f5fd798de91e5026ca3aa9f87e5931669a12f0cf743,1363.9698287583776,26.08121739130436,7.21386195243399,19.98,0.0,0.2953086148316469,0.0,0.5026198176602578,1.0291002747565396,1.4663080940878297,1.4663080940878297,0.7331540470439147,0.7331540470439147,64.6707504512906,1.4663080940878297,0.0,1.948043808769624,16.86254308201004,0.5333333333333333,0.486289980791447,0.7884615384615384,0.75,0
-120511302,-372606529#4,"-120511302,120511302,71324347#1,71324347#2,71324347#3,101418583,526438862#2,1200809292,868087112,526439431#0,526439431#1,623959719,619185406,619184994,1164659927#1,1164659928,-372606529#8,-372606529#7,-372606529#6,-372606529#5,-372606529#4",2.451370872089844,77020fa18d58714d32fc5e54fcc11bc305c7ce009be0937822b7a7810c0bc127,1129.3415954100417,25.709142857142854,7.45467157080521,19.98,0.0,0.2057259183987091,0.0,0.5502208009542765,0.9982225998454964,1.7709433603867566,1.7709433603867566,0.8854716801933783,0.8854716801933783,61.79817140036174,1.7709433603867566,0.8854716801933783,1.6129439644036765,18.594905284060943,0.5,0.444781746031746,0.78,0.5833333333333334,1
-120511302,-372606529#4,"120511302,71324347#1,71324347#2,71324347#3,101418583,526438862#2,1200809292,868087112,526439431#0,526439431#1,697042776#0,697042776#2,42762428#1,42762428#4,1197063689,282479127#0,101611060,-372606529#7,-372606529#6,-372606529#5,-372606529#4",2.2651409124801,dde8e846a38637ebfae4b561c4c419c8d9b25ec274d2b20c3951814fa1d42de7,1087.8978224051632,26.660571428571437,6.573491283720003,19.98,0.0,0.5082307926152189,0.0,0.2675824758669711,1.0319629195896347,1.8384079449468231,1.8384079449468231,0.9192039724734116,0.9192039724734116,54.57022834566003,1.8384079449468231,0.9192039724734116,1.5138713989224726,19.303283421941643,0.0,0.413897695850057,0.7894736842105263,0.4166666666666667,2
-1323419242#1,-100468681#1,"-1323419242#1,1323419242#1,162276533#0,162276533#1,100488715#0,100488715#1,100488715#2,100488715#3,100488715#4,100488715#5,101605219,100488715#7,100488714,282479151#6,282479151#7,282479151#1,100475362,-659278038#3,-659278038#2,-659278038#1,-659278038#0,-100525438#2,-100525438#1,-101601553#1,-101601553#0,101600741#4,-100468681#2,-100468681#1",3.249456658113209,178ad699f891906ec96c7ddb5f344c4bb890734c8f7cba984837cd5e786e345c,2645.9495589831945,38.56628571428571,10.08711585567026,20.016000000000005,0.4206295839656631,0.0,0.2612132156537388,0.7387867843462614,0.5743220813206287,0.0,0.7558723079999209,0.3779361539999604,0.0,50.54326862942255,0.7558723079999209,0.3779361539999604,1.692496592791782,10.582212311998893,0.3235294117647058,0.4588799273838566,0.9074074074074074,0.0833333333333333,0
-1323419242#1,-100468681#1,"-1323419242#1,1323419242#1,162276533#0,162276533#1,100488715#0,100488715#1,100488715#2,100488715#3,100488715#4,100488715#5,101605219,100488715#7,100488714,282479151#6,282479151#7,282479151#1,100475362,-659278038#3,-659278038#2,-659278038#1,-659278038#0,-100525438#2,-100525438#1,-100525438#0,-100468681#6,-100468681#5,-100468681#4,-100468681#3,-100468681#2,-100468681#1",3.1235563771945065,f240418bad395e0991b70cdba66bc0cc9295c026f6173e1d0e460940e8d658cb,2659.5003184964976,40.66319999999999,10.15644392831298,20.016000000000005,0.4944304664298444,0.0,0.3358263608029271,0.664173639197073,0.638228236422044,0.0,0.7520209665290303,0.3760104832645151,0.0,49.800436810489686,0.7520209665290303,0.3760104832645151,1.7011644127160663,11.280314497935452,0.0967741935483871,0.4865450529821263,0.8928571428571429,0.4166666666666667,1
-1323419242#1,-100468681#1,"1323419242#1,162276533#0,162276533#1,100488715#0,100488715#1,100488715#2,100488715#3,100488715#4,100488715#5,100488715#6,100488715#7,100488714,282479151#6,282479151#7,282479151#1,100475362,-659278038#3,-659278038#2,-659278038#1,-659278038#0,-100525438#2,-100525438#1,-100525438#0,-100468681#6,-100468681#5,-100468681#4,-100468681#3,-100468681#2,-100468681#1",3.0289380114896933,b3477f0ce4877d74efa79ee3e6ccb64113454c987d4461316ccd4fec6305c3ec,2457.5044484045543,39.65089655172413,10.179089316355608,20.016000000000005,0.38544136915807,0.0,0.3565312540080494,0.6434687459919506,0.6513962541827718,0.0,0.8138337252241507,0.4069168626120753,0.0,45.84262418385092,0.8138337252241507,0.4069168626120753,1.5641029153407846,11.800589015750184,0.0,0.493326427324616,0.9107142857142856,0.5833333333333334,2
-1323419242#1,-100468681#1,"-1323419242#1,1323419242#1,162276533#0,162276533#1,162276533#2,-1323419243,-16648700,42762427,659281081#0,659281081#1,100525445,-416373452,101418587,464265154,120511142#1,75421017,619185406,619184994,1164659927#1,1164659926,120512822,-133906979,-133906980,-282479126,-100468681#8,-100468681#7,100525438#0,-101601553#1,-101601553#0,101600741#4,-100468681#2,-100468681#1",3.694159175549269,1c7c8ff36a59e52604bde4ba7eb968a83a1b33ebb41aa13343925525c48d33aa,2956.67397370895,38.1195,9.987802199392696,20.016000000000005,0.4433624754165292,0.1312888091733557,0.4212497906511859,0.4474614001754584,0.9905785680974316,2.0293072734270394,1.691089394522533,0.6764357578090131,0.0,60.72495554522932,1.3528715156180262,0.6764357578090131,1.891253221176889,10.82297212494421,0.9107142857142856,0.6809359832087105,0.9107142857142856,0.75,3
-1323419243,-101746498#2,"-1323419243,1323419243,120511145,47374680#0,47374680#1,101415865#0,-101749449#1,101746514,-101746498#2",1.716395543098449,4e4d9b2a659cee76f8e39256dceccb925f5c428e0545f5764578a7022406e21c,1456.450404122237,34.43600000000001,8.826226373711476,20.016000000000005,0.4504029047083994,0.1029961881330813,0.0,0.8970038118669188,0.3316168347230969,0.6866007913277848,0.6866007913277848,0.6866007913277848,0.0,80.56107670604234,0.6866007913277848,0.6866007913277848,2.910146542740706,6.179407121950064,0.4545454545454546,0.6465318313129281,0.9534883720930232,0.25,0
-1323419243,-101746498#2,"1323419243,120511145,47374680#0,101749458#0,101749458#1,-101749449#1,101746514,-101746498#2",0.9278849048618728,cd90db8c742d4437e18e011fff27567d4e69290985024c3795e556730fa68044,1085.3271380333013,39.996,10.699002036238175,20.016000000000005,0.739625686952975,0.1301931337632318,0.0,0.869806866236768,0.3867536807761202,0.9213811808042314,0.9213811808042314,0.9213811808042314,0.0,54.355231581000574,0.9213811808042314,0.9213811808042314,2.1695967937266443,7.371049446433851,0.0,0.6677818630125557,0.9767441860465116,0.5,1
-1323419243,-101746498#2,"-1323419243,1323419243,120511145,283490977#1,-173532317#3,-173532317#2,-101415865#2,-101415865#1,-101749458#1,-101749458#0,47374680#1,47374680#2,47374680#3,47374680#4,47374680#5,101746498#0,101746498#1,101746498#2",2.3941056624233563,ebc8a9b9304d81e3f331ff1e54b877fc091ed70ddf9216a8f3e8890838b8465a,1954.920188783044,36.66,9.709186141454484,20.016000000000005,0.3885816655463617,0.1398291841063703,0.1825948239269048,0.6775759919667248,0.8493258679145874,0.5115298341782993,1.023059668356599,1.023059668356599,0.0,95.00632598199446,1.023059668356599,1.023059668356599,2.9402505542410715,9.207537015209388,0.9166666666666666,0.6702637076211296,0.9166666666666666,0.5833333333333334,3
-1323419243,-101787489,"1323419243,120511145,47374680#0,47374680#1,101415865#0,101415865#1,101415865#2,173532317#2,173532317#3,120511144#0,-101787489",2.176489962435658,80e4a2fda3c6f30dc94c3214787bac72065434e756d539c953ed0adb6ea5e246,1622.3722169910116,37.26654545454546,10.098571981856017,20.016000000000005,0.4290787019354459,0.2144229001138101,0.2200224485624122,0.5655546513237775,0.9856260427514808,0.6163813639848225,2.46552545593929,1.232762727969645,0.0,79.05712605973154,2.46552545593929,1.232762727969645,3.46022826747306,6.780195003833047,0.6666666666666667,0.7170389142097068,0.9090909090909092,0.5833333333333334,0
-1323419243,-101787489,"1323419243,120511145,283490977#1,120511144#0,-101787489",0.5013943374325972,0cab3707c4684404cadfeb1f0807d61cb426951c6b6018ddcb2e095740e32ec9,576.3157785745318,41.9976,10.963214711023408,20.016000000000005,0.8025341828498233,0.8176416966371021,0.0,0.1823583033628978,0.4749507178774996,1.7351598501665446,1.7351598501665446,1.7351598501665446,0.0,32.282420178090454,1.7351598501665446,1.7351598501665446,1.2291779451899898,8.675799250832723,0.0,0.6930819180819181,0.875,0.3333333333333333,1
-1323419243,-101787489,"1323419243,120511145,283490977#1,-173532317#3,-101786553#2,-101786553#1,-101787498,336860316#0,336860316#1,-120511144#1,-101787489",1.2996013092061878,93b19b2b2856d90fb66280618d08e4e97021bd9ab03b3c66a22f81200fec1e51,1037.6780262643792,37.26654545454546,10.098571981856017,20.016000000000005,0.4210225658557601,0.3323774525462036,0.097035672182606,0.5705868752711906,0.9126118056915692,0.9636900605865006,3.8547602423460026,2.8910701817595017,0.0,76.36526936291071,2.8910701817595017,0.9636900605865006,2.2131806754402463,10.600590666451508,0.6666666666666667,0.6637350289264164,0.9090909090909092,0.1666666666666666,2
-1323419243,-101787489,"1323419243,120511145,283490977#1,-173532317#3,-101786553#2,-101786553#1,-101787498,336860316#0,101784793,102036177,-120511144#2,-120511144#1,-101787489",1.6879311839926754,9d27065d1f1ff3c6651a567b6e4bad84fa565a4db0a71fcaae86a34bfc664692,1309.2602096395826,37.68646153846154,10.135495585773338,20.016000000000005,0.4295030235356089,0.3592457243831625,0.0769073894145173,0.5638468862023202,0.888125356423704,0.763790110351924,3.055160441407696,2.291370331055772,0.0,83.02330877205735,2.291370331055772,0.763790110351924,2.792416647318417,9.929271434575012,0.7142857142857143,0.7100125898648887,0.9166666666666666,0.4166666666666667,3
-1323419243,-1323419242#1,"1323419243,-162276533#2,-162276533#1,-162276533#0,-1323419242#1",0.5230646038112869,122fd4b9dbbeff2902890dcc092522de0defe924cab1e3fd183cb7e80d37ec50,502.1877975436802,46.000800000000005,8.95142732752716,20.016000000000005,0.9826624648921628,0.0173375351078372,0.9826624648921628,0.0,0.0874880136714011,1.991286934671128,1.991286934671128,1.991286934671128,0.0,27.97226009575268,1.991286934671128,0.0,1.080540475284544,9.95643467335564,0.0,0.8215824766908358,0.9166666666666666,1.0,1
-1323419243,-1323419242#1,"1323419243,120511145,283490977#1,120511144#0,120511144#1,-336860316#1,101784793,102036177,120511144#3,120511144#4,71223798,282689985#0,282689985#1,-1323419242#1",1.4972227191812648,b1518611da2b99fa476617213700e7d4f9704217050e0e6b1a9980872f840ee1,1255.7919314959345,41.4257142857143,10.279268661718124,20.016000000000005,0.7320109229754292,0.5855763906671706,0.0134999838505681,0.4009236254822613,0.7379325044553764,0.7963102604177208,3.185241041670883,1.5926205208354416,0.0,80.3129173771335,3.185241041670883,0.7963102604177208,2.702044966353621,11.14834364584809,0.8823529411764706,0.517768691498638,0.8888888888888888,0.3333333333333333,2
-1323419243,-1323419242#1,"-1323419243,1323419243,120511145,283490977#1,-173532317#3,-101786553#2,-101786553#1,-101787498,336860316#0,336860316#1,120511144#2,120511144#3,120511144#4,71223798,282689985#0,282689985#1,-1323419242#1",2.029844061454676,59c3a3a0ef09e295084ae17dff891c9d67e85cd16118784ba8268f703f065790,1525.3347324579856,39.40729411764706,10.298147040637376,20.016000000000005,0.5628707809224767,0.3820079286503222,0.0771273039806646,0.5408647673690132,0.8976425897568806,0.6555938042455507,3.277969021227753,1.966781412736652,0.0,83.53793566987571,2.6223752169822028,0.6555938042455507,3.3176990337753582,11.14509467217436,0.9,0.5546284562608796,0.9,0.5833333333333334,3
-1323419243,868087112,"-1323419243,1323419243,-162276533#2,100488715#0,100488715#1,100488715#2,100488715#3,101418592,101418584#2,101418584#3,101418584#4,416373452,-100525445,526438862#0,526438862#1,526438862#2,1200809292,868087112",2.1301509084555343,f8d18b6ae35f59a3522ec09a456ae4f1871f23ec10ce6e38cf13fdeb4a9a8caf,1429.656965195668,33.324000000000005,7.675785608384485,20.016000000000005,0.3384517143990816,0.1348673409254537,0.2459887144783243,0.6191439445962219,0.9120219487997424,1.398936981869824,2.098405472804736,1.398936981869824,0.0,56.006224012676526,2.098405472804736,0.0,2.649130661306908,12.590432836828416,0.7272727272727273,0.7140456430117434,0.9310344827586208,0.5,0
-1323419243,868087112,"-1323419243,-16648700,42762427,659281081#0,659281081#1,526438862#0,526438862#1,526438862#2,1200809292,868087112",0.9490396158463386,45a94b08ed4f9a9cba05f4be2393239dfec2eb054b0e8f07b616909e6ec0484f,563.5788413123133,29.988,0.0,0.0,0.0,1.0,0.0,0.0,-0.0,0.0,0.0,0.0,0.0,17.49245990977805,0.0,0.0,1.044302252169934,17.743746334966456,0.0,0.6713973615750397,0.935483870967742,0.3333333333333333,1
-1323419243,868087112,"-1323419243,1323419243,120511145,47374680#0,101749458#0,101749458#1,-101415865#0,47374680#2,47374680#3,47374665#0,47374666,659281081#0,659281081#1,526438862#0,526438862#1,526438862#2,1200809292,868087112",2.557250511446038,0ab84dcd0226e9c215533b12406ac8d48cf6c4ca03782ffa9d61fc42f07ab8d6,1258.7854940669658,31.660000000000007,9.852564431778813,39.99600000000001,0.2219137267318578,0.3852770557020147,0.0,0.4212406614725704,1.049466481303456,1.5888330533094008,2.3832495799641014,1.5888330533094008,0.0,70.20986263560175,2.3832495799641014,1.5888330533094008,2.332508657337088,14.299497479784607,0.6,0.6492841924699653,0.90625,0.25,2
-1323419243,868087112,"1323419243,120511145,283490977#1,-173532317#3,-101786553#2,-101786553#1,-101786553#0,-101786554#3,-101786554#2,-101786554#1,-101786554#0,101765339#3,101765339#4,101765339#5,101765339#6,173532317#1,-101415865#2,-101415865#1,-101415865#0,47374680#2,47374680#3,47374665#0,47374666,659281081#0,659281081#1,526438862#0,526438862#1,526438862#2,1200809292,868087112",4.264716708868132,e5bf473fe4ff76e5420d5dec9b0d6f14629dc0f4b4796eb5d0e0b52fde62af73,2310.107604853537,31.658400000000007,8.340791170609904,39.99600000000001,0.1656295920859624,0.2595638940130801,0.0548375678046739,0.5801693839437638,1.0623519911837795,0.865760536781057,2.597281610343171,1.731521073562114,0.0,89.99964350965902,2.1644013419526424,0.865760536781057,4.34525260563359,12.986408051715854,0.7878787878787878,0.7748002417416516,0.9555555555555556,0.8333333333333334,3
-1323419247,282479125#1,"1323419247,-1323419247,-120511142#2,75421017,619185406,619184994,1164659927#1,1164659928,1164659929,120512822,282479125#0,282479125#1",1.6402160864345736,9ba81fa99f6c42ac3c9d4d7c90acfec736426ad9a46bde1d19d55fa7c2d8b1f3,998.4157608580634,29.988,0.0,0.0,0.0,0.0,0.2145509393811097,0.7854490606188903,0.5199242327451591,0.0,1.0015867529380496,0.0,0.0,96.23198899814555,1.0015867529380496,0.0,4.4895740312925945,12.019041035256596,0.3076923076923077,0.4462394408918473,0.7272727272727273,0.1666666666666666,0
-1323419247,282479125#1,"-1323419247,-120511142#2,75421017,619185406,619184994,1164659927#1,1164659926,120512822,282479125#0,282479125#1",1.510944377751101,cb4b03c487bb1d83a131fb77a871f988eb4f15fc11a361134a028818595e6c76,904.7800973202616,29.988,0.0,0.0,0.0,0.0,0.2367548092839839,0.7632451907160162,0.5473103049273014,0.0,1.1052409341913652,0.0,0.0,80.21872514091788,1.1052409341913652,0.0,3.5195679470560246,11.052409341913652,0.0,0.4677436984080787,0.782608695652174,0.3333333333333333,1
-1323419247,282479125#1,"1323419247,868087112,526439431#0,526439431#1,623959719,619185406,619184994,1164659927#1,1164659926,120512822,282479125#0,282479125#1",1.6298119247699077,347229200bb625ad7a103a1f01a69cbacfde330230a8283e0757eb6697a9a23c,988.2133360570572,29.988,0.0,0.0,0.0,0.1493647806584636,0.216765987230752,0.6338692321107844,0.9044072733626132,2.0238544927757625,3.035781739163644,1.0119272463878812,1.0119272463878812,86.03479175163883,3.035781739163644,1.0119272463878812,4.443696809359071,12.143126956654577,0.5333333333333333,0.4890813099087797,0.7,0.5833333333333334,2
-1323419247,282479125#1,"1323419247,868087112,526439431#0,526439431#1,623959719,619185406,619184994,1164659927#1,1164659928,1164659929,120512822,282479125#0,282479125#1",1.6411564625850337,e1880f97928fda7c1241eda49d4a835a8b9594fa0079650f6e5004939c6cbce5,1006.6648146370462,29.988,0.0,0.0,0.0,0.1466270262333046,0.2127928147188068,0.6405801590478887,0.8960893893656776,1.986758622055447,2.9801379330831703,0.9933793110277236,0.9933793110277236,89.79467356153887,2.9801379330831703,0.9933793110277236,4.526667533900194,12.913931043360405,0.6470588235294117,0.4987270528045929,0.7727272727272727,0.6666666666666666,3
-1323419247,464265154,"1323419247,-1323419247,1323419246,184568063,1323419245,42762427,659281081#0,659281081#1,526438862#0,526438862#1,526438862#2,101418589,625955757,71324347#2,71324347#3,71324347#4,71324347#5,-47374665#1,-47374680#3,-47374680#2,-47374680#1,-47374680#0,-283490977#0,-162276533#2,100488715#0,100488715#1,100488715#2,100488715#3,101418592,101418584#2,101418584#3,101418584#4,101418587,464265154",5.9275423232363,4c74cada1aa25f6ec304e3ecab536c8c2ce90553a9eaa232153eb11120a7577d,3108.728326773178,29.40670588235294,9.826427975584938,39.99600000000001,0.184605899573487,0.2812127765281572,0.1131264755381515,0.4427744333719745,1.259605836901578,1.2866997625848997,1.9300496438773491,0.9650248219386748,0.0,110.04271413715917,1.9300496438773491,0.3216749406462248,51.4510969083263,10.936947981971644,0.8857142857142857,0.5943049730327431,0.8974358974358975,0.6,0
-1323419247,464265154,"-1323419247,1323419246,-416373452,101418587,464265154",0.5095959622149796,06282c78809aeb697f7c62762b816d503d5b5bfe259d09104b52c3d5df677815,483.5194293636876,37.9944,10.963214711023408,20.016000000000005,0.2072801362303196,0.3433376088999678,0.0,0.6566623911000322,0.6432245127158362,8.272676871049438,4.136338435524719,2.0681692177623594,0.0,69.75859463497534,4.136338435524719,0.0,3.571413502302468,10.340846088811796,0.0,0.7609899692584157,0.9142857142857144,0.9,1
-1323419247,464265154,"-1323419247,1323419246,-100525445,526438862#0,526438862#1,526438862#2,101418589,625955757,71324347#2,71324347#3,71324347#4,71324347#5,47374666,659281081#0,1323419244,1323419245,16648700,1323419243,-162276533#2,100488715#0,100488715#1,100488715#2,100488715#3,101418592,101418584#2,101418584#3,101418584#4,101418587,464265154",4.435004137667208,544f164e1858ea67f5c519509fb0f46b483ba33155a7a6511a0dbfb8a0c7dc2f,2481.049793873849,28.96137931034483,9.386466201070688,39.99600000000001,0.1778658968050472,0.2312348608650618,0.1417462397900371,0.4507961668577122,1.2806253248700274,4.030551915842951,3.627496724258656,2.0152759579214754,0.0,114.03619195228354,3.627496724258656,0.8061103831685902,18.325747003355623,11.688600555944555,0.8666666666666667,0.4675144168502803,0.9142857142857144,0.2,2
-1323419247,464265154,"1323419247,868087112,526439431#0,526439431#1,42762429,1323419246,-100525445,526438862#0,526438862#1,526438862#2,101418589,625955757,71324347#2,71324347#3,71324347#4,71324347#5,47374666,659281081#0,1323419244,1323419245,16648700,1323419243,-162276533#2,100488715#0,100488715#1,100488715#2,100488715#3,101418592,101418584#2,101418584#3,101418584#4,101418587,464265154",4.963355478203421,b13d7894307106c8b842d1287a1eacea2a8f2dad930ebc5f732e53312f7093c3,2799.1112659589808,29.08581818181818,8.786825598070621,39.99600000000001,0.1576550928761174,0.3185892203771759,0.1256396926018511,0.3995724466059285,1.2815926423799515,3.572562520687787,3.2153062686190084,1.7862812603438936,0.3572562520687787,106.37552985244758,3.2153062686190084,0.7145125041375574,46.32677090555921,11.789456318269698,0.9142857142857144,0.505552392847938,0.9142857142857144,0.4,3
-173532317#1,-1323419243,"173532317#1,173532317#2,173532317#3,-283490977#1,-283490977#0,-1323419243",0.6736261099112071,04918246921bee2d03d274a0a299246646f4ca58854040a4d6a8f6dd980ea8e5,647.5954017115198,46.668000000000006,8.171497781924684,20.016000000000005,0.9865553421972574,0.4086628714789032,0.5913371285210968,0.0,0.6763681814560195,1.5441740280383642,1.5441740280383642,0.0,0.0,29.481026689692744,1.5441740280383642,0.0,1.1222056696057816,9.265044168230183,0.0,0.7493595253762719,0.9473684210526316,0.6666666666666666,1
-173532317#1,-1323419243,"-173532317#1,173532317#1,-101415865#2,-101415865#1,-101749458#1,-101749458#0,-47374680#0,-283490977#0,-1323419243",0.8056871272627122,b24c1ae0f8b4bd0bc8f0d1ec13a65bf86855f3ff72bcdc65cc643afa18c41bc5,643.3075549152863,41.108,10.549358274321715,20.016000000000005,0.5150251584518737,0.2196494354515121,0.0807977379746055,0.6995528265738823,0.7861590414967647,1.554466432671826,3.108932865343652,1.554466432671826,0.0,48.67043608886567,3.108932865343652,0.0,1.154220714705379,13.990197894046434,0.75,0.6401303784179859,0.9583333333333334,0.0833333333333333,2
-173532317#1,-1323419243,"-173532317#1,173532317#1,-101415865#2,-101415865#1,-101749458#1,-101749458#0,-47374680#0,283490977#1,120511144#0,120511144#1,-336860316#1,101784793,102036177,120511144#3,120511144#4,71223798,282689985#0,282689985#1,162276533#0,162276533#1,162276533#2,-1323419243",2.546559905459664,3fc909446e90937484715b58439cd27ca0c0593422dc7834eeeccb422230cede,2084.7766598474923,41.81563636363637,10.072777375279776,20.016000000000005,0.6930991151616137,0.2891276919947117,0.2535071183480928,0.4573651896571956,1.0644631221608023,0.479667687795945,3.357673814571615,1.439003063387835,0.0,88.84267596382584,3.357673814571615,0.479667687795945,3.7405007728335113,10.55268913151079,0.9230769230769232,0.8361849434885901,0.972972972972973,0.9166666666666666,3
-282689975#2,-101594836#0,"282689975#2,-282689975#2,-282689975#1,-282689975#0,-352797377,-282689981#1,-282689981#0,-679068326#3,-679068326#2,-679068326#1,-679068326#0,-1006827381,101417074,71324343#8,71324343#9,71324343#11,659283000#7,101594822,-101594843,101594812#1,-336863934,-101594809#0,-101594836#0",3.2427016018790527,539d646b59d65da1cb4fe546967b947b99d7ac0ad40c58a9a9354bd7090b3590,2163.203125700245,36.95008695652175,9.747486827210404,20.016000000000005,0.3169699275496787,0.005013877806221,0.0,0.9949861221937788,0.0315525060674634,0.0,0.9245548770888472,0.4622774385444235,0.4622774385444235,65.63700179057159,0.9245548770888472,0.4622774385444235,2.539963220460625,10.63238108652174,0.5517241379310345,0.4763071974683274,0.9444444444444444,0.5833333333333334,0
-282689975#2,-101594836#0,"-282689975#2,-282689975#1,-282689975#0,-352797377,-282689981#1,-282689981#0,-679068326#3,-679068326#2,-679068326#1,-679068326#0,-1006827381,101417074,71324343#8,71324343#9,71324343#11,659283000#7,101594822,-101594843,101594812#1,101594812#2,-101594836#1,-101594836#0",2.8875145594594933,1ee715fcab29f7b8c2213f24b1a9ad2d1fcc34adb7c75cdde428538e41dd3958,1947.387542623092,36.35672727272729,9.54225359316989,20.016000000000005,0.3110900697019013,0.0055695314388665,0.0,0.9944304685611334,0.0344623357178554,0.0,1.0270169425578437,0.5135084712789217,0.5135084712789217,62.25582699183013,1.0270169425578437,0.5135084712789217,2.194955091484116,11.29718636813628,0.4230769230769231,0.4484482356505779,0.9433962264150944,0.1666666666666666,1
-282689975#2,-101594836#0,"-282689975#2,-282689975#1,-282689975#0,-282689986,-224715833,-224715836,-101749453,-1006827381,101417074,71324343#8,71324343#9,71324343#11,659283000#7,101594822,-101594843,101594812#1,101594812#2,-101594836#1,-101594836#0",1.680307428947101,dd8205b17061b3f5e0d82d57902bc4b538a360383925222b147f0b92eb457213,1207.4704181167874,36.30884210526317,9.558979729745444,20.016000000000005,0.3280251342887089,0.0089824446044916,0.0,0.9910175553955084,0.0512716004610084,0.0,1.6563552779365551,0.8281776389682776,0.8281776389682776,51.678297092730126,1.6563552779365551,0.8281776389682776,1.3609737579464731,15.735375140397274,0.0,0.4480627492689644,0.8478260869565217,0.0833333333333333,2
-282689975#2,-101594836#0,"-282689975#2,-282689975#1,-282689975#0,-352797377,-282689981#1,-282689981#0,-679068326#3,416375814,71324343#1,71324343#2,71324343#3,-463830227,416376585#0,416376585#1,-1164659923,659283000#1,659283000#2,659283000#3,659283000#4,659283000#6,659283000#7,101594822,-101594843,101594812#1,101594812#2,-101594836#1,-101594836#0",3.1115941985145392,7f89565e306b57fef8cd46bf3d06016cca30df9ea0f464c53606a02fee320206,2204.505955584544,39.625333333333344,10.191648345581791,20.016000000000005,0.3932388265773188,0.133588227060782,0.0,0.8664117729392181,0.3931512968891947,0.0,0.9072327497839228,0.4536163748919613,0.0,69.21364601304793,0.9072327497839228,0.4536163748919613,2.484760462675856,12.247642122082956,0.7222222222222222,0.7072884779670668,0.9482758620689656,0.9166666666666666,3
-282689975#2,-101752970#2,"-282689975#2,-282689975#1,-282689975#0,-352797377,-120511301,101411571#0,-47374680#8,-47374680#7,-47374680#6,101746498#0,101746498#1,101746498#2,-101746514,101749449#1,-101749458#1,-101749458#0,-47374680#0,283490977#1,120511144#0,-101752970#2",3.926519592718297,026c037e05feeff57e18cbdca1cadf0e7a9ef801c137b3a5e3545149c030d616,2796.6490671909487,38.99520000000001,10.216522395249354,20.016000000000005,0.4327646462153991,0.11796891987773,0.0,0.8820310801222699,0.3628585773592119,0.0,0.7151415683373064,0.3575707841686532,0.0,53.08040115726795,0.7151415683373064,0.0,1.4305032173013676,7.151415683373064,0.48,0.6048734577081554,0.813953488372093,0.4166666666666667,0
-282689975#2,-101752970#2,"-282689975#2,-282689975#1,-282689975#0,-352797377,-120511301,101411571#0,-47374680#8,-47374680#7,-47374680#6,-47374680#5,-47374680#4,-47374680#3,-47374680#2,-47374680#1,-47374680#0,283490977#1,120511144#0,-101752970#2",3.013480323734965,caa19cebd01d950376a289d4e16170b4b9f2cd19dbe79844751dc614eba5d8bd,2070.768001360804,36.66,9.709186141454484,20.016000000000005,0.2608454720413706,0.1593214061240912,0.0,0.8406785938759087,0.4385429008876126,0.0,0.9658252390831332,0.4829126195415665,0.0,25.756290955652016,0.9658252390831332,0.0,1.059210582758862,8.692427151748198,0.0,0.5481139764653318,0.8048780487804879,0.25,1
-282689975#2,-101752970#2,"-282689975#2,-282689975#1,-282689975#0,-352797377,-120511301,101411571#0,-47374680#8,-47374680#7,-47374680#6,-47374680#5,-47374680#4,47374665#0,47374666,-42762427,16648700,1323419243,120511145,283490977#1,120511144#0,-101752970#2",4.114763682301135,b97f0c6013762616c21ce3ee9025779829fecd1103d824c4268482a997e6fea6,2344.1050306861816,35.496,11.912756753736067,39.99600000000001,0.2869947765499177,0.2948330452781484,0.0,0.6012668786624187,0.901231089949044,0.8532040901830014,1.279806135274502,0.8532040901830014,0.0,35.311878570102266,1.279806135274502,0.0,1.1990241562403197,8.532040901830014,0.4166666666666666,0.5218103416379278,0.725,0.0833333333333333,2
-282689975#2,-101752970#2,"-282689975#2,-282689975#1,-282689975#0,-352797377,-120511301,120509990,71324347#0,71324347#1,71324347#2,71324347#3,71324347#4,71324347#5,47374666,659281081#0,1323419244,76867740,1323419243,120511145,283490977#1,120511144#0,-101752970#2",3.902667445175728,1b21809728734d0135e2e01c5e075cad6e908ae5a174554e86902774e5784d53,2442.4307189037445,33.336,12.777276892984675,29.988000000000007,0.3269341683864293,0.2136731651874462,0.0,0.6269223967225325,0.9152099625825462,1.6377127789300618,2.0471409736625774,1.2282845841975465,0.0,37.84927261484224,1.6377127789300618,0.8188563894650309,1.24931835117121,8.597992089382824,0.7419354838709677,0.630333696424103,0.7941176470588236,0.8333333333333334,3
-282689975#3,-1200809291,"-282689975#3,-282689975#2,-282689975#1,-282689975#0,-282689986,-224715833,-224715836,-101749453,679068326#0,679068326#1,679068326#2,679068326#3,101411570,282689981#1,-120511301,120509990,71324347#0,71324347#1,71324347#2,71324347#3,101418583,526438862#2,101418589,-1200809291",3.4266954234444325,22e9922053ecd0649c2e60718349c1c67b38f2c07979ee119a7334197a6c7e7d,1965.6658238187729,32.5005,14.217231788893734,39.99600000000001,0.3135611666541145,0.0155672450846904,0.0,0.8246815537641423,0.5167696317276559,1.01746694466841,1.5262004170026149,1.01746694466841,0.0,67.16651694434721,1.5262004170026149,0.508733472334205,1.8198195955891636,12.20960333602092,0.4399999999999999,0.7073377448463906,0.86,0.9166666666666666,0
-282689975#3,-1200809291,"282689975#3,-282689975#3,-282689975#2,-282689975#1,-282689975#0,-352797377,-120511301,120509990,120509991,282689983#0,101418595,526439431#1,42762429,1323419246,-100525445,526438862#0,526438862#1,526438862#2,101418589,-1200809291",3.1951050177828635,6cd64d749e5c874600cfd971b960681806e529675fd33973b66d8fa9ba22fd3e,2011.948386502787,35.99640000000001,13.141948579383422,39.99600000000001,0.240062197041638,0.2545471727290485,0.0,0.7196336546527443,0.6794692329167843,1.9881225715501027,1.9881225715501027,0.9940612857750514,0.4970306428875257,110.14255089700268,1.9881225715501027,0.4970306428875257,1.9469558594614285,9.940612857750514,0.6,0.513423071181692,0.7428571428571429,0.0833333333333333,1
-282689975#3,-1200809291,"-282689975#3,-282689975#2,-282689975#1,-282689975#0,-352797377,-120511301,120509990,71324347#0,71324347#1,71324347#2,71324347#3,101418583,526438862#2,101418589,-1200809291",2.8194102055415766,8b1a2077d7257675da0da1aa09fc8ac772b1695354f3f1d92fe0b4fd181095a0,1477.7389998214692,30.004800000000003,16.032470138530037,39.99600000000001,0.259057047241527,0.0207073113978067,0.0,0.7667940833310423,0.6130220517848515,1.3534189733380706,2.0301284600071057,1.3534189733380706,0.0,67.35370315231339,2.0301284600071057,0.6767094866690353,1.3680954089220494,10.150642300035528,0.0,0.5703003299476653,0.8,0.5833333333333334,2
-282689975#3,-1200809291,"282689975#3,-282689975#3,-282689975#2,-282689975#1,-282689975#0,-352797377,-120511301,101411571#0,-47374680#8,-47374680#7,-47374680#6,-47374680#5,-47374680#4,47374665#0,47374666,659281081#0,659281081#1,526438862#0,526438862#1,526438862#2,101418589,-1200809291",3.762923240834784,7d7379621e82b82b8b3b458210f8d5d188781d6694af216e8b84a0cc1739b281,1926.5104152285155,32.26909090909092,13.068335511416942,39.99600000000001,0.1577299045119941,0.1409601383874488,0.0,0.705653961731713,0.8097600961416334,1.0381464767543276,1.5572197151314917,1.0381464767543276,0.0,98.78597863914436,1.5572197151314917,0.0,1.8642778146821173,11.419611244297604,0.6785714285714286,0.5748151697520615,0.7894736842105263,0.6666666666666666,3
-282689981#0,-352797377,"101411570,282689981#1,352797377",0.2313894888408927,33ec266e0824aff223613808d829f7c0074253bb301605abd85f755d275ca5eb,727.07785634947,43.332,11.556242988099552,20.016000000000005,0.3048298359860307,0.0,0.0,1.0,-0.0,0.0,0.0,0.0,0.0,50.57461799858624,0.0,0.0,1.505937529213142,4.126105579755202,0.0,0.8980214230214231,1.0,1.0,1
-282689981#0,-352797377,"-282689981#0,-679068326#3,416375814,71324343#1,71324343#2,101416509,101416508#1,101416508#2,-679068326#0,101749453,224715836,224715833,282689986,-352797377",1.6531408963873528,76fbe15f452e1e6cb9dd42cdf1449888562086aaa5fcd646fb459d35ae93357a,1651.698045679837,38.56628571428572,10.279268661718122,20.016000000000005,0.2836561103731524,0.0,0.0,1.0,-0.0,0.0,0.0,0.0,0.0,74.0929944936251,0.0,0.0,14.863000715831328,8.476125546444912,1.0,0.5374755962991257,1.0,0.6666666666666666,3
-282689981#1,-619184994,"-282689981#1,-282689981#0,-679068326#3,-679068326#2,-101415864#1,-101415864#0,71324343#2,101416509,101416508#1,101416508#2,-679068326#0,101749453,224715836,224715833,282689986,-352797377,-120511301,120509990,120509991,282689983#0,101418595,526439431#1,623959719,619185406,619184994",4.055029139085439,cf29d7e3ff5c0af61d84463bcd23aa7865552a4ef42503690b6b793bd17d6368,2743.772848194474,38.79504000000001,10.14056206726235,20.016000000000005,0.2806963089110991,0.0232084383467523,0.0,0.9767915616532477,0.1102759228692964,0.7289233149588494,0.7289233149588494,0.3644616574794247,0.3644616574794247,79.03436770584379,0.7289233149588494,0.3644616574794247,5.214889875411372,9.111541436985618,0.7666666666666666,0.7770049745570676,0.8857142857142857,0.9166666666666666,0
-282689981#1,-619184994,"282689981#1,-120511301,120509990,120509991,282689983#0,282689983#1,71324342,416428068,-697042776#1,623959719,619185406,619184994",1.3002526424536698,58669ab7cbaba899ba4432554a84b4df8f0f2a40b8daf0429f47e19ccd23b1f8,1104.202207124887,41.664,10.30681186929746,20.016000000000005,0.4487375397990179,0.0125631818236156,0.0,0.9874368181763844,0.0674727886155716,0.0,1.811262454553124,0.905631227276562,0.905631227276562,75.96652195049019,1.811262454553124,0.0,2.6543944962181047,10.867574727318743,0.0,0.605911750944118,1.0,0.75,1
-282689981#1,-619184994,"282689981#1,-120511301,120509990,120509991,282689983#0,282689983#1,71324342,416428068,697042776#2,42762428#1,42762428#4,1197063689,1164653914,-619184994",1.4347664479758784,09be22a9eb9248dfe7cd4d804a0d0f10288743626e67f0111fc7b6b195dfe1af,1169.847410902211,39.996,10.385792425602023,20.016000000000005,0.4235569333642664,0.1764004740837159,0.0,0.823599525916284,0.4658912330488223,0.0,1.709624675287829,0.8548123376439145,0.0,67.66761781205481,1.709624675287829,0.8548123376439145,2.7017521514279608,11.967372727014803,0.5555555555555556,0.568502081853475,0.9375,0.4166666666666667,2
-282689981#1,-619184994,"282689981#1,-120511301,120509990,120509991,282689983#0,101418595,526439431#1,687927789#0,416428068,697042776#2,42762428#1,42762428#4,1197063689,1164653914,-619184994",1.6871263408171044,4bf50812e3da46dbc0cbccdf0354803a40169eaa14712a8434447680697a4fcb,1294.566003389656,37.99440000000001,10.149964537587596,20.016000000000005,0.3336839279913579,0.2085952513556714,0.0,0.7914047486443289,0.512089526351301,1.5449192970951309,3.0898385941902613,1.5449192970951309,0.7724596485475653,75.0790014245299,3.0898385941902613,0.7724596485475653,2.989788627327114,11.586894728213482,0.7142857142857143,0.5431475301444342,0.9393939393939394,0.1666666666666666,3
-282689985#1,-101608959,"282689985#1,162276533#0,162276533#1,162276533#2,-1323419243,-16648700,42762427,659281081#0,659281081#1,100525445,-416373452,101418587,464265154,120511142#1,75421017,619185406,619184994,1164659927#1,1164659928,-372606529#8,-372606529#7,-372606529#6,-372606529#5,-372606529#4,-372606529#3,-372606529#2,-372606529#1,-372606529#0,-101607965,101607964#1,101607969#0,101607966#0,-101608828,-101609498#2,-101608827,336863927#3,101609498#0,-101608959",4.893465089419498,9491538dedc8f99639424e2def42b2f8cc6e3455be27160c789ef6da0b0f1a97,3248.079124358348,34.20189473684211,8.269709481447286,20.016000000000005,0.2679047640259892,0.1195100828089542,0.1467106895902074,0.7337792276008382,0.7626017603312251,1.8472456397395456,0.9236228198697728,0.3078742732899243,0.0,59.85053790417636,0.9236228198697728,0.3078742732899243,1.9395045207076564,11.699222385017125,0.5849056603773585,0.4457653354728403,0.7424242424242424,0.3333333333333333,0
-282689985#1,-101608959,"-282689985#1,282689985#1,162276533#0,162276533#1,100488715#0,100488715#1,100488715#2,100488715#3,101418592,101418584#2,101418584#3,101418584#4,101418587,464265154,120511142#1,75421017,619185406,619184994,1164659927#1,1164659928,-372606529#8,-372606529#7,-372606529#6,-372606529#5,-372606529#4,-372606529#3,-372606529#2,-372606529#1,-372606529#0,-120512823#1,-120512823#0,-101609498#5,-101609498#4,-101609498#3,-101609498#2,-101609498#1,-101608959",4.255365040184541,ce745e0a8bb3199df2eb14573ee1f17f6c7bb68c378feca979fc15efaa77a31a,2734.439115217206,33.77481081081081,7.94757851954445,20.016000000000005,0.149438837974147,0.0,0.0456577908317363,0.9543422091682638,0.1855257089198133,1.4628228428052843,0.7314114214026423,0.3657057107013211,0.0,60.68706387716912,0.7314114214026423,0.3657057107013211,1.6689586369275202,13.53111129594888,0.0,0.4991715621108769,0.7761194029850746,0.6666666666666666,1
-282689985#1,-101608959,"282689985#1,162276533#0,162276533#1,162276533#2,-1323419243,-16648700,42762427,659281081#0,659281081#1,100525445,-416373452,101418587,464265154,120511142#1,120511142#2,1323419247,868087112,526439431#0,526439431#1,623959719,619185406,619184994,1164659927#1,1164659928,-372606529#8,-372606529#7,-372606529#6,-372606529#5,-372606529#4,-372606529#3,-372606529#2,-372606529#1,-372606529#0,-120512823#1,-120512823#0,-101609498#5,-101609498#4,-101609498#3,-101609498#2,-101609498#1,-101608959",4.634663152518027,66c2bbcd625d6d38d5638df47621d6206488b238e8fd04abaa53408d5398ae5c,3113.320057046579,33.89356097560975,8.030772659118115,20.016000000000005,0.2476199601625705,0.1720936053758306,0.1530610150728363,0.6748453795513328,0.8555166474248292,2.56960410539645,1.6060025658727812,0.6424010263491124,0.3212005131745562,62.746165816160286,1.6060025658727812,0.6424010263491124,1.8590367087330468,13.169221040156806,0.4705882352941176,0.4895126426650505,0.7272727272727273,0.5,2
-282689985#1,-101608959,"282689985#1,162276533#0,162276533#1,162276533#2,-1323419243,-16648700,42762427,659281081#0,659281081#1,100525445,-416373452,101418587,464265154,120511142#1,75421017,-282689984#1,-282689984#0,-134065887,100475363,282479151#1,100475362,-659278038#3,-659278038#2,-659278038#1,-659278038#0,-100525438#2,-100525438#1,-101601553#1,-101601553#0,101600741#4,100468681#3,100468681#4,101607105,101607099,101607107,101607098#1,101607098#2,-120512823#1,-120512823#0,-101609498#5,-101609498#4,-101609498#3,-101609498#2,-101609498#1,-101608959",5.29995292573473,71c45bc13fc77aa268070e1141fc5d9e5d525ffdeedaaf3acf93ce883098be21,3607.8107745747934,37.1048,9.6895517712262,20.016000000000005,0.3099909957358511,0.1075938371983633,0.167050667934802,0.7253554948668345,0.7717058696255346,1.663058396045492,1.3858819967045766,0.5543527986818306,0.0,76.27183459484979,1.3858819967045766,0.5543527986818306,2.154308758881581,12.47293797034119,0.7761194029850746,0.7798526279028398,0.9397590361445785,1.0,3
-282689986,-282690560#0,"-282689986,282689986,282689975#0,282689975#1,282689975#2,282689975#3,-282690560#1,-282690560#0",0.6717770045383165,ed9ad6e5ec3404e544c41235911888793a0eff8bf79f914ca0677ee763d3852e,664.0127466903917,45.0,9.265607558523698,20.016000000000005,0.7277436760580317,0.0,0.0,1.0,0.6535887461071148,0.0,1.5059951860626983,0.0,0.0,62.34418343574912,1.5059951860626983,0.0,1.953102802529128,12.047961488501588,0.125,0.125,0.125,0.75,0
-282689986,-282690560#0,"282689986,282689975#0,282689975#1,282689975#2,282689975#3,-282690560#1,-282690560#0",0.5144340673634464,263a19d8a925bb34a0de6fba564068368fc981a5dbc4fba3d91a919b98c55bc0,573.6219119581241,47.14457142857144,7.565336891752694,20.016000000000005,0.8424208823827731,0.0,0.0,1.0,0.6793293115125043,0.0,1.7433085786182496,0.0,0.0,46.140212344320354,1.7433085786182496,0.0,1.558598117930737,12.203160050327748,0.0,0.125,0.125,0.75,2
-297823017,-101746498#2,"-297823017,297823019#1,297823023#0,-297823018,-297823020#1,1047412912#1,-659283000#11,-659283000#10,-659283000#8,101594822,101594815#0,659283000#6,-71324343#11,-71324343#10,-71324343#8,-71324343#7,-71324343#6,-71324343#5,-71324343#4,-71324343#3,-71324343#2,-71324343#1,-416375814,679068326#3,101411570,282689981#1,-120511301,101411571#0,-47374680#8,-47374680#7,-47374680#6,101746498#0,101746498#1,101746498#2",3.7653093778908246,013dff2e9f4663e3e21b5a11f0b3ee701f15a825546321759b1924d4c63a015f,2695.1110795728955,35.28635294117648,8.963386487606304,20.016000000000005,0.2240915484721076,0.0821591454212317,0.0,0.9178408545787684,0.2840113402731232,0.0,1.4841688828031143,0.7420844414015572,0.7420844414015572,50.9343748127782,1.4841688828031143,0.0,1.70958093025486,12.615435503826472,0.7254901960784313,0.840570728607413,1.0,1.0,0
-297823017,-101746498#2,"297823017,372606529#1,101594836#0,101594836#1,101594812#3,101594812#0,101594843,101594815#0,-659283000#5,-659283000#3,-659283000#2,-659283000#1,1164659923,416376585#2,1164659921,463830227,-71324343#3,-71324343#2,-71324343#1,-71324343#0,463830226#1,101411570,282689981#1,-120511301,101411571#0,-47374680#8,-47374680#7,-47374680#6,101746498#0,101746498#1,101746498#2",3.6983597326619626,65f4ae186b3ae60f6b9dd499726edb1c6df1c186d7cbc14eee32e59f5b855623,2624.336925630988,35.15341935483872,8.903171303058983,20.016000000000005,0.1945905425293576,0.1029623470680723,0.0,0.8970376529319278,0.3315435840019488,0.0,0.7620972674913401,0.38104863374567,0.0,53.5547815353701,0.7620972674913401,0.38104863374567,1.5768701405933905,11.81250764611577,0.0,0.6870924771571086,0.9710144927536232,0.5833333333333334,1
-297823017,-101746498#2,"297823017,372606529#1,372606529#2,372606529#3,372606529#4,372606529#5,372606529#6,372606529#7,372606529#8,1164659929,120512822,282479125#0,282479125#1,120511930,-42762428#0,-697042776#1,42762429,1323419246,-100525445,526438862#0,526438862#1,526438862#2,101418589,625955757,71324347#2,71324347#3,71324347#4,71324347#5,-47374665#1,-47374680#3,-47374680#2,101415865#0,-101749449#1,101746514,-101746498#2",6.267676735532537,99acc3a59bf05f8c46a4268a3ad45547817f404339901d70790f62860294fce6,3381.3652545358937,27.707657142857137,7.304321581183604,39.99600000000001,0.1547877885094142,0.1524820421373922,0.0887811328397503,0.6089839110356944,1.0881448574429349,1.1829541321021873,1.774431198153281,0.5914770660510936,0.2957385330255468,63.83818679233692,1.774431198153281,0.2957385330255468,2.2861759591479776,10.350848655894138,0.96875,0.7872061175995086,1.0,0.8333333333333334,3
-297823017,-659283000#3,"297823017,-297823017,297823019#1,297823023#0,297823021,297823025,-297823020#1,1047412912#1,-659283000#11,-659283000#10,-659283000#8,-659283000#7,-659283000#6,-659283000#5,-659283000#3",1.966536290542135,dc28f7a47fc7d696a7f2d2ddaed6bd497da5a47491d452b979bfcd1264f66f7f,1375.3648060338212,40.6632,10.336217954358355,20.016000000000005,0.3204529491478823,0.3204529491478823,0.0,0.6795470508521175,0.627210406563481,0.0,0.7270798231952209,0.0,0.7270798231952209,57.49708028055101,0.7270798231952209,0.0,2.634154818912729,10.906197347928313,0.1875,0.5295610389193277,0.972972972972973,0.5833333333333334,0
-297823017,-659283000#3,"297823017,-297823017,297823019#1,297823023#0,-297823018,-297823020#1,1047412912#1,-659283000#11,-659283000#10,-659283000#8,-659283000#7,-659283000#6,-659283000#5,-659283000#3",1.899449455808241,17032c9cc29c28eee34aefe67d7ccc950abeebe5a75b58e4603293eec7464960,1321.9308764728771,41.4257142857143,10.279268661718124,20.016000000000005,0.3334060169800308,0.3334060169800308,0.0,0.6665939830199691,0.6365645368734769,0.0,0.7564692056124445,0.0,0.7564692056124445,56.81807794412477,0.7564692056124445,0.0,2.531815975844396,10.590568878574222,0.25,0.5118796662274923,0.9722222222222222,0.25,1
-297823017,-659283000#3,"-297823017,297823019#1,297823023#0,297823021,297823022#1,-297823020#1,1047412912#1,-659283000#11,-659283000#10,-659283000#8,-659283000#7,-659283000#6,-659283000#5,-659283000#3",1.191386230518125,6f14ced6ff604174ca0a03163e2688c186ddd34bed54c764a2b61e4b8f398691,967.4183160143488,41.4257142857143,10.279268661718124,20.016000000000005,0.4555833820301641,0.4555833820301641,0.0,0.544416617969836,0.6891963027636707,0.0,1.0336790026054954,0.0,1.0336790026054954,57.03695167567629,1.0336790026054954,0.0,2.184539455843356,14.471506036476937,0.0,0.5384007184140874,1.0,0.6666666666666666,2
-297823017,-659283000#3,"-297823017,297823019#1,297823023#0,297823021,297823025,-297823020#1,1047412912#1,-659283000#11,-659283000#10,-659283000#8,101594822,101594815#0,-659283000#5,-659283000#3",1.607969249614893,10bc49c037c1ad20ed2c4ebe91848c7c36b579f4a6c006dfc96521d7edd31dc8,1182.6655581910677,38.56628571428572,10.279268661718122,20.016000000000005,0.3521296046649259,0.3521296046649259,0.0,0.6478703953350741,0.6487549895972693,0.0,2.536642738280648,0.8455475794268824,0.8455475794268824,62.32329192289325,2.536642738280648,0.0,2.670591958171148,11.837666111976354,0.3529411764705882,0.5259574185405387,1.0,0.5,3
-297823017,101767915#1,"297823017,372606529#1,372606529#2,372606529#3,372606529#4,372606529#5,372606529#6,372606529#7,372606529#8,1164659929,120512822,282479125#0,282479125#1,120511930,-42762428#0,-697042776#1,42762429,1323419246,184568063,76867740,1323419243,120511145,283490977#1,120511144#0,120511144#1,-336860316#1,-336860316#0,101787498,-101786553#0,-101786554#3,-101786554#2,-101786554#1,-101786554#0,101765339#3,101765339#4,-101767911,101767915#1",5.447692266251352,c96b1b95f8482067eeae49b65b4eed41b908b4e4e10bd3aeb3594a0e618a2cd7,3430.094388173202,32.1518918918919,6.301038678855451,20.016000000000005,0.1582363729715906,0.3408825918509141,0.0875198766767897,0.5715975314722961,0.8997584504734577,1.1661486674511945,1.4576858343139931,0.5830743337255972,0.2915371668627986,52.62417562725855,0.8746115005883959,0.2915371668627986,1.6435921929036457,10.78687517392355,0.4545454545454546,0.5971882242799248,0.8194444444444444,0.5833333333333334,0
-297823017,101767915#1,"297823017,372606529#1,372606529#2,372606529#3,372606529#4,372606529#5,372606529#6,372606529#7,372606529#8,1164659929,120512822,282479125#0,282479125#1,120511930,-42762428#0,-697042776#1,42762429,1323419246,184568063,1323419245,16648700,1323419243,120511145,283490977#1,-173532317#3,-173532317#2,-173532317#1,-101765339#6,-101765339#5,-101767911,101767915#1",4.434586044641038,d80baa15362c79eed00cadb60de4d638118da47a219ad2d1296be4854aaba11c,2875.7958804639093,33.216387096774206,7.48354706306851,20.016000000000005,0.222160657326561,0.3890303213526748,0.2375511585418994,0.3734185201054257,1.0765701425945438,0.6954596512174466,1.3909193024348931,0.6954596512174466,0.3477298256087233,37.316756334045294,1.3909193024348931,0.3477298256087233,1.377989968384589,10.77962459387042,0.0,0.4732353749989524,0.765625,0.25,1
-297823017,101767915#1,"297823017,372606529#1,372606529#2,372606529#3,372606529#4,372606529#5,372606529#6,372606529#7,372606529#8,1164659929,120512822,282479125#0,282479125#1,120511930,-42762428#0,-697042776#1,42762429,1323419246,184568063,1323419245,16648700,1323419243,-162276533#2,-162276533#1,-162276533#0,-282689985#1,-282689985#0,-282690000,-120511144#4,101752970#0,101752970#1,101752970#2,-120511144#0,-283490977#1,47374680#0,101749458#0,101749458#1,101415865#1,101415865#2,-173532317#1,-101765339#6,-101765339#5,-101767911,101767915#1",6.372025642510422,8045dbfa6826b7c60841f3fb5dc1a5c5d8ca87555358802cc620795fc0e1504e,4231.765694338688,34.53709090909092,8.485084757407002,20.016000000000005,0.2819735746428543,0.2909349173084407,0.1896887308114174,0.5193763518801418,1.014794676644439,0.4726159585526264,2.3630797927631324,1.1815398963815662,0.2363079792763132,59.304361922666665,2.3630797927631324,0.4726159585526264,2.0277275988072128,10.397551088157782,0.4375,0.550617875618751,0.8133333333333334,0.5,3
-297823021,-101754276#1,"-297823021,297823023#1,297823019#3,297823019#4,297823017,372606529#1,372606529#2,372606529#3,372606529#4,372606529#5,372606529#6,372606529#7,372606529#8,1164659929,120512822,282479125#0,282479125#1,120511930,-42762428#0,-697042776#1,42762429,1323419246,184568063,76867740,1323419243,120511145,283490977#1,-173532317#3,-173532317#2,-173532317#1,-101765339#6,416382004,101754276#1",4.896026920487417,8e451a9159db84e34654101dcd266db5264b8b91fbdf0e60a7d2c914007ba2eb,3297.782282545797,34.23381818181818,8.309617385349888,20.016000000000005,0.3110862778845593,0.2675844530182654,0.2071539551746428,0.5252615918070916,1.0170773098523207,1.2129363485184683,1.819404522777703,0.9097022613888516,0.3032340871296171,49.19041022631439,1.2129363485184683,0.3032340871296171,1.4820253056842672,10.006724875277364,0.7358490566037736,0.6608501985908434,0.8805970149253731,0.6666666666666666,0
-297823021,-101754276#1,"297823021,297823022#1,-297823020#1,1047412912#1,-659283000#11,-659283000#10,-659283000#8,-659283000#7,-659283000#6,-659283000#5,-659283000#3,-659283000#2,-659283000#1,-659283000#0,-282479127#2,-1197063689,-42762428#4,-42762428#3,-42762428#0,-697042776#1,42762429,1323419246,184568063,1323419245,16648700,1323419243,120511145,283490977#1,-173532317#3,-173532317#2,-173532317#1,-101765339#6,416382004,101754276#1",3.921065474425911,9b3eb50767955c76e5579a3554dc8f0a1056ecc18e34345cd67fa9f4e5a49b60,2938.055244042097,40.584705882352935,10.140914188451658,20.016000000000005,0.5321813403056129,0.6500500997814405,0.1303403692180776,0.2196095310004818,0.8784697010614411,0.6807223941944857,1.0210835912917284,0.6807223941944857,0.6807223941944857,35.92186778044161,1.0210835912917284,0.3403611970972428,1.2954247428416985,11.572280701306257,0.0,0.5119256925550325,0.9142857142857144,0.25,1
-297823021,-101754276#1,"297823021,-297823021,-297823018,-297823020#1,1047412912#1,-659283000#11,-659283000#10,-659283000#8,101594822,101594815#0,-659283000#5,-659283000#3,-659283000#2,-659283000#1,-659283000#0,-282479127#2,-1197063689,-42762428#4,-42762428#3,-42762428#0,-697042776#1,42762429,1323419246,184568063,76867740,1323419243,120511145,283490977#1,-173532317#3,-173532317#2,-173532317#1,-101765339#6,416382004,101754276#1",4.614679305847608,437901a265239a920c3f1dbe8f805fe0732c88205e22b686dd4feb51e85d7ee9,3289.4298701934645,39.407294117647055,10.14091418845166,20.016000000000005,0.467950400409244,0.501381239172496,0.1164175010270194,0.3822012598004845,0.9641163225157816,1.216016196680534,2.128028344190935,1.216016196680534,0.608008098340267,41.95822562249105,1.5200202458506678,0.3040040491701335,1.4503501431200845,10.33613767178454,0.2564102564102564,0.5135680677589743,0.8985507246376812,0.3333333333333333,2
-297823021,-101754276#1,"-297823021,297823023#1,297823019#3,297823019#4,297823017,372606529#1,372606529#2,372606529#3,372606529#4,372606529#5,372606529#6,372606529#7,372606529#8,1164659929,120512822,282479125#0,282479125#1,120511930,-42762428#0,-697042776#1,42762429,1323419246,184568063,76867740,1323419243,120511145,283490977#1,-173532317#3,-173532317#2,-173532317#1,-101765339#6,-101765339#5,-101765339#4,-101765339#3,-101765339#2,101754276#0,101754276#1",4.985509034427307,fb987e17a8e54b0464ecf81ac986336f6dfba0285106a9b50ee8fe9a2deb519e,3291.2087903131373,33.774810810810806,7.947578519544449,20.016000000000005,0.2464551782926055,0.2681188962686217,0.2075677013092889,0.5243134024220892,1.017820931995891,1.2153589318833296,1.8230383978249944,0.9115191989124972,0.3038397329708324,48.086315372884506,1.2153589318833296,0.3038397329708324,1.479071174392131,11.2420701199208,0.7758620689655172,0.6886760210111663,0.9027777777777778,0.75,3
-297823021,-372606529#4,"297823021,297823022#1,297823018,297823023#1,297823019#3,297823019#4,297823017,372606529#1,101594836#0,101594809#0,336863934,101594812#2,101594812#3,101594812#0,101594843,101594815#0,-659283000#5,-659283000#3,-659283000#2,-659283000#1,-659283000#0,101611060,-372606529#7,-372606529#6,-372606529#5,-372606529#4",3.112823977683226,a7c241d52cb3909d70c262ba8911fc80e3c9138908421b58713d02e850b96ae7,2024.4868607201,33.83723076923077,8.044800220304754,20.016000000000005,0.1508576364637447,0.1508576364637447,0.0,0.849142363536255,0.4241938649632508,0.0,0.9879046581159878,0.4939523290579939,0.0,109.10991384910928,0.9879046581159878,0.0,4.847772158816375,12.842760555507844,0.8333333333333334,0.5684268151360808,0.8333333333333334,0.25,0
-297823021,-372606529#4,"-297823021,297823023#1,297823019#3,297823019#4,297823017,372606529#1,372606529#2,372606529#3,372606529#4",1.1686074429771909,f0ef5d21989e6454156b2d4266c314118fdeee457c5cc8514445f767f84a4e03,736.0238157825664,29.988,0.0,0.0,0.0,0.0,0.0,1.0,-0.0,0.0,0.0,0.0,0.0,66.89979285734218,0.0,0.0,1.5859635546825286,12.227865195409311,0.0,0.7062860750360751,1.0,0.8333333333333334,1
-297823021,-372606529#4,"-297823021,297823023#1,297823019#3,297823019#4,297823017,372606529#1,101594836#0,101594809#0,336863934,101594812#2,101594812#3,101594812#0,101594843,101594815#0,-659283000#5,-659283000#3,-659283000#2,-659283000#1,-659283000#0,101611060,-372606529#7,-372606529#6,-372606529#5,-372606529#4",2.450298967679224,60709df8a7d7c60e19d34694f4f721c421fcb6bb270a5889efc637d4784d04a2,1651.5473467742058,34.158,8.303659957853055,20.016000000000005,0.1849231288807218,0.1849231288807218,0.0,0.8150768711192781,0.4787771324755685,0.0,1.2109855669026928,0.6054927834513464,0.0,106.00361705031082,1.2109855669026928,0.0,3.839755369276157,14.531826802832317,0.7777777777777778,0.576889914955454,0.8333333333333334,0.3333333333333333,2
-297823021,-372606529#4,"-297823021,297823021,297823025,-297823020#1,1047412912#1,-659283000#11,-659283000#10,-659283000#8,101594822,101594815#0,-659283000#5,-659283000#3,-659283000#2,-659283000#1,-659283000#0,101611060,-372606529#7,-372606529#6,-372606529#5,-372606529#4",1.8339585078091711,98e06d3b7aea1bf7847321ec919db87436dfebc5ca0711406594344be87387be,1351.3535422930197,38.99520000000001,10.216522395249354,20.016000000000005,0.3799118389501504,0.3799118389501504,0.0,0.6200881610498497,0.6640209509832735,0.0,2.9599952009691504,1.4799976004845752,0.7399988002422876,87.26102085331026,2.9599952009691504,0.0,3.141821534783636,14.799976004845751,0.9642857142857144,0.6938467872736495,0.9666666666666668,0.6666666666666666,3
-297823021,100475365#1,"297823021,297823025,297823018,297823023#1,297823019#3,297823019#4,297823017,-372606529#0,-101607965,101607964#1,101607969#0,101607969#1,100468681#4,100468681#5,100468681#6,100525438#0,100525438#1,100525438#2,659278038#0,659278038#1,659278038#2,659278038#3,100475365#0,100475365#1",3.633453943132329,c5b243d7b6d7fd4c6ce7de0c6f389359d730ae6a691d040f112d603165550b26,2194.7448143285783,34.158,8.303659957853055,20.016000000000005,0.0785130661031861,0.0,0.0658473231358967,0.9341526768641032,0.2427623170286821,0.0,0.9112676730993188,0.4556338365496594,0.0,77.61017391434237,0.9112676730993188,0.0,2.2316022304816108,10.935212077191824,0.16,0.3842455341593273,0.7083333333333333,0.4583333333333333,0
-297823021,100475365#1,"297823021,297823022#1,297823018,297823023#1,297823019#3,297823019#4,297823017,-372606529#0,-101607965,101607964#1,101607969#0,101607969#1,100468681#4,100468681#5,100468681#6,100525438#0,100525438#1,100525438#2,659278038#0,659278038#1,659278038#2,659278038#3,100475365#0,100475365#1",3.28753557578539,59d539ed4433f381e8f7e10b29a52fbbffabd72228f97469c03f121810efa330,2015.3812346620437,34.158,8.303659957853055,20.016000000000005,0.0855005205582854,0.0,0.0717075600905659,0.928292439909434,0.2580336462832371,0.0,0.9923680768692764,0.4961840384346382,0.0,77.6947049311603,0.9923680768692764,0.0,2.049226511064109,11.908416922431318,0.16,0.3842455341593273,0.7083333333333333,0.4583333333333333,1
-297823021,100475365#1,"-297823021,297823023#1,297823019#3,297823019#4,297823017,-372606529#0,-101607965,101607964#1,101607969#0,101607969#1,100468681#4,100468681#5,100468681#6,100525438#0,100525438#1,100525438#2,659278038#0,659278038#1,659278038#2,659278038#3,100475365#0,100475365#1",2.6250105657813885,43cfb7689fcbd895bbde2a6575c2ce258ba868dce6fe3ed7218ec9b40366ea77,1642.4417207161491,34.53709090909092,8.585503457013436,20.016000000000005,0.1049146173733764,0.0,0.0879897710628744,0.9120102289371256,0.2978620493522192,0.0,1.2176992186535214,0.6088496093267607,0.0,76.45240934384077,1.2176992186535214,0.0,1.6583995268300384,13.394691405188734,0.0,0.3696018238147173,0.6956521739130435,0.1666666666666666,2
-297823021,100475365#1,"297823021,-297823021,297823023#1,297823019#3,297823019#4,297823017,372606529#1,101594836#0,101594809#0,336863934,101594812#2,101594812#3,101594812#0,101594843,101594815#0,-659283000#5,-659283000#3,-659283000#2,-659283000#1,-659283000#0,101611060,372606529#8,1164659929,120512822,-133906979,-133906980,-282479126,-100468681#8,-100468681#7,100525438#0,100525438#1,100525438#2,659278038#0,659278038#1,659278038#2,659278038#3,100475365#0,100475365#1",4.247210532881258,559bd03af9ac99cf7be739aeeddb96f584af7900a03a499366103dbc36a403aa,2713.6409378337617,35.7821052631579,9.199471041754505,20.016000000000005,0.1846320994769604,0.1125459520462357,0.0746826221001177,0.8127714258536466,0.6081011868158847,0.0,1.474034366239002,0.737017183119501,0.0,85.18673613894423,1.1055257746792515,0.3685085915597505,2.759212428734512,14.00332647927052,0.6956521739130435,0.697461370452468,0.7936507936507937,1.0,3
-297823021,416373452,"-297823021,-297823018,-297823020#1,1047412912#1,-659283000#11,-659283000#10,-659283000#8,101594822,101594815#0,659283000#6,-71324343#11,-71324343#10,-71324343#8,-71324343#7,-71324343#6,-71324343#5,-71324343#4,-71324343#3,-71324343#2,101415864#0,101415864#1,679068326#2,679068326#3,101411570,282689981#1,-120511301,120509990,120509991,282689983#0,101418595,526439431#1,42762429,1323419246,-416373452",3.782470814099578,26afa27db06a9cf59fe41312cb54eb5df4bff8644836ae54038066e72bb1de33,2606.4916625627257,37.64117647058824,9.87329668461654,20.016000000000005,0.3270651123988716,0.2384716297623933,0.0,0.7615283702376067,0.549311794418953,0.7673149424286215,2.301944827285865,1.1509724136429325,1.1509724136429325,74.09923790808654,2.301944827285865,0.0,2.237995554682528,13.044354021286567,0.8367346938775511,0.8176956292667659,0.9464285714285714,0.9166666666666666,0
-297823021,416373452,"297823021,297823022#1,-297823020#1,1047412912#1,-659283000#11,-659283000#10,-659283000#8,-659283000#7,-659283000#6,-659283000#5,-659283000#3,-659283000#2,-659283000#1,-659283000#0,-282479127#2,-1197063689,-42762428#4,-42762428#3,-42762428#0,-697042776#1,42762429,1323419246,-416373452",1.9980477576199664,0ed2470ea8f499419efd295f5818b219fdbfd7e73721db771b007137ea7cbab8,1481.8494173791555,40.431130434782624,10.223250431800269,20.016000000000005,0.4110290787310863,0.8062352978670501,0.0,0.1937647021329498,0.4916360053280393,1.349664801662008,1.349664801662008,0.6748324008310039,1.349664801662008,35.1694635461455,1.349664801662008,0.0,1.2656181867594405,15.521145219113093,0.0,0.5477929876347761,0.8863636363636364,0.4166666666666667,1
-297823021,416373452,"-297823021,-297823018,-297823020#1,1047412912#1,-659283000#11,-659283000#10,-659283000#8,101594822,101594815#0,-659283000#5,-659283000#3,-659283000#2,-659283000#1,-659283000#0,-282479127#2,-1197063689,-42762428#4,-42762428#3,-42762428#0,-697042776#1,42762429,1323419246,-416373452",2.50300612685679,eb487f3f0d8ee357d50a36a4b2ccfb1b3ecaae812206e906cc2f5c4c689786f4,1735.253002950087,38.69060869565219,10.145505954223957,20.016000000000005,0.3370085209812336,0.6745017306605211,0.0,0.3254982693394788,0.6309446415090426,1.1525696809628447,2.305139361925689,1.1525696809628447,1.1525696809628447,41.41163686241487,2.305139361925689,0.0,1.4899293800286018,13.254551331072712,0.2962962962962963,0.5111575504598761,0.8837209302325582,0.0833333333333333,2
-297823021,416373452,"-297823021,297823023#1,297823019#3,297823019#4,297823017,372606529#1,101594836#0,101594836#1,101594812#3,101594812#0,101594843,101594815#0,-659283000#5,-659283000#3,-659283000#2,-659283000#1,-659283000#0,-282479127#2,1164653914,-619184994,120511930,-42762428#0,-697042776#1,42762429,1323419246,-416373452",3.161503449471941,cfd204e70b82d7ae66085607b8b75b90726440e0abb5587ca2b751aec56ad50d,2058.230132719226,34.607076923076924,8.600253191263976,20.016000000000005,0.1830743489749769,0.3932270216310247,0.0417788065050132,0.5649941718639618,0.8222662864660066,0.9717086385076408,2.4292715962691025,0.9717086385076408,0.4858543192538204,69.31892466341381,2.4292715962691025,0.0,1.7672452030827872,12.632212300599331,0.7105263157894737,0.694884559901022,0.9090909090909092,0.6666666666666666,3
-297823024,100475365#1,"297823024,297823019#4,297823017,-372606529#0,-120512823#1,-120512823#0,-101609498#5,-101609498#4,-101609498#3,101608828,-101607966#0,101607969#1,-100468681#3,-101600741#4,101601553#0,101601553#1,100525438#1,100525438#2,659278038#0,659278038#1,659278038#2,659278038#3,100475365#0,100475365#1",3.369435160673342,bccb2f4345c13af38867cbc10347bba50567e5de163b06600228b97e7ab34abb,2145.6881436600524,35.826,9.293541319694532,20.016000000000005,0.2277232832411814,0.0,0.026777073795719,0.9732229262042806,0.1233539337511298,0.0,0.932101902091167,0.4660509510455835,0.0,73.95501052516887,0.932101902091167,0.4660509510455835,1.9334651910611895,11.185222825094003,0.5806451612903225,0.5242170740654779,0.7755102040816326,0.5833333333333334,0
-297823024,100475365#1,"297823024,297823019#4,297823017,-372606529#0,-120512823#1,-120512823#0,-101609498#5,-101609498#4,-101609498#3,101608828,-101607966#0,101607969#1,100468681#4,100468681#5,100468681#6,100525438#0,100525438#1,100525438#2,659278038#0,659278038#1,659278038#2,659278038#3,100475365#0,100475365#1",3.119689099541905,808ee00f76e92bd850a37b53c57aa05194ea028aa2cbbbbad4defbceaf3d166d,2044.3284036425855,37.494,9.898619666617558,20.016000000000005,0.2816015123033697,0.0,0.0706921993219999,0.9293078006780002,0.2554257826635164,0.0,0.9783163979116068,0.4891581989558034,0.0,69.02993698349749,0.9783163979116068,0.0,1.84213060934304,11.739796774939284,0.3703703703703703,0.5200609391990774,0.75,0.4166666666666667,1
-297823024,100475365#1,"297823024,297823019#4,297823017,-372606529#0,-101607965,101607964#1,101607969#0,101607969#1,100468681#4,100468681#5,100468681#6,100525438#0,100525438#1,100525438#2,659278038#0,659278038#1,659278038#2,659278038#3,100475365#0,100475365#1",2.673189837490072,63e92e00149fea2d6b808a380f5cc0bbe0b262f21ea86fd5ccbaf81a2b044af7,1634.3510615781263,34.992000000000004,8.892341352919498,20.016000000000005,0.1054339846181007,0.0,0.0884253538835048,0.9115746461164952,0.2988794491536208,0.0,1.223727292757288,0.611863646378644,0.0,61.48352729272596,1.223727292757288,0.0,1.4727027769026309,12.23727292757288,0.0,0.4942764310073683,0.7272727272727273,0.1666666666666666,2
-297823024,100475365#1,"-297823024,297823024,297823019#4,297823017,372606529#1,101594836#0,101594809#0,336863934,101594812#2,101594812#3,101594812#0,101594843,101594815#0,-659283000#5,-659283000#3,-659283000#2,-659283000#1,-659283000#0,101611060,372606529#8,1164659929,120512822,-133906979,-133906980,-282479126,-100468681#8,-100468681#7,100525438#0,100525438#1,100525438#2,659278038#0,659278038#1,659278038#2,659278038#3,100475365#0,100475365#1",4.449171317194983,9d2490a9f0192d377850bf60c9dd40c48f4199e3ac7a1b763895f4d31f588351,2777.5330823048257,36.104000000000006,9.351006668497556,20.016000000000005,0.180384970667251,0.1099570351855931,0.0729646829291686,0.8170782818852383,0.5988202900103587,0.0,1.440126861308438,0.720063430654219,0.0,79.97084384310074,1.0800951459813286,0.3600317153271095,2.7869512889140178,12.961141751775942,0.7272727272727273,0.6336357683569296,0.7755102040816326,0.9166666666666666,3
-297823024,101767915#1,"297823024,297823019#4,297823017,372606529#1,372606529#2,372606529#3,372606529#4,372606529#5,372606529#6,372606529#7,372606529#8,1164659929,120512822,282479125#0,282479125#1,120511930,-42762428#0,-697042776#1,42762429,1323419246,184568063,76867740,1323419243,120511145,283490977#1,120511144#0,120511144#1,-336860316#1,-336860316#0,101787498,101786553#1,101786553#2,-173532317#2,-173532317#1,-101765339#6,-101765339#5,-101767911,101767915#1",5.871912105374907,29a70b8b960928e2fb726300f44a2bb268d067440db4c0e651d13c3de8eda369,3752.28090838122,33.14842105263158,7.3966530218762685,20.016000000000005,0.2198718954105521,0.3116129879087835,0.1552274130237809,0.5331595990674356,0.987828666368424,1.0660182693319855,1.865531971330975,0.7995137019989893,0.2665045673329964,51.232217797323486,1.3325228366649822,0.2665045673329964,1.717863401338372,10.127173558653864,0.6296296296296297,0.4671715513432884,0.7922077922077921,0.5,0
-297823024,101767915#1,"-297823024,297823024,297823019#4,297823017,372606529#1,372606529#2,372606529#3,372606529#4,372606529#5,372606529#6,372606529#7,372606529#8,1164659929,120512822,282479125#0,282479125#1,120511930,-42762428#0,-697042776#1,42762429,1323419246,184568063,1323419245,16648700,1323419243,120511145,283490977#1,-173532317#3,-173532317#2,-173532317#1,-101765339#6,-101765339#5,-101767911,101767915#1",5.103933783736677,e3de761d4a3b334ee582a278b79e1dab3ea6104a8d9c849416bfbcd433e14b18,3236.351310060805,32.93152941176471,7.195564409118678,20.016000000000005,0.1974101826197833,0.3456892309693515,0.2110860588621908,0.4432247101684576,1.0561808045842174,0.6179798817831132,1.2359597635662265,0.6179798817831132,0.3089899408915566,42.45137359718608,1.2359597635662265,0.3089899408915566,1.538326234587713,10.505657990312926,0.5106382978723405,0.3886596202353976,0.7808219178082192,0.25,1
-297823024,101767915#1,"297823024,297823019#4,297823017,-372606529#0,-101607965,101607964#1,101607969#0,101607969#1,100468681#4,100468681#5,100468681#6,100468681#7,100468681#8,282479126,133906980,133906979,282479125#0,282479125#1,120511930,-42762428#0,-697042776#1,42762429,1323419246,184568063,1323419245,16648700,1323419243,120511145,283490977#1,-173532317#3,-173532317#2,-173532317#1,-101765339#6,-101765339#5,-101767911,101767915#1",4.819527998384379,fd4bc353d3596251fb473dedc965e6ae83b5d1359bd9ba67fb597684da546224,3202.218710235672,36.66,9.569478337774893,20.016000000000005,0.2970517341966492,0.3493739487391963,0.3217545795689798,0.3288714716918238,1.0979989152008616,0.6245669584051639,1.2491339168103277,0.6245669584051639,0.3122834792025819,49.71731905136407,1.2491339168103277,0.3122834792025819,1.46603478249927,11.24220525129295,0.0,0.5564342395544095,0.8481012658227848,0.75,2
-297823024,101767915#1,"-297823024,297823024,297823019#4,297823017,-372606529#0,-101607965,101607964#1,101607969#0,101607969#1,100468681#4,100468681#5,100468681#6,100468681#7,100468681#8,282479126,133906980,133906979,282479125#0,282479125#1,120511930,-42762428#0,-697042776#1,42762429,1323419246,184568063,76867740,1323419243,120511145,283490977#1,-173532317#3,-173532317#2,-173532317#1,-101765339#6,-101765339#5,-101767911,101767915#1",5.161964973174294,19afc1f7c5119bb65cd9b6a2c40eba1f57a3a40bb9a497c83ca1f4a1bd1c6866,3372.172554425196,36.66,9.569478337774893,20.016000000000005,0.2820806485433853,0.2616815284527335,0.3055384972657261,0.4327799742815403,1.0755524717315617,1.1861789203968598,1.7792683805952898,0.8896341902976449,0.2965447300992149,52.74620588930665,1.1861789203968598,0.2965447300992149,1.602885784340723,10.67561028357174,0.1052631578947368,0.5486147087981513,0.8481012658227848,0.6666666666666666,3
-336860316#0,-837309289#1,"-336860316#0,-479315694,-101784499#1,101767908#0,101767908#1,-336860317#0,102036177,120511144#3,120511144#4,71223798,282689985#0,282689985#1,-1323419242#1,-1323419242#0,-162276528,-837309289#1",1.8459547611052167,4688437c7995429bbb3ae87aab7a130901f7f95201419b2c81ccb8f82c00880a,1960.275182380561,45.621,15.044270351200154,50.004000000000005,0.6293087152485044,0.0938081116476982,0.4026615887510433,0.5035302996012585,0.9337597983417842,0.0,1.530397378370518,0.5101324594568394,0.0,69.27622927588324,1.530397378370518,0.0,2.2559546141026363,8.16211935130943,0.5263157894736843,0.5976035706717525,0.84,0.4166666666666667,0
-336860316#0,-837309289#1,"-336860316#0,336860316#0,101784793,102036177,120511144#3,120511144#4,71223798,282689985#0,282689985#1,-1323419242#1,-1323419242#0,-162276528,-837309289#1",1.68551925500933,0a4f5b9bbe23ed641871709ed4b8f7c67ce250612ab869036a84255305a933f8,1818.021029769417,44.60953846153846,16.64336524772652,50.004000000000005,0.6319300193035403,0.1011482871528118,0.4341685307274524,0.4646831821197358,0.9501171854859608,0.0,1.6501459283892308,0.5500486427964103,0.0,66.96788589542977,1.6501459283892308,0.0,2.0922434602591,7.150632356353333,0.3333333333333333,0.5160453331576327,0.8235294117647058,0.0833333333333333,1
-336860316#0,-837309289#1,"336860316#0,336860316#1,120511144#2,120511144#3,120511144#4,71223798,282689985#0,282689985#1,-1323419242#1,-1323419242#0,-162276528,-837309289#1",1.2443222002334962,d185871e8c812a1464d7e66eaaabb229c550464517a8f6033127ee359ce969a2,1621.8336057739664,47.496,16.027138348325433,50.004000000000005,0.7857201955766635,0.1907316913108629,0.4866883486175621,0.322579960071575,1.03146882070012,0.0,1.849758193022736,0.6165860643409119,0.0,54.76661949103978,1.849758193022736,0.0,1.6561203261983917,7.399032772090943,0.0,0.5475969647854398,0.8857142857142857,0.3333333333333333,2
-336860316#0,-837309289#1,"336860316#0,101784793,102036177,120511144#3,101752970#0,101752970#1,101752970#2,-120511144#0,-283490977#1,-283490977#0,-162276533#2,-162276533#1,-162276533#0,-1323419242#1,-1323419242#0,-162276528,-837309289#1",2.4378111292824376,a0cbadd9010aa4fb47f93d5f2531c889c2b622efd4cc0f5d6dd5b63ec6f2d0f3,2541.101015427123,45.87882352941177,14.60528950515572,50.004000000000005,0.7374117859833477,0.2392594339832851,0.4981523520000623,0.2625882140166524,1.0404522114810768,0.0,1.574120814448479,0.7870604072242395,0.0,81.00961457193429,1.574120814448479,0.3935302036121197,2.594821705253744,6.6900134614060365,0.7391304347826086,0.6700989249386807,0.8076923076923077,0.8333333333333334,3
-336860316#0,101608824,"-336860316#0,336860316#0,336860316#1,-120511144#1,-120511144#0,-283490977#1,-283490977#0,-162276533#2,100488715#0,100488715#1,100488715#2,100488715#3,101418592,101418584#2,101418584#3,101418584#4,101418587,464265154,120511142#1,75421017,619185406,619184994,1164659927#1,1164659928,-372606529#8,-372606529#7,-372606529#6,-372606529#5,-372606529#4,-372606529#3,-372606529#2,-372606529#1,-372606529#0,-120512823#1,-120512823#0,-101609498#5,-101609498#4,-101608824",5.150112168697573,e07244bed764651b866c7416eed2b10d857d7663ec642c7e4a788626d1788fa1,3524.2521256290347,34.72863157894737,8.623923307401848,20.016000000000005,0.3223710654992265,0.1540087586207692,0.099788399489351,0.7462028418898796,0.7365506061676608,1.1349925764139392,0.8512444323104544,0.5674962882069696,0.0,52.451346251503416,0.8512444323104544,0.2837481441034848,1.828625375717552,10.782429475932425,0.6666666666666667,0.5708386389257022,0.8405797101449275,0.5,0
-336860316#0,101608824,"336860316#0,336860316#1,-120511144#1,-120511144#0,-283490977#1,-283490977#0,-1323419243,-16648700,42762427,659281081#0,659281081#1,526438862#0,526438862#1,526438862#2,1200809292,868087112,526439431#0,526439431#1,697042776#0,697042776#2,42762428#1,42762428#4,1197063689,282479127#0,101611060,-372606529#7,-372606529#6,-372606529#5,-372606529#4,-372606529#3,-372606529#2,-372606529#1,-372606529#0,-120512823#1,-120512823#0,-101609498#5,-101609498#4,-101608824",4.0219118316873175,95e08b080aee1ae71982a2709223c0fd77fe448e07bf4d55068fd6907b87e2b3,2754.3859122947524,33.14842105263158,7.3966530218762685,20.016000000000005,0.2522604995618499,0.5682706064687904,0.0,0.4317293935312095,0.6837962459417816,0.7261146635526271,0.7261146635526271,0.3630573317763135,0.3630573317763135,39.81008046549212,0.7261146635526271,0.3630573317763135,1.3757695418057776,13.796178607499916,0.0,0.5778915686880457,0.8405797101449275,0.5833333333333334,1
-336860316#0,101608824,"336860316#0,-336860316#0,101787498,101786553#1,101786553#2,173532317#3,-283490977#1,-283490977#0,-1323419243,-16648700,42762427,659281081#0,659281081#1,100525445,-416373452,101418587,464265154,120511142#1,120511142#2,1323419247,868087112,526439431#0,526439431#1,623959719,619185406,619184994,1164659927#1,1164659928,-372606529#8,-372606529#7,-372606529#6,-372606529#5,-372606529#4,-372606529#3,-372606529#2,-372606529#1,-372606529#0,-120512823#1,-120512823#0,-101609498#5,-101609498#4,-101608824",5.096054620552324,b8973dd5345871fa32846ed7fcfc582300b0992695a9dba3c08023ce69a69e53,3347.4574475805,33.324000000000005,7.54994453218197,20.016000000000005,0.1819035302607042,0.2365150217899269,0.0300800790941981,0.733404899115875,0.6737889362106617,2.3898735459004268,1.4936709661877667,0.5974683864751067,0.2987341932375533,55.31081699124394,1.1949367729502134,0.5974683864751067,1.6719988213399402,12.54683611597724,0.5714285714285714,0.5386927799498669,0.8947368421052632,0.4166666666666667,2
-336860316#0,101608824,"336860316#0,101784793,102036177,120511144#3,101752970#0,101752970#1,101752970#2,-120511144#0,-283490977#1,47374680#0,47374680#1,47374680#2,47374680#3,47374665#0,47374666,659281081#0,659281081#1,100525445,-416373452,101418587,464265154,120511142#1,75421017,619185406,120511930,42762428#1,42762428#4,1197063689,282479127#0,101611060,-372606529#7,-372606529#6,-372606529#5,-372606529#4,-372606529#3,-372606529#2,-372606529#1,-372606529#0,-120512823#1,-120512823#0,-101609498#5,-101609498#4,-101608824",6.451803336175643,2076f8dc1ab963610bb039ece00b03c2610c79cd9074c222e57fe27a6281d3e5,3787.719090717146,32.54986046511628,8.480942820401728,39.99600000000001,0.1921124494728172,0.2345439475554729,0.0227024223280991,0.6784530087803611,0.8657021356119033,1.5840667843358975,2.640111307226496,1.320055653613248,0.0,62.063515306700126,2.640111307226496,0.7920333921679488,1.8919021240503944,11.352478621073931,0.603448275862069,0.6512014686739725,0.8933333333333333,0.75,3
-336860316#0,416428068,"-336860316#0,101787498,101786553#1,101786553#2,-173532317#2,-101415865#2,-101415865#1,-101749449#1,101746514,-101746498#2,-101746498#1,-101746498#0,47374680#6,47374680#7,47374680#8,-101411571#0,120509990,120509991,282689983#0,101418595,526439431#1,687927789#0,416428068",3.934792894839721,d736f03b9d36c5cd96aa31fb63f944ddd5ad7aa7a20599455088ec541ffcbf90,2708.0201299367272,36.950086956521744,9.747486827210404,20.016000000000005,0.4110925946168189,0.0235148484610055,0.0946324290729313,0.8818527224660629,0.422179202656267,0.7385469472292032,1.4770938944584064,0.7385469472292032,0.3692734736146016,63.061467042718775,1.4770938944584064,0.3692734736146016,2.3137347981739227,8.493289893135836,0.925,0.7926838829948878,0.931818181818182,0.8333333333333334,0
-336860316#0,416428068,"336860316#0,336860316#1,-120511144#1,-120511144#0,-283490977#1,-283490977#0,-1323419243,-16648700,42762427,659281081#0,659281081#1,526438862#0,526438862#1,526438862#2,1200809292,868087112,526439431#0,526439431#1,687927789#0,416428068",2.1354530725177034,341a6f26f056f596f2381ae7dd71edde0387576a7b6b9cda0a6d936af0685ceb,1558.1687064801824,35.99280000000001,9.410769517168251,20.016000000000005,0.4307014265750719,0.798801960268292,0.0,0.2011980397317078,0.5020587806479166,1.2835580586892226,1.2835580586892226,0.6417790293446113,0.6417790293446113,38.085529128927405,1.2835580586892226,0.0,1.273855003981398,12.835580586892226,0.0,0.5275530394991598,0.95,0.1666666666666666,1
-336860316#0,416428068,"336860316#0,336860316#1,120511144#2,120511144#3,101752970#0,101752970#1,101752970#2,-120511144#0,-283490977#1,-283490977#0,-1323419243,-16648700,42762427,659281081#0,659281081#1,526438862#0,526438862#1,526438862#2,1200809292,868087112,526439431#0,526439431#1,687927789#0,416428068",2.920072492639964,b4751f6a212857a2fc4dd794b785e189959b39615f6c039b2e6fd83862e46c9b,2084.796403538601,35.826,9.293541319694532,20.016000000000005,0.4133581257425163,0.6884750299475986,0.0,0.3115249700524015,0.620315391259106,0.9593262903779606,1.9186525807559207,0.9593262903779606,0.4796631451889803,51.55648516423327,1.9186525807559207,0.0,1.7043907504272844,11.511915484535528,0.24,0.5568561863242573,0.9545454545454546,0.3333333333333333,2
-336860316#0,416428068,"336860316#0,336860316#1,120511144#2,120511144#3,101752970#0,101752970#1,101752970#2,-120511144#0,-173532317#3,-173532317#2,-101415865#2,-101415865#1,-101749458#1,-101749458#0,47374680#1,47374680#2,47374680#3,47374680#4,47374680#5,47374680#6,47374680#7,47374680#8,-101411571#0,120509990,120509991,282689983#0,101418595,526439431#1,687927789#0,416428068",3.959767895639177,e123976f290020a23d5979b9e7ceb0298d7059868a16b11f8de1233b80b36f14,2897.6113744468057,38.6616,10.08820277080252,20.016000000000005,0.4537452301981668,0.1867624257822873,0.1231905392178893,0.6900470349998234,0.8273402029013022,0.6902236848037733,2.4157828968132065,1.3804473696075463,0.3451118424018866,64.87264532357425,2.4157828968132065,0.3451118424018866,2.368894159908111,10.353355272056598,0.8636363636363636,0.7805556894624057,0.9375,0.75,3
-336860317#0,-101606546,"336860317#0,-336860318,-101767908#0,101784499#1,479315694,101787498,101786553#1,101786553#2,173532317#3,-283490977#1,-283490977#0,-162276533#2,100488715#0,100488715#1,100488715#2,101605951#0,101605951#1,-101606546",2.787168805607197,3760aa4c997a4be0a08851c82e67e29782d31e7028b38f994039ffa230dc9724,2048.079449758508,41.108,10.234380811179314,20.016000000000005,0.5019310447216097,0.1249665865645499,0.2208758375337873,0.6541575759016625,0.8710798368547841,0.0,1.9530492337451293,0.9765246168725648,0.0,76.41794122665937,1.464786925308847,0.4882623084362824,2.7485869446274145,8.788721551853083,0.7777777777777778,0.5907610408360033,0.7931034482758621,0.75,0
-336860317#0,-101606546,"336860317#0,-336860317#0,102036177,-120511144#2,-120511144#1,-120511144#0,-283490977#1,-283490977#0,-162276533#2,100488715#0,100488715#1,100488715#2,101605951#0,101605951#1,-101606546",2.335002251440533,30884cbba417df3589acf38e46b2599154101a0061060c4645ef64b3f49fe225,1884.641427985829,41.997600000000006,10.149964537587596,20.016000000000005,0.6658116567526707,0.3545560648817785,0.1866028591917959,0.4588410759264257,1.038359758364923,0.0,1.5918147375154472,1.061209825010298,0.0,66.60629938424276,1.5918147375154472,0.5306049125051491,2.5292479863887167,7.959073687577236,0.6363636363636364,0.4453283490902649,0.72,0.1666666666666666,1
-336860317#0,-101606546,"-336860317#0,102036177,120511144#3,120511144#4,71223798,282689985#0,282689985#1,162276533#0,162276533#1,100488715#0,100488715#1,100488715#2,101605951#0,101605951#1,-101606546",1.7932724277616017,d56da1988e7eb9754b47a090c2c6eaefe1ed713c8cb3983c70d62796aacbe70f,1389.2456230503317,40.6632,10.336217954358355,20.016000000000005,0.5177692745317686,0.1323665953074631,0.0898678009800591,0.7777656037124777,0.6796738481575808,0.0,2.8792604659911043,1.4396302329955522,0.0,59.76137368484592,2.8792604659911043,0.7198151164977761,1.602963987041068,10.797226747466642,0.0,0.5971053989927508,0.7777777777777778,0.8333333333333334,2
-336860317#0,-101606546,"-336860317#0,102036177,-120511144#2,-120511144#1,-120511144#0,-173532317#3,-173532317#2,-101415865#2,-101415865#1,-101749458#1,-101749458#0,-47374680#0,-283490977#0,-162276533#2,100488715#0,100488715#1,100488715#2,101605951#0,101605951#1,-101606546",3.014423595212023,0535f123fb4f4df00f5506397987eba92a5af189b7f8758c680df600da03956e,2446.0275387790243,41.997600000000006,10.060535794039897,20.016000000000005,0.6685022124997255,0.2227550526805113,0.2897096518501115,0.487535295469377,1.0436634662041178,0.0,2.452956847327647,1.635304564885098,0.0,67.32524216689058,2.452956847327647,0.8176522824425491,2.822318811675985,8.17652282442549,0.7037037037037037,0.6112563143195555,0.7666666666666666,0.9166666666666666,3
-336860317#1,-1047412913,"-336860317#1,336860317#1,101784499#0,101784499#1,479315694,336860316#0,336860316#1,-120511144#1,-120511144#0,-283490977#1,47374680#0,47374680#1,47374680#2,47374680#3,47374680#4,47374680#5,47374680#6,47374680#7,47374680#8,-101411571#0,120511301,352797377,-282689986,-224715833,-224715836,-101749453,-1006827381,101417074,71324343#8,71324343#9,71324343#11,659283000#7,659283000#8,659283000#9,659283000#11,1047412915,1047412911,1047412914,1047412913",5.016617964680474,43cba9bc5731376f2fc6dbcfb6212405f7ded773e63f9fbe22e75de832e63674,3307.7461101572508,37.68646153846152,9.865166986732328,20.016000000000005,0.2991964710597786,0.2271914330193674,0.0,0.7728085669806325,0.5358603844891233,0.6046413277786062,0.9069619916679094,0.3023206638893031,0.6046413277786062,49.51706373877806,0.9069619916679094,0.0,1.4108698142358422,11.79050589168282,0.3829787234042553,0.5417542533715287,0.927710843373494,0.25,0
-336860317#1,-1047412913,"-336860317#1,-336860317#0,-101784793,336860316#1,-120511144#1,-120511144#0,-283490977#1,47374680#0,47374680#1,47374680#2,47374680#3,47374680#4,47374680#5,47374680#6,47374680#7,47374680#8,-101411571#0,120511301,-282689981#1,-282689981#0,-679068326#3,-679068326#2,-679068326#1,-679068326#0,-1006827381,101417074,71324343#8,71324343#9,71324343#11,659283000#7,659283000#8,659283000#9,659283000#11,1047412915,1047412911,1047412914,1047412913",3.8422220003912297,5c4b0d5cce81cf893b2707e8b72301d3df3c72c28ddae05efc73f6bfdf5a4e49,2786.2728279657085,38.102594594594585,9.962816925000736,20.016000000000005,0.4171694469736744,0.2697121298704755,0.0,0.7302878701295247,0.5829723077307165,0.7178047964025921,1.0767071946038882,0.358902398201296,0.7178047964025921,33.61475186833114,1.0767071946038882,0.0,1.1884431562419615,13.279388733447954,0.0,0.574329059873977,0.9125,0.3333333333333333,1
-336860317#1,-1047412913,"-336860317#1,-336860317#0,102036177,-120511144#2,-120511144#1,-120511144#0,-173532317#3,-173532317#2,-101415865#2,-101415865#1,-101415865#0,47374680#2,47374680#3,47374680#4,47374680#5,47374680#6,47374680#7,47374680#8,-101411571#0,120511301,-282689981#1,-282689981#0,-679068326#3,-679068326#2,-679068326#1,-679068326#0,-1006827381,101417074,71324343#8,71324343#9,71324343#11,659283000#7,659283000#8,659283000#9,659283000#11,1047412915,1047412911,1047412914,1047412913",4.552713727679699,3547059d09c3c53c9e78f99475a2fe5b7d585abd55911672efe0fc8a618be153,3324.580732002586,38.71292307692306,10.055160140012472,20.016000000000005,0.4576232684323355,0.2266724552364536,0.1073694208192607,0.6659581239442858,0.8467620665015372,0.6015796159641715,1.203159231928343,0.6015796159641715,0.6015796159641715,39.9674076806617,1.203159231928343,0.3007898079820857,1.418050371329606,11.730802511301343,0.2727272727272727,0.6512811816214096,0.9166666666666666,0.5833333333333334,2
-336860317#1,-1047412913,"-336860317#1,-336860317#0,102036177,-120511144#2,-120511144#1,-120511144#0,-283490977#1,-283490977#0,-1323419243,-16648700,42762427,659281081#0,659281081#1,100525445,-416373452,101418587,464265154,120511142#1,75421017,619185406,120511930,42762428#1,42762428#4,71324344,416376587,1164659921,416376585#0,416376585#1,-1164659923,-659283000#0,-282479127#2,1164653914,1164659927#1,1164659928,-372606529#8,-372606529#7,-372606529#6,-372606529#5,-372606529#4,-372606529#3,-372606529#2,-372606529#1,-297823017,297823019#1,297823023#0,-297823018,-297823020#1,-297823020#0,1047412914,1047412913",5.583482363427732,ea4f4ceaa0815b1f2a28b33b0000b93b5b25b17933ac2f0e63e4af56971cc381,3784.272142473699,34.79184,8.635284917507393,20.016000000000005,0.2838951098760498,0.3864082318443279,0.0227231010932142,0.5908686670624579,0.7643055122829953,1.5855096499687589,2.114012866625012,0.7927548249843794,0.0,62.55543985224395,2.114012866625012,0.2642516083281265,1.614124892558915,13.212580416406324,0.9125,0.7744585760711932,0.9540229885057472,1.0,3
-352797377,-416375814,"-352797377,352797377,-282689986,-224715833,-224715836,-101749453,679068326#0,679068326#1,-101415864#1,-101415864#0,-71324343#1,-416375814",3.169007286139798,b1b9d8b4e683cf541fac92c0e0cdf30b73d3b3b229bd8cefc05eac23a71bca69,1916.1495737817,36.66,9.8551971337693,20.016000000000005,0.159473070361441,0.0,0.0,1.0,-0.0,0.0,0.0,0.0,0.0,72.96228696910293,0.0,0.0,5.630737407196062,6.262559125964723,0.9375,0.7247819100091827,0.9545454545454546,0.3333333333333333,0
-352797377,-416375814,"-352797377,-282689981#1,-282689981#0,-679068326#3,416375814",1.4924065810629503,d727ceb7fa4eac830fe46c0e1344a29966b985f09012a2ba029add5fcfb3fd5c,1027.6980579369936,41.9976,10.963214711023408,20.016000000000005,0.3595048981307734,0.0,0.0,1.0,-0.0,0.0,0.0,0.0,0.0,62.043919289683686,0.0,0.0,2.3321591087450027,4.865242238597809,0.0,0.838937199164472,1.0,0.9166666666666666,1
-352797377,-416375814,"352797377,-282689986,-224715833,-224715836,-101749453,679068326#0,679068326#1,-101415864#1,-101415864#0,-71324343#1,-416375814",2.187594721113788,dcc147e48b75a05d4137deaacd7c4819f65ba298249227324aa70f2349904544,1410.7067411323137,37.26654545454546,10.098571981856017,20.016000000000005,0.2166107574969571,0.0,0.0,1.0,-0.0,0.0,0.0,0.0,0.0,76.05550069651729,0.0,0.0,5.25228007422631,7.797510055967248,1.0,0.7583870564133722,1.0,0.6666666666666666,3
-416375813,-101767922,"416375813,-416375813,71223800#5,71223800#6,71223800#7,1006827381,679068326#0,679068326#1,679068326#2,416375814,-71324343#0,463830226#1,101411570,282689981#1,-120511301,101411571#0,-47374680#8,-47374680#7,-47374680#6,101746498#0,101746498#1,101746498#2,-101746514,101749449#1,101415865#1,101415865#2,173532317#2,-101786553#2,-101786553#1,-101787498,-479315694,-101767922",5.078457734280581,9f6fb09862d6e94b2f2003725ff575b08f6c9f86b027bd763a49d6963289659b,3552.006779328193,34.682625,10.158137579332404,29.988000000000007,0.3682468894097301,0.0,0.0721469689657451,0.9278530310342548,0.2591574152620421,0.0,0.563061988405965,0.2815309942029825,0.0,52.95632515105032,0.563061988405965,0.2815309942029825,1.798228345199951,9.00899181449544,0.6304347826086957,0.6187239722393462,0.8571428571428572,0.6666666666666666,0
-416375813,-101767922,"-416375813,71223800#5,71223800#6,71223800#7,1006827381,679068326#0,679068326#1,679068326#2,416375814,-71324343#0,463830226#1,101411570,282689981#1,-120511301,101411571#0,-47374680#8,-47374680#7,-47374680#6,-47374680#5,-47374680#4,-47374680#3,-47374680#2,-47374680#1,-47374680#0,283490977#1,120511144#0,120511144#1,-336860316#1,-336860316#0,-479315694,-101767922",3.7753375373177054,83063df84ab1c3bfef84d1e913fecb69221d28a3d45c4d85bc0567bc6a67a7bd,2718.945435453472,34.83406451612903,10.289266374675714,29.988000000000007,0.325175580431193,0.1508563750114873,0.0,0.8491436249885127,0.4241916853059514,0.0,0.7355793073009704,0.3677896536504852,0.0,41.76245203491271,0.7355793073009704,0.3677896536504852,1.3678238706387869,11.401479263165042,0.2285714285714285,0.6226143836832446,0.803921568627451,0.75,1
-416375813,-101767922,"-416375813,71223800#5,71223800#6,71223800#7,1006827381,679068326#0,679068326#1,679068326#2,679068326#3,101411570,282689981#1,-120511301,101411571#0,-47374680#8,-47374680#7,-47374680#6,-47374680#5,-47374680#4,-47374680#3,-47374680#2,101415865#0,-101749458#1,-101749458#0,-47374680#0,283490977#1,120511144#0,120511144#1,-336860316#1,-336860316#0,-479315694,-101767922",3.722556381658899,3438998b6c49ea47cad67627d9602124fa0d77f2d023bdef97845391441a1be5,2684.1481055907243,35.47974193548387,10.598409940388049,29.988000000000007,0.3289883795247745,0.1528120789580167,0.0,0.8471879210419833,0.4275560700566369,0.0,0.7451153667095588,0.3725576833547794,0.0,45.022797018542526,0.7451153667095588,0.3725576833547794,1.350318326834882,11.54928818399816,0.0,0.6232229680574217,0.78,0.8333333333333334,2
-416375813,-101767922,"-416375813,71223800#5,71223800#6,71223800#7,1006827381,101749453,224715836,224715833,282689986,-352797377,-120511301,120509990,71324347#0,71324347#1,71324347#2,71324347#3,71324347#4,71324347#5,-47374665#1,-47374680#3,-47374680#2,101415865#0,101415865#1,101415865#2,173532317#2,-101786553#2,-101786553#1,-101787498,-479315694,-101767922",6.119214414818971,82f5db86456d0fc86b5ea843d3daa674b4e891fe42c8bed6ceae894b6a2bfc4c,3286.8822530914213,29.6664,10.658113210779533,39.99600000000001,0.1516450260673807,0.0,0.077966444533655,0.7825438545809826,0.6655753437178866,0.0,1.2169587140634162,0.6084793570317081,0.0,51.91110348879416,1.2169587140634162,0.6084793570317081,1.653536679013057,9.12719035547562,0.78,0.6339381679544371,0.8490566037735849,0.9166666666666666,3
-416375813,-619184994,"-416375813,71223800#5,71223800#6,71223800#7,1006827381,679068326#0,679068326#1,-101415864#1,-101415864#0,71324343#2,71324343#3,-463830227,416376585#0,416376585#1,-1164659923,-659283000#0,-282479127#2,1164653914,-619184994",1.4376676385446625,9e2b0d0276c1502c347a644f95f9b06a1469a8c3c9c8e6c82dda15a8399d5282,1123.903180023268,33.68084210526317,10.652123050063036,29.988000000000007,0.2146119540982343,0.1205938559349981,0.0,0.8794061440650017,0.3681065403092652,0.0,1.7795127156403228,0.8897563578201614,0.0,67.77840904718202,1.7795127156403228,0.0,1.7171730784666204,16.905370798583064,0.7142857142857143,0.6170104726922908,0.8333333333333334,0.6666666666666666,0
-416375813,-619184994,"416375813,-416375813,71223800#5,71223800#6,71223800#7,101417074,-71324343#7,-71324343#6,-71324343#5,-71324343#4,-463830227,416376585#0,416376585#1,-1164659923,-659283000#0,-282479127#2,1164653914,-619184994",1.336151654181155,dcc446da6977c9b5e67e1a02139dbc139febccceb3dfe045be3719c72665b823,1064.988162892383,33.886,10.922250252957737,29.988000000000007,0.3060218614477821,0.1272650935466858,0.0,0.8727349064533141,0.3811544957005046,0.0,1.8779551451240872,0.9389775725620436,0.0,55.04238023280634,1.8779551451240872,0.0,1.5768269955932792,16.901596306116783,0.6538461538461539,0.4594932681697388,0.7941176470588236,0.0833333333333333,1
-416375813,-619184994,"-416375813,71223800#5,71223800#6,71223800#7,101417074,71324343#8,71324343#9,71324343#11,-659283000#6,-659283000#5,-659283000#3,-659283000#2,-659283000#1,-659283000#0,-282479127#2,1164653914,-619184994",1.16234465117837,5e3657a94825ba7546a2c143b42b963df7d91a6fa2e6513252e476399055aa84,1049.0203230846332,37.64752941176471,12.515195154878969,29.988000000000007,0.523728721225658,0.3995974291071678,0.0,0.6004025708928321,0.6728481008889484,0.0,1.9065407561590624,0.9532703780795312,0.9532703780795312,62.71116447926175,1.9065407561590624,0.0,1.6027621325246144,16.205596427352027,0.0,0.6547302786340221,0.8611111111111112,0.75,2
-416375813,-619184994,"-416375813,71223800#5,71223800#6,71223800#7,101417074,-71324343#7,-71324343#6,-71324343#5,-71324343#4,-463830227,416376585#0,416376585#1,-1164659923,-659283000#0,-282479127#2,-1197063689,-42762428#4,-42762428#3,-42762428#0,-697042776#1,623959719,619185406,619184994",1.845650442897505,4ffd8f92df97ea6ed9d337b57ec498eeb60d03d25ca3f76974ff04e246e25f70,1357.675767896969,32.16834782608697,9.024067046256697,29.988000000000007,0.1999882442132389,0.2620432341623085,0.0,0.7379567658376914,0.5751832448773236,0.0,1.473105764491906,0.736552882245953,0.736552882245953,60.07664730974503,1.473105764491906,0.0,2.688836295538356,16.94071629165692,0.7878787878787878,0.5080370640096092,0.8,0.5,3
-416375814,-352797377,"-416375814,679068326#3,101411570,282689981#1,352797377",0.6654197316075459,28cb240864438c3f3c904044340b7dd89d0f00f4e3266c02d6b6e21d80f43c99,1027.6980579369936,41.9976,10.963214711023408,20.016000000000005,0.3595048981307734,0.0,0.0,1.0,-0.0,0.0,0.0,0.0,0.0,62.04391928968367,0.0,0.0,2.3321591087450027,4.865242238597809,0.0,0.6858329801511619,1.0,0.5,1
-416375814,-352797377,"-416375814,-679068326#2,-101415864#1,-101415864#0,-71324343#1,-71324343#0,463830226#1,101411570,282689981#1,352797377",1.131980668437281,9a3d5c7035aa820d98e5139734bfdcb8cccda7a4799f86d660e6804ef0b84d58,1385.4838172200298,39.996,10.549358274321715,20.016000000000005,0.3719325550517977,0.0,0.0,1.0,-0.0,0.0,0.0,0.0,0.0,99.94375732594668,0.0,0.0,3.144083692086325,7.217695274178647,0.6363636363636364,0.7212177364337511,0.9523809523809524,0.5833333333333334,2
-416375814,-352797377,"416375814,71324343#1,101415864#0,101415864#1,679068326#2,679068326#3,101411570,282689981#1,352797377",0.9956061186173532,0e1dd359b3fdf5817b2b01037bc0e4f1742125a2061345ba85b17232bf31a03a,1299.6799316818592,41.108,10.549358274321715,20.016000000000005,0.3964872608710114,0.0,0.0,1.0,-0.0,0.0,0.0,0.0,0.0,88.10034617637766,0.0,0.0,3.8191989335467182,6.924781848676767,0.6,0.7535645949416003,1.0,0.6666666666666666,3
-416409190,-100468681#0,"416409190,-416409190,-416409191#1,-416409191#0,-162276631,162276528,1323419242#0,1323419242#1,162276533#0,162276533#1,100488715#0,100488715#1,100488715#2,100488715#3,100488715#4,100488715#5,100488715#6,100488715#7,100488714,282479151#6,282479151#7,282479151#1,100475362,-659278038#3,-659278038#2,-659278038#1,-659278038#0,-100525438#2,-100525438#1,-101601553#1,-101601553#0,101600741#4,-100468681#2,-100468681#1,-100468681#0",5.107253117740888,ce237b49fae2a2e6603fcaf7e2c22768ed1e4f4801bd8e4073bdc93b14f1c91f,3816.28945059609,40.8528,11.218457220135042,39.99600000000001,0.5548809511615705,0.0,0.2341784725725086,0.7658215274274914,0.5442761508036047,0.0,0.7861038945909649,0.2620346315303216,0.0,57.31846136587005,0.5240692630606433,0.2620346315303216,2.108275959786935,9.171212103561256,0.7586206896551724,0.37688724141906,0.8387096774193549,0.1666666666666666,0
-416409190,-100468681#0,"-416409190,-416409191#1,-416409191#0,-162276631,162276528,1323419242#0,1323419242#1,162276533#0,162276533#1,100488715#0,100488715#1,100488715#2,100488715#3,100488715#4,100488715#5,101605219,100488715#7,100488714,282479151#6,282479151#7,282479151#1,100475362,-659278038#3,-659278038#2,-659278038#1,-659278038#0,-100525438#2,-100525438#1,-100525438#0,-100468681#6,-100468681#5,-100468681#4,-100468681#3,-100468681#2,-100468681#1,-100468681#0",4.850305255802735,2be9ba398ea68a849ffc41634e15abc47bf3a813e138639b82281df7601efdff,3816.9742281815206,42.77499999999999,10.858650413380111,39.99600000000001,0.6477413115276573,0.0,0.2870509701377992,0.7129490298622009,0.5994900067409139,0.0,0.7859628649966698,0.2619876216655565,0.0,53.18334135684804,0.5239752433311131,0.2619876216655565,1.9521820780706425,9.431554379960035,0.6964285714285714,0.4467004308625879,0.7833333333333333,0.5,1
-416409190,-100468681#0,"416409190,416409192#8,-162276631,162276528,1323419242#0,1323419242#1,162276533#0,162276533#1,100488715#0,100488715#1,100488715#2,100488715#3,101418592,101418584#2,101418584#3,101418584#4,101418587,464265154,120511142#1,75421017,619185406,619184994,1164659927#1,1164659926,120512822,-133906979,-133906980,-282479126,-100468681#8,-100468681#7,-100468681#6,-100468681#5,-100468681#4,-100468681#3,-100468681#2,-100468681#1,-100468681#0",4.81875645197595,9090c571452d2bb24fb74d511362b1528c3ad00b20e73133c2338dddad88ecc3,3691.797683609717,41.88843243243242,11.020856904928898,39.99600000000001,0.6122972945664348,0.0,0.3516790699637335,0.6483209300362666,0.6484798575202871,1.0834829919739626,0.8126122439804719,0.2708707479934906,0.0,59.900569338669214,0.2708707479934906,0.2708707479934906,2.039501564415072,10.022217675759151,0.0,0.6479650432689591,0.8095238095238095,0.9166666666666666,2
-416409190,-100468681#0,"-416409190,-416409191#1,-416409191#0,-162276631,162276528,1323419242#0,1323419242#1,162276533#0,162276533#1,100488715#0,100488715#1,100488715#2,101605951#0,101605951#1,101605951#2,101605951#3,101605951#4,-120829754,100488715#5,101605219,100488715#7,100488714,282479151#6,282479151#7,282479151#1,100475362,-659278038#3,-659278038#2,-659278038#1,-659278038#0,-100525438#2,-100525438#1,-101601553#1,-101601553#0,101600741#4,-100468681#2,-100468681#1,-100468681#0",5.954729024419318,17961ae376273058742ab2d3c6a8004313c78ea0f53568804af9ac1100e8e560,4136.245956384539,42.10294736842105,11.895527160642674,59.97600000000001,0.6350235019216539,0.0,0.2160637553614778,0.740710071910528,0.6891568759809168,0.0,1.2088256000062585,0.4835302400025034,0.0,56.6126746770944,0.9670604800050068,0.2417651200012517,2.115472817953241,9.187074560047565,0.8095238095238095,0.4782277475072476,0.8636363636363636,0.5833333333333334,3
-416409191#0,100475365#1,"416409191#0,-416409191#0,-162276631,162276528,1323419242#0,1323419242#1,162276533#0,162276533#1,100488715#0,100488715#1,100488715#2,100488715#3,101418592,101418584#2,101418584#3,101418584#4,101418587,464265154,120511142#1,120511142#2,1323419247,868087112,526439431#0,526439431#1,687927789#0,416428068,697042776#2,42762428#1,42762428#4,1197063689,282479127#0,101611060,372606529#8,1164659929,120512822,-133906979,-133906980,-282479126,-100468681#8,-100468681#7,100525438#0,100525438#1,100525438#2,659278038#0,659278038#1,659278038#2,659278038#3,100475365#0,100475365#1",5.959772728897086,a787ee91762d9feb47fbd8a08f938ad8b9ed17b85aaceac58c2ac27742ea0099,4123.810559623761,37.74857142857144,10.664844302660963,39.99600000000001,0.4032295340532231,0.1101651747045781,0.1138412208646261,0.7759936044307957,0.6871713914959178,1.4549649925110562,1.9399533233480748,0.9699766616740374,0.2424941654185093,81.91136351324,1.4549649925110562,0.7274824962555281,3.217594162464593,11.88221410550696,0.0,0.0,0.0,1.0,1
-416409191#1,416428068,"416409191#1,416409190,416409192#8,-162276631,162276528,1323419242#0,1323419242#1,162276533#0,162276533#1,162276533#2,120511145,47374680#0,47374680#1,47374680#2,47374680#3,47374680#4,47374680#5,47374680#6,47374680#7,47374680#8,-101411571#0,120509990,120509991,282689983#0,282689983#1,71324342,416428068",3.278401015344854,d3aa93d9f876b0cecfffa654cf00242628a1ec21bffe37a028b864575bb382d1,2809.51403153916,44.07199999999999,10.839510803608183,39.99600000000001,0.7733785300493118,0.0471951523287297,0.220136749671614,0.7326680979996565,0.7051926235700775,0.0,1.067800326434563,0.3559334421448543,0.0,55.11664374418238,0.7118668842897087,0.3559334421448543,1.635939621866885,9.610202937911067,0.8095238095238095,0.6344122271564039,0.8478260869565217,0.8333333333333334,0
-416409191#1,416428068,"-416409191#1,416409191#1,416409190,416409192#8,-162276631,162276528,1323419242#0,1323419242#1,162276533#0,162276533#1,162276533#2,-1323419243,-16648700,42762427,659281081#0,659281081#1,526438862#0,526438862#1,526438862#2,1200809292,868087112,526439431#0,526439431#1,687927789#0,416428068",3.152958685785239,1e23095fc43641d37c6051009d87282530ebfc8e8166a92552587e4a786c22d6,2590.615616288541,41.19552,11.66753057677588,39.99600000000001,0.7290595649091595,0.2709404350908406,0.2387375738689817,0.4903219910401779,1.0452237053314288,0.7720172716573487,1.1580259074860229,0.3860086358286743,0.3860086358286743,46.60244311612247,0.7720172716573487,0.0,1.4251556458247414,9.650215895716858,0.1538461538461538,0.4781320048787048,0.7857142857142857,0.0833333333333333,1
-416409191#1,416428068,"-416409191#1,-416409191#0,-162276631,162276528,1323419242#0,1323419242#1,162276533#0,162276533#1,162276533#2,-1323419243,-16648700,42762427,659281081#0,659281081#1,526438862#0,526438862#1,526438862#2,1200809292,868087112,526439431#0,526439431#1,687927789#0,416428068",2.7182454628430746,9ba38bcc98e62bb9924a61a7f8cc22287dadb953cdd8108f815083964e2b44ff,2205.748985865577,40.42956521739132,11.867599205116452,39.99600000000001,0.6817849507228024,0.3182150492771977,0.2803933226414342,0.4013916280813682,1.0872999590927748,0.9067214868128628,1.360082230219294,0.4533607434064313,0.4533607434064313,36.013655873226405,0.9067214868128628,0.0,1.2134318965397608,10.42729709834792,0.0,0.494815033451397,0.8095238095238095,0.25,2
-416409191#1,416428068,"-416409191#1,-416409191#0,-162276631,162276528,1323419242#0,1323419242#1,162276533#0,162276533#1,162276533#2,-1323419243,-16648700,42762427,659281081#0,659281081#1,100525445,-416373452,101418587,464265154,120511142#1,75421017,619185406,120511930,-42762428#0,-697042776#1,687927789#0,416428068",3.346909052108875,13feba954bba0cd0e7e14d1fc5ce832dcdecef61d7866fc913e5199e2ff2b828,2612.2754156863625,40.76446153846154,11.641181868627497,39.99600000000001,0.6140510404039016,0.1742996129488454,0.2696758853554467,0.5560245016957079,0.9842720446551771,2.2968481669164005,2.2968481669164005,0.7656160556388002,0.3828080278194001,63.0629151168754,1.9140401390970003,0.7656160556388002,1.437071186364662,9.953008723304402,0.5151515151515151,0.5970971177060534,0.8222222222222222,0.5833333333333334,3
-42762428#0,-100468681#2,"697042776#2,-42762428#0,-697042776#1,623959719,-282689984#1,-282689984#0,-134065887,100475363,282479151#1,100475362,-659278038#3,-659278038#2,-659278038#1,-659278038#0,-100525438#2,-100525438#1,-101601553#1,-101601553#0,101600741#4,-100468681#2",1.9196638482606867,f458710f1be714b0516ddee01eb4c6cedd639c239fd109ff7160a08a19ad19cf,1307.743268465885,36.99360000000001,9.795039466350737,20.016000000000005,0.2068120006646183,0.0920734881998169,0.0375819998094348,0.8703445119907479,0.4637873432004469,0.0,1.529352165846896,0.764676082923448,0.764676082923448,57.32362955719767,1.529352165846896,0.0,1.7196961176035843,15.29352165846896,0.9444444444444444,0.7975700477275702,0.945945945945946,0.8333333333333334,0
-42762428#0,-100468681#2,"697042776#2,-42762428#0,-697042776#1,623959719,619185406,619184994,1164659927#1,1164659926,120512822,-133906979,-133906980,-282479126,-100468681#8,-100468681#7,-100468681#6,-100468681#5,-100468681#4,-100468681#3,-100468681#2",1.5776156827021663,f81dd4fed25163e133f08c2f556aa4d7306604ec2cef0fcf06097bc943bfa816,1125.4050766250289,39.46926315789474,10.267991347668223,20.016000000000005,0.3722559847513726,0.1069912397752603,0.4032172576101055,0.4897915026146342,0.9549615520524029,0.0,1.7771378870955414,0.8885689435477707,0.8885689435477707,48.25500790884528,0.8885689435477707,0.0,1.4799194824178243,16.882809927407646,0.3913043478260869,0.5059492769208555,0.8979591836734694,0.0833333333333333,1
-42762428#0,-100468681#2,"697042776#2,42762428#1,42762428#4,1197063689,1164653914,1164659927#1,1164659926,120512822,-133906979,-133906980,-282479126,-100468681#8,-100468681#7,-100468681#6,-100468681#5,-100468681#4,-100468681#3,-100468681#2",1.2364392121139312,71f5f600da9923a52e31b93bd3e50fe47ecddd5c4a4d7e0ebca1985d1d7aac08,929.1297227238812,39.99600000000001,10.298147040637373,20.016000000000005,0.4508937393748024,0.2221020734153009,0.4883954711586489,0.2895024554260503,1.043042361317613,0.0,2.152551953818358,1.076275976909179,0.0,34.19886078166306,1.076275976909179,1.076275976909179,1.221815332907627,19.372967584365224,0.0,0.5278352206623478,0.9722222222222222,0.4166666666666667,2
-42762428#0,-101599076#0,"-42762428#0,-697042776#1,42762429,-120511142#2,75421017,-282689984#1,-282689984#0,-134065887,100475363,282479151#1,100475362,-659278038#3,-659278038#2,-659278038#1,-659278038#0,659278036#0,-416412034,659278036#2,659278036#3,-100468675#3,101599083#0,101599083#1,101599079#3,101599076#0",2.4059283180514823,782306cb7c53b3507d077d5e72e8df1ef394775710531e3b0699660abcc3745a,1723.509928514541,38.328,10.080260866189665,20.016000000000005,0.2785887005730002,0.1378568169049059,0.0,0.862143183095094,0.4010538292638756,1.160422674050831,0.5802113370254155,0.5802113370254155,0.5802113370254155,58.09898314951487,0.5802113370254155,0.0,1.9646627750795864,13.925072088609973,0.2307692307692307,0.5842552298114816,0.903846153846154,0.5833333333333334,0
-42762428#0,-101599076#0,"-42762428#0,-697042776#1,623959719,-282689984#1,-282689984#0,-134065887,100475363,282479151#1,100475362,-659278038#3,-659278038#2,-659278038#1,-659278038#0,659278036#0,659278036#1,659278036#2,659278036#3,-100468675#3,101599083#0,101599083#1,101599079#3,101599076#0",1.753527357667329,34723470b11250a9cb3822baf11924919c6f72779bd8e40779197acf971bf9c2,1365.012718050372,39.08618181818183,10.201098183815514,20.016000000000005,0.3517552511124748,0.0491866396993804,0.0,0.9508133603006196,0.1961133537685118,0.0,0.7325939068379419,0.7325939068379419,0.7325939068379419,54.73886591927031,0.7325939068379419,0.0,1.5560047727576218,16.11706595043472,0.0,0.563575377191978,0.9,0.5,1
-42762428#0,-101599076#0,"697042776#2,42762428#1,42762428#4,1197063689,1164653914,1164659927#1,1164659926,120512822,-133906979,-133906980,-282479126,-100468681#8,-100468681#7,100525438#0,100525438#1,100525438#2,659278036#0,659278036#1,659278036#2,659278036#3,-100468675#3,101599083#0,101599083#1,101599079#3,101599076#0",2.5581077643440384,8452cf59b8ee5886bdc81f75df7dbb53762cba2d7125275e2e5f68a49d4bd82d,1752.578224715028,36.39312,9.52952209504758,20.016000000000005,0.2434463911359625,0.1177474619840791,0.1156363908998134,0.7666161471161075,0.7050926831054208,0.0,1.7117638218332905,1.1411758812221937,0.0,57.06900622762653,1.1411758812221937,1.1411758812221937,1.946792894231272,14.264698515277422,0.7631578947368421,0.5253334105677888,0.8048780487804879,0.1666666666666666,2
-42762428#0,-101599076#0,"697042776#2,42762428#1,42762428#4,1197063689,1164653914,1164659927#1,1164659926,120512822,-133906979,-133906980,-282479126,-100468681#8,-100468681#7,100525438#0,-101601553#1,-101601553#0,-101600741#3,-101600741#2,-101600741#1,-101600741#0,-100468675#3,101599083#0,101599083#1,101599079#3,101599076#0",2.763189797157164,1b30bb952e81bc6216b3207da5d4736e2cd016adaab38f8f153ae5d0d406f368,1863.0755796545243,36.39312,9.52952209504758,20.016000000000005,0.2290078022865085,0.1107639647807653,0.1087780994441611,0.7804579357750736,0.6784937373336921,0.0,1.6102406326190477,1.073493755079365,0.0,62.708037815031965,1.073493755079365,1.073493755079365,2.069535184643182,13.418671938492064,0.8809523809523809,0.6315760311313251,0.8863636363636364,0.8333333333333334,3
-42762428#3,-416409191#0,"-42762428#3,-42762428#0,-697042776#1,687927789#0,-71324342,71223791#0,71223791#1,101411570,282689981#1,-120511301,120509990,71324347#0,71324347#1,71324347#2,71324347#3,71324347#4,71324347#5,47374666,-42762427,16648700,1323419243,-162276533#2,-162276533#1,-162276533#0,-1323419242#1,-1323419242#0,-162276528,162276631,416409191#0",4.062125620605639,8062b1fe1744b7e0044fbf6fa7beb71bc5461da9c6afcd1783a39a010e9873dd,3021.752220057864,37.242620689655176,14.113307368816836,49.96800000000001,0.5822499534458654,0.1384023772518387,0.2046750501098266,0.5280786873798657,1.1995901289592112,0.6618676365071726,1.6546690912679316,1.3237352730143452,0.3309338182535863,53.382272396210055,1.3237352730143452,0.6618676365071726,1.6079064540670636,9.597080729354005,0.6060606060606061,0.6375866773357075,0.8431372549019608,0.9166666666666666,0
-42762428#3,-416409191#0,"-42762428#3,-42762428#0,-697042776#1,42762429,1323419246,184568063,1323419245,16648700,1323419243,-162276533#2,-162276533#1,-162276533#0,-1323419242#1,-1323419242#0,-162276528,162276631,416409191#0",2.7166308789245552,e3aae94e3c35ecc5abab5229fe74d2c268130cdc2baaea68859ee3a44f8647f7,2243.549284638209,40.58258823529412,12.489975255474008,39.99600000000001,0.5608293099841175,0.4391706900158825,0.2756691334104379,0.2851601765736795,1.0743853479613352,0.8914446469681707,0.8914446469681707,0.8914446469681707,0.4457223234840853,32.33494997442899,0.4457223234840853,0.0,1.193816405872696,7.577279499229451,0.0,0.4555403065336474,0.7297297297297297,0.5,1
-42762428#3,-416409191#0,"-42762428#3,-42762428#0,-697042776#1,42762429,1323419246,-100525445,526438862#0,526438862#1,526438862#2,101418589,625955757,71324347#2,71324347#3,71324347#4,71324347#5,47374666,-42762427,16648700,1323419243,-162276533#2,-162276533#1,-162276533#0,-1323419242#1,-1323419242#0,-162276528,162276631,416409191#0",4.086940081742373,a44cd272abb6709dec5b15339bfc692d9a5472f7df1bc899b4130189928375f4,2652.149530687357,33.332,14.408655860013722,59.97600000000001,0.4744258129717547,0.3267820200822743,0.2331984980121133,0.2751655138113198,1.3572490692290886,2.2623158802230057,2.2623158802230057,1.508210586815337,0.3770526467038342,60.86122400036598,1.8852632335191717,0.3770526467038342,1.411236937044916,10.180421461003526,0.4827586206896551,0.4526390343542648,0.7872340425531915,0.4166666666666667,2
-42762428#3,-416409191#0,"-42762428#3,-42762428#0,-697042776#1,42762429,1323419246,184568063,76867740,-16648700,42762427,659281081#0,659281081#1,526438862#0,526438862#1,526438862#2,101418589,625955757,71324347#2,71324347#3,71324347#4,71324347#5,-47374665#1,-47374680#3,-47374680#2,-47374680#1,101749458#0,101749458#1,101415865#1,101415865#2,173532317#2,173532317#3,-283490977#1,-283490977#0,-162276533#2,-162276533#1,-162276533#0,-1323419242#1,-1323419242#0,-162276528,162276631,416409191#0",7.430352555111538,63bd1268e714fe3eb0b2e3e13404cc8f7c5e5d748675063dc5f47324e3a3513f,4566.889183707977,34.997400000000006,13.774376197518684,59.97600000000001,0.4418531431384872,0.3257491670969075,0.213588627944292,0.3497838193110541,1.3063708587811795,0.875869730815823,1.751739461631646,0.875869730815823,0.2189674327039557,86.26972606097668,1.3138045962237346,0.2189674327039557,2.430090245239401,8.758697308158231,0.6744186046511628,0.6134166592068494,0.8333333333333334,0.8333333333333334,3
-42762428#3,-47374664,"-42762428#3,42762428#1,42762428#4,71324344,463830226#0,71324343#0,-416375814,679068326#3,101411570,282689981#1,-120511301,101411571#0,-47374680#8,-47374680#7,-47374680#6,-47374680#5,47374664",2.5368081717928352,51988cc373a1af9ed4ee0fc494a7d9e017cf316128fdd43c705f2c2cf50a080c,1871.8162040539803,34.697647058823534,8.751742119009627,20.016000000000005,0.2043595899983938,0.1441339813990407,0.0,0.8558660186009593,0.4123974651621647,0.0,0.5342404867711902,0.5342404867711902,0.0,72.08321580903666,0.5342404867711902,0.0,2.2147821492056976,9.082088275110234,0.4210526315789473,0.5785659152743308,0.9411764705882352,0.5833333333333334,0
-42762428#3,-47374664,"42762428#1,1164653913,463830226#0,463830226#1,101411570,282689981#1,-120511301,101411571#0,-47374680#8,-47374680#7,-47374680#6,-47374680#5,47374664",1.7873479413363618,9478c0eb4b3606ed8b29a5d5d8148960959d58b188e3c0fc3bfd821cf2884eff,1404.2219835634494,36.14676923076923,9.615375379687874,20.016000000000005,0.1866089107011997,0.0872161176654996,0.0,0.9127838823345,0.2960491752949467,0.0,0.7121381175519927,0.7121381175519927,0.0,63.863796083599055,0.7121381175519927,0.0,1.8837845610831985,9.257795528175905,0.0,0.5110815896045099,0.967741935483871,0.25,1
-42762428#3,-47374664,"-42762428#3,-42762428#0,-697042776#1,42762429,1323419246,184568063,76867740,1323419243,120511145,283490977#1,-173532317#3,-173532317#2,-101415865#2,-101415865#1,-101415865#0,47374680#2,47374680#3,47374680#4,47374664",3.537806555307508,558df7ad45d7481cff0654223330fb163376c41d9787d497bfe6ef585aa9ed16,2531.8395232946896,34.20189473684212,8.38377982836658,20.016000000000005,0.2420768772555322,0.3969074851504048,0.1409877302165978,0.4621047846329973,0.9996978383915268,1.5798789627846512,1.5798789627846512,1.1849092220884885,0.3949697406961628,86.41604009719909,0.7899394813923256,0.7899394813923256,2.995739094843753,7.504425073227093,0.967741935483871,0.8727939434015852,0.96875,1.0,3
-47374664,101418583,"47374664,-47374664,47374680#5,101746498#0,-101746516#3,-101746516#2,-101746516#1,101746504,101746508#1,101746498#2,-101746514,101749449#1,-101415865#0,47374680#2,47374680#3,47374665#0,47374666,659281081#0,659281081#1,526438862#0,526438862#1,526438862#2,101418589,625955757,71324347#2,71324347#3,101418583",5.902073435358471,65914003876f8f3f69abb6331d2b477f44b6129266087938d0e10271d8745e9d,3014.7036294918275,27.40266666666667,9.837013805794149,39.99600000000001,0.2053223436688147,0.0900788960078469,0.0,0.7263188430321686,0.7602811558246985,0.663415129910176,0.995122694865264,0.663415129910176,0.0,98.9745094775962,0.995122694865264,0.331707564955088,10.806796746686253,8.956104253787377,0.8529411764705882,0.7059074334455416,0.9111111111111112,0.5833333333333334,0
-47374664,101418583,"-47374664,47374680#5,47374680#6,47374680#7,47374680#8,-101411571#0,120509990,71324347#0,71324347#1,71324347#2,71324347#3,101418583",1.536772288536383,d2595664d3be4faced1a8eb18dd28d15cdf3e32bc68e18ecff5d10996798f61f,959.3654824648116,28.335000000000004,11.929547503420393,39.99600000000001,0.1583237796034574,0.0,0.0,0.7268292027210588,0.5863871444428173,0.0,1.04235561762217,1.04235561762217,0.0,87.31956108947654,1.04235561762217,1.04235561762217,1.9533305620891477,12.50826741146604,0.0,0.7059214752541885,0.8787878787878788,0.6666666666666666,1
-47374664,101418583,"47374664,-47374664,-47374680#4,47374665#0,47374666,659281081#0,659281081#1,526438862#0,526438862#1,526438862#2,101418589,625955757,71324347#2,71324347#3,101418583",3.4972892034511647,8bf6a6625e2e6811c23d2ce34f0d422190a586ea022a7888253885fb43f519b5,1405.6017015357468,22.6656,8.827153017819505,19.98,0.0,0.1931992359135364,0.0,0.4130146709889559,1.0498312931192872,1.4228781864839943,2.1343172797259915,1.4228781864839943,0.0,106.19729362647752,2.1343172797259915,0.0,5.038655125729117,10.671586398629955,0.8260869565217391,0.6088040079887906,0.84375,0.0833333333333333,2
-47374664,101418583,"47374664,-47374664,-47374680#4,-47374680#3,-47374680#2,101415865#0,101415865#1,101415865#2,173532317#2,173532317#3,-283490977#1,-283490977#0,-1323419243,-16648700,42762427,659281081#0,659281081#1,526438862#0,526438862#1,526438862#2,101418589,625955757,71324347#2,71324347#3,101418583",4.521026594725609,1645a52d311f9e9668722d6dd572af0c6dc0878190a600c96ad8abe0eb94881a,2623.8324069755085,29.995200000000004,11.178555541750466,39.99600000000001,0.2335895402015418,0.2881697713626555,0.1360446294942508,0.4576554507786788,1.2399639188854432,0.7622438059240986,1.143365708886148,0.3811219029620493,0.0,110.68452887579852,1.143365708886148,0.0,9.405642147428129,9.528047574051232,0.8787878787878788,0.7060961326193435,0.8787878787878788,0.75,3
-47374664,101606547#1,"47374664,-47374664,47374680#5,101746498#0,101746498#1,101746498#2,-101746514,101749449#1,-101749458#1,-101749458#0,-47374680#0,-283490977#0,-162276533#2,100488715#0,100488715#1,100488715#2,101605951#0,101605951#1,-101606546,101606547#1",4.278224291876578,b5a89bc5087f41f3f9fb994da104cf7b92686192ea28367efd0fca19aa249fad,2917.724247275592,38.9952,10.216522395249356,20.016000000000005,0.4779090523326283,0.0454448163879792,0.1205321165431735,0.8340230670688473,0.5468785067202199,0.0,1.0281986047177805,0.6854657364785203,0.0,84.09471512983002,1.0281986047177805,0.3427328682392601,4.486197868921058,6.8546573647852025,0.5416666666666667,0.5087969900469901,0.78125,0.3333333333333333,0
-47374664,101606547#1,"47374664,-47374664,-47374680#4,-47374680#3,-47374680#2,-47374680#1,-47374680#0,-283490977#0,-162276533#2,100488715#0,100488715#1,100488715#2,101605951#0,101605951#1,-101606546,101606547#1",3.025169016490686,ea92c2f71aeb96a2822c46bca910ee5f1f56f3cb926bdff8bc7b43fc60d4b5d2,1993.6072748811696,37.494,10.008000000000004,20.016000000000005,0.3632944420701853,0.0665103124165202,0.1764035893350293,0.7570860982484503,0.6970069033453191,0.0,1.5048099180811914,1.0032066120541274,0.0,71.84700904959804,1.5048099180811914,0.5016033060270637,3.06530568006506,8.02565289643302,0.0625,0.5315812106572976,0.71875,0.5833333333333334,1
-47374664,101606547#1,"-47374664,-47374680#4,-47374680#3,-47374680#2,-47374680#1,-47374680#0,-283490977#0,-162276533#2,100488715#0,100488715#1,100488715#2,101605951#0,101605951#1,-101606546,101606547#1",2.50163960472598,e566ff01ba546b7a96aba12c3336b85bb7d651a71b55cd4a4ed847df8a6d5531,1720.0539346379808,37.994400000000006,10.149964537587596,20.016000000000005,0.4210719373677392,0.0770879563820779,0.2044584021067239,0.7184536415111982,0.7596766616264614,0.0,1.744131355178353,1.1627542367855688,0.0,66.84186264503278,1.744131355178353,0.5813771183927844,2.368764799968141,8.720656775891765,0.0,0.5337023849416298,0.7096774193548387,0.6666666666666666,2
-47374664,101606547#1,"47374664,-47374664,-47374680#4,47374665#0,47374666,659281081#0,1323419244,76867740,1323419243,-162276533#2,100488715#0,100488715#1,100488715#2,101605951#0,101605951#1,-101606546,101606547#1",4.0639658109567725,5fe68851debf91f58542ad49bcc40eec805bfefe603077b985e95985b6d3d6da,2133.8079283765287,34.11317647058824,11.759443249125862,39.99600000000001,0.2772840948233732,0.0278229306620914,0.1648130904082984,0.6932240473356275,0.8985274852041023,1.8745829682258848,2.811874452338828,1.8745829682258848,0.0,77.25994055631966,2.3432287102823564,0.4686457420564713,3.280873643185465,7.966977614960012,0.5454545454545454,0.5262527939268177,0.7878787878787878,0.5,3
-47374665#1,-100468681#0,"47374665#0,-47374665#1,-47374680#3,-47374680#2,-47374680#1,-47374680#0,-283490977#0,-162276533#2,100488715#0,100488715#1,100488715#2,100488715#3,101418592,101418584#2,101418584#3,101418584#4,101418587,464265154,120511142#1,75421017,-282689984#1,-282689984#0,-134065887,100475363,282479151#1,100475362,-659278038#3,-659278038#2,-659278038#1,-659278038#0,-100525438#2,-100525438#1,-101601553#1,-101601553#0,101600741#4,-100468681#2,-100468681#1,-100468681#0",6.693535180489728,752a0f23241f2600cc9a3b15711bfbe99f30e6fcf4387b3d416a93b1cd729ea5,3828.356158706774,35.784,11.306738865994202,39.99600000000001,0.3714633516761368,0.0346350854495693,0.2556121909338868,0.6280715518486342,0.961875519832924,1.0448348675456591,1.3060435844320737,0.5224174337728296,0.0,72.68690109944869,1.3060435844320737,0.2612087168864148,2.5592537185792583,9.92593124168376,0.8596491228070176,0.8116533095509485,0.921875,0.9166666666666666,0
-47374665#1,-100468681#0,"47374665#0,47374666,659281081#0,659281081#1,100525445,-416373452,101418587,464265154,120511142#1,75421017,619185406,619184994,1164659927#1,1164659926,120512822,-133906979,-133906980,-282479126,-100468681#8,-100468681#7,-100468681#6,-100468681#5,-100468681#4,-100468681#3,-100468681#2,-100468681#1,-100468681#0",3.92355773988097,8bc3e57d0f8aea40b0f6254b1e7547e7e3fdb6d15677fa231340e16422ff8113,2358.3997764001774,38.516,11.998944415110987,39.99600000000001,0.4651078151934865,0.0676610023845941,0.4373856282306316,0.3916830530385994,1.1455102621773594,2.544097934557262,1.272048967278631,0.4240163224262103,0.0,48.879973128617074,0.8480326448524207,0.4240163224262103,1.576588788355452,11.44844070550768,0.0,0.5066466582014931,0.8596491228070176,0.3333333333333333,1
-47374665#1,-100468681#0,"47374665#0,47374666,659281081#0,659281081#1,526438862#0,526438862#1,526438862#2,1200809292,868087112,526439431#0,526439431#1,623959719,619185406,619184994,1164659927#1,1164659926,120512822,-133906979,-133906980,-282479126,-100468681#8,-100468681#7,100525438#0,-101601553#1,-101601553#0,101600741#4,-100468681#2,-100468681#1,-100468681#0",4.344143771269766,2bb9a3c4b2594399f978349823b384e017fbd839686eab2d7183c32a121d8cc2,2496.8716430096174,33.78662068965518,10.150064955505716,39.99600000000001,0.3182834310427582,0.1895556030395662,0.3322384830581638,0.3806627776095181,1.2760267846113968,0.8010023284934621,2.002505821233655,0.8010023284934621,0.400501164246731,51.46811084873865,1.6020046569869242,0.8010023284934621,1.6691571453336418,11.6145337631552,0.5641025641025641,0.5767799089037878,0.8947368421052632,0.5833333333333334,2
-47374665#1,-100468681#0,"47374665#0,-47374665#1,47374680#4,47374680#5,47374680#6,47374680#7,47374680#8,-101411571#0,120509990,120509991,282689983#0,101418595,526439431#1,697042776#0,697042776#2,42762428#1,42762428#4,1197063689,282479127#0,101611060,372606529#8,1164659929,120512822,-133906979,-133906980,-282479126,-100468681#8,-100468681#7,100525438#0,-101601553#1,-101601553#0,101600741#4,-100468681#2,-100468681#1,-100468681#0",5.510541450240253,9dabcf1966304b12e32514cac7d99101765c5e0f3a2b80a5085d8a846731fa99,2964.114238373199,35.137028571428566,11.21646148848598,39.99600000000001,0.337355260940327,0.1296329991854343,0.2798666921554777,0.4850034917888701,1.2094587298774675,0.6747378269393774,2.0242134808181325,0.6747378269393774,0.3373689134696887,61.13775266135664,1.6868445673484436,0.6747378269393774,1.981508530651671,11.807911971439106,0.8076923076923077,0.7642693896400097,0.8769230769230769,0.8333333333333334,3
-47374680#7,526438862#2,"-47374680#7,-47374680#6,101746498#0,101746498#1,101746498#2,-101746514,101749449#1,-101415865#0,47374680#2,47374680#3,47374665#0,47374666,659281081#0,659281081#1,526438862#0,526438862#1,526438862#2",3.809749351154709,cc2b388947a8afe2dd6e3576ec46e0f96c4b97c20095704f5ac2246f810dbac0,2009.093276780712,29.40352941176471,7.4727594478014545,39.99600000000001,0.260512568500975,0.1351660362781221,0.0,0.743608785282252,0.7465859491960403,0.4977369699839715,0.995473939967943,0.4977369699839715,0.0,100.94026602383748,0.995473939967943,0.4977369699839715,7.342590391532723,8.461528489727515,0.9615384615384616,0.703082837100326,0.9615384615384616,0.5833333333333334,0
-47374680#7,526438862#2,"47374680#7,-47374680#7,-47374680#6,-47374680#5,-47374680#4,-47374680#3,-47374680#2,101415865#0,-101749458#1,-101749458#0,-47374680#0,-283490977#0,-1323419243,-16648700,42762427,659281081#0,659281081#1,526438862#0,526438862#1,526438862#2",2.373452678407576,b31039200c564ad635454253a1a29259b1b8ee025db3469f18b215674e6137e9,1545.3529685953,32.99040000000001,7.332812531426987,20.016000000000005,0.1807624444519754,0.4094618786192914,0.0,0.5905381213807086,0.6766620905616143,0.6471013550444618,0.6471013550444618,0.0,0.0,91.5137301278584,0.6471013550444618,0.0,5.785665164037221,12.942027100889234,0.9285714285714286,0.628149813644466,0.9285714285714286,0.0833333333333333,1
-47374680#7,526438862#2,"47374680#7,47374680#8,-101411571#0,120509990,71324347#0,71324347#1,71324347#2,71324347#3,101418583,526438862#2",1.3499138041354284,aa9befce6c2eb47830351cf861f3ae26fc0a1bec185c445cd79aa116f00ec05f,599.3152556773211,28.0044,13.160958080626198,39.99600000000001,0.2534398511735919,0.0510582724936709,0.0,0.5116582923789726,0.8564582173509379,1.6685709074264123,3.3371418148528247,1.6685709074264123,0.0,84.80302083214377,3.3371418148528247,1.6685709074264123,2.24378343816182,16.68570907426412,0.0,0.8977916820022084,0.9666666666666668,1.0,2
-47374680#7,526438862#2,"-47374680#7,-47374680#6,-47374680#5,-47374680#4,47374665#0,47374666,659281081#0,659281081#1,100525445,-416373452,101418587,464265154,120511142#1,120511142#2,1323419247,868087112,526439431#0,526439431#1,697042776#0,697042776#2,42762428#1,42762428#4,71324344,463830226#0,463830226#1,101411570,282689981#1,-120511301,120509990,71324347#0,71324347#1,71324347#2,71324347#3,101418583,526438862#2",5.261975786606161,929c1f50331fdd7d3b2b218d30137b938087ae12b4dc9e0fdcca024fdb7744e2,2640.1887715943053,30.281142857142854,9.845569852186603,39.99600000000001,0.1744906518295427,0.2091660602426113,0.0,0.5993236469531824,0.950623510265224,3.408847161547944,2.6513255700928453,1.5150431829101974,0.3787607957275493,142.21615498570037,2.6513255700928453,0.7575215914550987,9.649041649875,13.256627850464229,0.8157894736842105,0.8528120590753179,0.9591836734693876,0.9166666666666666,3
-479315694,-1323419243,"479315694,101787498,101786553#1,101786553#2,173532317#3,-283490977#1,47374680#0,101749458#0,101749458#1,-101749449#1,101746514,-101746498#2,-101746498#1,-101746498#0,-47374680#5,-47374680#4,47374665#0,47374666,-42762427,16648700,1323419243",4.129823629966306,09a4f13777fcfe9e7704cde603ee5fb94961b2fbd5aa0a31091491ab472f36cf,2357.465664066432,34.280571428571434,11.21501930703389,39.99600000000001,0.395012572344435,0.1492927650031187,0.0427118775566805,0.704684121695844,0.8997751471193015,0.4241843328802012,2.1209216644010063,0.8483686657604025,0.0,124.70530047896924,1.696737331520805,0.0,3.914982632481916,8.907870990484225,0.7391304347826086,0.8978426037078114,0.98,1.0,0
-479315694,-1323419243,"479315694,-479315694,-101784499#1,-101784499#0,-336860317#1,-336860317#0,-101784793,336860316#1,-120511144#1,-120511144#0,-283490977#1,-283490977#0,-1323419243",1.5640685647909272,94cdd936acd923e7225347b5a1d5fd698462077f74ede191606b733c9d4946ac,1173.449802287393,39.226153846153856,10.385792425602023,20.016000000000005,0.5256862215077289,0.4699582312173874,0.0,0.5300417687826126,0.6913410772182149,0.852188136254922,0.852188136254922,0.0,0.0,61.31167447594216,0.852188136254922,0.0,1.921017326575701,11.078445771313984,0.7647058823529411,0.7107888675261319,0.9375,0.375,1
-479315694,-1323419243,"479315694,101787498,101786553#1,101786553#2,173532317#3,-283490977#1,-283490977#0,-1323419243",0.9190191411337754,db677dc59de37612b8d49c3ce88a0431334908bf3098524ae0de66688a6ba0d8,704.2191255244655,39.996,10.699002036238175,20.016000000000005,0.5590356996100745,0.3758037616812343,0.1429835986244963,0.4812126396942693,0.9978824984204406,1.4200125554034797,2.840025110806959,0.0,0.0,29.65663136981853,1.4200125554034797,0.0,1.1528547187970504,11.360100443227836,0.0,0.6983464985282188,0.9142857142857144,0.25,2
-479315694,-1323419243,"479315694,336860316#0,336860316#1,120511144#2,120511144#3,101752970#0,101752970#1,101752970#2,-120511144#0,-283490977#1,-283490977#0,-1323419243",1.7127011783835204,63612c91d2b84b7c874fb5316090586c8aa151825d4dfddc69ed13be9e4082e6,1300.311138967343,39.996,10.453015084827744,20.016000000000005,0.5925336405422036,0.5707360495969883,0.0,0.4292639504030116,0.6831063517919631,0.7690467073858658,2.3071401221575973,0.7690467073858658,0.0,62.37741645742819,2.3071401221575973,0.0,2.1286979835238635,9.22856048863039,0.75,0.7322839447307185,0.9411764705882352,0.5833333333333334,3
-619184994,-101746498#2,"619184994,-619184994,120511930,42762428#1,42762428#4,71324344,463830226#0,-416376586,71223791#1,101411570,282689981#1,-120511301,101411571#0,-47374680#8,-47374680#7,-47374680#6,101746498#0,101746498#1,101746498#2",3.2380957566611954,e1375b841f8c16d940444d947e5028da20dc7bb18fa38e5232e4408f6ba97bd6,2237.284830003829,34.20189473684212,8.38377982836658,20.016000000000005,0.2039701361408728,0.0658483578911748,0.0384351591288075,0.8957164829800176,0.4030322116082781,0.0,1.340911072102905,0.446970357367635,0.0,68.18756382007716,1.340911072102905,0.0,2.237597048822458,8.492436789985065,0.4583333333333333,0.7042064051281615,0.9411764705882352,0.6666666666666666,0
-619184994,-101746498#2,"-619184994,120511930,-42762428#0,-697042776#1,687927789#0,-71324342,71223791#0,71223791#1,101411570,282689981#1,-120511301,101411571#0,-47374680#8,-47374680#7,-47374680#6,101746498#0,101746498#1,101746498#2",2.4519807491030963,745a20b4722f65a0f67ae309ee1838738b0afd5431ac17901602ac9b3ad9efcf,1788.5580719969485,35.548,9.225146196832938,20.016000000000005,0.2098890394878489,0.0375388363391816,0.0480780578522982,0.91438310580852,0.3509726550822808,0.0,1.6773288197740546,0.5591096065913514,0.5591096065913514,54.27287343896709,1.6773288197740546,0.5591096065913514,1.6670474273073386,10.063972918644328,0.0,0.7189363673712775,0.8709677419354839,0.8333333333333334,1
-619184994,-101746498#2,"-619184994,120511930,-42762428#0,-697042776#1,42762429,1323419246,184568063,76867740,1323419243,120511145,47374680#0,101749458#0,101749458#1,-101749449#1,101746514,-101746498#2",2.9088973098238577,9c313c9ab4414e979f518484e6099b7a54311f03c40875138fc3f1b73a937059,2187.2062695969908,34.992000000000004,8.95142732752716,20.016000000000005,0.3670142323542703,0.3470588136285306,0.0393151755520107,0.6136260108194587,0.7941847247996761,1.8288169961843743,2.286021245230468,0.9144084980921872,0.4572042490460936,56.74109224000402,1.3716127471382809,0.4572042490460936,2.5320678062163355,7.315267984737498,0.8666666666666667,0.5902837632080525,0.9428571428571428,0.125,2
-619184994,-101746498#2,"619184994,-619184994,120511930,-42762428#0,-697042776#1,42762429,1323419246,184568063,76867740,1323419243,120511145,47374680#0,101749458#0,101749458#1,-101749449#1,101746514,-101746498#2",3.200593988495326,d83c99436e9f572efa70423a27829421867a227de540b7f242261bd69cd100c0,2342.590635976126,34.697647058823534,8.751742119009627,20.016000000000005,0.3426701267001767,0.3240383537053256,0.0367073944278076,0.6392542518668669,0.77250267684384,1.7075113075969648,2.134389134496206,0.8537556537984824,0.4268778268992412,63.28755811413037,1.2806334806977235,0.4268778268992412,3.006325138363061,7.2569230572871,0.8709677419354839,0.594686287335843,0.9444444444444444,0.2916666666666667,3
-619184994,-101752975#1,"619184994,-619184994,120511930,-42762428#0,-697042776#1,687927789#0,-71324342,71223791#0,71223791#1,101411570,282689981#1,-120511301,101411571#0,-47374680#8,-47374680#7,-47374680#6,101746498#0,101746498#1,101746498#2,-101746514,101749449#1,101415865#1,101415865#2,-173532317#1,-101765339#6,416382004,336860320,101752975#1",4.7361912655631,930ffd49b93f4bf01e78f99a743dc572726ad54046db0a88a27509d6d22be74f,3260.980269775577,37.13657142857143,9.76680793006892,20.016000000000005,0.4203025725981524,0.0205890202311577,0.0343391516732284,0.9450718280956136,0.3454314033600195,0.0,1.8399375352286087,0.6133125117428697,0.3066562558714348,66.29024277840298,1.8399375352286087,0.3066562558714348,2.2332715272660963,8.586375164400176,0.7631578947368421,0.7909008917753294,0.8888888888888888,0.9166666666666666,0
-619184994,-101752975#1,"619184994,-619184994,120511930,-42762428#0,-697042776#1,42762429,1323419246,184568063,1323419245,16648700,1323419243,120511145,283490977#1,-173532317#3,-173532317#2,-173532317#1,-173532317#0,47374679#0,101754278#0,101754278#1,-101752975#2,-101752975#1",3.4201638034623496,842a3581f2b7970fa5d077db5f46d01939537c7d4d3227736c499084260da960,2414.0711683078907,39.99600000000001,10.243514575434688,20.016000000000005,0.4782302007396587,0.4634377851858279,0.2702501307810926,0.2663120840330794,1.246819807446926,0.8284759895466843,1.6569519790933689,0.8284759895466843,0.4142379947733421,49.29268905716695,1.2427139843200266,0.4142379947733421,1.5915732614026774,9.113235885013529,0.4230769230769231,0.471267582397185,0.9333333333333332,0.1666666666666666,1
-619184994,-101752975#1,"-619184994,120511930,-42762428#0,-697042776#1,42762429,1323419246,184568063,1323419245,16648700,1323419243,120511145,283490977#1,-173532317#3,-173532317#2,-173532317#1,-101765339#6,416382004,336860320,101752975#1",3.103252099976059,02683920380d1a9a1e886ea06077d5315a1850c9f8661742b0f9bc4c8fafb000,2231.399028458401,38.41578947368421,10.153261586411793,20.016000000000005,0.486110015539144,0.5013768408308823,0.2101540772262475,0.2884690819428701,1.126717040006324,0.8962986783147132,2.240746695786783,0.8962986783147132,0.4481493391573566,47.351020799322,2.240746695786783,0.4481493391573566,1.4254038835165674,8.514837443989775,0.0,0.565441611158731,0.8292682926829268,0.5,2
-619184994,-101752975#1,"619184994,-619184994,120511930,-42762428#0,-697042776#1,42762429,1323419246,184568063,76867740,1323419243,120511145,47374680#0,101749458#0,101749458#1,101415865#1,101415865#2,-173532317#1,-173532317#0,47374679#0,47374679#1,101754282#1,101754278#1,-101752975#2,-101752975#1",3.5685502278665244,987314524dc57b8ba90cd14ee1254f8752535b6ae65751999304332afc420c26,2403.999080931482,39.162,10.1876911921243,20.016000000000005,0.3472329128983951,0.3157610246644063,0.1339474400142815,0.5502915353213123,1.266126385553055,1.6638941469354112,2.911814757136969,1.2479206102015583,0.4159735367338528,50.53808144171847,2.079867683669264,0.4159735367338528,1.584932833744515,9.983364881612466,0.696969696969697,0.6023135463877702,0.8888888888888888,0.6666666666666666,3
-659278038#0,100475365#1,"659278038#0,659278038#1,659278038#2,659278038#3,100475365#0,100475365#1",0.4382135287520335,3849538268aedc77ff276bf4d001dfb6e2ff6416f0cbaa88d98af7a9e002339e,292.445792214167,36.66,10.336217954358355,20.016000000000005,0.0950537653033484,0.0,0.0,1.0,-0.0,0.0,0.0,0.0,0.0,1.12762607247447,0.0,0.0,1.0001191408033625,20.51662277160075,0.0,0.1428571428571429,0.1428571428571429,0.75,1
-659278038#0,100475365#1,"-659278038#0,659278038#0,659278038#1,659278038#2,659278038#3,100475365#0,100475365#1",0.4888938008608771,6603a395ab2c3d3b6603efbffbd647e35e7d650c5f8c6c8d29feb0f5b8b7daa8,331.6831481393567,35.706857142857146,9.76680793006892,20.016000000000005,0.0838091228119851,0.0,0.0,1.0,-0.0,0.0,0.0,0.0,0.0,47.01767634578689,0.0,0.0,1.3100990500552423,21.10447889580133,0.1428571428571429,0.1428571428571429,0.1428571428571429,0.75,3
-659278038#3,-101752975#1,"-659278038#3,659278038#3,100475365#0,100475365#1,282479151#3,282479151#4,100488713,-100488715#7,-101605219,-100488715#5,-100488715#4,-100488715#3,-100488715#2,-100488715#1,-100488715#0,162276533#2,120511145,283490977#1,-173532317#3,-173532317#2,-173532317#1,-101765339#6,416382004,336860320,101752975#1",3.756989952208385,99dd2a6d7816cf972338f13a1a838b9ff004502675ce34963852736f529ffc0b,2875.044763411944,41.997600000000006,10.008000000000004,20.016000000000005,0.6430112565052516,0.0890217436286401,0.2555183465850482,0.6554599097863115,0.9388774034481956,0.0,1.7391033571478296,0.6956413428591319,0.0,51.74823563412205,1.7391033571478296,0.3478206714295659,1.9640151815255216,8.695516785739148,0.6585365853658536,0.4776921640718241,0.76,0.5,0
-659278038#3,-101752975#1,"-659278038#3,659278038#3,100475365#0,100475365#1,282479151#3,282479151#4,100488713,-100488715#7,-100488715#6,-100488715#5,-100488715#4,-100488715#3,-100488715#2,-100488715#1,-100488715#0,162276533#2,120511145,283490977#1,-173532317#3,-173532317#2,-173532317#1,-173532317#0,47374679#0,101754278#0,101754278#1,-101752975#2,-101752975#1",3.677083489983466,c019d4866a9cbed92daee8e182c369382b342357859d68b95a3e8b4acb7df434,2717.289837585224,42.59066666666666,9.849931198510204,20.016000000000005,0.5769357078966276,0.0941899882409195,0.337870519665195,0.5679394920938853,1.206217560292803,0.0,1.4720549661918594,0.7360274830959297,0.0,48.14604151380325,1.1040412246438946,0.3680137415479648,1.7949140836694075,9.93637102179505,0.4166666666666666,0.3825391533082096,0.6666666666666667,0.1666666666666666,1
-659278038#3,-101752975#1,"659278038#3,100475365#0,100475365#1,282479151#3,282479151#4,100488713,-100488715#7,-100488715#6,-100488715#5,-100488715#4,101418592,101418584#2,101418584#3,101418584#4,416373452,184568063,1323419245,16648700,1323419243,120511145,283490977#1,-173532317#3,-173532317#2,-173532317#1,-173532317#0,47374679#0,101754278#0,101754278#1,-101752975#2,-101752975#1",3.1527492782570183,ec88fd40061f679925f4ce1381b32ff0e676d57966ecc09a82a6cb1d4aa9bb63,2394.486573844971,41.99759999999999,9.97342994851476,20.016000000000005,0.5630486483324774,0.2986710411951776,0.2365486850832014,0.4647802737216209,1.3413342559202723,0.8352521253808827,1.252878188071324,0.8352521253808827,0.0,52.48668466158336,0.8352521253808827,0.4176260626904413,1.4668361946602206,12.52878188071324,0.0,0.4803341436170511,0.7735849056603774,0.5833333333333334,2
-659278038#3,-101752975#1,"659278038#3,100475365#0,100475365#1,282479151#3,282479151#4,100488713,-100488715#7,-100488715#6,-100488715#5,120829754,-101605951#4,-101605951#3,-101605951#2,-101605951#1,-101605951#0,100488715#3,101418592,101418584#2,101418584#3,101418584#4,416373452,184568063,76867740,1323419243,120511145,283490977#1,-173532317#3,-173532317#2,-173532317#1,-173532317#0,47374679#0,101754278#0,101754278#1,-101752975#2,-101752975#1",4.866860101095615,d9efc06bda6423a05028c3de4ffe32157f9cde8a764fc29bc0a9d9a18193c92f,3110.8188515804604,42.57051428571428,10.944697865852213,39.99600000000001,0.5478902277276909,0.1539232252696593,0.1820783136262147,0.6065235354698967,1.3478406226281754,1.2858350777859626,2.2502113861254345,1.2858350777859626,0.0,58.19634328802967,1.2858350777859626,0.3214587694464906,1.905653485958945,11.251056930627172,0.2894736842105263,0.5628215451843538,0.7692307692307692,0.75,3
-659278038#3,-1200809291,"659278038#3,100475365#0,100475365#1,282479151#3,282479151#4,100488713,-100488715#7,-101605219,-100488715#5,120829754,-101605951#4,-101605951#3,-101605951#2,-101605951#1,-101605951#0,100488715#3,101418592,101418584#2,101418584#3,101418584#4,416373452,-100525445,526438862#0,526438862#1,526438862#2,101418589,-1200809291",3.2893234344149165,97605373f5a3ee7e553940d0a84cc711bcf7bffda46565313c5c1625c408791d,1929.722246231248,37.40533333333334,13.756774577248509,39.99600000000001,0.4667337199412437,0.0580339901555003,0.0,0.8223939184221084,0.5799658178285083,1.0364185850611427,2.0728371701222854,1.0364185850611427,0.0,73.83825369249708,2.0728371701222854,0.0,3.9845557374221774,13.991650898325426,0.3448275862068966,0.4485529045850771,0.8695652173913043,0.6666666666666666,0
-659278038#3,-1200809291,"659278038#3,100475365#0,100475365#1,282479151#3,282479151#4,100488713,-100488715#7,-100488715#6,-100488715#5,-100488715#4,101418592,101418584#2,101418584#3,101418584#4,416373452,-100525445,526438862#0,526438862#1,526438862#2,101418589,-1200809291",1.503284401847505,c2e25bb68905a2f00cd3fb035fccd2acb67bb377fb493da4512ce3450a79f93e,1034.7280368239644,34.757142857142874,12.500486783664527,39.99600000000001,0.1872286074596139,0.1082308373361364,0.0,0.8415657847313519,0.5360047613019748,1.9328750442859168,1.9328750442859168,0.9664375221429584,0.0,70.06167191516084,1.9328750442859168,0.0,2.13654143431813,20.29518796500213,0.0,0.3477273687322072,0.85,0.25,1
-659278038#3,-1200809291,"659278038#3,100475365#0,100475365#1,282479151#3,282479151#4,100488713,-100488715#7,-101605219,-100488715#5,-100488715#4,101418592,101418584#2,101418584#3,101418584#4,101418587,464265154,120511142#1,120511142#2,1323419246,-100525445,526438862#0,526438862#1,526438862#2,101418589,-1200809291",2.1914693230442053,0c83959f67cb9c8367230c8aeb0370b19a23e710650cfdf0bc139cac34f66fef,1545.73559699391,34.794720000000005,11.947644326811876,39.99600000000001,0.3247100726585721,0.1798495726666861,0.0,0.7865438759987498,0.6114388195152317,5.17552938261764,2.58776469130882,1.29388234565441,0.0,73.4332040670624,2.58776469130882,0.646941172827205,3.1916871215888487,16.173529320680124,0.2962962962962963,0.3812066520995759,0.8372093023255813,0.4166666666666667,2
-659278038#3,-1200809291,"-659278038#3,659278038#3,100475365#0,100475365#1,282479151#3,282479151#4,100488713,-100488715#7,-101605219,-100488715#5,-100488715#4,101418592,101418584#2,101418584#3,101418584#4,101418587,464265154,120511142#1,120511142#2,1323419246,-100525445,526438862#0,526438862#1,526438862#2,101418589,-1200809291",2.4492724442927045,3f6547f30d02bdcbf191434e2a3d5b4aca3bdf49542b7a01847dc692257f8f37,1679.3287515591408,34.60984615384616,11.744147205113904,39.99600000000001,0.2988788928581372,0.1655422658112272,0.0,0.8035246350908088,0.5810227150644333,4.763808154045211,2.3819040770226056,1.1909520385113028,0.0,78.7006720274549,2.3819040770226056,0.5954760192556514,4.781400583733789,15.482376500646936,0.3214285714285714,0.3852772947164192,0.813953488372093,0.5,3
-679068326#3,-1200809291,"-679068326#3,-679068326#2,-101415864#1,101416507,101416508#2,-679068326#0,101749453,224715836,224715833,282689986,-352797377,-120511301,120509990,71324347#0,71324347#1,71324347#2,71324347#3,101418583,526438862#2,101418589,-1200809291",3.954422655445944,1f11cf2a9a857029690ac54ca1c7fd12c001961ca35b83b39c2af28e7571cde0,2126.5083002324886,30.0,13.413729145916138,39.99600000000001,0.1872842554130115,0.0143897870657929,0.0,0.8379420959639997,0.4916417133592252,0.9405089083270178,1.4107633624905267,0.9405089083270178,0.0,120.47438850012456,1.4107633624905267,0.4702544541635089,5.859833139919863,9.875343537433688,0.5833333333333333,0.5011373091761374,0.8888888888888888,0.3333333333333333,0
-679068326#3,-1200809291,"679068326#3,-679068326#3,-679068326#2,-679068326#1,-679068326#0,101749453,224715836,224715833,282689986,-352797377,-120511301,120509990,71324347#0,71324347#1,71324347#2,71324347#3,101418583,526438862#2,101418589,-1200809291",4.214555794374662,38b76b8ea7490e69e36d6d127fd666eaf32aa1f9752cdd33a290cfdb8e4b5870,2158.2769333603874,26.998200000000004,10.804157989062896,39.99600000000001,0.069839047932789,0.0141779774231026,0.0,0.840327497957237,0.4869864765349218,0.9266651415701532,1.38999771235523,0.9266651415701532,0.0,138.22101937541547,1.38999771235523,0.4633325707850766,4.217855611831143,9.266651415701531,0.5,0.4751825888100704,0.8529411764705882,0.0833333333333333,1
-679068326#3,-1200809291,"679068326#3,101411570,282689981#1,-120511301,120509990,71324347#0,71324347#1,71324347#2,71324347#3,101418583,526438862#2,101418589,-1200809291",2.1085649603160563,778c5224ac737420549c3c952d1056a56144d36e826693a92cbb860118efe231,1102.7344914644784,26.928,14.931952049213129,39.99600000000001,0.326882209008722,0.0277492015266055,0.0,0.6874882569482635,0.7147675642264101,1.8136732055455296,2.720509808318295,1.8136732055455296,0.0,91.92412825997474,2.720509808318295,0.9068366027727648,2.155040806529605,11.788875836045944,0.0,0.5543708331676247,0.8823529411764706,0.5833333333333334,2
-679068326#3,-1200809291,"-679068326#3,679068326#3,101411570,282689981#1,-120511301,101411571#0,-47374680#8,-47374680#7,-47374680#6,-47374680#5,-47374680#4,47374665#0,47374666,659281081#0,659281081#1,526438862#0,526438862#1,526438862#2,101418589,-1200809291",3.295013456330629,58283963aa87eed731df920621c5ae199a0ee9e3f8f68b56f26bf0990a21f4e8,1657.480888148395,29.49480000000001,11.45723817919209,39.99600000000001,0.1415980912740757,0.1638397019701623,0.0,0.657877980699626,0.8792689540973566,1.2066504140715852,1.809975621107378,1.2066504140715852,0.0,135.46885282410355,1.809975621107378,0.0,4.5673752771592335,12.066504140715852,0.7307692307692308,0.698733461715206,0.8611111111111112,0.8333333333333334,3
-71223800#4,-336863927#1,"71223800#4,71223800#5,71223800#6,71223800#7,101417074,71324343#8,71324343#9,71324343#11,659283000#7,101594822,-101594843,101594812#1,-336863934,-101594809#0,-101594836#0,-372606529#1,-372606529#0,-101607965,101607964#1,101607969#0,101607966#0,-101608828,-101609498#2,-101608827,-336863927#2,-336863927#1",2.726993031183396,0f33c09baedf0f232a1badf5fd2f6b9a50d2fed7cefc502251810d64826af641,1964.8204811247429,31.53323076923077,8.805096180316,29.988000000000007,0.2230834726805669,0.0055201155762014,0.0,0.9944798844237984,0.0342059003241262,0.0,1.0179046987820073,0.5089523493910036,0.5089523493910036,71.10283316445414,1.0179046987820073,0.5089523493910036,2.413700138000534,13.232761084166096,0.5454545454545454,0.5911589062882276,0.9333333333333332,0.4166666666666667,0
-71223800#4,-336863927#1,"71223800#4,71223800#5,71223800#6,71223800#7,101417074,71324343#8,71324343#9,71324343#11,659283000#7,101594822,-101594843,101594812#1,101594812#2,-101594836#1,-101594836#0,-372606529#1,-372606529#0,-120512823#1,-120512823#0,-101609498#5,336863927#0,336863927#1",1.8014844116088564,56e8e833086f6f93e4c6334280fe091c42271111c8e8176afeee4f796175c975,1404.2936560129515,31.81418181818182,9.579132775323284,29.988000000000007,0.2414475717536987,0.0077234815495003,0.0,0.9922765184504998,0.0452566539609032,0.0,1.424203542782048,0.7121017713910239,0.7121017713910239,61.5104028573125,1.424203542782048,0.7121017713910239,1.5221456866653589,15.666238970602526,0.0,0.554918769520025,0.8235294117647058,0.0833333333333333,2
-71223800#4,-336863927#1,"71223800#4,71223800#5,71223800#6,71223800#7,1006827381,679068326#0,679068326#1,679068326#2,416375814,71324343#1,71324343#2,71324343#3,-463830227,416376585#0,416376585#1,-1164659923,-659283000#0,101611060,-372606529#7,-372606529#6,-372606529#5,-372606529#4,-372606529#3,-372606529#2,101594836#0,101594809#0,336863934,101594812#2,101594812#3,101594812#0,101594843,101594815#0,659283000#6,659283000#7,659283000#8,659283000#9,659283000#11,1047412915,1047412911,297823020#0,297823020#1,-297823025,-297823021,297823023#1,297823019#3,297823019#4,297823017,-372606529#0,-120512823#1,-120512823#0,-101609498#5,336863927#0,336863927#1",5.075937115656639,77cf4cec93bab773d6c7e68541106d6ddc7b30f60ad8b29dc7058ec49c0cbf64,3485.18933812746,33.76732075471698,9.249150837891069,29.988000000000007,0.1642921395674247,0.0765919803354032,0.0,0.9234080196645966,0.2703658559695995,0.5738569144925051,1.1477138289850102,0.5738569144925051,0.2869284572462525,93.81726167912628,1.1477138289850102,0.2869284572462525,3.7776756275497134,15.207208234051384,0.8095238095238095,0.7664811954969152,0.92,0.9166666666666666,3
-71223800#7,416428068,"71223800#7,1006827381,679068326#0,679068326#1,-101415864#1,-101415864#0,-71324343#1,-416375814,679068326#3,101411570,282689981#1,-120511301,120509990,120509991,282689983#0,101418595,526439431#1,687927789#0,416428068",2.327799877843311,9d119ea2ae795d693130d63f9d7461c6bb8a30a8f33944a44723f193977a3d6b,1709.3656746447043,39.997894736842106,11.060644656190991,29.988000000000007,0.488971956590902,0.037252814847853,0.0,0.9627471851521467,0.1591129435492317,1.1700246645093682,1.1700246645093682,0.5850123322546841,0.5850123322546841,93.0512848267192,1.1700246645093682,0.0,2.7139485428564862,11.115234312838998,0.9142857142857144,0.6026255398093343,0.9142857142857144,0.4166666666666667,0
-71223800#7,416428068,"71223800#7,1006827381,679068326#0,679068326#1,679068326#2,679068326#3,101411570,282689981#1,-120511301,120509990,120509991,282689983#0,282689983#1,71324342,416428068",1.795597104725425,b28d40f3b8349faf026ef92d767aba3a028651f94e3690af925a7b122bb3b32d,1298.3250669611632,39.99840000000001,11.343472665559071,29.988000000000007,0.4665098859003387,0.0,0.0,1.0,-0.0,0.0,0.0,0.0,0.0,87.10197559958584,0.0,0.0,2.06134209660299,11.55334698659769,0.9375,0.5609094431676084,0.9375,0.1666666666666666,1
-71223800#7,416428068,"71223800#7,101417074,71324343#8,71324343#9,71324343#11,-659283000#6,-659283000#5,-659283000#3,-659283000#2,-659283000#1,-659283000#0,-282479127#2,1164653914,-619184994,120511930,-42762428#0,-697042776#1,687927789#0,416428068",1.5264912046260046,dc22c0ae64997554fff29a914cfb9027f00de6146eca6fd46cfe8e733e2e6b79,1195.6844363501034,38.94442105263159,11.007752330445172,29.988000000000007,0.5213343723423942,0.4067345849362603,0.0719173017925658,0.5213481132711737,0.8947731223857054,0.0,4.181705346322641,1.6726821385290562,1.6726821385290562,69.32058966319322,4.181705346322641,0.8363410692645281,1.898380248230402,15.890480316026034,0.0,0.8754941317204126,0.9428571428571428,1.0,2
-71223800#7,416428068,"71223800#7,1006827381,101749453,224715836,224715833,282689986,-352797377,-282689981#1,-282689981#0,-679068326#3,416375814,71324343#1,71324343#2,71324343#3,-463830227,416376585#0,416376585#1,-1164659923,-659283000#0,-282479127#2,1164653914,-619184994,120511930,-42762428#0,-697042776#1,687927789#0,416428068",3.787565800050928,18ecabe692f3508379a3c869846094b1fab8b4f98487bf6f620d3aa36b01e1fb,2418.512595486075,35.54933333333334,9.745798431987144,29.988000000000007,0.2276910031481573,0.0838020059530406,0.035555075718091,0.8806429183288682,0.4383382122638791,0.0,2.0673863800966044,0.8269545520386418,0.4134772760193209,109.70924809961797,2.0673863800966044,0.4134772760193209,3.8398564050748094,11.163886452521664,0.7222222222222222,0.8324318358409267,0.9583333333333334,0.8333333333333334,3
-71324343#4,-619184994,"-71324343#4,-71324343#3,-71324343#2,101415864#0,101416507,101416508#2,679068326#1,679068326#2,679068326#3,101411570,282689981#1,-120511301,120509990,120509991,282689983#0,101418595,526439431#1,697042776#0,697042776#2,42762428#1,42762428#4,1197063689,1164653914,-619184994",2.7097558245760496,0b3981c56e1be1c1f66f0b3dbc4f43f4b09b983f512092fa735eaa16f11997c9,2008.4539301551192,36.66,9.638572941459028,20.016000000000005,0.3272680278925084,0.1413587883242074,0.0,0.8586412116757924,0.4074224331572476,0.9957908269499284,0.9957908269499284,0.4978954134749642,0.4978954134749642,159.44980973537238,0.9957908269499284,0.4978954134749642,4.331700275558499,11.94948992339914,0.9,0.7682907636069106,0.9743589743589745,0.75,0
-71324343#4,-619184994,"-71324343#4,-463830227,416376585#0,416376585#1,-1164659923,-659283000#0,-282479127#2,1164653914,-619184994",0.6441927238858106,116b80df70e634cef3a1a81f1a6d8f4432e752118290e524d4e5e08fa893fcca,575.7475327443144,34.43600000000001,8.826226373711476,20.016000000000005,0.0711571268006994,0.2354084220397393,0.0,0.7645915779602607,0.5457292631097919,0.0,3.47374480350259,1.736872401751295,0.0,47.765865817927015,3.47374480350259,0.0,1.2417341064168976,15.631851615761658,0.0,0.7447077347402946,0.96875,0.5833333333333334,2
-71324343#5,416428068,"-71324343#5,101416508#0,101416508#1,101416508#2,-679068326#0,101749453,224715836,224715833,282689986,-352797377,-120511301,120509990,120509991,282689983#0,282689983#1,71324342,416428068",2.7768326769152587,994ee739310afd25a08c09c4839211db22238d3b992526418b0bd4683cb490c7,1788.6733768117522,41.76211764705882,10.154109918416983,20.016000000000005,0.311588896128344,0.0,0.0,1.0,-0.0,0.0,0.0,0.0,0.0,109.66040525345034,0.0,0.0,3.152016950667787,9.504250591744093,0.9333333333333332,0.6713221561047648,0.9333333333333332,0.75,0
-71324343#5,416428068,"-71324343#5,-71324343#4,-71324343#3,-71324343#2,101415864#0,101415864#1,679068326#2,679068326#3,101411570,282689981#1,-120511301,120509990,120509991,282689983#0,282689983#1,71324342,416428068",1.8356621554309267,3ab940253ed8b0cae8514260ea57c956509ab029f47853068c99313b5ae96b36,1411.8185667110747,41.76211764705882,10.154109918416983,20.016000000000005,0.5323102748918096,0.0,0.0,1.0,-0.0,0.0,0.0,0.0,0.0,94.61748155200654,0.0,0.0,2.487919880304202,12.041207277506366,0.896551724137931,0.5600814830218072,0.896551724137931,0.3333333333333333,1
-71324343#5,416428068,"-71324343#5,-71324343#4,-463830227,416376585#0,416376585#1,-1164659923,-659283000#0,-282479127#2,-1197063689,-42762428#4,-42762428#3,-42762428#0,-697042776#1,687927789#0,416428068",1.0595376811631785,66aab4a65fbe318b6fa5279a2836864e8f180678e777ef38a5582137e2cfdd64,768.44216476023,35.3256,9.162077967672744,20.016000000000005,0.2203267047903584,0.4629753096311745,0.0,0.5370246903688254,0.6904030140963313,0.0,2.6026682185302024,1.3013341092651012,1.3013341092651012,50.19055565189812,2.6026682185302024,1.3013341092651012,1.3541559685142055,19.52001163897652,0.0,0.8517270271441574,0.9333333333333332,0.9583333333333334,2
-71324343#5,416428068,"-71324343#5,101416508#0,101416508#1,101416508#2,679068326#1,679068326#2,679068326#3,101411570,282689981#1,-120511301,120509990,120509991,282689983#0,101418595,526439431#1,687927789#0,416428068",2.1433297869183665,82c74597e828a4e5c92e4221e1ec0414d6997b98aba17c480cb6ba40c22c43d6,1549.933149010488,41.76211764705882,10.154109918416983,20.016000000000005,0.4539175970087383,0.0410847932541274,0.0,0.9589152067458726,0.171376487450767,1.2903782342334216,1.2903782342334216,0.6451891171167108,0.6451891171167108,105.95660015863768,1.2903782342334216,0.0,2.7313066887544566,10.968214990984082,0.896551724137931,0.5969430697109801,0.896551724137931,0.6666666666666666,3
100475365#1,-101601832#0,"100475365#1,282479151#3,282479151#4,100488713,-100488715#7,-101605219,-100488715#5,120829754,-101605951#4,-101605951#3,-101605951#2,-101605951#1,-101605951#0,100488715#3,101418592,101418584#2,101418584#3,101418584#4,101418587,464265154,120511142#1,75421017,-282689984#1,-282689984#0,-134065887,100475363,282479151#1,100475362,-659278038#3,-101601832#2,-101601832#1,-101601832#0",3.733628997278998,5b282fca940a381cbaa80286dcc5a084656d044685799a531882a11ba0b77c6b,2394.2074034472794,42.49912500000001,11.0770640914954,39.99600000000001,0.5581062969395041,0.0,0.0,0.9253222248420456,0.265574186682122,1.6706990356143054,0.8353495178071527,0.4176747589035763,0.0,116.1974907733418,0.8353495178071527,0.0,8.385411005323355,13.365592284914444,0.7428571428571429,0.4216794751727329,0.7428571428571429,0.5,0
100475365#1,-101601832#0,"100475365#1,282479151#3,282479151#4,282479151#5,282479151#6,282479151#7,282479151#1,100475362,-659278038#3,-101601832#2,-101601832#1,-101601832#0",0.4714460298158139,28b254970654d2daf5a049bf64179d8e6597a236d3310921290b1327ff87b9c9,500.2113842729049,48.336000000000006,5.778121494049777,20.016000000000005,0.7329266011020149,0.0,0.0,1.0,-0.0,0.0,0.0,0.0,0.0,102.17429974338484,0.0,0.0,1.7519276068692555,23.989857842685662,0.0,0.7387863182122264,0.7906976744186046,1.0,1
100475365#1,-101601832#0,"100475365#1,282479151#3,282479151#4,100488713,-100488715#7,-100488715#6,-100488715#5,-100488715#4,101418592,101418584#2,101418584#3,101418584#4,101418587,464265154,120511142#1,120511142#2,1323419247,868087112,526439431#0,526439431#1,623959719,-282689984#1,-282689984#0,-134065887,100475363,282479151#1,100475362,-659278038#3,-101601832#2,-101601832#1,-101601832#0",2.3005311411821747,c22d4dece6203cb05be3a43b0cac18d9675c565c92515b05e3c56be90075f337,1742.2335777576209,39.67316129032257,10.168138168143257,20.016000000000005,0.361195239877153,0.0847212854053175,0.0,0.9152787145946824,0.2901516006436456,3.443855104504661,1.1479517015015537,0.5739758507507768,0.5739758507507768,130.80184328783756,1.1479517015015537,0.5739758507507768,6.101954490549772,17.79325137327408,0.7352941176470589,0.4164366482111524,0.7352941176470589,0.375,2
100475365#1,-101601832#0,"100475365#1,282479151#3,282479151#4,100488713,-100488715#7,-101605219,-100488715#5,-100488715#4,101418592,101418584#2,101418584#3,101418584#4,416373452,-100525445,526438862#0,526438862#1,526438862#2,1200809292,868087112,526439431#0,526439431#1,623959719,-282689984#1,-282689984#0,-134065887,100475363,282479151#1,100475362,-659278038#3,-101601832#2,-101601832#1,-101601832#0",2.4349741480465474,63b4327a6a7658bad33339e56f019c90958271677ae29354619097afc75486a1,1948.2668630395813,39.996,10.168138168143257,20.016000000000005,0.5248886236031548,0.1610273844204207,0.0,0.8389726155795794,0.4413695970928609,1.0265534141866517,1.0265534141866517,0.5132767070933258,0.5132767070933258,129.55471299978393,1.0265534141866517,0.5132767070933258,6.823560219184101,16.424854626986427,0.7428571428571429,0.4276418613802772,0.7428571428571429,0.75,3
100475365#1,-101604513#1,"100475365#1,282479151#3,282479151#4,100488713,-100488715#7,-101605219,-100488715#5,120829754,-101605951#4,-101605951#3,-101605951#2,-101605951#1,-101605951#0,100488715#3,101418592,101418584#2,101418584#3,101418584#4,101418587,464265154,120511142#1,75421017,-282689984#1,-282689984#0,-134065887,100475363,282479151#1,100475362,-659278038#3,-659278038#2,101604503,101604513#1",3.6680093873039774,4c7963b06169ff8bf82b6efecdbe1c55a386335045ef527fe46452d95eb0bd76,2273.9620855383178,41.873625,11.20401268483464,39.99600000000001,0.5086078703123288,0.0,0.0,0.9213733231115772,0.2754023600011078,1.7590442802185398,0.8795221401092699,0.4397610700546349,0.0,145.0788901865121,0.8795221401092699,0.0,14.798644484929191,14.072354241748318,0.7428571428571429,0.4362223528452198,0.7428571428571429,0.5,0
100475365#1,-101604513#1,"100475365#1,282479151#3,282479151#4,282479151#5,282479151#6,282479151#7,282479151#1,100475362,-659278038#3,-659278038#2,101604503,101604513#1",0.4058264198407945,324390d75040540aa16fdf10af8390ef0906f86110d606696c5592b25cc47d9b,379.9660663639434,46.668000000000006,7.791217433168524,20.016000000000005,0.4920202926282521,0.0,0.0,1.0,-0.0,0.0,0.0,0.0,0.0,107.7712937547276,0.0,0.0,2.4727689033240305,31.58176759001953,0.0,0.7463511649870678,0.8958333333333334,1.0,1
100475365#1,-101604513#1,"100475365#1,282479151#3,282479151#4,100488713,-100488715#7,-100488715#6,-100488715#5,-100488715#4,101418592,101418584#2,101418584#3,101418584#4,101418587,464265154,120511142#1,120511142#2,1323419247,868087112,526439431#0,526439431#1,623959719,-282689984#1,-282689984#0,-134065887,100475363,282479151#1,100475362,-659278038#3,-659278038#2,101604503,101604513#1",2.2349115312071555,47bb3b135b07e13b00f1bd964bf0dea7d87692cb4a07ef29a697a89cb2594b77,1621.9882598486593,39.027483870967735,10.125682290989804,20.016000000000005,0.2772025369256776,0.0910020570664939,0.0,0.908997942933506,0.3048501075650866,3.699163642873614,1.233054547624538,0.616527273812269,0.616527273812269,137.27247472194622,1.233054547624538,0.616527273812269,10.555685061277943,19.11234548818034,0.7352941176470589,0.3696138477291728,0.7352941176470589,0.4,2
100475365#1,-101604513#1,"100475365#1,282479151#3,282479151#4,100488713,-100488715#7,-101605219,-100488715#5,-100488715#4,101418592,101418584#2,101418584#3,101418584#4,416373452,-100525445,526438862#0,526438862#1,526438862#2,1200809292,868087112,526439431#0,526439431#1,623959719,-282689984#1,-282689984#0,-134065887,100475363,282479151#1,100475362,-659278038#3,-659278038#2,101604503,101604513#1",2.369354538071528,798a83d10ccef719d0e066cb6f4180f388a1c692bd22d35a472c90712b962084,1828.02154513062,39.3705,10.148259091127168,20.016000000000005,0.4611301764201955,0.1716195949352582,0.0,0.8283804050647419,0.4584450151309631,1.094079008711624,1.094079008711624,0.5470395043558121,0.5470395043558121,116.05215930153533,1.094079008711624,0.5470395043558121,11.896522430704854,17.505264139385986,0.7428571428571429,0.4464109010110642,0.7428571428571429,0.7,3
100475365#1,-101609494#0,"100475365#1,282479151#3,282479151#4,282479151#5,282479151#6,282479151#7,282479151#1,100475362,-659278038#3,-659278038#2,-659278038#1,-659278038#0,-100525438#2,-100525438#1,-100525438#0,-100468681#6,-100468681#5,101607105,101607099,101607107,101607098#1,101607098#2,-120512823#1,-120512823#0,-101609498#5,-101609498#4,-101608824,-101607967#0,101607962,-101607966#1,-101608828,-101609498#2,-101608827,-336863927#2,-336863927#1,-101609494#1,-101609494#0",3.2935055807780267,96438422f356b4383d876e4393150f1dac212bd0a7388ba97fb5eb86eae38b5e,2232.268638140365,38.102594594594606,9.962816925000736,20.016000000000005,0.2301798551995545,0.0,0.0339627802689311,0.9660372197310688,0.1482581690801277,0.0,0.8959495133462695,0.4479747566731347,0.0,83.43148438334754,0.8959495133462695,0.0,2.304646442661623,16.575065996905984,0.8181818181818181,0.6825874520281925,0.8974358974358975,0.75,0
100475365#1,-101609494#0,"100475365#1,282479151#3,282479151#4,282479151#5,282479151#6,100475366,100475359,282689984#0,282689984#1,619185406,619184994,1164659927#1,1164659928,-372606529#8,-372606529#7,-372606529#6,-372606529#5,-372606529#4,-372606529#3,-372606529#2,-372606529#1,-372606529#0,-120512823#1,-120512823#0,-101609498#5,336863927#0,-101609494#1,-101609494#0",1.9478247310443253,67a84e7b65533deaa62d27313cc3c0bd6cb7516982493d21f00db889a0bd4c60,1405.9085945955533,37.85142857142858,9.95490678725106,20.016000000000005,0.2704989424580919,0.0,0.0,1.0,-0.0,0.0,0.0,0.0,0.0,56.80123647047865,0.0,0.0,1.451492972611616,19.91594624830851,0.0,0.6094310659110491,0.875,0.0833333333333333,1
100475365#1,-101609494#0,"100475365#1,282479151#3,282479151#4,282479151#5,282479151#6,100475366,100475359,282689984#0,282689984#1,619185406,120511930,42762428#1,42762428#4,1197063689,282479127#0,101611060,-372606529#7,-372606529#6,-372606529#5,-372606529#4,-372606529#3,-372606529#2,-372606529#1,-372606529#0,-120512823#1,-120512823#0,-101609498#5,336863927#0,-101609494#1,-101609494#0",2.301666267658972,5a5c3979b0655967c73c307e4b069b52fe7bb6c9f27bc1cbdd12796b8a273d6c,1609.6306741490066,37.32720000000001,9.810492477356878,20.016000000000005,0.2362633827364765,0.1574447797162671,0.0534224402148191,0.789132780068914,0.6344503979253702,0.0,1.8637815793278576,0.6212605264426193,0.0,57.38393040742437,1.8637815793278576,0.6212605264426193,1.6618204206223657,18.63781579327858,0.2941176470588235,0.668059657452474,0.8793103448275862,0.5,2
100475365#1,-101609494#0,"100475365#1,282479151#3,282479151#4,100488713,-100488715#7,-101605219,-100488715#5,-100488715#4,101418592,101418584#2,101418584#3,101418584#4,101418587,464265154,120511142#1,75421017,619185406,120511930,-42762428#0,-697042776#1,687927789#0,-71324342,71223791#0,71223791#1,-679068326#3,416375814,71324343#1,71324343#2,71324343#3,-463830227,416376585#0,416376585#1,-1164659923,-659283000#0,101611060,-372606529#7,-372606529#6,-372606529#5,-372606529#4,-372606529#3,-372606529#2,-372606529#1,-372606529#0,-120512823#1,-120512823#0,-101609498#5,336863927#0,-101609494#1,-101609494#0",4.672930828198809,9defa637e4711ce044493b8d62155551eefa9a38b2c8132177f98ee669cea52a,3256.3810214806385,35.706857142857146,9.136012259186174,20.016000000000005,0.2978870043796164,0.0314280796910697,0.0264067373843634,0.9421651829245672,0.2608376919816871,1.2283574844633036,1.5354468555791296,0.6141787422316518,0.3070893711158259,91.60870351194345,1.5354468555791296,0.3070893711158259,3.361964061528992,15.047379184675467,0.6949152542372881,0.7293468824959283,0.9367088607594936,1.0,3
100475365#1,101607963,"100475365#1,282479151#3,282479151#4,282479151#5,282479151#6,282479151#7,282479151#1,100475362,-659278038#3,-659278038#2,-659278038#1,-659278038#0,-100525438#2,-100525438#1,-100525438#0,-100468681#6,-100468681#5,101607105,-101607101,101607107,101607098#1,101607098#2,-101607965,101607964#1,101607969#0,101607966#0,-101608828,101609498#3,-101608824,-101607967#0,101607962,101607963",3.156584505652513,6470b4740f55c79b8c4f063ef78b7c8028d12d4bc2de78fa6faa2a454c58562e,2098.734068435332,38.745000000000005,10.088386833544096,20.016000000000005,0.2300226454489047,0.0,0.0361237044743401,0.96387629552566,0.1554230563700296,0.0,0.9529554173059472,0.4764777086529735,0.0,89.32348229572509,0.9529554173059472,0.0,2.8755714034589896,15.247286676895154,0.8,0.671309372459402,0.9016393442622952,0.5,0
100475365#1,101607963,"100475365#1,282479151#3,282479151#4,282479151#5,282479151#6,100475366,100475359,282689984#0,282689984#1,619185406,619184994,1164659927#1,1164659928,-372606529#8,-372606529#7,-372606529#6,-372606529#5,-372606529#4,-372606529#3,-372606529#2,-372606529#1,-372606529#0,-101607965,101607964#1,101607969#0,101607966#0,101607966#1,101607963",2.35441341403372,d6f64da7afdabd0902f2373faca412582d32e448d2899798317e087e6fcdd214,1663.1104389186846,38.56628571428571,10.08711585567026,20.016000000000005,0.3082721415789977,0.0,0.0,1.0,-0.0,0.0,0.0,0.0,0.0,70.42622299464945,0.0,0.0,2.27870357225111,16.83592342683204,0.0,0.5870031471042673,0.8627450980392157,0.0833333333333333,1
100475365#1,101607963,"100475365#1,282479151#3,282479151#4,282479151#5,282479151#6,282479151#7,282479151#1,100475362,-659278038#3,-659278038#2,-659278038#1,-659278038#0,-100525438#2,-100525438#1,-100525438#0,-100468681#6,-100468681#5,101607105,101607099,101607107,101607098#1,101607098#2,-101607965,101607964#1,101607969#0,101607966#0,101607966#1,101607963",2.67599774250953,df0a702fb761f7128b09221780e972803b2b1397bf1e7f15b3fcb89fca598e46,1808.6627702485143,39.28114285714286,10.165615995670338,20.016000000000005,0.2524644623988553,0.0,0.041917183515626,0.958082816484374,0.1739899165340654,0.0,1.1057893339205491,0.5528946669602746,0.0,79.80047234246119,1.1057893339205491,0.0,2.478131469274236,15.481050674887689,0.7555555555555555,0.6536689581718041,0.875,0.4166666666666667,2
100475365#1,101607963,"100475365#1,282479151#3,282479151#4,282479151#5,282479151#6,100475366,100475359,282689984#0,282689984#1,619185406,120511930,42762428#1,42762428#4,71324344,416376587,1164659921,416376585#0,416376585#1,-1164659923,-659283000#0,101611060,-372606529#7,-372606529#6,-372606529#5,-372606529#4,-372606529#3,-372606529#2,-372606529#1,-372606529#0,-101607965,101607964#1,101607969#0,101607966#0,-101608828,101609498#3,-101608824,-101607967#0,101607962,101607963",3.302342348026324,1ef5066ade39829ae6e5802cd500a93ae957a31f7882676d82b8fbc615767a39,2331.7673028681,38.1996923076923,9.974177666021411,20.016000000000005,0.3095068427119647,0.0782766554217687,0.0368777786496513,0.8848455659285798,0.4293662063586244,0.0,2.144296299999551,0.8577185199998205,0.0,91.3484177347858,2.144296299999551,0.0,3.194860881372694,16.7255111399965,0.4772727272727273,0.6982180285770206,0.9047619047619048,0.6666666666666666,3
100475365#1,336863934,"100475365#1,282479151#3,282479151#4,100488713,-100488715#7,-100488715#6,-100488715#5,-100488715#4,101418592,101418584#2,101418584#3,101418584#4,101418587,464265154,120511142#1,75421017,619185406,619184994,1164659927#1,1164659928,-372606529#8,-372606529#7,-372606529#6,-372606529#5,-372606529#4,-372606529#3,-372606529#2,101594836#0,101594809#0,336863934",3.0156706743172434,b98595294d5d1ef7e6f856b7d1bf0568c633e05263c24732ddd18c83c62f389b,1950.75625310532,33.99120000000001,8.143271453084486,20.016000000000005,0.0705967111071972,0.0,0.0,1.0,-0.0,2.0504868271638665,0.0,0.0,0.0,84.6626227657565,0.0,0.0,2.5623714018623978,15.378651203728998,0.9230769230769232,0.6227049989683257,0.9344262295081968,0.5,0
100475365#1,336863934,"100475365#1,282479151#3,282479151#4,282479151#5,282479151#6,100475366,100475359,282689984#0,282689984#1,619185406,619184994,1164659927#1,1164659928,-372606529#8,-372606529#7,-372606529#6,-372606529#5,-372606529#4,-372606529#3,-372606529#2,101594836#0,101594836#1,101594812#3,101594812#0,101594812#1,-336863934",1.7677497060739342,b6155686c5b0bf7abdb679c3b60fbe57d6d4465682597c04bbdc92a38eacb2fe,1293.996841469737,36.91661538461539,9.711053113136282,20.016000000000005,0.1763835192091667,0.0,0.0,1.0,-0.0,0.0,0.0,0.0,0.0,62.67071861792082,0.0,0.0,1.5540532271037637,20.09278474781197,0.7,0.6213372731097611,0.8723404255319149,0.4166666666666667,1
100475365#1,336863934,"100475365#1,282479151#3,282479151#4,282479151#5,282479151#6,100475366,100475359,282689984#0,282689984#1,619185406,120511930,42762428#1,42762428#4,1197063689,282479127#0,659283000#0,659283000#1,659283000#2,659283000#3,659283000#4,659283000#6,659283000#7,101594822,-101594843,101594812#1,-336863934",1.4308334420881388,d808ae891f01ce539022e73b7aadacf44ceb6a487a336ae3daf75d3e43313ba4,1202.2722159100963,42.30553846153847,9.930716990150389,20.016000000000005,0.4640689230041553,0.4850194447234744,0.0715232351872752,0.4434573200892502,0.9002018828027947,0.0,2.495275163394722,0.8317583877982407,0.0,55.000211716724976,2.495275163394722,0.8317583877982407,1.4438945730888588,21.625718082754258,0.0,0.7751095822689599,0.9310344827586208,0.75,2
100475365#1,336863934,"100475365#1,282479151#3,282479151#4,100488713,-100488715#7,-101605219,-100488715#5,-100488715#4,101418592,101418584#2,101418584#3,101418584#4,416373452,-100525445,526438862#0,526438862#1,526438862#2,1200809292,868087112,526439431#0,526439431#1,623959719,619185406,619184994,1164659927#1,1164659928,-372606529#8,-372606529#7,-372606529#6,-372606529#5,-372606529#4,-372606529#3,-372606529#2,101594836#0,101594809#0,336863934",3.5030548576522045,ea0a5624ce43bcdd2c17809fce8fc3555f4c1aae12dc334cbc17042740f95fe5,2399.809922104906,33.88000000000001,8.034151902970223,20.016000000000005,0.2212898646104139,0.1307288190695828,0.0,0.8692711809304172,0.3877698167425319,0.8333993378299615,0.8333993378299615,0.4166996689149807,0.4166996689149807,79.79050032435737,0.8333993378299615,0.4166996689149807,3.152215611006553,15.001188080939306,0.9310344827586208,0.6887033701341968,0.9402985074626866,0.6666666666666666,3
100475365#1,71324347#3,"100475365#1,282479151#3,282479151#4,100488713,-100488715#7,-101605219,-100488715#5,120829754,-101605951#4,-101605951#3,-101605951#2,-101605951#1,-101605951#0,100488715#3,101418592,101418584#2,101418584#3,101418584#4,416373452,-100525445,526438862#0,526438862#1,526438862#2,101418589,625955757,71324347#2,71324347#3",3.652260797674364,134c08b3aef97ac332ec862f48bc1f46320063e28feb6cda9748cffec15bc50d,1939.1710808230955,35.92533333333333,14.213162653518909,39.99600000000001,0.4575297361257412,0.057751212849719,0.0,0.7425650525082977,0.7073992039163918,1.031368516052274,2.062737032104548,1.031368516052274,0.0,79.60330358782053,2.062737032104548,0.0,4.362657217852714,13.9234749667057,0.3448275862068966,0.5575592947011437,0.8913043478260869,0.5,0
100475365#1,71324347#3,"100475365#1,282479151#3,282479151#4,100488713,-100488715#7,-100488715#6,-100488715#5,-100488715#4,101418592,101418584#2,101418584#3,101418584#4,416373452,-100525445,526438862#0,526438862#1,526438862#2,101418589,625955757,71324347#2,71324347#3",1.866221765106952,38975ca6fd051e5641da5c8b49ec5fbd32f2847457624823e595f14ebd605b75,1044.1768714158115,32.85428571428572,12.70550359939683,39.99600000000001,0.1726648854655115,0.107251448395698,0.0,0.6931398003687642,0.8151481850923519,1.91538431347189,1.91538431347189,0.957692156735945,0.0,77.92167197926219,1.91538431347189,0.0,2.349140728142196,20.11153529145485,0.0,0.4860726918367435,0.875,0.0833333333333333,1
100475365#1,71324347#3,"100475365#1,282479151#3,282479151#4,100488713,-100488715#7,-101605219,-100488715#5,-100488715#4,101418592,101418584#2,101418584#3,101418584#4,101418587,464265154,120511142#1,120511142#2,1323419246,-100525445,526438862#0,526438862#1,526438862#2,101418589,625955757,71324347#2,71324347#3",2.5544066863036528,454cba6e2ee564001f2343687b4e0c0656b9ba4e6770cd3278d9379e501ba008,1555.1844315857572,33.19632,12.15255670877532,39.99600000000001,0.3140964496330055,0.1787568605554871,0.0,0.6872224810973762,0.8348955808946152,5.144084416947726,2.572042208473863,1.2860211042369314,0.0,80.90000333919417,2.572042208473863,0.6430105521184657,3.498781852022021,16.075263802961643,0.2962962962962963,0.5089363337404627,0.8863636363636364,0.3333333333333333,2
100475365#1,71324347#3,"100475365#1,282479151#3,282479151#4,100488713,-100488715#7,-100488715#6,-100488715#5,-100488715#4,-100488715#3,-100488715#2,-100488715#1,-100488715#0,162276533#2,-1323419243,-16648700,42762427,659281081#0,659281081#1,100525445,-416373452,101418587,464265154,120511142#1,120511142#2,1323419247,868087112,526439431#0,526439431#1,697042776#0,697042776#2,42762428#1,1164653913,463830226#0,463830226#1,101411570,282689981#1,-120511301,120509990,71324347#0,71324347#1,71324347#2,71324347#3",5.357023197555873,cdad95a15b3a7abb5890c294e6f8b0ac13a3c68c0de3fdd8a69b21233087433f,3498.183562318126,34.280571428571434,9.915382031784604,29.988000000000007,0.2537929287030329,0.2073629467631784,0.1005320254779366,0.6462115631308062,0.9807629398767168,2.2869011466907345,1.715175860018051,0.8575879300090253,0.2858626433363418,109.18220274295084,1.715175860018051,0.5717252866726836,7.870051239132078,12.006231020126355,0.8113207547169812,0.7345926223156383,0.9166666666666666,0.9166666666666666,3
100475365#1,71324347#5,"100475365#1,282479151#3,282479151#4,282479151#5,282479151#6,100475366,100475359,282689984#0,282689984#1,619185406,120511930,42762428#1,1164653913,463830226#0,-416376586,71223791#1,101411570,282689981#1,-120511301,120509990,71324347#0,71324347#1,71324347#2,71324347#3,71324347#4,71324347#5",3.0029717248139423,d0e88bab672243ff019ce7e19a930b0de95df981b75f71252d3d2f35edd5ed66,2016.1261094190252,38.464615384615385,13.171833691865151,29.988000000000007,0.4154955214743427,0.0607455997790945,0.0426512994677915,0.7467444622366175,0.8072186266545425,0.0,1.984002876264846,0.992001438132423,0.0,84.8209910955742,1.984002876264846,0.4960007190662115,4.184641711880617,12.8960186957215,0.8333333333333334,0.6973068945862336,0.86,0.9583333333333334,0
100475365#1,71324347#5,"100475365#1,282479151#3,282479151#4,100488713,-100488715#7,-100488715#6,-100488715#5,-100488715#4,101418592,101418584#2,101418584#3,101418584#4,416373452,-100525445,526438862#0,526438862#1,526438862#2,101418589,625955757,71324347#2,71324347#3,71324347#4,71324347#5",2.262354858632132,d2b2dece09544bd759292e466a1c4f979e0457dd090316802ea6fa9306eabeb3,1185.7670216711344,31.73791304347826,12.666302775162723,39.99600000000001,0.1520473049205364,0.0944447600531211,0.0,0.6103733153101362,0.8843671352547975,1.6866719713467355,1.6866719713467355,0.8433359856733679,0.0,82.08344350701259,1.6866719713467355,0.0,2.4611605971847403,19.39672767048746,0.0,0.5082904656800915,0.8333333333333334,0.1666666666666666,1
100475365#1,71324347#5,"100475365#1,282479151#3,282479151#4,100488713,-100488715#7,-101605219,-100488715#5,-100488715#4,101418592,101418584#2,101418584#3,101418584#4,101418587,464265154,120511142#1,120511142#2,1323419246,-100525445,526438862#0,526438862#1,526438862#2,101418589,625955757,71324347#2,71324347#3,71324347#4,71324347#5",2.9505397798288326,08502b80302ef927dde7d6bbad63b030c9d8e79ae2e6d2295ff28f8d85cd812a,1696.7745818410804,32.22,12.194160771577394,39.99600000000001,0.287886153949565,0.1638401998416293,0.0,0.6298760690289952,0.9131330219152664,4.714827818389184,2.357413909194592,1.178706954597296,0.0,85.24322702824328,2.357413909194592,0.589353477298648,3.521800376305355,15.912543887063494,0.2758620689655172,0.5351141419310409,0.8478260869565217,0.25,2
100475365#1,71324347#5,"100475365#1,282479151#3,282479151#4,100488713,-100488715#7,-100488715#6,-100488715#5,120829754,-101605951#4,-101605951#3,-101605951#2,-101605951#1,-101605951#0,-100488715#2,-100488715#1,-100488715#0,162276533#2,-1323419243,-16648700,42762427,659281081#0,659281081#1,526438862#0,526438862#1,526438862#2,101418589,625955757,71324347#2,71324347#3,71324347#4,71324347#5",4.85572186198469,80e0f61db6c41a7e2b0eac347ea085c711d5d3096ebd3943462097f91c611bc9,2465.190945816555,33.22451612903226,13.26278095491532,39.99600000000001,0.3066523542542677,0.2028920671688835,0.1426581091457711,0.4399386213457433,1.2928876030521526,0.8112961810905613,2.0282404527264037,0.8112961810905613,0.0,90.88054809641876,2.0282404527264037,0.0,5.116714084213247,12.5750908069037,0.5789473684210527,0.6209545334045102,0.86,0.6666666666666666,3
100525438#0,-100468681#0,"100525438#0,100525438#1,100525438#2,659278036#0,-416412034,659278036#2,659278036#3,101600741#0,101600741#1,101600741#2,101600741#3,101600741#4,-100468681#2,-100468681#1,-100468681#0",2.658286885668594,0ed15622f7c9ade18b6835aba799158cd08225801fbee451450dc74c4211725f,1821.537907747741,33.991200000000006,8.28741134147794,20.016000000000005,0.3441570025649058,0.0,0.3441570025649058,0.6558429974350941,0.6437543648455015,0.0,0.5489866533913973,0.0,0.0,80.85650064095738,0.5489866533913973,0.0,2.483449968256344,8.23479980087096,0.85,0.7264348699249814,0.9655172413793104,0.5555555555555556,0
100525438#0,-100468681#0,"-100525438#0,-100468681#6,-100468681#5,-100468681#4,-100468681#3,-100468681#2,-100468681#1,-100468681#0",0.9682009304801832,591361560737b17aae2fb8f202ba95e08ef1a0ed8ca67342d22f2fcf291ea4b4,934.2831922392056,47.502,7.076724666114969,20.016000000000005,0.8871703505203467,0.0,0.8871703505203467,0.1128296494796533,0.3523908113834506,0.0,1.0703392807520065,0.0,0.0,44.53767370401759,1.0703392807520065,0.0,1.3885336779652095,8.562714246016052,0.0,0.7270016339869281,1.0,0.6666666666666666,1
100525438#0,-100468681#0,"-100525438#0,100525438#0,-101601553#1,-101601553#0,101600741#4,-100468681#2,-100468681#1,-100468681#0",1.4548855251243764,07ddeeff097db28ec74d64e24e1bfd1ebb5547f722941919d520740c40a60ddb,1131.5621229160652,37.494,10.359264176847423,20.016000000000005,0.55400849294362,0.0,0.55400849294362,0.4459915070563802,0.6873019481186311,0.0,0.8837340696973613,0.0,0.0,66.96895710273633,0.8837340696973613,0.0,1.6817300465536846,7.069872557578891,0.6666666666666667,0.6779987373737374,0.9545454545454546,0.1111111111111111,2
100525438#0,-100468681#0,"-100525438#0,-100468681#6,-100468681#5,101607105,101607099,101607107,101607098#1,101607098#2,-101607965,101607964#1,101607969#0,101607969#1,-100468681#3,-100468681#2,-100468681#1,-100468681#0",2.165629693201975,9023f30330df06ff2306ff355816a0eef46c287f51faa3194c737effa66a5e4f,1626.5139990679686,37.494,10.008000000000004,20.016000000000005,0.4673579974400323,0.0,0.4673579974400323,0.5326420025599676,0.6910146635899207,0.0,1.8444354009366484,0.614811800312216,0.0,78.23624384529653,1.8444354009366484,0.0,2.4173285831834908,9.836988804995457,0.5882352941176471,0.8293825863678805,1.0,0.7777777777777778,3
101416508#0,101418583,"101416508#0,101416508#1,-101416507,101415864#1,-679068326#1,-679068326#0,101749453,224715836,224715833,282689986,-352797377,-120511301,120509990,71324347#0,71324347#1,71324347#2,71324347#3,101418583",3.2981942799391355,8a19812ee0e9603d6ab7e6f027159c7b3dee340b04ed6c0845caf40cdc8380ea,2039.7629114881925,33.334,13.282633916686327,39.99600000000001,0.2387993062661627,0.0,0.0,0.8715190710396805,0.3834887793958352,0.0,0.4902530555722327,0.4902530555722327,0.0,94.5510060787442,0.4902530555722327,0.4902530555722327,2.771069417369351,8.824555000300188,0.5,0.560935611607504,0.9148936170212766,0.8333333333333334,0
101416508#0,101418583,"101416508#0,101416508#1,101416508#2,679068326#1,-101415864#1,-101415864#0,-71324343#1,-416375814,679068326#3,101411570,282689981#1,-120511301,120509990,71324347#0,71324347#1,71324347#2,71324347#3,101418583",2.2734748889429963,19e34fb492684061f15a9a065856e133cd7918b9758cd301a13f5d921072ff51,1661.1402979645325,36.67,14.550200338220536,39.99600000000001,0.4909382816279554,0.0,0.0,0.8422344975629479,0.4359459272182333,0.0,0.6019961114815789,0.6019961114815789,0.0,71.85901388400936,0.6019961114815789,0.6019961114815789,2.256701037029309,10.835930006668422,0.4285714285714286,0.5525713878044377,0.9148936170212766,0.6666666666666666,1
101416508#0,101418583,"101416508#0,101416508#1,-101416507,101415864#1,679068326#2,679068326#3,101411570,282689981#1,-120511301,120509990,71324347#0,71324347#1,71324347#2,71324347#3,101418583",1.9575896003423148,30362434bd70a8697ebc61d65dde5c58ad43f0210c8ea1acdc74555e56b4b55a,1423.293269388352,35.3376,15.052697967948664,39.99600000000001,0.4895872576065178,0.0,0.0,0.8158702501000152,0.4775981895776431,0.0,0.7025958890606863,0.7025958890606863,0.0,61.53306927698805,0.7025958890606863,0.7025958890606863,1.933579843292748,10.538938335910291,0.0,0.5428751375761641,0.9090909090909092,0.3333333333333333,2
101416508#0,101418583,"101416508#0,-101416509,71324343#3,71324343#4,71324343#5,71324343#6,71324343#7,71324343#8,71324343#9,71324343#11,-659283000#6,-659283000#5,-659283000#3,-659283000#2,-659283000#1,-659283000#0,-282479127#2,-1197063689,-42762428#4,-42762428#3,-42762428#0,-697042776#1,42762429,1323419246,-100525445,526438862#0,526438862#1,526438862#2,101418589,625955757,71324347#2,71324347#3,101418583",3.0819567839359228,aa09b09c270f9d5dda7ca99d8de34440793fd3ec376e7b194723c3911e7c75a7,1871.6954695759969,32.41963636363637,11.734671634248503,39.99600000000001,0.2580535603907707,0.5812253453257423,0.0,0.2531741515167694,0.9609412989894774,2.137099792684831,2.137099792684831,1.0685498963424156,1.0685498963424156,102.66768369489432,2.137099792684831,0.5342749481712078,2.542745553985348,17.631073289649855,0.9090909090909092,0.9036189760988464,0.9230769230769232,1.0,3
101416508#1,71223791#1,"101416508#1,-101416507,101415864#1,679068326#2,679068326#3,101411570,282689981#1,-120511301,120509990,120509991,282689983#0,282689983#1,71223791#0,71223791#1",1.5853884246283103,c9ec37a8ecfd5d61ba58c01dc07fcbc0b22a56b1192117fe616660117484a268,1396.6093078258466,42.85542857142858,9.95285908450652,20.016000000000005,0.5171723833708951,0.0,0.0,1.0,-0.0,0.0,0.0,0.0,0.0,113.33959262030814,0.0,0.0,4.014660960836138,10.024278029332567,0.8333333333333334,0.8035147472066977,0.9375,0.75,0
101416508#1,71223791#1,"101416508#1,-101416507,-101415864#0,-71324343#1,-71324343#0,-416376586,71223791#1",0.8479785866830534,880c0c3de0560a8e153935eb4fd84abbb82ca5931035ea830ea8fd8f7474a6b9,888.005757200594,41.425714285714285,10.699002036238175,20.016000000000005,0.5523541265955655,0.0,0.0,1.0,-0.0,0.0,0.0,0.0,0.0,72.38656646478003,0.0,0.0,2.5526409042631912,7.882831775851597,0.0,0.6996364152781265,0.8928571428571429,0.3333333333333333,1
101416508#1,71223791#1,"101416508#1,-101416507,-101415864#0,-71324343#1,-416375814,679068326#3,101411570,282689981#1,-120511301,120509990,120509991,282689983#0,101418595,526439431#1,687927789#0,-71324342,71223791#0,71223791#1",2.157152032879386,82b32099d5902ecdd78c877b00225c8b8782651c5cdf0eee72c770d0981207ef,1826.4128785763317,42.22,10.04065261530228,20.016000000000005,0.5317533283060288,0.0348654369073719,0.0,0.965134563092628,0.1512678944698109,1.095042650793712,1.095042650793712,0.547521325396856,0.547521325396856,125.22202842916128,1.095042650793712,0.0,5.250164409546586,9.855383857143408,0.75,0.8172727100178331,0.9444444444444444,0.8333333333333334,3
101417074,463830226#1,"101417074,-71324343#7,-71324343#6,-71324343#5,101416508#0,101416508#1,101416508#2,679068326#1,-101415864#1,-101415864#0,-71324343#1,-71324343#0,463830226#1",1.1644139297187557,7421131e73297a5fd9ebf6a7f976718d987d13b591311ba83e980b21c05fa395,993.367497638225,39.22615384615385,10.385792425602023,20.016000000000005,0.4866132644479053,0.0,0.0,1.0,-0.0,0.0,0.0,0.0,0.0,68.88612826079269,0.0,0.0,2.5413714736375432,13.086798220102905,0.5625,0.6101950471344065,0.9230769230769232,0.6666666666666666,0
101417074,463830226#1,"101417074,-71324343#7,-71324343#6,-71324343#5,-71324343#4,-71324343#3,-71324343#2,-71324343#1,-71324343#0,463830226#1",0.8354080869208734,c5b4a49e6255b4f23693d30ddcca32f1bb0d0e390b16ac2fcd5b409026d6671d,688.283406838795,31.989600000000003,6.329614964593031,20.016000000000005,0.2559413522016703,0.0,0.0,1.0,-0.0,0.0,0.0,0.0,0.0,38.31161943428296,0.0,0.0,1.7608627422146776,14.528898852768842,0.0,0.5559074316225346,0.9130434782608696,0.0833333333333333,1
101417074,463830226#1,"101417074,-71324343#7,-71324343#6,-71324343#5,-71324343#4,-463830227,416376585#0,416376585#1,-1164659923,-659283000#0,-282479127#2,-1197063689,71324344,463830226#0,463830226#1",1.0889245402984808,d00c55aba4367ddaf8f3fd6c0d53af7cdf79eac25e2a5c0806aefb762e6f90b4,862.6609468141772,33.991200000000006,8.287411341477942,20.016000000000005,0.2516964826550118,0.1638045964025216,0.0,0.8361954035974781,0.4459252589985225,0.0,2.3184079531895314,1.1592039765947657,0.0,60.988565645305385,2.3184079531895314,1.1592039765947657,2.2069797198590586,17.388059648921487,0.6842105263157895,0.7076597800646064,0.782608695652174,0.8333333333333334,2
101417074,463830226#1,"101417074,-71324343#7,-71324343#6,-71324343#5,101416508#0,-101416509,71324343#3,-463830227,416376585#0,416376585#1,-1164659923,-659283000#0,-282479127#2,-1197063689,-42762428#4,1164653913,463830226#0,463830226#1",1.2539058387934006,f1606da73fb7a39b051fe026970d63746a2034fa6578beddcd70642b927bbb20,1053.317965840634,36.66,9.709186141454484,20.016000000000005,0.3879352715147686,0.1577477799271586,0.0,0.8422522200728414,0.4359162417412746,0.0,1.898761878996184,0.949380939498092,0.0,74.80771902253555,1.898761878996184,0.949380939498092,2.694745134526439,17.088856910965657,0.782608695652174,0.7246663722750678,0.8214285714285714,0.9166666666666666,3
101418583,-47374664,"101418583,526438862#2,101418589,625955757,71324347#2,71324347#3,71324347#4,71324347#5,-47374665#1,-47374680#3,-47374680#2,101415865#0,-101749449#1,101746514,-101746498#2,-101746508#1,-101746504,101746516#1,101746516#2,101746516#3,-101746498#0,-47374680#5,47374664",5.111459694173882,2c8dcd681ea69b6210344926808126cc00e4bb6020b2cefb48395df3948460a2,2554.578883916912,26.51947826086957,10.700765600773046,39.99600000000001,0.2423045217241671,0.011978491573166,0.0,0.7500581501230775,0.610350051231975,0.7829079041526478,1.1743618562289715,0.3914539520763239,0.0,94.0371538595398,1.1743618562289715,0.0,6.305474066922246,9.00344089775545,0.5833333333333333,0.5665997192610096,0.925,0.4545454545454545,0
101418583,-47374664,"101418583,526438862#2,101418589,625955757,71324347#2,71324347#3,71324347#4,71324347#5,-47374665#1,-47374680#3,-47374680#2,101415865#0,-101749449#1,101746514,-101746498#2,-101746498#1,-101746498#0,-47374680#5,47374664",4.910590159895087,3dc2697ec240acbd3909c38505d7d58ff073e3a0088517b057e35537236c5dce,2371.261005208384,24.735789473684207,10.195522980313728,39.99600000000001,0.220723930745105,0.0129045269866012,0.0,0.7307355999612506,0.634321507066171,0.843433091341306,1.265149637011959,0.421716545670653,0.0,93.75301906373711,1.265149637011959,0.0,5.852990044026276,8.012614367742406,0.5,0.5288439541066583,0.9166666666666666,0.1818181818181818,1
101418583,-47374664,"101418583,526438862#2,101418589,625955757,71324347#2,71324347#3,71324347#4,71324347#5,-47374665#1,47374680#4,47374664",2.7009521794329245,6aa5f9e93dec307f30da2d1ca85c1deeff417f436229200caa241e02f352434b,945.476955960832,19.09636363636364,8.304574441507851,19.98,0.0,0.0323646191914743,0.0,0.3246835177977954,0.760253327398061,2.1153344747228866,3.173001712084329,1.0576672373614433,0.0,96.5254838973202,3.173001712084329,0.0,2.333723364041365,11.634339610975877,0.0,0.6579912545638352,0.9032258064516128,0.6363636363636364,2
101418583,-47374664,"101418583,526438862#2,101418589,625955757,71324347#2,71324347#3,71324347#4,71324347#5,-47374665#1,-47374680#3,-47374680#2,-47374680#1,-47374680#0,283490977#1,120511144#0,120511144#1,-336860316#1,-336860316#0,101787498,101786553#1,101786553#2,-173532317#2,-101415865#2,-101415865#1,-101749449#1,101746514,-101746498#2,-101746498#1,-101746498#0,-47374680#5,47374664",6.877364573044076,11ef0dcffb42ac5bfec9f160e8d8515fdcdf87dcf0564c31cb20f0773bdbce9d,3775.880876085031,29.351612903225817,11.52564007095317,39.99600000000001,0.3151134434745968,0.1167330931100596,0.0678693346756251,0.654403041343675,1.0048327704279596,0.5296777270350943,1.8538720446228305,0.7945165905526416,0.0,109.67374085164516,1.8538720446228305,0.5296777270350943,9.320017124480463,8.210004769043962,0.6875,0.6254086559134697,0.9375,0.5454545454545454,3
101594822,-120511144#0,"101594822,101594815#0,-659283000#5,-659283000#3,-659283000#2,-659283000#1,-659283000#0,-282479127#2,1164653914,-619184994,120511930,42762428#1,42762428#4,71324344,463830226#0,-416376586,71223791#1,101411570,282689981#1,-120511301,101411571#0,-47374680#8,-47374680#7,-47374680#6,-47374680#5,-47374680#4,-47374680#3,-47374680#2,-47374680#1,-47374680#0,283490977#1,120511144#0",4.044061008132555,38f257244bcf3d8b1fc26a995bc8c8067003e3d0cabe2329b12cb252876d94f0,2932.3152543545198,36.8685,9.658895027967246,20.016000000000005,0.3722881645601961,0.3011214118774967,0.0293250864926503,0.6695535016298528,0.7335033698419262,0.0,2.0461647127095004,0.6820549042365001,0.0,60.265061795581765,2.0461647127095004,0.0,1.716044598968843,10.912878467784,0.7727272727272727,0.6924351630020525,0.9285714285714286,0.5833333333333334,0
101594822,-120511144#0,"101594822,101594815#0,-659283000#5,-659283000#3,-659283000#2,-659283000#1,-659283000#0,-282479127#2,-1197063689,-42762428#4,-42762428#3,-42762428#0,-697042776#1,42762429,1323419246,184568063,1323419245,16648700,1323419243,120511145,283490977#1,120511144#0",2.596456307505004,10843da8d7e1d5db5dbce925f3ce70b824e15fb0bdd6c828d32e9ffaad39c565,1944.3524751713824,37.26654545454546,9.855197133769297,20.016000000000005,0.3949502084051014,0.9690530312432272,0.0,0.0309469687567728,0.1380186716336155,1.0286200807411283,0.5143100403705642,0.0,0.5143100403705642,30.02679509789157,0.5143100403705642,0.0,1.1378706837727195,11.31482088815241,0.0,0.5794791979655965,0.8148148148148149,0.3333333333333333,1
101594822,-120511144#0,"101594822,101594815#0,-659283000#5,-659283000#3,-659283000#2,-659283000#1,-659283000#0,-282479127#2,1164653914,-619184994,120511930,-42762428#0,-697042776#1,42762429,1323419246,-100525445,526438862#0,526438862#1,526438862#2,101418589,625955757,71324347#2,71324347#3,71324347#4,71324347#5,47374666,-42762427,16648700,1323419243,120511145,283490977#1,120511144#0",4.254400564344431,456e41d015a97fda0ddfeb9b89a97bb8fae6267aba00506424a1a8158640937b,2508.97838135284,32.185125,11.840677976856432,39.99600000000001,0.3060697616963319,0.6426762475891246,0.0342730726963451,0.1487895631729527,0.987699199190726,2.3914115978810475,3.18854879717473,1.1957057989405238,0.3985685996468412,61.2047650097798,3.18854879717473,0.3985685996468412,1.468300106496527,12.75419518869892,0.5405405405405406,0.6265061483566009,0.828125,0.5,2
101594822,-120511144#0,"101594822,101594815#0,-659283000#5,-659283000#3,-659283000#2,-659283000#1,-659283000#0,101611060,372606529#8,1164659929,120512822,282479125#0,282479125#1,120511930,-42762428#0,-697042776#1,42762429,1323419246,-100525445,526438862#0,526438862#1,526438862#2,101418589,625955757,71324347#2,71324347#3,71324347#4,71324347#5,-47374665#1,-47374680#3,-47374680#2,-47374680#1,-47374680#0,283490977#1,120511144#0",5.378209688814642,9b3a49035b962fb3430db2cf4f90b3cc133243c71333d700bac98bd3af83e2f1,2842.361039698844,31.138971428571423,11.315632595156645,39.99600000000001,0.2235208559786032,0.4049184588949046,0.1056169267907199,0.3113136711198591,1.2741159217726632,1.4072807585428386,3.166381706721386,1.055460568907129,0.3518201896357096,63.53422249658474,3.166381706721386,0.3518201896357096,1.6634017448333196,12.313706637249837,0.7045454545454546,0.6944823239930714,0.8840579710144928,0.6666666666666666,3
101594836#1,-101418584#1,"101594836#1,101594812#3,101594812#0,101594843,101594815#0,-659283000#5,-659283000#3,-659283000#2,-659283000#1,1164659923,416376585#2,1164659921,463830227,-71324343#3,-71324343#2,-71324343#1,-416375814,679068326#3,101411570,282689981#1,-120511301,120509990,120509991,282689983#0,101418595,526439431#1,42762429,1323419246,-416373452,-101418584#4,-101418584#3,-101418584#2,-101418584#1",3.772305581699922,2ee927e2116b6e35cb9746ad2b10630403bdce8a7e3af4b961c55ffea7d0e7a9,2814.692972829553,37.26654545454546,9.777900276551296,20.016000000000005,0.3229563230277585,0.2381624523355751,0.0,0.7618375476644249,0.5489525523318185,0.7105570729405136,1.4211141458810272,0.7105570729405136,0.3552785364702568,79.7529205209207,1.4211141458810272,0.3552785364702568,2.1833297750616225,11.724191703518477,0.6,0.6601961851459093,0.9846153846153848,0.5833333333333334,0
101594836#1,-101418584#1,"101594836#1,101594812#3,101594812#0,101594843,101594815#0,-659283000#5,-659283000#3,-659283000#2,-659283000#1,-659283000#0,-282479127#2,-1197063689,-42762428#4,-42762428#3,-42762428#0,-697042776#1,42762429,1323419246,-416373452,-101418584#4,-101418584#3,-101418584#2,-101418584#1",2.199381350812463,ca8c706ab2f5b23dec74a85beed5d353b5969803c5eac5a0e049ca0471a9ef90,1700.0913714515586,35.20956521739131,8.986738815034311,20.016000000000005,0.2216405235128795,0.5661138355979962,0.0,0.4338861644020039,0.6843794475511973,1.1764073587952957,1.1764073587952957,0.5882036793976478,0.5882036793976478,43.12267097508944,1.1764073587952957,0.0,1.318744228037092,13.5286846261459,0.0,0.4867696807605106,0.9818181818181818,0.3333333333333333,1
101594836#1,-101418584#1,"101594836#1,101594812#3,101594812#0,101594843,101594815#0,-659283000#5,-659283000#3,-659283000#2,-659283000#1,-659283000#0,-282479127#2,1164653914,-619184994,120511930,-42762428#0,-697042776#1,42762429,1323419246,-416373452,-101418584#4,-101418584#3,-101418584#2,-101418584#1",2.487016404834072,d0e219527e7f2e08e6f46b4f1951ff389914c30c756485b5eb5b921f04bbf1ac,1856.1170315838683,35.20956521739131,8.986738815034311,20.016000000000005,0.2030093658839564,0.4360456216652303,0.0463281123950932,0.5176262659396764,0.8450996082557123,1.0775182631093865,2.6937956577734656,1.0775182631093865,0.5387591315546931,51.67712146735151,2.6937956577734656,0.0,1.4397718046605072,12.391460025757942,0.2307692307692307,0.4816178989886798,0.9818181818181818,0.25,2
101594836#1,-101418584#1,"101594836#1,101594812#3,101594812#0,101594843,101594815#0,-659283000#5,-659283000#3,-659283000#2,-659283000#1,-659283000#0,101611060,372606529#8,1164659929,120512822,282479125#0,282479125#1,120511930,-42762428#0,-697042776#1,42762429,1323419246,-416373452,-101418584#4,-101418584#3,-101418584#2,-101418584#1",2.9808139238416747,b091b19de31ede7de846369a9b5f341f3ff36338f3256d0d47dbfe5506abb8ed,2150.132102267187,34.607076923076924,8.600253191263974,20.016000000000005,0.1752492980272839,0.329755227362982,0.1396199970811666,0.5306247755558515,0.9769771328075444,0.93017540545119,2.325438513627975,0.93017540545119,0.4650877027255949,53.62479457808863,2.325438513627975,0.0,1.6678364157340253,12.09228027086547,0.3666666666666667,0.5347983916233878,0.9827586206896552,0.4166666666666667,3
101605951#0,-101746498#2,"101605951#0,-101605951#0,-100488715#2,-100488715#1,-100488715#0,162276533#2,120511145,47374680#0,47374680#1,101415865#0,-101749449#1,101746514,-101746498#2",2.88568853027172,ec8d0dd236e89c96d1817b74fe35c348c9eb56b3e209cf5d27bfa365f6a15d72,2290.945287640555,37.68646153846154,10.135495585773338,20.016000000000005,0.502198235842511,0.0578780485957193,0.1535084582380662,0.7886134931662143,0.6398725942278554,0.0,1.3095031191642734,0.4365010397214244,0.0,81.11063430851372,1.3095031191642734,0.4365010397214244,3.2097906105733784,5.674513516378518,0.3333333333333333,0.5909195941804638,0.975,0.25,0
101605951#0,-101746498#2,"101605951#0,-101605951#0,-100488715#2,-100488715#1,-100488715#0,162276533#2,120511145,47374680#0,101749458#0,101749458#1,-101749449#1,101746514,-101746498#2",2.10227993285147,cdffbd688741dd1ad362694c4cf1ff064bcc955bb54d0a3702544cdc77cf37b8,1928.52872012226,40.76584615384616,10.385792425602023,20.016000000000005,0.67266564702172,0.0687547150865289,0.1823563607552445,0.7488889241582266,0.7109556617764238,0.0,1.5555900042856576,0.5185300014285525,0.0,69.29057478630806,1.5555900042856576,0.5185300014285525,2.7020171155832293,6.740890018571183,0.0769230769230768,0.5617930580849241,0.975,0.0833333333333333,1
101605951#0,-101746498#2,"-101605951#0,-100488715#2,-100488715#1,-100488715#0,162276533#2,120511145,47374680#0,101749458#0,101749458#1,-101749449#1,101746514,-101746498#2",2.033993395774436,b3fe27e93b0b01ead0c980565815cfab544571f5fc101ca7266f8ce4af239f4b,1857.1088649867809,39.996,10.453015084827744,20.016000000000005,0.6600771701093874,0.0713988529095401,0.1893693394307113,0.7392318076597485,0.7269308182918855,0.0,1.6154141830674824,0.5384713943558275,0.0,57.622744605051054,1.6154141830674824,0.5384713943558275,2.3745643258824507,6.46165673226993,0.0,0.5692669604367006,0.9743589743589745,0.1666666666666666,2
101605951#0,-101746498#2,"101605951#0,-101605951#0,-100488715#2,-100488715#1,-100488715#0,162276533#2,120511145,283490977#1,-173532317#3,-173532317#2,-101415865#2,-101415865#1,-101749449#1,101746514,-101746498#2",2.91545701073806,c70160ea950876afc09975ffe90ab7a972f3903cb8491153ccbfe713b1c2af7a,2498.8585274533134,40.6632,10.336217954358355,20.016000000000005,0.6526231984609178,0.1024233645232259,0.2835845962827105,0.6139920391940635,0.8902609649228261,0.0,1.600730876139899,0.8003654380699495,0.0,90.54999418014212,1.600730876139899,0.8003654380699495,3.501093056146924,6.0027407855246215,0.5,0.6439930672689294,0.9761904761904762,0.4166666666666667,3
101606547#1,-101601551,"-101606547#1,101606546,-101605951#1,-101605951#0,100488715#3,100488715#4,100488715#5,100488715#6,100488715#7,100488714,282479151#6,282479151#7,282479151#1,100475362,-659278038#3,-659278038#2,-659278038#1,-659278038#0,659278036#0,-416412034,659278036#2,659278036#3,101600741#0,101600741#1,101600741#2,-101601551",2.8153085424234487,7917c210730fd2b7c09eae7211052e33b868910dcadeb1e32c35fed861ac2927,1890.4236277897232,37.68646153846154,9.930716990150389,20.016000000000005,0.2213499341736549,0.0,0.0,1.0,-0.0,0.0,0.0,0.0,0.0,57.81177050690721,0.0,0.0,1.6990365229745807,13.753531016959997,0.3870967741935484,0.5923988116603086,0.9253731343283582,0.6666666666666666,0
101606547#1,-101601551,"-101606547#1,101606546,-101605951#1,-101605951#0,100488715#3,100488715#4,100488715#5,100488715#6,100488715#7,100488714,282479151#6,282479151#7,282479151#1,100475362,-659278038#3,-659278038#2,-659278038#1,-659278038#0,-100525438#2,-100525438#1,-101601553#1,-101601553#0,-101600741#3,-101601551",2.636356961791196,16429b98462fbbccb3f49a3148e8cd804d476cbaf7698f901f5a19ad03c9a83a,1790.7438211403255,38.328,10.080260866189665,20.016000000000005,0.2336711374523219,0.0,0.0,1.0,-0.0,0.0,0.0,0.0,0.0,58.95741417671863,0.0,0.0,1.6094483324702196,13.402252023249796,0.0,0.4009512861838801,0.8709677419354839,0.0833333333333333,1
101606547#1,-101601551,"101606547#1,-101606547#1,101606546,101605951#2,101605951#3,101605951#4,-120829754,100488715#5,100488715#6,100488715#7,100488714,282479151#6,282479151#7,282479151#1,100475362,-659278038#3,-659278038#2,-659278038#1,-659278038#0,-100525438#2,-100525438#1,-101601553#1,-101601553#0,-101600741#3,-101601551",3.3517055034847565,4da36cf3ac7e93a21acb82e3f057fc3b8077917cde4db7ef9303b8cc9606e5e3,1848.913722750644,38.79648,11.667530576775878,39.99600000000001,0.2704114169698008,0.0,0.0,0.9032977688703868,0.3177760159341027,0.0,1.0817162398603346,0.5408581199301673,0.0,54.48716816362344,1.0817162398603346,0.0,1.662045447306829,13.521452998254183,0.3103448275862068,0.4549977160490195,0.9076923076923076,0.4166666666666667,2
101606547#1,-101601551,"-101606547#1,101606546,-101605951#1,-101605951#0,100488715#3,100488715#4,100488715#5,100488715#6,100488715#7,100488714,282479151#6,100475366,100475359,282689984#0,282689984#1,619185406,619184994,1164659927#1,1164659926,120512822,-133906979,-133906980,-282479126,-100468681#8,-100468681#7,100525438#0,-101601553#1,-101601553#0,-101600741#3,-101601551",3.098332003787836,11ea869282ddba464159f5855b531f19f7a0558c94fcc037fb71277e4f31161f,2158.875546411793,39.996,10.17908931635561,20.016000000000005,0.3326475144810752,0.0,0.0938737858291491,0.9061262141708508,0.3114098955443153,0.0,0.9264081958425736,0.4632040979212868,0.0,67.75548778835851,0.4632040979212868,0.4632040979212868,1.9403102817747595,13.896122937638609,0.6153846153846154,0.7233854431168569,0.8363636363636364,0.9166666666666666,3
101606547#1,-101604518,"101606547#1,-101606547#1,101606546,101605951#2,101605951#3,101605951#4,-120829754,100488715#5,101605219,100488715#7,100488714,282479151#6,282479151#7,282479151#1,100475362,-659278038#3,-659278038#2,-659278038#1,-659278038#0,-100525438#2,-101604496#1,-101604502,-101604518",2.709310287659045,ef6d0bd39c4450430db07ac75b6da296efdfd260f89d9a02de3c7e390bf8645a,1596.1558981129417,42.17321739130436,11.66536289797716,39.99600000000001,0.5771377163472445,0.0,0.0,0.8879845744594712,0.3507084345870395,0.0,1.2530104373667408,0.6265052186833704,0.0,59.93431000984805,1.2530104373667408,0.0,1.914029256017212,14.40962002971752,0.3928571428571429,0.434873176302648,0.8913043478260869,0.2916666666666667,0
101606547#1,-101604518,"-101606547#1,101606546,-101605951#1,-101605951#0,100488715#3,100488715#4,100488715#5,100488715#6,100488715#7,100488714,282479151#6,282479151#7,282479151#1,100475362,-659278038#3,-659278038#2,-659278038#1,-659278038#0,-100525438#2,-101604496#1,-101604502,-101604518",1.9020191661977963,af65f3db28329d84624296890f5aab14833e8833e60ffaaa9d79ed38bd759168,1352.943297205548,40.90581818181819,10.201098183815516,20.016000000000005,0.3613740532097845,0.0,0.0,1.0,-0.0,0.0,0.0,0.0,0.0,61.665669238581984,0.0,0.0,1.619022102745402,16.26084407634832,0.0,0.4393599562019696,0.9090909090909092,0.4583333333333333,1
101606547#1,-101604518,"101606547#1,-101606547#1,101606546,101605951#2,101605951#3,101605951#4,-120829754,100488715#5,100488715#6,100488715#7,100488714,282479151#6,282479151#7,282479151#1,100475362,-659278038#3,-659278038#2,-659278038#1,-659278038#0,-100525438#2,-101604496#1,-101604502,-101604518",2.617367707891357,207c7a32ffbb8185edc3e38f33cf51eeefea256ea063149c50065e1add3854f3,1411.1131988158663,41.30295652173914,11.800451530183311,39.99600000000001,0.4042488140605569,0.0,0.0,0.8732957197862082,0.3800733107486943,0.0,1.4173207377539216,0.7086603688769608,0.0,59.93431000984805,1.4173207377539216,0.0,1.6921354294268869,16.2991884841701,0.3333333333333333,0.434873176302648,0.8913043478260869,0.2916666666666667,2
101606547#1,-101604518,"101606547#1,-101606547#1,101606546,101605951#2,101605951#3,101605951#4,-120829754,-100488715#4,101418592,101418584#2,101418584#3,101418584#4,101418587,464265154,120511142#1,75421017,619185406,619184994,1164659927#1,1164659926,120512822,-133906979,-133906980,-282479126,-100468681#8,-100468681#7,100525438#0,100525438#1,-101604496#1,-101604502,-101604518",3.736639462669581,80b08252b37f3af9838055de5b049f9b6272fa8784fd762c2a9bdd8b9ed16f29,2123.435731582,39.02864516129032,11.365258505780934,39.99600000000001,0.3564160684962862,0.0,0.0954405248350328,0.8203591014513062,0.5950142309371107,1.8837396114738656,1.8837396114738656,0.9418698057369328,0.0,75.91019558319448,1.4128047086053994,0.4709349028684664,2.5463165085097934,14.59898198892246,0.8958333333333334,0.7317451030639688,0.8958333333333334,0.8333333333333334,3
101607964#0,-101600741#2,"101607964#0,101607964#1,101607969#0,101607969#1,100468681#4,100468681#5,100468681#6,100525438#0,100525438#1,100525438#2,659278036#0,-416412034,659278036#2,659278036#3,101600741#0,101600741#1,101600741#2",2.643879870162608,a3dba87db2efa038a1ae6f0819c90d2a0b53ec5d7f8c62f8f77b6a944d5b70b4,1594.6230204005824,33.52023529411765,7.865339721917706,20.016000000000005,0.0906283611493476,0.0,0.0906283611493476,0.9093716388506524,0.3039892159512473,0.0,1.254214930057628,0.627107465028814,0.0,88.75073715773003,1.254214930057628,0.0,3.0500028478827548,10.660826905489838,0.8095238095238095,0.7681885512036172,0.9574468085106383,0.5,0
101607964#0,-101600741#2,"101607964#0,101607965,-120512823#1,-120512823#0,-101609498#5,336863927#0,336863927#1,336863927#2,101608827,101609498#2,101608828,-101607966#0,101607969#1,-100468681#3,-101600741#4,-101600741#3,-101600741#2",1.791685817595577,7cfa1686062240d3a1f688d8434dc3599ea18341262f17a82aec9c48b3f1fbeb,1292.5997248307633,35.87505882352941,9.400879057770268,20.016000000000005,0.3565102686751695,0.0,0.0444493749005764,0.9555506250994236,0.181835408919139,0.0,1.5472693994746556,0.7736346997373278,0.0,85.24427741146738,1.5472693994746556,0.7736346997373278,2.346578509918056,13.151789895534572,0.6842105263157895,0.8120338613914466,0.9375,0.8333333333333334,1
101607964#0,-101600741#2,"101607964#0,101607964#1,101607969#0,101607969#1,-100468681#3,-101600741#4,-101600741#3,-101600741#2",0.9993082042032077,2dcaeac980caf69d9b160658a70f46869c13c989b1e8cd9028b9e16f5856e97d,639.1328579196934,32.49,7.076724666114969,20.016000000000005,0.0898956281991119,0.0,0.0898956281991119,0.910104371800888,0.3022962783254446,0.0,3.1292398367841363,1.5646199183920682,0.0,34.631681800441115,3.1292398367841363,1.5646199183920682,1.1602783139793909,12.516959347136543,0.0,0.7591713985449683,0.9189189189189187,0.4166666666666667,2
101607964#0,-101600741#2,"101607964#0,101607965,372606529#0,372606529#1,101594836#0,101594809#0,336863934,101594812#2,101594812#3,101594812#0,101594843,101594815#0,-659283000#5,-659283000#3,-659283000#2,-659283000#1,-659283000#0,-282479127#2,1164653914,1164659927#1,1164659926,120512822,-133906979,-133906980,-282479126,-100468681#8,-100468681#7,100525438#0,-101601553#1,-101601553#0,-101600741#3,-101600741#2",3.065859749227264,424fcadb8c83b8c353b3fab40daa6566279bc5e6ffdd67e0cd79d9bba523707b,2066.024470247532,35.61750000000001,9.143377042533876,20.016000000000005,0.2290520546569811,0.196388626262677,0.0980926526254391,0.705518721111884,0.7935100233798924,0.0,1.936085490565732,0.968042745282866,0.0,86.7980156783687,1.452064117924299,0.484021372641433,3.750649586036731,15.488683924525857,0.9189189189189187,0.9130682734661392,0.9807692307692308,1.0,3
101607969#0,-416409192#7,"101607969#0,101607969#1,100468681#4,100468681#5,100468681#6,100525438#0,100525438#1,100525438#2,659278038#0,659278038#1,659278038#2,659278038#3,100475365#0,100475365#1,282479151#3,282479151#4,100488713,-100488715#7,-101605219,-100488715#5,-100488715#4,-100488715#3,-100488715#2,-100488715#1,-100488715#0,-162276533#1,-162276533#0,-1323419242#1,-1323419242#0,-162276528,162276631,416409191#0,416409191#1,416409190,-416409192#7",4.528753294485451,4a8a901361dcaa6e701644427afac6e5a90ca4ed46d9901da19221bb3b4d478c,3364.210856233938,41.42468571428571,11.158328885454418,39.99600000000001,0.5436885182472433,0.0,0.1222622173857238,0.8777377826142762,0.3714082004917327,0.0,1.1889861161906468,0.5944930580953234,0.0,45.82743587482881,0.8917395871429851,0.0,1.420104770244566,10.403628516668158,0.7735849056603774,0.7412454456570344,0.8387096774193549,0.9166666666666666,0
101607969#0,-416409192#7,"101607969#0,101607969#1,100468681#4,100468681#5,100468681#6,100468681#7,100468681#8,282479126,133906980,133906979,282479125#0,282479125#1,120511930,-42762428#0,-697042776#1,42762429,1323419246,184568063,1323419245,16648700,1323419243,-162276533#2,-162276533#1,-162276533#0,-1323419242#1,-1323419242#0,-162276528,162276631,-416409192#8,-416409192#7",4.140035489148774,f235dde91495b6be9a451078caa67b9ef998c8762e9b701946ad0fa79b2aa07e,3079.252620189509,41.32919999999999,11.372379323424898,39.99600000000001,0.54909791900467,0.2802077010554427,0.4110928113751707,0.3086994875693865,1.0847636853663896,0.6495082562849008,1.2990165125698017,0.6495082562849008,0.3247541281424504,45.18094155819038,0.9742623844273512,0.0,1.299817853752007,9.742623844273512,0.0,0.4142552005680199,0.8113207547169812,0.1666666666666666,1
101607969#0,-416409192#7,"101607969#0,101607969#1,100468681#4,100468681#5,100468681#6,100468681#7,100468681#8,282479126,133906980,133906979,282479125#0,282479125#1,120511930,-42762428#0,-697042776#1,42762429,1323419246,-100525445,526438862#0,526438862#1,526438862#2,101418589,625955757,71324347#2,71324347#3,71324347#4,71324347#5,47374666,-42762427,16648700,1323419243,-162276533#2,-162276533#1,-162276533#0,-1323419242#1,-1323419242#0,-162276528,162276631,-416409192#8,-416409192#7",5.510344691966592,36357f5fa0dd590585cc5364df4498e7d88097926d356bfaf7595ca1cdb80373,3487.8528662386566,36.2484,13.716155783488432,59.97600000000001,0.4847713681394847,0.2133702366447234,0.3629334909225065,0.2983419668239079,1.3186058861039285,1.7202560515319196,2.293674735375893,1.1468373676879464,0.2867093419219866,60.43094398880375,2.0069653934539065,0.2867093419219866,1.4722966855892792,11.468373676879464,0.3333333333333333,0.4840502551466006,0.8412698412698413,0.3333333333333333,2
101607969#0,-416409192#7,"101607969#0,101607969#1,100468681#4,100468681#5,100468681#6,100468681#7,100468681#8,282479126,133906980,133906979,282479125#0,282479125#1,120511930,-42762428#0,-697042776#1,42762429,1323419246,184568063,76867740,-16648700,42762427,659281081#0,659281081#1,526438862#0,526438862#1,526438862#2,101418589,625955757,71324347#2,71324347#3,71324347#4,71324347#5,-47374665#1,-47374680#3,-47374680#2,-47374680#1,-47374680#0,-283490977#0,-162276533#2,-162276533#1,-162276533#0,-1323419242#1,-1323419242#0,-162276528,162276631,-416409192#8,-416409192#7",7.780894082017477,99c586396a02c3d61f3f44a59d14b5236eb775e000ecf8072a3979303624733b,4538.770037015805,35.52893617021275,13.3207060842432,59.97600000000001,0.4017402586280405,0.273607936242826,0.2788990423053807,0.3359277083841525,1.3218685324783086,0.8812960267601394,1.9829160602103135,0.8812960267601394,0.2203240066900348,74.51106704328409,1.542268046830244,0.2203240066900348,1.9159111173622123,10.355228314431638,0.4599999999999999,0.5486480912361489,0.8571428571428572,0.75,3
101607969#1,-100468681#0,"101607969#1,100468681#4,100468681#5,100468681#6,100525438#0,-101601553#1,-101601553#0,-101600741#3,-101600741#2,-101600741#1,-101600741#0,-100468675#3,-100468675#2,-100468675#1,-100468675#0,100468664,100468672#2,100468667,100468681#0",2.036537213877631,df1fb2db2c99b093aaa7855e930f7c0e87868a9bc53933eed32e934e56583797,1391.974337283,42.62589473684211,22.07838409418874,70.02,0.2124794375423469,0.0,0.1962209083803114,0.8037790916196886,0.4951186473363685,1.4368080979882198,2.155212146982329,0.7184040489941099,0.0,86.12377309562146,2.155212146982329,0.0,2.3601396050885066,13.649676930888088,0.9565217391304348,0.7460191981931112,0.9565217391304348,0.6666666666666666,0
101607969#1,-100468681#0,"101607969#1,-100468681#3,-100468681#2,-100468681#1,-100468681#0",0.6948499918325861,6d775d81676af66b528d3420178cec041229b1ea1e67da4b69c003fdf6495dd9,721.123985069838,46.000800000000005,8.95142732752716,20.016000000000005,0.9490050120686532,0.0,0.9490050120686532,0.0509949879313466,0.2014345683733116,0.0,1.3867240872637927,0.0,0.0,25.93157601066533,1.3867240872637927,0.0,1.057426600685475,6.933620436318964,0.0,0.8224154589371981,0.9565217391304348,0.8333333333333334,1
101607969#1,-100468681#0,"101607969#1,100468681#4,100468681#5,100468681#6,100525438#0,-101601553#1,-101601553#0,101600741#4,-100468681#2,-100468681#1,-100468681#0",1.4567085725578928,9549620d45fa4cae707419f89e4185ff83eeb41c39ff307ab9128d9ee66edd75,1207.4390577265526,40.90581818181818,10.453015084827747,20.016000000000005,0.638883670726379,0.0,0.638883670726379,0.3611163292736212,0.6540577874437107,0.0,2.4845974468049774,0.8281991489349924,0.0,86.41551995763352,2.4845974468049774,0.0,1.7705390540061017,9.110190638284916,0.6666666666666667,0.6930351966873707,0.96,0.5,2
101607969#1,-100468681#0,"101607969#1,100468681#4,100468681#5,100468681#6,100525438#0,100525438#1,100525438#2,659278036#0,659278036#1,659278036#2,659278036#3,101600741#0,101600741#1,101600741#2,101600741#3,101600741#4,-100468681#2,-100468681#1,-100468681#0",2.5971647550308816,8c0c4c89b4b2786ef1b0a4abc701f6d7d8f984deb85baf737f3ac08712b10fd3,1878.9607105374764,36.30884210526316,9.558979729745442,20.016000000000005,0.4105530749272971,0.0,0.4105530749272971,0.5894469250727029,0.6770592146767955,0.0,1.5966273180570394,0.5322091060190132,0.0,102.72869339620404,1.5966273180570394,0.0,2.755230831453745,10.111973014361247,0.8,0.657922077922078,0.9696969696969696,0.25,3
101611060,-1200809291,"101611060,372606529#8,1164659929,120512822,282479125#0,282479125#1,120511930,42762428#1,42762428#4,71324344,463830226#0,463830226#1,-679068326#3,-679068326#2,-101415864#1,101416507,101416508#2,-679068326#0,101749453,224715836,224715833,282689986,-352797377,-120511301,120509990,71324347#0,71324347#1,71324347#2,71324347#3,101418583,526438862#2,101418589,-1200809291",5.829332619431537,171d23395442ce8cc5640d7c26dd9416c92aceabac10ab50efb46e511cb0a9c3,3219.923034545789,29.995636363636365,10.604485624660745,39.99600000000001,0.1236866593908541,0.0552564554853321,0.093232488671896,0.7539877694015032,0.8211307618236876,0.6211328589355941,1.8633985768067824,0.9316992884033912,0.0,112.67465509656738,1.8633985768067824,0.310566429467797,6.895305269506655,10.248692172437304,0.75,0.5362235021238405,0.7777777777777778,0.5833333333333334,0
101611060,-1200809291,"101611060,372606529#8,1164659929,120512822,282479125#0,282479125#1,120511930,-42762428#0,-697042776#1,42762429,1323419246,184568063,1323419245,42762427,659281081#0,659281081#1,526438862#0,526438862#1,526438862#2,101418589,-1200809291",2.910014653343352,aad84d9ddc3382798666c3aac15a9e49c5e39db1e14b73c6e37c33a6b2aad421,1734.6317946260442,28.08514285714286,6.009836223107201,19.98,0.0,0.564509584822606,0.1730634932281899,0.2324800232177428,1.070596059421112,1.1529824405364164,1.7294736608046244,0.5764912202682082,0.5764912202682082,117.00521076952433,1.7294736608046244,0.0,3.714627842285047,12.106315625632371,0.2727272727272727,0.6198419436902374,0.7916666666666666,0.9166666666666666,1
101611060,-1200809291,"101611060,372606529#8,1164659929,120512822,282479125#0,282479125#1,120511930,-42762428#0,-697042776#1,42762429,1323419246,-100525445,526438862#0,526438862#1,526438862#2,101418589,-1200809291",2.261095085516221,eb0e4542b1732473f851d7501dac5258aa30260e1adc3b220bff59c48985bf6d,1361.0221778025136,27.63741176470588,6.635469529909164,19.98,0.0,0.378831063617591,0.2205705702219842,0.3624308450595477,1.1936039807813204,2.938967538690913,3.6737094233636416,1.4694837693454568,0.7347418846727284,99.23614561043767,3.6737094233636416,0.7347418846727284,2.9145614021923105,12.490612039436382,0.0,0.6074938767722142,0.7727272727272727,0.8333333333333334,2
101611060,-1200809291,"101611060,372606529#8,1164659929,120512822,282479125#0,282479125#1,120511930,42762428#1,42762428#4,71324344,463830226#0,71324343#0,-416375814,679068326#3,101411570,282689981#1,-120511301,120509990,71324347#0,71324347#1,71324347#2,71324347#3,101418583,526438862#2,101418589,-1200809291",4.212022974191153,ba200932c85104e63bc575c3702ec9b94945910f053202254ecef3d3ed33c41e,2377.795246991295,29.22784615384616,11.28344216874375,39.99600000000001,0.2137659872484504,0.0748262635522151,0.1262520135922226,0.6668592684393612,0.9928223444398444,0.8411153157660097,2.5233459472980293,1.2616729736490149,0.0,103.01064023207232,2.5233459472980293,0.4205576578830048,5.091930434511072,10.934499104958126,0.696969696969697,0.477881971654226,0.736842105263158,0.5,3
101611600,-1200809291,"101611600,372606529#6,372606529#7,372606529#8,1164659929,120512822,282479125#0,282479125#1,120511930,42762428#1,42762428#4,71324344,463830226#0,71324343#0,-416375814,679068326#3,101411570,282689981#1,-120511301,120509990,71324347#0,71324347#1,71324347#2,71324347#3,101418583,526438862#2,101418589,-1200809291",4.058466677662461,696ed0c9ac648b823dda0b26684a98ec04944573a3cdfa9fdf8ca0104827c373,2355.3909229554893,29.997000000000007,11.544701122159902,39.99600000000001,0.2533641137771256,0.0755380060653894,0.1274529144682198,0.6636904556420167,0.9983894315687478,0.8491159495046567,2.54734784851397,1.273673924256985,0.0,89.59251262306165,2.54734784851397,0.4245579747523283,3.923187697307694,11.887623293065197,0.6571428571428571,0.4202362061063738,0.7,0.6666666666666666,0
101611600,-1200809291,"101611600,372606529#6,372606529#7,372606529#8,1164659929,120512822,282479125#0,282479125#1,120511930,-42762428#0,-697042776#1,687927789#0,-71324342,71223791#0,416376586,463830226#1,101411570,282689981#1,-120511301,120509990,71324347#0,71324347#1,71324347#2,71324347#3,101418583,526438862#2,101418589,-1200809291",3.555561728785863,ef00d294f285123ecdf038d99bd282639a1b560707730124d457f0e87f2f2f3f,2170.8960930078897,31.42671428571429,12.681115971621516,39.99600000000001,0.3737119622951619,0.0450230624563785,0.1382845723522043,0.6720435828621991,0.95994796465707,0.9212785478041446,2.763835643412434,1.381917821706217,0.4606392739020723,80.3011211506435,2.763835643412434,0.9212785478041446,3.615889303646959,12.897899669258026,0.5757575757575757,0.3851549291136683,0.6545454545454545,0.5,1
101611600,-1200809291,"101611600,372606529#6,372606529#7,372606529#8,1164659929,120512822,282479125#0,282479125#1,120511930,-42762428#0,-697042776#1,42762429,1323419246,-100525445,526438862#0,526438862#1,526438862#2,101418589,-1200809291",2.1075387889875303,c471b9d85190c1fa4ca0fb5c0e2cebe391b34d9dace4eb3fbfe42910d3adfff3,1338.6178537667076,28.938315789473688,8.090138558438715,39.99600000000001,0.0660978673611478,0.3851715243250549,0.2242622395913344,0.3517599086886286,1.1963471109590424,2.988156768374549,3.7351959604681855,1.4940783841872745,0.7470391920936372,81.05178794422783,3.7351959604681855,0.7470391920936372,2.2296295040079084,14.193744649779108,0.0,0.5483642480850128,0.7735849056603774,0.8333333333333334,2
101611600,-1200809291,"-101611600,101611600,372606529#6,372606529#7,372606529#8,1164659929,120512822,282479125#0,282479125#1,120511930,42762428#1,42762428#4,71324344,463830226#0,463830226#1,101411570,282689981#1,-120511301,120509990,71324347#0,71324347#1,71324347#2,71324347#3,101418583,526438862#2,101418589,-1200809291",3.6418207104202738,bd56dde4bc2064a5b6038ac846edae39bc7cbbd33cbd51ecdef9741b65ad53e6,2109.431947427735,29.997333333333337,11.7646198147078,39.99600000000001,0.2547718393411229,0.0843457092993848,0.1423138765906794,0.6244768886476595,1.0636183860243051,0.948122551400069,2.844367654200207,1.4221838271001035,0.0,88.75567761802874,2.844367654200207,0.4740612757000345,3.630662258438983,12.79965444390093,0.6470588235294117,0.3586301612617402,0.6578947368421053,0.0833333333333333,3
101611600,100475365#1,"-101611600,101611600,-372606529#5,-372606529#4,-372606529#3,-372606529#2,-372606529#1,-372606529#0,-101607965,101607964#1,101607969#0,101607969#1,100468681#4,100468681#5,100468681#6,100525438#0,100525438#1,100525438#2,659278038#0,659278038#1,659278038#2,659278038#3,100475365#0,100475365#1",2.595501209843189,266d654c8efd19872b2822c157e46c85d687b200d857faea5a29f4ac6394f3fe,1719.6927301558137,35.826,9.293541319694532,20.016000000000005,0.2031035598705072,0.0,0.0840371471343217,0.9159628528656782,0.2885204207892158,0.0,1.162998461834975,0.5814992309174875,0.0,107.18305979892672,1.162998461834975,0.0,3.43061310926819,13.955981542019698,0.7058823529411764,0.5329250005940871,0.7804878048780488,0.7777777777777778,0
101611600,100475365#1,"-101611600,101611600,372606529#6,372606529#7,372606529#8,1164659929,120512822,-133906979,-133906980,-282479126,-100468681#8,-100468681#7,-100468681#6,-100468681#5,-100468681#4,-100468681#3,-101600741#4,101601553#0,101601553#1,100525438#1,100525438#2,659278038#0,659278038#1,659278038#2,659278038#3,100475365#0,100475365#1",2.492922496572424,4fb273b92de016df4286ec867621a609f613c8ff248904a7d3cdfa3fd925c780,1718.0770542209114,38.88400000000001,10.135495585773338,20.016000000000005,0.3344138790245687,0.0,0.2355162944740265,0.7644837055259737,0.5458563066553239,0.0,1.1640921430656852,0.5820460715328426,0.0,98.49264025519724,0.5820460715328426,0.5820460715328426,3.427389999147754,15.715243931386748,0.3214285714285714,0.5101837891140648,0.7804878048780488,0.3333333333333333,1
101611600,100475365#1,"101611600,372606529#6,372606529#7,372606529#8,1164659929,120512822,-133906979,-133906980,-282479126,-100468681#8,-100468681#7,100525438#0,100525438#1,100525438#2,659278038#0,659278038#1,659278038#2,659278038#3,100475365#0,100475365#1",1.8790895623908308,0e3c1227b0a30fe7d7d612754d0e68427a42747fb8795dd3965b8097204dc0a9,1239.201386878054,36.9936,9.795039466350731,20.016000000000005,0.2292570917629451,0.0,0.1635422803925504,0.8364577196074496,0.4454973832749311,0.0,1.6139426740302818,0.8069713370151409,0.0,86.4021388851581,0.8069713370151409,0.8069713370151409,2.632917799796273,16.13942674030282,0.0,0.5090828769040844,0.7428571428571429,0.2222222222222222,2
101611600,100475365#1,"101611600,-372606529#5,-372606529#4,-372606529#3,-372606529#2,-372606529#1,-372606529#0,-101607965,101607964#1,101607969#0,101607969#1,100468681#4,100468681#5,100468681#6,100525438#0,100525438#1,100525438#2,659278038#0,659278038#1,659278038#2,659278038#3,100475365#0,100475365#1",2.5065883228741463,1294f25071a8e994a6ee9ec2dd53820ef76901586b6e17893c6529284a500985,1631.2129448102776,35.20956521739132,8.986738815034313,20.016000000000005,0.1598785314095662,0.0,0.0885954659995271,0.9114045340004728,0.2992761438299509,0.0,1.226081491299479,0.6130407456497395,0.0,103.62959883547846,1.226081491299479,0.0,3.4658205220938143,14.099937149944008,0.696969696969697,0.5383275347586682,0.7804878048780488,0.8888888888888888,3
101765339#2,-71223800#4,"-101765339#2,101765339#2,101765339#3,101765339#4,101765339#5,101765339#6,173532317#1,-101415865#2,-101415865#1,-101749449#1,101746514,-101746498#2,-101746498#1,-101746498#0,47374680#6,47374680#7,47374680#8,-101411571#0,120511301,352797377,-282689986,-224715833,-224715836,-101749453,-1006827381,-71223800#7,-71223800#6,-71223800#5,-71223800#4",5.025148419193856,0aee70a66658e64b07e6cba633d08f65501e61354e55c1e7110e65d4ac2a1ca1,3067.3228536594697,31.373379310344827,8.33380628359058,29.988000000000007,0.1872469331367472,0.0,0.0084728275664098,0.9915271724335902,0.0488597680767266,0.0,0.6520343946232787,0.3260171973116393,0.0,56.30470275185256,0.6520343946232787,0.0,1.5974864802310145,9.454498722037542,0.6428571428571428,0.4311733925336243,0.8245614035087719,0.5833333333333334,0
101765339#2,-71223800#4,"101765339#2,-101765339#2,101754276#0,-416382004,101765339#6,173532317#1,-101415865#2,-101415865#1,-101749449#1,101746514,-101746498#2,-101746498#1,-101746498#0,47374680#6,47374680#7,47374680#8,-101411571#0,120511301,-282689981#1,-282689981#0,-679068326#3,-679068326#2,-679068326#1,-679068326#0,-1006827381,-71223800#7,-71223800#6,-71223800#5,-71223800#4",4.406076946112183,d5c668bff2a7183014a3a3e99f1d67b5c460f0954d4b8944f9fa3c9c7b5112dc,3025.321105776414,33.444,10.099276466304762,29.988000000000007,0.4009931176967214,0.0,0.0085904592342091,0.9914095407657908,0.049419155232989,0.0,0.6610868499814082,0.3305434249907041,0.0,51.26149009359712,0.6610868499814082,0.0,1.5690050674992546,9.585759324730418,0.3235294117647058,0.4721895734325566,0.7115384615384616,0.75,1
101765339#2,-71223800#4,"-101765339#2,101754276#0,-416382004,101765339#6,173532317#1,-101415865#2,-101415865#1,-101415865#0,47374680#2,47374680#3,47374680#4,47374680#5,47374680#6,47374680#7,47374680#8,-101411571#0,120511301,-282689981#1,-282689981#0,-679068326#3,-679068326#2,-679068326#1,-679068326#0,-1006827381,-71223800#7,-71223800#6,-71223800#5,-71223800#4",3.726851130515967,c090f2b185a0cee8cb9c1a91d326a5cdb7bc8035ef925aa31a409dd2eb9796b7,2490.175255168842,32.85257142857142,9.759787351313406,29.988000000000007,0.2769840760866556,0.0,0.0104365737213152,0.9895634262786848,0.0579981525541923,0.0,0.8031563223707295,0.4015781611853647,0.0,43.40839125800288,0.8031563223707295,0.0,1.2969033562254664,11.244188513190212,0.0,0.470130243721977,0.653061224489796,0.6666666666666666,2
101765339#2,-71223800#4,"-101765339#2,101754276#0,-416382004,101765339#6,173532317#1,173532317#2,173532317#3,-283490977#1,47374680#0,47374680#1,47374680#2,47374680#3,47374680#4,47374680#5,47374680#6,47374680#7,47374680#8,-101411571#0,120511301,352797377,-282689986,-224715833,-224715836,-101749453,-1006827381,-71223800#7,-71223800#6,-71223800#5,-71223800#4",4.484559138125057,8116316249ecd08a4b6d075e9b252db4944a50764c64edc0cb8360ac5de26627,2952.588696673324,34.13420689655172,10.52945743202412,29.988000000000007,0.3252437347379486,0.0417755630169898,0.1296987981167245,0.8285256388662856,0.5534228752527646,0.0,1.0160575373671563,0.3386858457890522,0.0,57.62893414820974,1.0160575373671563,0.0,1.5377320059384236,9.821889527882512,0.5,0.4850423568182554,0.7592592592592593,0.9166666666666666,3
101784499#1,-101746514,"101784499#1,-101784499#1,101767908#0,101767908#1,-336860317#0,-101784793,336860316#1,-120511144#1,-120511144#0,-283490977#1,47374680#0,47374680#1,101415865#0,-101749449#1,101746514",2.772941458800943,0b9dc46cadd9c95670cb23764e9b12cdea35ca64af12dc28e7f966610bc983dd,2270.028688375363,37.994400000000006,10.149964537587596,20.016000000000005,0.4322721340066677,0.1806894575152244,0.0,0.8193105424847756,0.4724373353138497,0.0,0.8810461340166499,0.4405230670083249,0.0,78.03219929003907,0.8810461340166499,0.0,2.454597434377093,6.607846005124874,0.7727272727272727,0.7120242165114513,0.967741935483871,0.5833333333333334,0
101784499#1,-101746514,"101784499#1,479315694,101787498,101786553#1,101786553#2,173532317#3,-283490977#1,47374680#0,47374680#1,101415865#0,-101749449#1,101746514",2.198164089249811,c81b11c390427f4e7c3de8fd9f7404edbaf07126a818cbf74201c5d8f0396509,1876.664923188181,36.66,9.8551971337693,20.016000000000005,0.4180193432654095,0.065726200579047,0.0536546420959492,0.8806191573250037,0.4478266696084477,0.0,1.598580525980864,0.5328601753269546,0.0,58.65098581547396,1.0657203506539092,0.0,2.029250524115618,6.394322103923456,0.2857142857142857,0.6546526957890595,0.9166666666666666,0.25,1
101784499#1,-101746514,"101784499#1,479315694,101787498,101786553#1,101786553#2,173532317#3,-283490977#1,47374680#0,101749458#0,101749458#1,-101749449#1,101746514",1.414755491829561,25037a20172a81d58cb3e3b70c73b43cdc3ae7a28a0780a00cef2a4b7476604b,1514.248355669886,39.996,10.453015084827744,20.016000000000005,0.6149774392620014,0.0814569516944011,0.06649621537356,0.8520468329320388,0.520937783771901,0.0,1.9811809527591229,0.6603936509197076,0.0,58.42298052463519,1.3207873018394152,0.0,1.6373670288269182,7.9247238110364915,0.0,0.6589883601247238,0.9166666666666666,0.3333333333333333,2
101784499#1,-101746514,"-101784499#1,-101784499#0,-336860317#1,-336860317#0,-101784793,336860316#1,-120511144#1,-120511144#0,-173532317#3,-173532317#2,-101415865#2,-101415865#1,-101749449#1,101746514",2.096164815818336,3e42c335c4b0fbc88c610780ec1f55a28d9f8c1c6f31849483ccb4291a4fabe1,1994.4028867321613,37.13657142857143,9.952859084506525,20.016000000000005,0.5852260656080438,0.1438145717665779,0.1789800396081803,0.6772053886252417,0.8507829315432232,0.0,1.5042096157990998,1.0028064105327332,0.0,85.76991981306719,1.5042096157990998,0.5014032052663666,2.679118070300777,7.019644873729133,0.9166666666666666,0.7612431936230561,0.9166666666666666,0.8333333333333334,3
101784499#1,-1323419243,"-101784499#1,101784499#1,479315694,336860316#0,101784793,102036177,-120511144#2,-120511144#1,-120511144#0,-283490977#1,-283490977#0,-1323419243",2.2233944261649943,e45498666a43d561601790bdf841d1f3aa3b418e96062a94d1d01b1eb0e59100,1522.4919151855936,39.996,10.453015084827744,20.016000000000005,0.4632283365611285,0.4446117186165519,0.0,0.5553882813834481,0.6869988460907376,0.6568179377675702,0.6568179377675702,0.0,0.0,61.94721398745311,0.6568179377675702,0.0,2.49242306142265,7.881815253210843,0.6875,0.5579341113432023,0.8181818181818181,0.1666666666666666,0
101784499#1,-1323419243,"101784499#1,479315694,336860316#0,336860316#1,-120511144#1,-120511144#0,-283490977#1,-283490977#0,-1323419243",1.385004527368903,e5b9306ac2b346cffc8a40d4179ab95f6c1ce8694b9abd05ced97a4e85333b20,1012.2965868596568,41.108,10.549358274321715,20.016000000000005,0.5727728921943682,0.5447735383719429,0.0,0.4552264616280571,0.6891324655548878,0.9878527824559764,0.9878527824559764,0.0,0.0,37.51056735193319,0.9878527824559764,0.0,1.4053876435108792,8.890675042103789,0.6153846153846154,0.5994991936168407,0.8571428571428572,0.4166666666666667,1
101784499#1,-1323419243,"101784499#1,479315694,101787498,101786553#1,101786553#2,173532317#3,-283490977#1,-283490977#0,-1323419243",1.3759419102414183,6ef8a0c7b4a5259e238714bf5f5e4acb7eef680c8a26b296976953e301ce1470,942.8322704751988,38.884,10.549358274321715,20.016000000000005,0.4175542605451373,0.2806948857261511,0.1067971344860036,0.6125079797878453,0.8957529338223278,1.0606340399188798,2.12126807983776,0.0,0.0,32.86495257783155,1.0606340399188798,0.0,1.3089492151106634,9.545706359269918,0.0,0.6576979393155864,0.85,0.75,2
101784499#1,-1323419243,"-101784499#1,101784499#1,479315694,336860316#0,336860316#1,-120511144#1,-120511144#0,-173532317#3,-173532317#2,-101415865#2,-101415865#1,-101749458#1,-101749458#0,-47374680#0,-283490977#0,-1323419243",2.730912465778248,a19c10bff1f0767b25a263c6dc03c37af06f61c4bf7bc773dc7a132000884052,1934.549602708575,39.996,10.336217954358355,20.016000000000005,0.4963298084612661,0.2213054334429189,0.1845175265406541,0.5941770400164266,0.9549274820705228,0.5169161848318046,2.0676647393272183,1.0338323696636091,0.0,67.43330824521,2.0676647393272183,0.5169161848318046,3.1669895880327914,8.270658957308873,0.8095238095238095,0.7267414403778041,0.8928571428571429,0.9166666666666666,3
101784499#1,1047412912#0,"101784499#1,479315694,101787498,101786553#1,101786553#2,173532317#3,-283490977#1,-283490977#0,-1323419243,-16648700,42762427,659281081#0,659281081#1,526438862#0,526438862#1,526438862#2,1200809292,868087112,526439431#0,526439431#1,697042776#0,697042776#2,42762428#1,42762428#4,1197063689,282479127#0,659283000#0,659283000#1,659283000#2,659283000#3,659283000#4,659283000#6,659283000#7,659283000#8,659283000#9,659283000#11,1047412915,1047412911,1047412914,1047412913,-1047412913,1047412912#0",3.790155918378869,4d6cb88a16190e9a54111fc35a92094e691e2d7af826a63059cf16e75ebb102b,2739.977641903867,39.51942857142857,10.117822519868298,20.016000000000005,0.4295892147512917,0.7524855445229107,0.0367491264336443,0.210765329043445,0.6635565709133289,1.4598659269426042,0.7299329634713021,0.0,0.7299329634713021,32.933861111719324,0.364966481735651,0.0,1.2417298094901434,15.328592232897345,0.0,0.0,0.0,1.0,1
1164653913,526438862#1,"1164653913,463830226#0,71324343#0,-416375814,679068326#3,101411570,282689981#1,-120511301,120509990,120509991,282689983#0,101418595,526439431#1,42762429,1323419246,-100525445,526438862#0,526438862#1",2.8925035240878203,4de97bdc3124cf12ac3fd1612281a40bf1d15cc12afc43736aa7a6e8c39ac20c,1946.015893616876,37.77200000000001,10.04065261530228,20.016000000000005,0.3026656898117002,0.2474469881805967,0.0,0.7525530118194034,0.5595129537961862,1.5416112529400687,1.5416112529400687,0.5138704176466896,0.5138704176466896,119.4990881667334,1.5416112529400687,0.5138704176466896,4.700871182052767,9.249667517640413,0.8,0.5944064354246785,0.8108108108108107,0.25,0
1164653913,526438862#1,"1164653913,463830226#0,463830226#1,101411570,282689981#1,-120511301,120509990,120509991,282689983#0,282689983#1,71324342,416428068,-697042776#1,42762429,1323419246,-100525445,526438862#0,526438862#1",2.261228796774289,56aab243b88ed03fbd7505615df553552060913b3d33061e9b456c2a6290d9ec,1629.0706231452025,39.99600000000001,10.298147040637373,20.016000000000005,0.3885808721280708,0.2650157554906203,0.0,0.7349842445093795,0.5782381303539413,1.8415407885804125,1.8415407885804125,0.6138469295268041,0.6138469295268041,128.37145067529116,1.8415407885804125,0.6138469295268041,3.935245940688968,11.049244731482474,0.7586206896551724,0.6192283384085211,0.7777777777777778,0.3333333333333333,1
1164653913,526438862#1,"1164653913,416376587,1164659921,416376585#0,416376585#1,-1164659923,-659283000#0,-282479127#2,-1197063689,-42762428#4,-42762428#3,-42762428#0,-697042776#1,42762429,1323419246,-100525445,526438862#0,526438862#1",1.5899073812390323,e568120b5575df35ea41ffdae03b398f06ac2db7d05d9a3ffd3e7561e39c1777,1124.0939071208495,34.43600000000001,8.562697321041119,20.016000000000005,0.1870112754076229,0.6882226058739771,0.0,0.3117773941260228,0.6205154149165666,2.6688161736272757,2.6688161736272757,0.8896053912090918,0.8896053912090918,94.6464555541747,2.6688161736272757,0.8896053912090918,2.715404674359684,16.01289704176365,0.0,0.7642674631678894,0.9142857142857144,0.8333333333333334,2
1164653913,526438862#1,"1164653913,463830226#0,-416376586,71223791#1,101411570,282689981#1,-120511301,120509990,71324347#0,71324347#1,71324347#2,71324347#3,101418583,526438862#2,1200809292,868087112,526439431#0,526439431#1,42762429,1323419246,-100525445,526438862#0,526438862#1",3.7600748015797616,e3bdbf0349ff2c9458ca6e00afb774b82ac20016dd5e8a169cf0d10418ce0258,2185.551094181998,31.736347826086973,11.139324798407976,39.99600000000001,0.2788549094411454,0.2974956419342829,0.0,0.5825938080792862,0.9297570017339152,1.3726515056024493,1.8302020074699323,0.9151010037349662,0.4575505018674831,148.2156128222023,1.8302020074699323,0.9151010037349662,5.279501667609067,10.52366154295211,0.8285714285714285,0.673235874284425,0.8285714285714285,0.4166666666666667,3
1200809292,101606547#1,"1200809292,868087112,526439431#0,526439431#1,42762429,1323419246,-416373452,101418587,464265154,120511142#1,75421017,-282689984#1,-282689984#0,-134065887,100475363,282479151#1,282479151#2,282479151#3,282479151#4,100488713,-100488715#7,-100488715#6,-100488715#5,120829754,-101605951#4,-101605951#3,-101605951#2,-101606546,101606547#1",3.532515578549375,6d53df4d13184649f44bddd7b8e7dd706e90629eb17faf9f963f58fde95db6bc,1975.5765746980053,40.3423448275862,11.495780667817288,39.99600000000001,0.330454762537983,0.2724280348310394,0.0,0.6370697368848068,0.8589205516614477,2.530906705433233,1.51854402325994,1.0123626821732932,0.5061813410866466,95.54154783282456,1.51854402325994,0.0,3.160838468022383,14.679258891512752,0.75,0.7454174492094158,0.8787878787878788,1.0,0
1200809292,101606547#1,"1200809292,868087112,526439431#0,526439431#1,42762429,1323419246,-416373452,-101418584#4,-101418584#3,-101418584#2,-101418592,-100488715#3,101605951#0,101605951#1,-101606546,101606547#1",1.7913735112475515,fc4e82bf0ca1c8bce32910bc297bb959d1cf426e81d75277aa12eb49424022f9,1215.9591481552511,37.494,10.008000000000004,20.016000000000005,0.3060809183907187,0.4426155637874251,0.0,0.5573844362125748,0.686546698569373,0.8223960496675519,0.8223960496675519,0.8223960496675519,0.8223960496675519,75.3549352466544,0.8223960496675519,0.0,1.9454829037038823,13.15833679468083,0.0,0.6841673793478367,0.8297872340425532,0.75,1
1200809292,101606547#1,"1200809292,868087112,526439431#0,526439431#1,42762429,1323419246,-100525445,526438862#0,526438862#1,526438862#2,101418589,625955757,71324347#2,71324347#3,71324347#4,71324347#5,47374666,-42762427,16648700,1323419243,-162276533#2,100488715#0,100488715#1,100488715#2,101605951#0,101605951#1,-101606546,101606547#1",4.376083751658233,015017155271966457825f25d08569bf257bc5a0acfe7897ba5c331da3226a27,2355.0850815631907,30.35442857142857,11.047115331291568,39.99600000000001,0.2512312631839613,0.3731493375125995,0.1493277171880504,0.2918747164790889,1.3238420653101493,2.123065548307598,2.5476786579691177,1.6984524386460784,0.4246131096615196,116.29476877314912,2.5476786579691177,0.4246131096615196,3.768035932704097,11.88916707052255,0.7058823529411764,0.5330997836006591,0.8367346938775511,0.0833333333333333,2
1200809292,101606547#1,"1200809292,868087112,526439431#0,526439431#1,42762429,1323419246,184568063,76867740,-16648700,42762427,659281081#0,659281081#1,526438862#0,526438862#1,526438862#2,101418589,625955757,71324347#2,71324347#3,71324347#4,71324347#5,-47374665#1,-47374680#3,-47374680#2,-47374680#1,-47374680#0,-283490977#0,-162276533#2,100488715#0,100488715#1,100488715#2,101605951#0,101605951#1,-101606546,101606547#1",6.646633141709118,5debdba893cf734c4e653ded337188660af824c50276018df2c5c81c7dffc855,3406.0022523403395,30.567085714285717,10.82951979102498,39.99600000000001,0.2126441467081702,0.4041212681179763,0.1032528615539869,0.3439561799971633,1.251046218984163,0.8807980082628053,2.0551953526132123,1.174397344350407,0.2935993360876017,110.54317221832711,1.7615960165256106,0.2935993360876017,5.449458694363154,10.275976763066062,0.7560975609756098,0.5958509449856041,0.8571428571428572,0.4166666666666667,3
120509990,1323419244,"120509990,71324347#0,71324347#1,71324347#2,71324347#3,71324347#4,71324347#5,-47374665#1,-47374680#3,-47374680#2,101415865#0,-101749458#1,-101749458#0,-47374680#0,-283490977#0,-1323419243,-16648700,42762427,659281081#0,1323419244",3.1698621744278097,2798a45d609e8b410e8918026e0794af56110339ba3a8c8917fcacb95cf73d6e,1598.0061025418447,30.00060000000001,11.69435975790759,39.99600000000001,0.2616830075299339,0.2577362162304211,0.0,0.4553523498270907,1.0658942324731866,1.2515596760354857,2.503119352070972,1.2515596760354857,0.0,75.18450348177797,2.503119352070972,1.2515596760354857,3.533317838284391,12.515596760354857,0.5714285714285714,0.71699903131167,0.9189189189189187,0.75,0
120509990,1323419244,"120509990,120509991,282689983#0,282689983#1,71324342,416428068,-697042776#1,42762429,1323419246,184568063,1323419245,42762427,659281081#0,1323419244",1.600571416471556,529f395e4900150d2b486d88acb005c1a4d2b88d0c088fe2792850587be4feda,1147.670487273297,38.56628571428571,10.27926866171812,20.016000000000005,0.3346312895628762,0.6143305967213605,0.0,0.3856694032786397,0.6667714889202334,1.742660478053868,1.742660478053868,0.8713302390269341,0.8713302390269341,93.65547079592572,1.742660478053868,0.8713302390269341,2.537590187362314,12.198623346377078,0.8571428571428572,0.7021187295380843,0.875,0.5833333333333334,1
120509990,1323419244,"120509990,71324347#0,71324347#1,71324347#2,71324347#3,71324347#4,71324347#5,47374666,659281081#0,1323419244",1.223846010194248,17c5828a47d9672c390d6dd122947e2922f61ca4ba024d753ada0e956d5c75cd,637.4005874450738,25.0092,9.711626763833134,29.988000000000007,0.2178053575011772,0.0794823419756666,0.0,0.309701941833597,0.8653900663475315,3.137744205754037,4.706616308631056,3.137744205754037,0.0,41.62248412381916,4.706616308631056,3.137744205754037,1.4093430946041432,15.688721028770187,0.0,0.7409854567724139,0.875,0.9166666666666666,2
120509990,1323419244,"120509990,120509991,282689983#0,101418595,526439431#1,42762429,1323419246,184568063,1323419245,16648700,1323419243,120511145,47374680#0,47374680#1,47374680#2,47374680#3,47374665#0,47374666,659281081#0,1323419244",3.787034433654231,87c905627f0f6024bf1e21e316ffe419cdd7cea74bb63ebd23af4a8d275fa42f,1992.917945312426,32.4936,10.197114093290269,39.99600000000001,0.1629675702404042,0.5231656067509561,0.0,0.3546253020255652,0.9634605505045049,2.007107221553433,2.508884026941792,1.505330416165075,0.5017768053883582,120.15227279811596,2.508884026941792,1.505330416165075,4.406499146160227,10.035536107767166,0.8461538461538461,0.6731244780093885,0.9230769230769232,0.3333333333333333,3
120509991,-100468681#0,"120509991,282689983#0,101418595,526439431#1,623959719,-282689984#1,-282689984#0,-134065887,100475363,282479151#1,100475362,-659278038#3,-659278038#2,-659278038#1,-659278038#0,-100525438#2,-100525438#1,-100525438#0,-100468681#6,-100468681#5,-100468681#4,-100468681#3,-100468681#2,-100468681#1,-100468681#0",2.575130671419035,b9a44a6ecebcd66f355d045e3d87d5054656cb6c48ea5cb961fad64b44bcd916,2020.2289577303568,41.997600000000006,10.008000000000004,20.016000000000005,0.5462420618664319,0.0315205277803536,0.4102843610732735,0.5581951111463729,0.7999482609994584,0.989986799440256,1.484980199160384,0.4949933997201279,0.4949933997201279,44.220776762718216,1.484980199160384,0.4949933997201279,1.5278266897174764,12.3748349930032,0.7804878048780488,0.7577333254396602,0.8409090909090909,1.0,0
120509991,-100468681#0,"120509991,282689983#0,101418595,526439431#1,623959719,619185406,619184994,1164659927#1,1164659928,1164659929,120512822,-133906979,-133906980,-282479126,-100468681#8,-100468681#7,-100468681#6,-100468681#5,-100468681#4,-100468681#3,-100468681#2,-100468681#1,-100468681#0",2.3703273245943444,2c92d9632b4ca3e1c3b7ec816bf5f173952a14ff998cb463c5292dfac22dcad2,1842.7914849561869,41.30139130434783,10.145505954223957,20.016000000000005,0.5698107965365832,0.0345555552566104,0.5597649957907732,0.4056794489526164,0.8070836956891284,1.0853099855991308,1.6279649783986962,0.5426549927995654,0.5426549927995654,39.29389118343394,1.0853099855991308,0.5426549927995654,1.3936370942149163,12.481064834390004,0.5,0.4153725517577509,0.6666666666666667,0.25,1
120509991,-100468681#0,"120509991,282689983#0,282689983#1,71324342,416428068,697042776#2,42762428#1,42762428#4,1197063689,1164653914,1164659927#1,1164659926,120512822,-133906979,-133906980,-282479126,-100468681#8,-100468681#7,-100468681#6,-100468681#5,-100468681#4,-100468681#3,-100468681#2,-100468681#1,-100468681#0",2.0760840405276584,05d7424ea392851dc39e17b767b8a4d2e4077638f528e1fd26d4a88f38b89033,1752.0943341760023,42.79823999999999,9.80579733830962,20.016000000000005,0.7088107998930456,0.1177799812849735,0.588741226827204,0.2934787918878227,0.9236108285124592,0.0,1.712236573957577,0.5707455246525256,0.0,38.61338937173142,1.1414910493050512,0.5707455246525256,1.3250460926291492,14.26863811631314,0.0,0.4718276468409925,0.7804878048780488,0.5833333333333334,2
120509991,-100468681#0,"120509991,282689983#0,101418595,526439431#1,697042776#0,697042776#2,42762428#1,42762428#4,1197063689,1164653914,1164659927#1,1164659926,120512822,-133906979,-133906980,-282479126,-100468681#8,-100468681#7,100525438#0,-101601553#1,-101601553#0,101600741#4,-100468681#2,-100468681#1,-100468681#0",2.6974280857051247,701d9298ef4007fbd041b1c3f811fc962caf2930f582a2de644435e5fbb2cc17,1959.6243606475407,37.193760000000005,9.805797338309622,20.016000000000005,0.4327712903396284,0.1448811413417536,0.4233244205998442,0.4317944380584022,1.0064074515858108,1.0206037647639352,2.551509411909838,1.0206037647639352,0.5103018823819676,46.63717206030375,2.0412075295278704,1.0206037647639352,1.481993606992673,12.75754705954919,0.4375,0.4871094093719261,0.8372093023255813,0.8333333333333334,3
120509991,-120511144#2,"120509991,282689983#0,101418595,526439431#1,42762429,1323419246,184568063,76867740,-16648700,42762427,659281081#0,659281081#1,526438862#0,526438862#1,526438862#2,101418589,625955757,71324347#2,71324347#3,71324347#4,71324347#5,-47374665#1,47374680#4,47374680#5,101746498#0,101746498#1,101746498#2,-101746514,101749449#1,-101415865#0,-47374680#1,-47374680#0,283490977#1,120511144#0,120511144#1,120511144#2",7.836837056248298,ea27a11b2ecb328875b96a1ed6101fcd7b4654053e838e4e12f5bfd3d3912c81,4253.211911362857,31.107,11.154458854774497,39.99600000000001,0.261535509759099,0.3859205688303353,0.0,0.4950236891388287,0.9688899448728052,0.9404657194045806,1.410698579106871,0.4702328597022903,0.2351164298511451,130.84181852555344,1.1755821492557257,0.0,3.6517949852736193,8.464191474641225,0.7619047619047619,0.7223132944393629,0.8867924528301887,0.8333333333333334,0
120509991,-120511144#2,"120509991,282689983#0,282689983#1,71324342,416428068,-697042776#1,42762429,1323419246,184568063,76867740,1323419243,120511145,283490977#1,120511144#0,120511144#1,120511144#2",2.2780498088364216,6a8e59e3822db9f668ec0420cf8beb5ad5ebf7e010691b12cb41707ac3f2bb11,1729.3712103972778,42.498000000000005,10.008000000000004,20.016000000000005,0.5281851780911619,0.7178543945368427,0.0,0.2821456054631572,0.5949683594575889,2.312979408903832,1.734734556677874,0.578244852225958,0.578244852225958,73.10960909027798,0.578244852225958,0.0,1.4848329322443126,9.251917635615328,0.0,0.6853077433031045,0.8857142857142857,0.6666666666666666,1
120509991,-120511144#2,"120509991,282689983#0,101418595,526439431#1,42762429,1323419246,-100525445,526438862#0,526438862#1,526438862#2,101418589,625955757,71324347#2,71324347#3,71324347#4,71324347#5,47374666,-42762427,16648700,1323419243,120511145,283490977#1,120511144#0,120511144#1,120511144#2",3.740881607445616,581cb4a6fa8442263809e952cf55373544b0010c26fb52d2d3c30803912f416c,2114.0971984195294,31.99968,12.90819362110749,39.99600000000001,0.3413122815200744,0.666456270393558,0.0,0.1267332885159924,0.8581478035723151,2.8380908902795574,2.365075741899631,0.9460302967598524,0.4730151483799262,87.60751942584871,2.365075741899631,0.4730151483799262,1.8151575111844465,11.825378709498157,0.6774193548387097,0.6453254450071089,0.8571428571428572,0.3333333333333333,2
120509991,-120511144#2,"120509991,282689983#0,101418595,526439431#1,42762429,1323419246,184568063,1323419245,16648700,1323419243,-162276533#2,-162276533#1,-162276533#0,-282689985#1,-282689985#0,-282690000,-120511144#4,-120511144#3,-120511144#2",2.9811176018283487,f32a77d6d19eb14474f7737d131bbed3ba9415bfcdca646a6cbe1811f453c1fb,2161.1592190518986,39.46926315789474,10.267991347668223,20.016000000000005,0.4695924796074282,0.5407762872168318,0.2204964465261487,0.2387272662570196,1.0077657254554928,0.9254292707213868,1.8508585414427732,0.9254292707213868,0.4627146353606933,91.52627437176253,1.8508585414427732,0.4627146353606933,2.0700022839759877,8.791578071853174,0.7931034482758621,0.6686845632277492,0.8541666666666666,0.5,3
120511301,416373452,"-120511301,101411571#0,-47374680#8,-47374680#7,-47374680#6,101746498#0,101746498#1,101746498#2,-101746514,101749449#1,-101415865#0,47374680#2,47374680#3,47374665#0,47374666,659281081#0,659281081#1,100525445,-416373452",4.327136190699742,13ffc31524e9547e32ceb285edfd7731e085736162c27404608eeeb81292d3a8,2355.2812201663296,31.572000000000003,9.582651825043005,39.99600000000001,0.2580817058280444,0.0677505902601175,0.0,0.8288423563085325,0.5726130887128407,0.8491554990867546,1.2737332486301318,0.8491554990867546,0.0,100.0957384041262,1.2737332486301318,0.8491554990867546,3.4552121068948973,8.066977241324167,0.9285714285714286,0.7808472817093507,0.9310344827586208,0.8333333333333334,0
120511301,416373452,"-120511301,120509990,120509991,282689983#0,282689983#1,71324342,416428068,-697042776#1,42762429,1323419246,-416373452",1.4597150739345417,5444ada19106033023ba4dc1e85c594fc737381d7a9b87a4fc0296c2ed0dd665,1050.646182845235,42.72545454545455,10.098571981856017,20.016000000000005,0.4334915990883292,0.3334518389292626,0.0,0.6665481610707374,0.6365962785183369,1.9035904119347185,1.9035904119347185,0.9517952059673592,0.9517952059673592,66.40390149998338,1.9035904119347185,0.0,1.541304443795209,10.469747265640953,0.0,0.756863515466166,0.9411764705882352,0.75,1
120511301,416373452,"-120511301,101411571#0,-47374680#8,-47374680#7,-47374680#6,-47374680#5,-47374680#4,47374665#0,47374666,659281081#0,659281081#1,100525445,-416373452",2.463933443798245,14e7b54b8a52c7dcd11d5bdeacd48463102bd6a6926bec6b087366e2cdd294b5,1127.7330774830536,30.763384615384616,10.37667986029621,39.99600000000001,0.0748944469214347,0.1414977498496195,0.0,0.6425356390413312,0.8919067481221806,1.7734693075277417,2.660203961291612,1.7734693075277417,0.0,65.72529406283459,2.660203961291612,0.8867346537638707,1.6543913946675608,11.52755049893032,0.9090909090909092,0.6881226207894425,0.9130434782608696,0.1666666666666666,2
120511301,416373452,"-120511301,120509990,71324347#0,71324347#1,71324347#2,71324347#3,71324347#4,71324347#5,47374666,659281081#0,1323419244,1323419245,16648700,1323419243,-162276533#2,100488715#0,100488715#1,100488715#2,100488715#3,101418592,101418584#2,101418584#3,101418584#4,416373452",3.814101795733806,14157d7cb2dac13d352df8e0cfe9282182b88787c247b2e679d8a2542e8b2e90,2274.137554230116,30.4155,9.987514731991096,29.988000000000007,0.2738176996086784,0.1300296531142672,0.1546430110875689,0.5441264796333907,1.1872181871105734,1.7589085552716952,2.638362832907543,1.7589085552716952,0.0,106.75205455178951,2.638362832907543,0.8794542776358476,3.6390219520032616,10.553451331630171,0.9393939393939394,0.8805234358464106,0.9574468085106383,1.0,3
120511930,-372606529#4,"120511930,-42762428#0,-697042776#1,687927789#0,-71324342,71223791#0,71223791#1,-679068326#3,416375814,71324343#1,71324343#2,71324343#3,-463830227,416376585#0,416376585#1,-1164659923,-659283000#0,101611060,-372606529#7,-372606529#6,-372606529#5,-372606529#4",2.07870629893426,757af84b9d9558103ced0a5b3a65927a5b6bf4a57003961142440efec707f224,1446.4175628859912,34.53709090909092,8.585503457013436,20.016000000000005,0.2278032404263632,0.0707553647533021,0.0594506044894051,0.8697940307572929,0.4765385882009433,0.0,2.7654531461986167,1.3827265730993084,0.6913632865496542,94.4524468371013,2.7654531461986167,0.6913632865496542,3.739332743765036,15.209992304092392,0.8275862068965517,0.6502851811806205,0.9655172413793104,0.3333333333333333,0
120511930,-372606529#4,"120511930,-42762428#0,-697042776#1,623959719,619185406,619184994,1164659927#1,1164659928,-372606529#8,-372606529#7,-372606529#6,-372606529#5,-372606529#4",1.180092036814726,73c515d3272be6a180b94deba4cff29dd2ea2bea894c74350fc5d4a80273f5c8,774.5180243829737,29.988,0.0,0.0,0.0,0.0866866704636133,0.1110243993691035,0.802288930167283,0.6327539811250417,0.0,2.5822510736187407,1.2911255368093704,1.2911255368093704,70.78452778550196,2.5822510736187407,0.0,2.0023129444258148,16.784631978521816,0.5294117647058824,0.7065307847345705,0.98,0.6666666666666666,1
120511930,-372606529#4,"120511930,42762428#1,42762428#4,1197063689,1164653914,1164659927#1,1164659928,-372606529#8,-372606529#7,-372606529#6,-372606529#5,-372606529#4",0.8389155662264907,f74fd1d188b97a0d960fd60a60103d6cdd63bb052208c486c0d81e6e9229909f,578.242670481826,29.988,0.0,0.0,0.0,0.2647565633845787,0.1487098805524193,0.586533556063002,0.9481823707763276,0.0,3.4587554708362864,1.7293777354181432,0.0,41.618751120532345,3.4587554708362864,1.7293777354181432,1.494894563683654,20.75253282501772,0.0,0.6969130074409317,0.9130434782608696,0.5833333333333334,2
120511932#0,100475365#1,"120511932#0,120511932#1,120511932#2,-101604499,100475363,282479151#1,100475362,-659278038#3,659278038#3,100475365#0,100475365#1",1.0970830808925442,a898c00ecb83fbbecb13ff8ccecc8cb8db93be44c79377b6d0f409df855e21ba,680.994558862708,40.90581818181818,10.453015084827747,20.016000000000005,0.2054165463602896,0.0,0.0,1.0,-0.0,0.0,0.0,0.0,0.0,71.97209404992243,0.0,0.0,1.986698997018968,16.1528456532318,0.0,0.0,0.0,1.0,1
120829754,526438862#0,"-120829754,120829754,-101605951#4,-101605951#3,-101605951#2,-101605951#1,-101605951#0,100488715#3,101418592,101418584#2,101418584#3,101418584#4,101418587,464265154,120511142#1,120511142#2,1323419246,-100525445,526438862#0",3.700501143374722,a99d43b9d181171fc617f412fed1f1c31ec0f4ce582c2313df6401fd48921366,1568.5888990477702,35.25915789473685,13.070249480162351,39.99600000000001,0.2841977831290551,0.1065270174132827,0.0,0.6655049250992713,0.8466138554407359,4.462609676920084,2.5500626725257622,0.6375156681314406,0.0,77.62388728565708,2.5500626725257622,0.6375156681314406,3.9119321146407513,12.112797694497372,0.6666666666666667,0.6366260002623638,0.9333333333333332,0.5,0
120829754,526438862#0,"-120829754,-100488715#4,101418592,101418584#2,101418584#3,101418584#4,416373452,-100525445,526438862#0",1.4365201636900906,fa38b621c68059906de77e3083e4eda511517fbce1d564da49118f0a0426cd6e,532.6725280646903,32.216,12.019801662257162,39.99600000000001,0.2481644254113727,0.0020400756027096,0.0,0.6623051407617576,0.6519516036624529,1.877326025491135,3.75465205098227,0.0,0.0,60.98918039538478,3.75465205098227,0.0,1.3284416142356483,16.895934229420217,0.0,0.6057433356117566,0.88,0.25,1
120829754,526438862#0,"-120829754,-100488715#4,101418592,101418584#2,101418584#3,101418584#4,101418587,464265154,120511142#1,120511142#2,1323419246,-100525445,526438862#0",2.019583597847051,89c27246ee200514d355de428e943e9361ffe7080995c62e000b1e0781ebcd06,858.637388937561,31.53046153846154,9.872315977987675,39.99600000000001,0.1043684665336667,0.1946072918742825,0.0,0.597162686396315,0.953140504855986,8.152451885028537,4.6585439343020205,1.1646359835755051,0.0,68.75334550298864,4.6585439343020205,1.1646359835755051,2.1413712532679554,15.140267786481568,0.4285714285714286,0.6207300750779012,0.8695652173913043,0.3333333333333333,2
120829754,526438862#0,"120829754,-120829754,100488715#5,100488715#6,100488715#7,100488714,282479151#6,100475366,100475359,282689984#0,282689984#1,619185406,120511930,-42762428#0,-697042776#1,42762429,1323419246,-100525445,526438862#0",3.855751321199632,4a07854394ce57584e78350e00b6947af293fa69516f56cfa38ca0b6d5e04b74,1558.0891796733822,34.20568421052632,12.614484606781875,39.99600000000001,0.1302417931059788,0.2597378217445778,0.055189651259686,0.4555682284117157,1.20599564574762,1.9254353596299805,3.2090589327166343,0.6418117865433268,0.6418117865433268,85.64081201196844,3.2090589327166343,0.6418117865433268,6.450865793087004,12.19442394432321,0.88,0.7350156115428533,0.935483870967742,0.75,3
1323419244,-1323419243,"1323419244,76867740,1323419243",0.5372549019607843,b55c2c894e7b8b56be6f2bb8bcca65046a4d863d17c64d05834286773cf57529,309.9989303068309,29.988,0.0,0.0,0.0,0.0280862213363875,0.0,0.9719137786636124,0.1280254144463334,3.225817582693655,3.225817582693655,0.0,0.0,18.538642076169257,0.0,0.0,1.16911895107985,9.677452748080963,0.6,0.8405757984705353,0.9743589743589745,0.5,0
1323419244,-1323419243,"1323419244,1323419245,16648700,1323419243",0.5040616246498599,5b0970fb19ad6844e7e64651d878ce93b8bfb6ae00ecdb2eb6dde5418a77b3c2,303.6181626815503,29.988,0.0,0.0,0.0,0.8070769669365384,0.0,0.1929230330634615,0.4904337417342623,3.293610603423779,3.293610603423779,0.0,0.0,34.28736389161428,3.293610603423779,0.0,1.1450547507751303,13.174442413695116,0.0,0.8144849302744039,0.9487179487179488,0.25,2
1323419244,-1323419243,"1323419244,1323419245,42762427,659281081#0,659281081#1,100525445,-416373452,-101418584#4,-101418584#3,-101418584#2,-101418592,-100488715#3,-100488715#2,-100488715#1,-100488715#0,162276533#2,-1323419243",2.337723138211368,709278a1896ae70690acc52e484436197ccb688f3b8aa7a4b06f07bbe6b57bef,1553.5642878079211,33.52023529411765,7.865339721917706,20.016000000000005,0.311457887304942,0.1661639760465342,0.2263694407585054,0.6074665831949603,0.9373159361218024,1.9310433585165627,2.5747244780220835,0.6436811195055209,0.0,95.19472164454764,2.5747244780220835,0.6436811195055209,6.047182140507606,10.942579031593857,0.8947368421052632,0.889397406559878,0.9473684210526316,0.75,3
1323419244,120509990,"1323419244,1323419245,16648700,1323419243,120511145,47374680#0,101749458#0,101749458#1,-101749449#1,101746514,-101746498#2,-101746498#1,-101746498#0,47374680#6,47374680#7,47374680#8,-101411571#0,120509990",2.57532376521523,930c329b738ecf244f0f57b7ebd3eb50661bb16d964fd29e65a8d313119cb7f0,1950.6812400793008,36.66,9.709186141454484,20.016000000000005,0.4893809299169256,0.1935932231125123,0.0,0.8064067768874879,0.4913914282227219,1.0252828390960964,1.0252828390960964,0.5126414195480482,0.0,105.76518218523606,1.0252828390960964,0.5126414195480482,5.52419268785817,9.227545551864868,0.5217391304347826,0.7753214117811985,0.951219512195122,1.0,0
1323419244,120509990,"1323419244,1323419245,16648700,1323419243,120511145,47374680#0,47374680#1,47374680#2,47374680#3,47374680#4,47374680#5,47374680#6,47374680#7,47374680#8,-101411571#0,120509990",1.6623396802925632,0be8cb5dd4600a0462e9bf70c423bb6ee4de7312444b17d8cb10ec5f45bfc0bb,1224.8001742491565,33.741,8.068707554497191,20.016000000000005,0.2322712046212085,0.3083267593128564,0.0,0.6916732406871436,0.6177553212557632,1.6329194280414492,1.6329194280414492,0.8164597140207246,0.0,81.80107970087522,1.6329194280414492,0.8164597140207246,3.4685483346318247,13.063355424331592,0.0,0.7387575311396577,0.9487179487179488,0.8333333333333334,1
1323419244,120509990,"1323419244,1323419245,16648700,1323419243,120511145,47374680#0,47374680#1,47374680#2,47374680#3,47374665#0,47374666,659281081#0,659281081#1,526438862#0,526438862#1,526438862#2,1200809292,868087112,526439431#0,526439431#1,687927789#0,-71324342,71223791#0,71223791#1,101411570,282689981#1,-120511301,120509990",4.265449096855724,aafe29ba1cbf9de989563722ef6182fee59c20f910854b1d4d15328844e53c37,2440.43195871826,33.20742857142857,9.836196477442751,39.99600000000001,0.2596926878697643,0.3486819927493756,0.0,0.5515189982639077,0.925563462028742,1.6390540968414629,2.0488176210518287,1.2292905726310972,0.4097635242103657,86.99556404338995,2.0488176210518287,0.8195270484207314,6.9111324313647176,11.47337867789024,0.7058823529411764,0.5459353778796262,0.875,0.1666666666666666,2
1323419244,120509990,"1323419244,76867740,-16648700,42762427,659281081#0,659281081#1,526438862#0,526438862#1,526438862#2,1200809292,868087112,526439431#0,526439431#1,687927789#0,416428068,697042776#2,42762428#1,1164653913,463830226#0,463830226#1,101411570,282689981#1,-120511301,120509990",3.268433853022851,aa29832edff9318a250ae2bc3d2e880f6853a1f01bdf53fc806cee0ccb1d903c,2160.6816013017897,34.992,8.853594583189265,20.016000000000005,0.2388821567464355,0.402157684192246,0.0,0.5978423158077539,0.6738768392713765,0.9256338364685568,1.8512676729371136,0.9256338364685568,0.4628169182342784,76.06809702462088,1.8512676729371136,0.0,6.118899006900683,11.10760603762268,0.9473684210526316,0.6417340691387878,0.95,0.5,3
297823019#3,-71324343#0,"297823019#3,297823019#4,297823017,372606529#1,101594836#0,101594809#0,336863934,101594812#2,101594812#3,101594812#0,101594843,101594815#0,-659283000#5,-659283000#3,-659283000#2,-659283000#1,1164659923,416376585#2,1164659921,463830227,-71324343#3,-71324343#2,-71324343#1,-71324343#0",2.237238466300848,f480eaf5695fe9d919b9e86033fedaffc109cb78ca160a533d12ea67db941698,1623.7321979727917,34.158,8.303659957853055,20.016000000000005,0.1699633821376696,0.1664116100535093,0.0,0.8335883899464905,0.4501504767936738,0.0,1.2317302092654034,0.6158651046327017,0.0,69.57097604060878,1.2317302092654034,0.6158651046327017,2.094262926154048,14.78076251118484,0.8536585365853658,0.7582177490786869,0.9069767441860466,0.6666666666666666,0
297823019#3,-71324343#0,"297823019#3,297823019#4,297823017,372606529#1,101594836#0,101594836#1,101594812#3,101594812#0,101594843,101594815#0,-659283000#5,-659283000#3,-659283000#2,-659283000#1,1164659923,416376585#2,1164659921,463830227,-71324343#3,-71324343#2,-71324343#1,-71324343#0",1.9246734402904424,bc566e81d05a0cfeb31b99554a44ed497d0b5b918fb813dc39dcb6d562e2338a,1437.055933567491,34.53709090909092,8.585503457013434,20.016000000000005,0.1920419446501153,0.1880287907023805,0.0,0.8119712092976196,0.483352033522295,0.0,1.391734276504465,0.6958671382522325,0.0,66.69119741330913,1.391734276504465,0.6958671382522325,1.853490968669281,15.309077041549116,0.8461538461538461,0.7393208064566127,0.902439024390244,0.4166666666666667,1
297823019#3,-71324343#0,"297823019#3,297823019#4,297823019#1,297823023#0,297823021,297823022#1,-297823020#1,1047412912#1,-659283000#11,-659283000#10,-659283000#8,-659283000#7,-71324343#11,-71324343#10,-71324343#8,-71324343#7,-71324343#6,-71324343#5,-71324343#4,-71324343#3,-71324343#2,-71324343#1,-71324343#0",1.1863805133284415,2f7ee2f7c97a17cae77d2384640e332150dd5b03b560316ac1dc8ded3136f256,1028.5260548535034,34.3393043478261,8.441571215418387,20.016000000000005,0.2127626632051297,0.2127626632051297,0.0,0.7872373367948702,0.517594064100888,0.0,1.94453022416128,0.97226511208064,1.94453022416128,46.24933112380042,1.94453022416128,0.97226511208064,1.3265758897633633,22.362097577854723,0.0,0.7010025119005163,0.9545454545454546,0.1666666666666666,2
297823019#3,-71324343#0,"297823019#3,297823019#4,297823017,372606529#1,101594836#0,101594836#1,101594812#3,101594812#0,101594843,101594815#0,-659283000#5,-659283000#3,-659283000#2,-659283000#1,-659283000#0,-282479127#2,-1197063689,71324344,463830226#0,71324343#0",1.8802909644779435,a550517eed9a91e9256736cb3777e3c99f80623c58bba06f1f55cad7a1b45cc8,1395.7683730536585,34.992000000000004,8.892341352919498,20.016000000000005,0.2188108777618789,0.2948309515605201,0.0,0.7051690484394798,0.6064207503727195,0.0,1.4329025063266083,0.7164512531633043,0.0,67.04152301703523,1.4329025063266083,0.7164512531633043,2.105761167542674,14.329025063266084,0.951219512195122,0.7467124828027937,0.951219512195122,0.5,3
297823019#4,-101787498,"297823019#4,297823017,372606529#1,372606529#2,372606529#3,372606529#4,372606529#5,372606529#6,372606529#7,372606529#8,1164659929,120512822,282479125#0,282479125#1,120511930,-42762428#0,-697042776#1,42762429,1323419246,184568063,1323419245,16648700,1323419243,120511145,283490977#1,120511144#0,120511144#1,-336860316#1,-336860316#0,101787498",4.389368936919619,9079f6536e137defd10263fad4d4f9bdaed154715198a87928bfb3156668f81e,2852.00098735941,32.656800000000004,6.920450007293478,20.016000000000005,0.1903104863358644,0.4928455490853068,0.105259934752202,0.4018945161624912,0.9520447973336338,0.7012620293135822,1.0518930439703733,0.3506310146567911,0.3506310146567911,40.634829057306696,1.0518930439703733,0.3506310146567911,1.36215050367099,10.518930439703732,0.7346938775510203,0.5885312645946473,0.78,0.5,0
297823019#4,-101787498,"297823019#4,297823017,372606529#1,101594836#0,101594836#1,101594812#3,101594812#0,101594843,101594815#0,-659283000#5,-659283000#3,-659283000#2,-659283000#1,-659283000#0,-282479127#2,-1197063689,-42762428#4,-42762428#3,-42762428#0,-697042776#1,42762429,1323419246,184568063,1323419245,16648700,1323419243,120511145,283490977#1,-173532317#3,-101786553#2,-101786553#1,-101787498",4.209984901087864,03be80a52ece208ea6b35b2bae7bca302c406c66d2072506aca0874660afaf84,2776.825276519832,34.992000000000004,8.805865962802224,20.016000000000005,0.2384170841050822,0.6041464183876133,0.0362614766003138,0.3595921050120728,0.7925174390910031,0.7202469730132176,1.0803704595198265,0.7202469730132176,0.3601234865066088,41.76957245609754,0.7202469730132176,0.3601234865066088,1.3045623001715976,11.523951568211482,0.0,0.6110742326173954,0.8307692307692307,0.75,1
297823019#4,-101787498,"297823019#4,297823017,372606529#1,372606529#2,372606529#3,372606529#4,372606529#5,372606529#6,372606529#7,372606529#8,1164659929,120512822,282479125#0,282479125#1,120511930,-42762428#0,-697042776#1,42762429,1323419246,184568063,1323419245,16648700,1323419243,120511145,283490977#1,-173532317#3,-101786553#2,-101786553#1,-101787498",4.27593243200808,fd0a98b12ee68e5728f9a5e9cd057ce1c92b900f1d7bf8d814baace3b0b7b996,2709.816492190491,32.05862068965518,6.203639878639184,20.016000000000005,0.1316079091203406,0.4128588776198677,0.147941096301428,0.4392000260787045,1.0093160218201267,0.738057357671217,1.476114715342434,0.738057357671217,0.3690286788356085,34.53537377208628,1.1070860365068256,0.3690286788356085,1.273081337161225,10.701831686232648,0.6136363636363636,0.465455876501411,0.6666666666666667,0.0833333333333333,2
297823019#4,-101787498,"297823019#4,297823017,-372606529#0,-101607965,101607964#1,101607969#0,101607969#1,100468681#4,100468681#5,100468681#6,100468681#7,100468681#8,282479126,133906980,133906979,282479125#0,282479125#1,120511930,-42762428#0,-697042776#1,42762429,1323419246,184568063,76867740,1323419243,120511145,283490977#1,-173532317#3,-101786553#2,-101786553#1,-101787498",4.333963621445698,dc0a05678f1eec6266867b9379102b00e7f70a00e6b2897151462dd7ba6dd6eb,2845.637736554881,36.4447741935484,9.511422321642817,20.016000000000005,0.2350858621443818,0.3101010564038551,0.2628841699300748,0.4270147736660701,1.0776707651360962,1.4056603019478744,2.108490452921812,1.054245226460906,0.3514150754869686,48.30390645150172,1.054245226460906,0.3514150754869686,1.3368906363844897,10.893867340096026,0.7142857142857143,0.5935500060837773,0.7704918032786885,0.5833333333333334,3
336863927#0,-101752975#1,"-336863927#0,-101609498#4,-101609498#3,101608828,-101607966#0,101607969#1,100468681#4,100468681#5,100468681#6,100468681#7,100468681#8,282479126,133906980,133906979,282479125#0,282479125#1,120511930,-42762428#0,-697042776#1,42762429,1323419246,184568063,76867740,1323419243,120511145,47374680#0,47374680#1,101415865#0,101415865#1,101415865#2,-173532317#1,-173532317#0,47374679#0,47374679#1,101754282#1,101754278#1,-101752975#2,-101752975#1",5.245922054927081,a6cf0b88c3bb503f80896164bdc120dd7c0bffa9202078ebcf98b172d6d2e529,3562.8255289163235,39.46926315789472,10.128284275300963,20.016000000000005,0.3513082321910956,0.2130582053278656,0.2479494004318344,0.5389923942402998,1.2508742676300877,1.122704428700063,1.96473275022511,0.8420283215250471,0.2806761071750157,43.64152181846504,1.4033805358750786,0.2806761071750157,1.5035293537296577,10.665692072650597,0.4166666666666666,0.466851374790644,0.8461538461538461,0.5833333333333334,0
336863927#0,-101752975#1,"-336863927#0,-101609498#4,-101608824,101607967#1,101607964#0,101607964#1,101607969#0,101607969#1,100468681#4,100468681#5,100468681#6,100468681#7,100468681#8,282479126,133906980,133906979,282479125#0,282479125#1,120511930,-42762428#0,-697042776#1,42762429,1323419246,184568063,1323419245,16648700,1323419243,120511145,283490977#1,-173532317#3,-173532317#2,-173532317#1,-101765339#6,416382004,336860320,101752975#1",4.643376126548532,c861ec894a8b8fd0982f20e2bea2249f31b39178427517037a671eb76d17f164,3288.1521076459235,38.328,10.008000000000004,20.016000000000005,0.4248712616308095,0.3402433217490452,0.313345764146367,0.3464109141045878,1.1732443541579254,0.6082443678166257,1.5206109195415642,0.6082443678166257,0.3041221839083128,44.06938955917234,1.5206109195415642,0.3041221839083128,1.4219240448608086,10.948398620699262,0.3913043478260869,0.4753442401177178,0.7192982456140351,0.6666666666666666,1
336863927#0,-101752975#1,"-336863927#0,-101609498#4,-101608824,-101607967#0,101607962,-101607966#1,-101607966#0,101607969#1,100468681#4,100468681#5,100468681#6,100468681#7,100468681#8,282479126,133906980,133906979,282479125#0,282479125#1,120511930,-42762428#0,-697042776#1,42762429,1323419246,184568063,1323419245,16648700,1323419243,120511145,283490977#1,-173532317#3,-173532317#2,-173532317#1,-173532317#0,47374679#0,101754278#0,101754278#1,-101752975#2,-101752975#1",4.268442106864343,de23d3a107240483ed849d37721df1d870fe3cc958be4e20ce44bcb3f27dab0a,3214.971560774359,41.04947368421052,10.085994803437314,20.016000000000005,0.5485385775576422,0.3479880846137579,0.3775442354794256,0.2744676799068165,1.2717218383621254,0.6220894842125071,1.2441789684250142,0.6220894842125071,0.3110447421062535,41.665934247666094,0.9331342263187606,0.3110447421062535,1.3567333212919244,11.819700200037635,0.0,0.4211270622146022,0.8095238095238095,0.5,2
336863927#0,-101752975#1,"336863927#0,-336863927#0,-101609498#4,-101609498#3,101608828,101607966#1,101607963,-659279347,101607969#0,101607969#1,100468681#4,100468681#5,100468681#6,100468681#7,100468681#8,282479126,133906980,133906979,282479125#0,282479125#1,120511930,-42762428#0,-697042776#1,42762429,1323419246,184568063,76867740,1323419243,120511145,283490977#1,-173532317#3,-173532317#2,-173532317#1,-173532317#0,47374679#0,101754278#0,101754278#1,-101752975#2,-101752975#1",4.653078538830939,05de0770177cc898dfcdc7eb2573bd51c409ad9441e9833d38b36d6745dad65e,3382.121653796865,40.76584615384614,10.10878804110162,20.016000000000005,0.4861280825674318,0.2609117467012747,0.3588853696726171,0.3802028836261082,1.3031911149473512,1.1826895686941028,1.7740343530411544,0.8870171765205772,0.2956723921735257,46.46144870559766,0.8870171765205772,0.2956723921735257,1.4504495847410783,11.531223294767504,0.3260869565217391,0.4016928573286513,0.7936507936507937,0.4166666666666667,3
336863927#3,-619184994,"-336863927#3,336863927#3,101609498#0,101609498#1,101609498#2,101609498#3,-101608824,-101607967#0,101607962,-101607966#1,-101607966#0,101607969#1,100468681#4,100468681#5,100468681#6,100468681#7,100468681#8,282479126,133906980,133906979,282479125#0,282479125#1,619184994",2.668226282593671,819801168684a4442d81bcffdacbb47a6dc83604d065e90c2939d75ffb9501dd,1939.6097414350156,38.69060869565219,10.145505954223957,20.016000000000005,0.3140086247273267,0.0,0.2894349925440335,0.7105650074559665,0.6016450084172236,0.0,1.0311352625607588,0.5155676312803794,0.0,63.57172305280479,1.0311352625607588,0.5155676312803794,2.494817726008001,11.858055519448726,0.4,0.4722748985601651,0.696969696969697,0.5833333333333334,0
336863927#3,-619184994,"-336863927#3,336863927#3,101609498#0,101609498#1,101609498#2,101608828,-101607966#0,101607969#1,100468681#4,100468681#5,100468681#6,100468681#7,100468681#8,282479126,133906980,133906979,282479125#0,282479125#1,619184994",2.152646703029664,a4d71391925ae3d34d457c15774dcd6729356d8dd7058cf53df28054558bd0ce,1630.7895474944398,39.46926315789474,10.267991347668223,20.016000000000005,0.345629313735914,0.0,0.3442448671032413,0.6557551328967587,0.6438110048610273,0.0,1.2263998153978963,0.6131999076989482,0.0,51.51825225148482,1.2263998153978963,0.6131999076989482,2.097598596028709,11.650798246280017,0.1999999999999999,0.3501780053562736,0.6071428571428572,0.25,1
336863927#3,-619184994,"-336863927#3,101608827,101609498#2,101608828,-101607966#0,101607969#1,100468681#4,100468681#5,100468681#6,100468681#7,100468681#8,282479126,133906980,133906979,282479125#0,282479125#1,619184994",1.5316182916651182,41beef267de096321136ddc12a8fd10bedd694f370074e481b9c22f4a9bd020c,1297.8045652562353,40.58470588235294,10.298147040637376,20.016000000000005,0.4343093615462198,0.0,0.4325696996910616,0.5674303003089382,0.6840257221788305,0.0,1.5410640812510357,0.7705320406255178,0.0,44.41500828510024,1.5410640812510357,0.7705320406255178,1.6692975731808275,13.099044690633804,0.0,0.3493030476330871,0.6875,0.1666666666666666,2
336863927#3,-619184994,"-336863927#3,-336863927#2,-336863927#1,-336863927#0,-101609498#4,-101609498#3,101608828,-101607966#0,101607969#1,100468681#4,100468681#5,100468681#6,100468681#7,100468681#8,282479126,133906980,133906979,282479125#0,282479125#1,619184994",2.2146114889440294,ef01fa064a92ffdedb0273ad0e4467194a0b60a9ee16d3e10a64149d71eef4c5,1677.054279231833,38.99520000000001,10.216522395249354,20.016000000000005,0.3360944717939491,0.0,0.3347482177545982,0.6652517822454017,0.6374903903482865,0.0,1.19256724410619,0.596283622053095,0.0,53.71703815815577,1.19256724410619,0.596283622053095,2.1571064807138307,11.9256724410619,0.3181818181818182,0.4684294776294231,0.75,0.5,3
336863934,100475365#1,"-336863934,-101594809#0,-101594836#0,-372606529#1,-372606529#0,-120512823#1,-120512823#0,-101609498#5,-101609498#4,-101609498#3,101608828,-101607966#0,101607969#1,-100468681#3,-101600741#4,101601553#0,101601553#1,100525438#1,100525438#2,659278038#0,659278038#1,659278038#2,659278038#3,100475365#0,100475365#1",3.349147045427243,5af9f3f0fe552d9ab3ee256093c6a4de3c583d58430fd8ad00e631e2882b3ad6,2156.1477987267376,35.59248,9.172483511023612,20.016000000000005,0.2266185783620621,0.0,0.026647175949308,0.973352824050692,0.1228868778206387,0.0,0.9275801970444943,0.4637900985222472,0.0,94.68461467860688,0.9275801970444943,0.4637900985222472,2.832090011299741,11.59475246305618,0.6571428571428571,0.537467212508558,0.7906976744186046,0.6666666666666666,0
336863934,100475365#1,"-336863934,336863934,101594812#2,-101594836#1,-101594836#0,-372606529#1,-372606529#0,-101607965,101607964#1,101607969#0,101607969#1,-100468681#3,-101600741#4,101601553#0,101601553#1,100525438#1,100525438#2,659278038#0,659278038#1,659278038#2,659278038#3,100475365#0,100475365#1",2.870995122310984,7867f9fe85c3b639078c7c6fb21b9c6373b1f78f56baa1a8036d598c4f05832a,1755.423309572019,32.59878260869566,6.892514035047022,20.016000000000005,0.0485656781458866,0.0,0.0327301394780911,0.9672698605219088,0.1441079348359987,0.0,1.1393263317710016,0.5696631658855008,0.0,86.20649881118536,1.1393263317710016,0.5696631658855008,2.305740276050399,13.10225281536652,0.3333333333333333,0.4320406121949491,0.7435897435897436,0.1666666666666666,1
336863934,100475365#1,"336863934,101594812#2,-101594836#1,-101594836#0,-372606529#1,-372606529#0,-101607965,101607964#1,101607969#0,101607969#1,100468681#4,100468681#5,100468681#6,100525438#0,100525438#1,100525438#2,659278038#0,659278038#1,659278038#2,659278038#3,100475365#0,100475365#1",2.5001406178021965,a79961f772d97af4207f7526e763b6437b75f9c700524f63c18ae2d2db35a7da,1581.4580573897124,34.53709090909092,8.585503457013436,20.016000000000005,0.1089603002000713,0.0,0.0913828035556396,0.9086171964443605,0.3057255055020943,0.0,1.2646557337733733,0.6323278668866866,0.0,76.05502095354818,1.2646557337733733,0.0,1.898717918216908,13.911213071507104,0.0,0.4366369277452611,0.736842105263158,0.25,2
336863934,100475365#1,"-336863934,-101594809#0,-101594836#0,372606529#2,372606529#3,372606529#4,372606529#5,372606529#6,372606529#7,372606529#8,1164659929,120512822,-133906979,-133906980,-282479126,-100468681#8,-100468681#7,100525438#0,100525438#1,100525438#2,659278038#0,659278038#1,659278038#2,659278038#3,100475365#0,100475365#1",2.8695206088194825,11655d4beaa69d43c83cb7b03b4f6c3430f342b0cc61aeee6968d70395dd76d1,1782.7722215412557,34.607076923076924,8.600253191263976,20.016000000000005,0.1097256948224262,0.0,0.1136779102943623,0.8863220897056376,0.3541364727534274,0.0,1.121848307839879,0.5609241539199395,0.0,80.08463697210975,0.5609241539199395,0.5609241539199395,2.3416629435288208,14.58402800191843,0.736842105263158,0.6808843937128479,0.8043478260869565,1.0,3
416405090,-1323419243,"416405090,-416405090,162276533#1,100488715#0,100488715#1,100488715#2,100488715#3,101418592,101418584#2,101418584#3,101418584#4,416373452,184568063,76867740,1323419243",3.597468562659045,01af2c04a3474ad079f4e8d1c404a4d6047d0efed4823f2d08398c35d0b6131e,2497.865687574091,36.66,9.766807930068923,20.016000000000005,0.5481874880773017,0.0892304875015376,0.0060732658912352,0.9046962466072273,0.3372362504216841,1.2010253453273454,2.001708908878909,0.8006835635515636,0.0,79.97664597936053,1.2010253453273454,0.4003417817757818,7.491831604106997,6.005126726636727,0.8823529411764706,0.6917585724416844,0.962962962962963,0.0909090909090909,0
416405090,-1323419243,"-416405090,162276533#1,162276533#2,-1323419243",1.1294576433885288,6498245e44c80b0ac4cc55ad7842fdb8db0179da41ffe67d6f3a0078a356d4ef,986.5254513077842,45.0,10.008000000000004,20.016000000000005,0.9911743801854286,0.0088256198145714,0.3718603316400832,0.6193140485453452,0.7063438714696871,1.0136585920559409,2.0273171841118813,0.0,0.0,46.425567606995536,2.0273171841118813,0.0,1.2371215376272546,4.054634368223763,0.0,0.8156372549019608,0.9285714285714286,0.9090909090909092,1
416405090,-1323419243,"-416405090,-162276533#0,-282689985#1,-282689985#0,-282690000,-120511144#4,101752970#0,101752970#1,101752970#2,-120511144#0,-283490977#1,-283490977#0,-1323419243",2.415850962415204,37c66c635e2920b728d6e96d6505c091b93f8076c1e35cdfac86b2876e141e6b,1904.2635319953583,40.76584615384616,10.385792425602023,20.016000000000005,0.7337354697801662,0.2676311536584893,0.0575961492937638,0.6747726970477468,0.7826151470708745,0.5251373999438842,2.625686999719421,1.0502747998877684,0.0,87.36548716885753,2.625686999719421,1.0502747998877684,2.387982414064066,6.826786199270494,0.8666666666666667,0.7428750477452166,0.9736842105263158,0.5909090909090909,2
416405090,-1323419243,"416405090,-416405090,-162276533#0,-282689985#1,-282689985#0,-282690000,-120511144#4,101752970#0,101752970#1,101752970#2,-120511144#0,-283490977#1,-283490977#0,-1323419243",3.1404489945726315,31c92a4126774dbf381ceb8a111f4f5e90d1b9318cc5f0bd37d9bb66e5472a5d,2515.2326032378064,41.425714285714285,10.279268661718122,20.016000000000005,0.798413143138807,0.2026215171040873,0.0436056079037335,0.7537728749921789,0.673130320102607,0.3975775436087783,1.987887718043892,0.7951550872175566,0.0,95.32844123008375,1.987887718043892,0.7951550872175566,7.431541196613098,5.566085610522896,0.875,0.7292927478008748,0.96875,0.4090909090909091,3
416409192#0,-416409191#0,"416409192#0,416409192#1,416409192#2,416409192#3,416409192#4,416409192#5,416409192#6,416409192#7,-416409190,-416409191#1,-416409191#0",0.7124910007199423,f1799b576b3f2e706dbadb69a21c03501472fa55e9e10b2ff65f657e03de6a91,1051.5990134322697,50.00400000000001,7.452235082682191e-15,0.0,1.0,0.0,0.0,1.0,-0.0,0.0,0.0,0.0,0.0,29.11835352711643,0.0,0.0,1.3314878572317908,10.460260859410246,0.0,0.2988400488400488,0.4285714285714286,0.75,1
416409192#0,-416409191#0,"-416409192#0,416409192#0,416409192#1,416409192#2,416409192#3,416409192#4,416409192#5,416409192#6,416409192#7,416409192#8,416409191#0",0.8918406527477801,02aa654dfdcae0639001cb2d35b81939933840befa3b4c75c765feb801aa9722,1204.2007377056077,50.00400000000001,7.452235082682191e-15,0.0,1.0,0.0,0.0,1.0,-0.0,0.0,0.0,0.0,0.0,54.50714126435565,0.0,0.0,2.413464595215576,9.134689637342824,0.4285714285714286,0.2922077922077922,0.4285714285714286,0.5,3
416409192#0,101606547#1,"416409192#0,416409192#1,416409192#2,416409192#3,416409192#4,416409192#5,416409192#6,416409192#7,-416409190,-416409191#1,-416409191#0,-162276631,162276528,1323419242#0,1323419242#1,162276533#0,162276533#1,100488715#0,100488715#1,100488715#2,100488715#3,100488715#4,120829754,-101605951#4,-101605951#3,-101605951#2,-101606546,101606547#1",3.953891019085472,e9ee6060f2a66cf1ebf89915d111e94bad4281c439330682d9390a48a793ca37,2670.2421437645226,45.71485714285713,11.364292348027158,59.97600000000001,0.7234971405669665,0.0,0.0999152113112203,0.8331267854329097,0.5632851856304989,0.0,1.4979914871543365,0.7489957435771681,0.0,62.26808734935896,1.1234936153657522,0.7489957435771681,1.839683213942968,10.485940410080351,0.3870967741935484,0.4270670051711983,0.6862745098039216,0.5833333333333334,0
416409192#0,101606547#1,"416409192#0,416409192#1,416409192#2,416409192#3,416409192#4,416409192#5,416409192#6,416409192#7,416409192#8,-162276631,162276528,1323419242#0,1323419242#1,162276533#0,162276533#1,100488715#0,100488715#1,100488715#2,101605951#0,101605951#1,-101606546,101606547#1",2.27598884817417,479b3b9b4c9c08d470a719f0a0af62af9879c70a3b9bbbd8c61aa3a1cf204e02,1967.3775444950156,48.18272727272728,8.530467559238522,39.99600000000001,0.8183423957566257,0.0,0.135610884038447,0.864389115961553,0.3969152540157434,0.0,1.0165816955653817,0.5082908477826908,0.0,51.407235806267245,0.5082908477826908,0.5082908477826908,1.3554394130688203,11.1823986512192,0.0,0.3342463120505943,0.5476190476190477,0.1666666666666666,1
416409192#0,101606547#1,"416409192#0,416409192#1,416409192#2,416409192#3,416409192#4,416409192#5,416409192#6,416409192#7,416409192#8,-162276631,162276528,1323419242#0,1323419242#1,162276533#0,162276533#1,100488715#0,100488715#1,100488715#2,100488715#3,100488715#4,120829754,-101605951#4,-101605951#3,-101605951#2,-101606546,101606547#1",3.694291787024037,03422f513887db43d77a48d5ec9408e4e7862280cf09ccde504a43a15a36114f,2424.7744584869665,45.38492307692307,11.742825952633645,59.97600000000001,0.6955058704345665,0.0,0.1100299481927227,0.8162336754072587,0.6008262260175239,0.0,1.6496379636463003,0.8248189818231502,0.0,61.61557953215504,1.2372284727347254,0.8248189818231502,1.6705664238327227,10.722646763700952,0.2857142857142857,0.4081040928440817,0.6458333333333333,0.5,2
416409192#0,101606547#1,"416409192#0,416409192#1,416409192#2,416409192#3,416409192#4,416409192#5,416409192#6,416409192#7,416409192#8,-162276631,162276528,1323419242#0,1323419242#1,-282689985#1,-282689985#0,-282690000,-120511144#4,101752970#0,101752970#1,101752970#2,-120511144#0,-283490977#1,-283490977#0,-162276533#2,100488715#0,100488715#1,100488715#2,101605951#0,101605951#1,-101606546,101606547#1",4.135264336627291,a839679fb3e47b3626269b5b438bb3558faa1fa8929d34fdb803ac7b8abdbdde,3369.11808984257,45.48309677419355,9.951091904425496,39.99600000000001,0.7460106162066801,0.1486838792850011,0.1465157423194339,0.7048003783955649,0.8113507401582675,0.0,2.077695056490908,1.1872543179948047,0.0,67.19634835575438,1.7808814769922072,0.5936271589974024,2.321179002491826,9.201220964459736,0.3939393939393939,0.4621184233102646,0.679245283018868,0.6666666666666666,3
416409192#5,101606547#1,"416409192#5,416409192#6,416409192#7,-416409190,-416409191#1,-416409191#0,-162276631,162276528,1323419242#0,1323419242#1,162276533#0,162276533#1,100488715#0,100488715#1,100488715#2,100488715#3,100488715#4,120829754,-101605951#4,-101605951#3,-101605951#2,-101606546,101606547#1",3.7363484224932,b4214c2f9c74bb56643312ee55e6fae3eb284502c40260ffcd24e8219044ee72,2430.2236396941103,44.782434782608696,12.38582877847277,59.97600000000001,0.6961886239315751,0.0,0.1097832329867138,0.8166457263749644,0.5999337542839911,0.0,1.6459390546062975,0.8229695273031489,0.0,71.0869944610813,1.2344542909547234,0.8229695273031489,1.9946805829909475,9.464149563986211,0.4615384615384615,0.4711668494980433,0.717948717948718,0.5833333333333334,0
416409192#5,101606547#1,"416409192#5,416409192#6,416409192#7,416409192#8,-162276631,162276528,1323419242#0,1323419242#1,162276533#0,162276533#1,100488715#0,100488715#1,100488715#2,101605951#0,101605951#1,-101606546,101606547#1",2.058446251581897,f8b933a1a2094b376df796f3774ee6cfecdad34f3f24ea33f79e8c879f6f64e7,1727.3590404246036,47.64705882352942,9.704004485717409,39.99600000000001,0.7931008649554832,0.0,0.1544541706747755,0.8455458293252245,0.4303581190621633,0.0,1.1578368788392588,0.5789184394196294,0.0,58.47608692131657,0.5789184394196294,0.5789184394196294,1.417782907511556,9.8416134701337,0.0,0.4143834640971934,0.6470588235294117,0.0833333333333333,1
416409192#5,101606547#1,"416409192#5,416409192#6,416409192#7,416409192#8,-162276631,162276528,1323419242#0,1323419242#1,162276533#0,162276533#1,100488715#0,100488715#1,100488715#2,100488715#3,100488715#4,120829754,-101605951#4,-101605951#3,-101605951#2,-101606546,101606547#1",3.4767491904317644,ab498605b0bbd061d250687abd245a192d3d35a30e9d8639b3e6b153f7e5c4da,2184.7559544165542,44.28514285714287,12.874917142590531,59.97600000000001,0.6620539760347478,0.0,0.1221178994875916,0.7960450047971143,0.6432034289925992,0.0,1.8308681076775972,0.9154340538387988,0.0,71.06233346477121,1.373151080758198,0.9154340538387988,1.7932054522344614,9.612057565307389,0.3478260869565217,0.4626851249744946,0.717948717948718,0.4166666666666667,2
416409192#5,101606547#1,"416409192#5,416409192#6,416409192#7,-416409190,-416409191#1,-416409191#0,-162276631,162276528,1323419242#0,1323419242#1,162276533#0,162276533#1,162276533#2,-1323419243,-16648700,42762427,659281081#0,659281081#1,100525445,-416373452,-101418584#4,-101418584#3,-101418584#2,-101418592,-100488715#3,101605951#0,101605951#1,-101606546,101606547#1",3.56155093477987,fde6053f753f197d901320e3f125dbef2346e9e97eea62c1ce91b940ed28db4a,2883.069679938082,43.79089655172413,10.833357843599911,39.99600000000001,0.7281501032764255,0.1346405908338775,0.214520409049949,0.6508390001161735,0.8797269461191257,0.693705051222679,1.0405575768340185,0.3468525256113395,0.0,85.77761118498802,0.693705051222679,0.3468525256113395,2.3663678585178545,10.058723242728846,0.6060606060606061,0.5674753487904346,0.7708333333333334,0.75,3
463830226#1,464265154,"463830226#1,-679068326#3,-679068326#2,-101415864#1,101416507,101416508#2,-679068326#0,101749453,224715836,224715833,282689986,-352797377,-120511301,120509990,120509991,282689983#0,101418595,526439431#1,42762429,1323419246,-416373452,101418587,464265154",4.204106826315838,e7b42eaffabbee5f2161affa22ac7f92b964616fcdd138769d2cbec815ae4aec,2704.668298470934,37.82034782608697,9.988201761026476,20.016000000000005,0.2040330738031935,0.1479465307618834,0.0,0.8520534692381165,0.4191305390911727,1.4789244219934004,0.7394622109967002,0.3697311054983501,0.3697311054983501,96.51326808218762,0.7394622109967002,0.0,6.523650107384256,8.503815426462053,0.6551724137931034,0.6651223722922239,0.8611111111111112,0.3333333333333333,0
463830226#1,464265154,"463830226#1,101411570,282689981#1,-120511301,120509990,120509991,282689983#0,282689983#1,71324342,416428068,-697042776#1,42762429,1323419246,-416373452,101418587,464265154",1.9555224537619225,ecc6ef95fca11a1ef54786c519d40053e0aa7fa8d8a31e21897d777fc1ec6caf,1545.5952404447653,42.498000000000005,10.008000000000004,20.016000000000005,0.4567207724028574,0.2266698890926572,0.0,0.7733301109073428,0.5352211153548245,2.5879996879706666,1.2939998439853333,0.6469999219926666,0.6469999219926666,105.53006800990651,1.2939998439853333,0.0,3.727970103395082,10.351998751882666,0.0,0.6675761638381013,0.8205128205128205,0.4166666666666667,1
463830226#1,464265154,"463830226#1,101411570,282689981#1,-120511301,120509990,71324347#0,71324347#1,71324347#2,71324347#3,101418583,526438862#2,1200809292,868087112,526439431#0,526439431#1,42762429,1323419246,-416373452,101418587,464265154",3.0017237001600727,a3a3b72e1f54c2efb5bae38647a7afc3a0136a5c261b6781edfd1aa0a0181359,1780.911225645437,31.9986,11.96335318422583,39.99600000000001,0.258681203798672,0.319388432924867,0.0,0.533456206407546,0.981734285526886,2.2460412076690246,1.6845309057517683,1.1230206038345123,0.5615103019172561,114.30834286501128,1.6845309057517683,0.5615103019172561,4.2955514045814285,11.230206038345122,0.6153846153846154,0.7210443298163427,0.8636363636363636,0.5,2
463830226#1,464265154,"463830226#1,101411570,282689981#1,-120511301,120509990,120509991,282689983#0,282689983#1,71324342,416428068,-697042776#1,42762429,1323419246,-100525445,526438862#0,526438862#1,526438862#2,101418589,625955757,71324347#2,71324347#3,71324347#4,71324347#5,47374666,659281081#0,1323419244,1323419245,16648700,1323419243,-162276533#2,100488715#0,100488715#1,100488715#2,100488715#3,101418592,101418584#2,101418584#3,101418584#4,101418587,464265154",5.8809306292141486,bae2605cfe0cf883d6c1ae15e6982440dd338d0bc7d87ea98745f02c84be3913,3543.125604954927,33.246900000000004,11.63309863211928,39.99600000000001,0.295494922333771,0.213945195683996,0.0992568478299652,0.5633991773115735,1.1406500447541503,2.8223667786474684,2.5401301007827217,1.4111833893237342,0.2822366778647468,127.81991187915526,2.5401301007827217,0.5644733557294936,8.546006083743253,11.289467114589874,0.6341463414634146,0.8063552300607825,0.90625,0.9166666666666666,3
47374680#2,-372606529#4,"47374680#2,-47374680#2,-47374680#1,-47374680#0,-283490977#0,-1323419243,-16648700,42762427,659281081#0,659281081#1,100525445,-416373452,101418587,464265154,120511142#1,75421017,619185406,619184994,1164659927#1,1164659928,-372606529#8,-372606529#7,-372606529#6,-372606529#5,-372606529#4",2.8961572966119493,cb867e33c7e35c602c37613134ff725475d9f6d55075723954b4baddc4fcf082,1867.320755239865,32.389920000000004,6.63855618037537,20.016000000000005,0.1246809982823755,0.2788881590637064,0.0,0.7211118409362933,0.5919001579337945,3.213159808331523,1.071053269443841,0.5355266347219205,0.0,54.2313377232787,1.071053269443841,0.5355266347219205,1.7686617956118202,13.388165868048011,0.8636363636363636,0.6376013295864607,0.8636363636363636,0.5,0
47374680#2,-372606529#4,"-47374680#2,47374680#2,47374680#3,47374680#4,47374680#5,47374680#6,47374680#7,47374680#8,-101411571#0,120509990,120509991,282689983#0,101418595,526439431#1,697042776#0,697042776#2,42762428#1,42762428#4,1197063689,282479127#0,101611060,-372606529#7,-372606529#6,-372606529#5,-372606529#4",2.087451640123292,e3573ea74fb8a595473309df10439cc234d7dc1685669428db936d1ddd86b712,1425.4789940635642,33.190560000000005,7.489301425366723,20.016000000000005,0.1439843447624365,0.269556422962928,0.0,0.7304435770370719,0.582817149082318,1.403037160371384,1.403037160371384,0.701518580185692,0.701518580185692,40.2782078204295,1.403037160371384,0.701518580185692,1.4016118948817764,17.5379645046423,0.0,0.7147223136690986,0.875,0.9166666666666666,1
47374680#2,-372606529#4,"47374680#2,47374680#3,47374665#0,47374666,659281081#0,659281081#1,526438862#0,526438862#1,526438862#2,1200809292,868087112,526439431#0,526439431#1,623959719,619185406,619184994,1164659927#1,1164659928,-372606529#8,-372606529#7,-372606529#6,-372606529#5,-372606529#4",2.9011084289831044,69243c64355ce31cc62c0535b6c437a470a2a570524c75750dd4a1415da1c1f0,1407.8611928275857,28.68573913043479,4.570835742334131,19.98,0.0,0.3361808766477185,0.0,0.4908243052406777,1.019295543422703,1.4205945942604945,2.1308918913907418,1.4205945942604945,0.7102972971302473,36.420871642695474,2.1308918913907418,1.4205945942604945,1.3334775497414648,16.336837833995688,0.8292682926829268,0.6058464879336308,0.8292682926829268,0.4166666666666667,2
47374680#2,-372606529#4,"-47374680#2,47374680#2,47374680#3,47374665#0,47374666,659281081#0,659281081#1,100525445,-416373452,101418587,464265154,120511142#1,75421017,619185406,120511930,42762428#1,42762428#4,1197063689,282479127#0,101611060,-372606529#7,-372606529#6,-372606529#5,-372606529#4",3.3850941471004443,546dae920e241e8f619567cef29ae59c3c0ec1a7d8448bed453a82d21fe23dd1,1715.8084000355384,30.408,7.505615567258842,39.99600000000001,0.058412100783768,0.2407026564284342,0.0501165505751593,0.567234471382321,1.0915608310506209,3.4968939421649443,3.4968939421649443,1.7484469710824722,0.0,58.2262171721028,3.4968939421649443,1.7484469710824722,1.6870802536151874,13.987575768659775,0.6756756756756757,0.5746897638080326,0.813953488372093,0.1666666666666666,3
526438862#0,-100468681#0,"526438862#0,526438862#1,526438862#2,1200809292,868087112,526439431#0,526439431#1,623959719,-282689984#1,-282689984#0,-134065887,100475363,282479151#1,100475362,-659278038#3,-659278038#2,-659278038#1,-659278038#0,-100525438#2,-100525438#1,-101601553#1,-101601553#0,101600741#4,-100468681#2,-100468681#1,-100468681#0",2.831972342572738,77d019d857de0d25209d28bf1e0cf017688f107a0256b95a2fcd8e73cb5dab10,2078.8065202991806,36.91661538461539,9.711053113136282,20.016000000000005,0.4080247067473992,0.1509155922135027,0.3015648740117431,0.547519533774754,0.97669586419166,0.4810452489133431,0.9620904978266862,0.4810452489133431,0.4810452489133431,53.23834325886276,0.9620904978266862,0.4810452489133431,1.6750021440914262,12.50717647174692,0.7727272727272727,0.6812719235381636,0.8909090909090909,0.8333333333333334,0
526438862#0,-100468681#0,"526438862#0,526438862#1,526438862#2,1200809292,868087112,526439431#0,526439431#1,697042776#0,697042776#2,42762428#1,42762428#4,1197063689,1164653914,1164659927#1,1164659926,120512822,-133906979,-133906980,-282479126,-100468681#8,-100468681#7,-100468681#6,-100468681#5,-100468681#4,-100468681#3,-100468681#2,-100468681#1,-100468681#0",2.3416848812959308,99267bde2bc5447e22942d858d7c907561da6706546ffc393d2412d94b1a856f,1834.4737520528088,37.85142857142858,9.954906787251057,20.016000000000005,0.5433090514652893,0.2910688950973752,0.562303040130976,0.1466280647716488,0.9644665719436408,0.5451154582511645,1.090230916502329,0.5451154582511645,0.5451154582511645,42.98441380468952,0.5451154582511645,0.5451154582511645,1.4781305705764625,15.263232831032608,0.0,0.5417372888199058,0.896551724137931,0.5,1
526438862#0,-100468681#0,"526438862#0,526438862#1,526438862#2,1200809292,868087112,526439431#0,526439431#1,623959719,619185406,619184994,1164659927#1,1164659926,120512822,-133906979,-133906980,-282479126,-100468681#8,-100468681#7,100525438#0,-101601553#1,-101601553#0,101600741#4,-100468681#2,-100468681#1,-100468681#0",2.976608771658411,eecffcee14872af60e387c04870076d49af0c9a9be3eb07956d1ebd1ae9175b8,2093.7472591351843,35.59248,9.172483511023612,20.016000000000005,0.3795648543266504,0.1498386759621716,0.3962067739766768,0.4539545500611516,1.0097532885263203,0.4776125655266752,1.910450262106701,0.9552251310533504,0.4776125655266752,50.66975974588876,1.4328376965800258,0.9552251310533504,1.687040671650506,11.94031413816688,0.4857142857142857,0.4757335846374171,0.8269230769230769,0.1666666666666666,2
526438862#0,-100468681#0,"526438862#0,526438862#1,526438862#2,101418589,625955757,71324347#2,71324347#3,71324347#4,71324347#5,47374666,659281081#0,659281081#1,100525445,-416373452,101418587,464265154,120511142#1,75421017,619185406,619184994,1164659927#1,1164659926,120512822,-133906979,-133906980,-282479126,-100468681#8,-100468681#7,-100468681#6,-100468681#5,-100468681#4,-100468681#3,-100468681#2,-100468681#1,-100468681#0",4.468508813835731,dd2194f1b0ac0f43c51cb72f92b9e1955dd1cc52a65d138be4e06d9f8e2de828,2664.053941374444,34.85622857142857,12.918796518082878,39.99600000000001,0.411744728707848,0.1019353138905921,0.3872031837642085,0.3467441895074359,1.263990248101458,2.627574423807855,1.5014710993187743,0.7507355496593873,0.0,69.92334437886147,1.1261033244890808,0.3753677748296936,2.146566320724834,13.137872119039276,0.6,0.6055588358355157,0.8909090909090909,0.6666666666666666,3
526438862#0,120829754,"526438862#0,526438862#1,526438862#2,1200809292,868087112,526439431#0,526439431#1,42762429,1323419246,-416373452,-101418584#4,-101418584#3,-101418584#2,-101418592,-100488715#3,101605951#0,101605951#1,101605951#2,101605951#3,101605951#4,-120829754",2.1032113781437705,99aabb30efa92ec83ec6c0c257d4351b974fd91844ad5e24040018cf01e37b44,1622.9260113770094,35.70857142857143,11.217081851227748,39.99600000000001,0.3009164857759406,0.4006294317706927,0.0,0.489202833592752,0.9592350270594804,0.6161710349022792,1.2323420698045584,1.2323420698045584,0.6161710349022792,93.50794050433284,1.2323420698045584,0.0,6.738283229412145,12.939591732947862,0.3913043478260869,0.7547202196038576,0.925,0.9166666666666666,0
526438862#0,120829754,"526438862#0,526438862#1,526438862#2,1200809292,868087112,526439431#0,526439431#1,42762429,1323419246,-416373452,101418587,464265154,120511142#1,75421017,-282689984#1,-282689984#0,-134065887,100475363,282479151#1,282479151#2,282479151#3,282479151#4,100488713,-100488715#7,-100488715#6,-100488715#5,120829754",2.4281625105045617,a61aa27a50d52a632ecae6ba22f7ef2337047056faa6b55fd33f570c24031f70,1771.1181183676383,37.40266666666667,11.303261285678031,39.99600000000001,0.1899312904135758,0.3671081668698084,0.0,0.5319419979374195,0.9351427510481196,2.8230754053875757,1.12923016215503,1.12923016215503,0.564615081077515,109.90371203262376,1.12923016215503,0.0,4.421921785565964,15.244607189092909,0.65625,0.6496413397104003,0.9111111111111112,0.125,1
526438862#0,120829754,"526438862#0,526438862#1,526438862#2,1200809292,868087112,526439431#0,526439431#1,42762429,1323419246,-416373452,-101418584#4,-101418584#3,-101418584#2,-101418592,100488715#4,120829754",1.4054234220686113,078770596d4fce3423710594d26c698c488c2a0317bef22d44c3a3db837c63cb,1091.7685834229464,31.24125,8.851932907563185,39.99600000000001,0.1210791131625622,0.5955400582285912,0.0,0.2406943921202318,0.9477681484840732,0.9159450227673426,1.8318900455346847,1.8318900455346847,0.9159450227673426,91.26737941220046,1.8318900455346847,0.9159450227673426,2.7258008564013285,14.65512036427748,0.0,0.6602007609810651,0.8484848484848485,0.25,2
526438862#0,120829754,"526438862#0,526438862#1,526438862#2,101418589,625955757,71324347#2,71324347#3,71324347#4,71324347#5,-47374665#1,-47374680#3,-47374680#2,-47374680#1,-47374680#0,-283490977#0,-1323419243,-16648700,42762427,659281081#0,659281081#1,100525445,-416373452,-101418584#4,-101418584#3,-101418584#2,-101418592,100488715#4,120829754",4.075893859675212,d591b75aa2cf331d9a2564a30050e58da32148db0e2545bb50ae0a9e0b7d79d2,2002.13588217825,27.85371428571429,10.661353867390122,39.99600000000001,0.1322516702810971,0.3160440484002051,0.0,0.3417397272282459,1.0979335077089956,1.498399797288539,2.4973329954808983,1.498399797288539,0.0,106.0924039198853,2.4973329954808983,0.9989331981923594,4.998700077229755,13.985064774693033,0.7058823529411764,0.7663667917169917,0.9111111111111112,1.0,3
526438862#1,-101752975#1,"526438862#1,526438862#2,1200809292,868087112,526439431#0,526439431#1,42762429,1323419246,184568063,1323419245,16648700,1323419243,120511145,47374680#0,47374680#1,101415865#0,101415865#1,101415865#2,-173532317#1,-101765339#6,416382004,336860320,101752975#1",3.9751842997818274,22c931f4ef9c371e8e0b34e57cafa4a4ce0d5aff4bb34b25eabedbcb42300413,2567.661322845785,34.339304347826086,8.441571215418387,20.016000000000005,0.2353897097709739,0.4832891960676477,0.010121622115163,0.5065891818171893,0.8426281277623369,0.3894594630150373,1.5578378520601492,0.7789189260300746,0.3894594630150373,86.57313390119157,1.5578378520601492,0.3894594630150373,2.368107979819846,8.957567649345858,0.3076923076923077,0.6940088138224545,0.9,0.8333333333333334,0
526438862#1,-101752975#1,"526438862#1,526438862#2,1200809292,868087112,526439431#0,526439431#1,42762429,1323419246,184568063,1323419245,16648700,1323419243,120511145,283490977#1,-173532317#3,-173532317#2,-173532317#1,-101765339#6,416382004,336860320,101752975#1",3.078922368083302,5afbd11706d57a86397a78069533a2ae37625e2d185d8f551c674764585b584f,2235.521499753289,37.61314285714286,9.96022884418684,20.016000000000005,0.485213591780554,0.6102688038579905,0.1713010612216514,0.2184301349203579,1.0213665179102898,0.4473229177667759,1.3419687533003275,0.8946458355335518,0.4473229177667759,86.1745448935766,1.3419687533003275,0.4473229177667759,2.0617813788452466,9.393781273102295,0.0,0.6240886130315413,0.9607843137254902,0.5,1
526438862#1,-101752975#1,"526438862#1,526438862#2,101418589,625955757,71324347#2,71324347#3,71324347#4,71324347#5,47374666,-42762427,16648700,1323419243,120511145,283490977#1,-173532317#3,-173532317#2,-173532317#1,-173532317#0,47374679#0,47374679#1,101754282#1,101754278#1,-101752975#2,-101752975#1",3.2187031752375987,4dc1cecf2197a02e67e3526ae88fc56254ca7abe5572cdd536301bf4df54a259,1945.0323047961988,36.2535,14.979888003876924,39.99600000000001,0.6006612979963998,0.3061392853065608,0.3048676520331199,0.1642063724675113,1.3567048655506944,1.542390834641865,2.0565211128558203,1.542390834641865,0.0,64.56125833585313,2.0565211128558203,0.5141302782139551,1.7113437862758958,12.339126677134924,0.75,0.621594155320897,0.8536585365853658,0.4166666666666667,2
526438862#1,-101752975#1,"526438862#1,526438862#2,101418589,625955757,71324347#2,71324347#3,71324347#4,71324347#5,-47374665#1,-47374680#3,-47374680#2,101415865#0,101415865#1,101415865#2,-173532317#1,-173532317#0,47374679#0,47374679#1,101754282#1,101754278#1,-101752975#2,-101752975#1",3.8519995215223823,604d9373b70e4f5a7ffbc4aa196d41d253ff5f105e6860a03f199c0165decd73,1792.95499174687,32.72890909090909,14.8567918824678,39.99600000000001,0.3097712022270953,0.061854753812779,0.1316369486775797,0.5240866514267458,1.4706748725286884,0.5577384845704929,2.230953938281972,1.1154769691409858,0.0,64.65040765947916,2.230953938281972,0.0,1.577538006249135,12.270246660550844,0.925,0.6128790928861055,0.925,0.3333333333333333,3
526438862#2,-100468681#1,"526438862#2,1200809292,868087112,526439431#0,526439431#1,623959719,-282689984#1,-282689984#0,-134065887,100475363,282479151#1,100475362,-659278038#3,-659278038#2,-659278038#1,-659278038#0,-100525438#2,-100525438#1,-101601553#1,-101601553#0,101600741#4,-100468681#2,-100468681#1",2.137362158686369,0ef3863d1e39e0e8f6c115ac2cf7f8b6f82755ae85a3863f348b15f7b86cf357,1902.92421570887,36.95008695652175,9.747486827210404,20.016000000000005,0.3960807215673703,0.1220935836454452,0.2797810851373399,0.5981253312172147,0.9205388620361636,0.5255070021942434,1.0510140043884868,0.5255070021942434,0.5255070021942434,49.90505185032677,1.0510140043884868,0.5255070021942434,1.6215133779903304,12.086661050467598,0.8292682926829268,0.7411106753608453,0.8333333333333334,1.0,0
526438862#2,-100468681#1,"526438862#2,1200809292,868087112,526439431#0,526439431#1,623959719,619185406,619184994,1164659927#1,1164659928,1164659929,120512822,-133906979,-133906980,-282479126,-100468681#8,-100468681#7,-100468681#6,-100468681#5,-100468681#4,-100468681#3,-100468681#2,-100468681#1",1.8066585309429743,ceb351ec0b7941e387dae0a14cdca62903d1b0b45f5c55bfffeb226a995c1d84,1739.0375024480031,38.69060869565218,10.145505954223957,20.016000000000005,0.5187889096768309,0.1335996702627412,0.5388252651924202,0.3275750645448384,0.9677001272530186,0.5750307273950809,1.1500614547901618,0.5750307273950809,0.5750307273950809,41.94622461441296,0.5750307273950809,0.5750307273950809,1.481862783482358,13.22570673008686,0.4,0.4171735304541105,0.7894736842105263,0.1666666666666666,1
526438862#2,-100468681#1,"526438862#2,1200809292,868087112,526439431#0,526439431#1,697042776#0,697042776#2,42762428#1,42762428#4,1197063689,1164653914,1164659927#1,1164659926,120512822,-133906979,-133906980,-282479126,-100468681#8,-100468681#7,-100468681#6,-100468681#5,-100468681#4,-100468681#3,-100468681#2,-100468681#1",1.6470746974095616,5e2823d3e2602cc586aa4de0f8bcaee2c695efe6f9051513c324f4799688c3d9,1658.591447462498,37.9944,10.008000000000004,20.016000000000005,0.5439515386157313,0.2728633194032748,0.5649597101623163,0.1621769704344088,0.9719938637055396,0.6029212326699948,1.2058424653399895,0.6029212326699948,0.6029212326699948,39.065740826488494,0.6029212326699948,0.6029212326699948,1.413313361866558,15.073030816749869,0.0,0.4355671153236458,0.8292682926829268,0.4166666666666667,2
526438862#2,-100468681#1,"526438862#2,1200809292,868087112,526439431#0,526439431#1,42762429,-120511142#2,75421017,619185406,619184994,1164659927#1,1164659926,120512822,-133906979,-133906980,-282479126,-100468681#8,-100468681#7,100525438#0,-101601553#1,-101601553#0,101600741#4,-100468681#2,-100468681#1",2.6914823812894486,0a0746310a9124fa763de7488cabc7a3d2659cee30986b41a5f5dd9df58b6cdb,2152.4931878932093,34.992,8.853594583189265,20.016000000000005,0.325306511056678,0.1871281373006503,0.3414942387809617,0.471377623918388,1.035050463112435,0.4645775446001609,1.858310178400644,0.929155089200322,0.4645775446001609,51.12545483035744,1.3937326338004827,0.4645775446001609,1.834175250590156,11.149861070403862,0.5588235294117647,0.4962143674974926,0.8333333333333334,0.6666666666666666,3
526438862#2,-1323419243,"526438862#2,101418589,625955757,71324347#2,71324347#3,71324347#4,71324347#5,-47374665#1,-47374680#3,-47374680#2,101415865#0,-101749458#1,-101749458#0,-47374680#0,-283490977#0,-1323419243",3.038274146563184,035786aa69f31597596760e060d721723c1242f6dcd5e12de29139f19104757d,1208.5230771873626,27.50175,13.412387505586024,39.99600000000001,0.231143107994698,0.1422415062961775,0.0,0.4387600404014775,1.0033369175245892,1.654912543875181,2.482368815812772,0.8274562719375905,0.0,90.67545033247336,2.482368815812772,0.0,2.7302308286435646,13.239300351001448,0.9615384615384616,0.7508037280749928,0.9615384615384616,0.6666666666666666,0
526438862#2,-1323419243,"526438862#2,1200809292,868087112,526439431#0,526439431#1,42762429,1323419246,184568063,1323419245,16648700,1323419243",1.778571428571429,6ecd8250324cccbec8e288c16c505fa06fc1d9468cdbafc218c4aae5d24624bd,1028.0247458260292,29.988,0.0,0.0,0.0,1.0,0.0,0.0,-0.0,0.0,0.0,0.0,0.9727392303154035,136.3585192582519,0.0,0.0,2.2817778634015147,10.700131533469438,0.0,0.7762503129604267,0.9615384615384616,0.75,1
526438862#2,-1323419243,"526438862#2,101418589,625955757,71324347#2,71324347#3,71324347#4,71324347#5,47374666,659281081#0,1323419244,1323419245,16648700,1323419243",2.066847818263996,53ba240bc1d7d625df61f2c62cb3e2a6798b90054f6ccb608469d1d453bbb0fa,822.0976298955636,23.078769230769232,7.500097845515597,19.98,0.0,0.3969179657969694,0.0,0.0712505847330095,0.8907881476188365,4.865602155437604,4.865602155437604,2.432801077718802,0.0,74.94889233439079,4.865602155437604,1.216400538859401,1.8247072174739207,15.813207005172217,0.8,0.603323288597842,0.9666666666666668,0.1666666666666666,2
526438862#2,-1323419243,"526438862#2,101418589,625955757,71324347#2,71324347#3,71324347#4,71324347#5,47374666,659281081#0,659281081#1,100525445,184568063,76867740,1323419243",2.7768518198646364,6042d735d8f1bdbb2463748149b1bc4982d7b7e421ee9ea48ff63862bad7c6d3,1183.0013147130144,23.57228571428572,7.438699549586002,19.98,0.0,0.3491606158059334,0.0,0.2812562157938764,1.09204089765922,5.071845589161959,5.071845589161959,2.5359227945809795,0.0,90.29375757318417,3.3812303927746394,0.8453075981936599,2.6257599568949,11.834306374711238,0.8636363636363636,0.615242831627989,0.967741935483871,0.25,3
526439431#0,-100468681#0,"526439431#0,526439431#1,623959719,-282689984#1,-282689984#0,-134065887,100475363,282479151#1,100475362,-659278038#3,-659278038#2,-659278038#1,-659278038#0,-100525438#2,-100525438#1,-101601553#1,-101601553#0,101600741#4,-100468681#2,-100468681#1,-100468681#0",2.557442530647968,739280d9aa47c1d770df5dff7f2588f89a18e768dd3c8218e5794835212335a1,1903.405884108969,38.56628571428572,10.149964537587596,20.016000000000005,0.4456245658958441,0.0726716682305428,0.3293543597939845,0.5979739719754725,0.8638017549478159,0.5253740194609751,1.05074803892195,0.5253740194609751,0.5253740194609751,49.25656102424723,1.05074803892195,0.5253740194609751,1.6176792028939215,11.032854408680477,0.8717948717948718,0.7480732926606133,0.875,0.9166666666666666,0
526439431#0,-100468681#0,"526439431#0,526439431#1,623959719,619185406,619184994,1164659927#1,1164659926,120512822,-133906979,-133906980,-282479126,-100468681#8,-100468681#7,-100468681#6,-100468681#5,-100468681#4,-100468681#3,-100468681#2,-100468681#1,-100468681#0",2.2153943650894483,49366cb6f15258c5d00d5d15d601c552c1c7a9d06042d78f925e259d94552d81,1721.0676922681134,40.99680000000001,10.216522395249354,20.016000000000005,0.5791092347171403,0.0803708544059298,0.59935479147852,0.3202743541155501,0.874091010591817,0.5810346707991174,1.1620693415982348,0.5810346707991174,0.5810346707991174,38.85983182378309,0.5810346707991174,0.5810346707991174,1.462712412417536,11.620693415982348,0.3461538461538461,0.4663902945194677,0.868421052631579,0.1666666666666666,1
526439431#0,-100468681#0,"526439431#0,526439431#1,697042776#0,697042776#2,42762428#1,42762428#4,1197063689,1164653914,1164659927#1,1164659926,120512822,-133906979,-133906980,-282479126,-100468681#8,-100468681#7,-100468681#6,-100468681#5,-100468681#4,-100468681#3,-100468681#2,-100468681#1,-100468681#0",2.067155069371161,0a38d89d2e49c28910157c2b6b3feeac83d5e08d013cbfda34c02f6bb4075ae3,1659.073115862597,39.5608695652174,10.223250431800269,20.016000000000005,0.6007488064488211,0.2161192345754524,0.6217508788233557,0.1621298866011918,0.9215165160467894,0.6027461902907595,1.205492380581519,0.6027461902907595,0.6027461902907595,41.203230973795485,0.6027461902907595,0.6027461902907595,1.410024051106533,13.863162376687468,0.0,0.507405766016994,0.8780487804878049,0.6666666666666666,2
526439431#0,-100468681#0,"526439431#0,526439431#1,687927789#0,416428068,697042776#2,42762428#1,42762428#4,1197063689,1164653914,1164659927#1,1164659926,120512822,-133906979,-133906980,-282479126,-100468681#8,-100468681#7,100525438#0,-101601553#1,-101601553#0,101600741#4,-100468681#2,-100468681#1,-100468681#0",2.671540106323307,4c9c70d90d125aa87c7a8cb6f28eccaaa4a4f2c64dbfa89675118811964d505d,1970.819543232223,37.494,9.898619666617558,20.016000000000005,0.4683598081676928,0.1748944087704194,0.4209197386504266,0.4041858525791539,1.0353125851472496,0.5074031275131157,3.044418765078694,1.522209382539347,0.5074031275131157,54.36855898907376,2.5370156375655784,1.0148062550262311,1.6749731701266215,12.177675060314776,0.3793103448275862,0.5019464700928954,0.7948717948717949,0.5833333333333334,3
526439431#0,100475365#1,"526439431#0,526439431#1,623959719,619185406,619184994,1164659927#1,1164659928,1164659929,120512822,-133906979,-133906980,-282479126,-100468681#8,-100468681#7,100525438#0,100525438#1,100525438#2,659278038#0,659278038#1,659278038#2,659278038#3,100475365#0,100475365#1",2.5124177676830275,47418d7bf5c78f39accabbb8c196426d01a64caddc571884354f3a9c20f0b5dd,1566.3274740532916,35.20956521739132,8.986738815034313,20.016000000000005,0.1248882650398298,0.0883108310422983,0.1293866219119596,0.7823025470457421,0.6709761167199128,0.6384360975372745,1.9153082926118237,1.276872195074549,0.6384360975372745,107.03829623888124,1.276872195074549,1.276872195074549,5.578682053172531,14.684030243357313,0.4,0.3824013608645591,0.5652173913043479,0.75,0
526439431#0,100475365#1,"526439431#0,526439431#1,697042776#0,697042776#2,42762428#1,42762428#4,1197063689,1164653914,1164659927#1,1164659926,120512822,-133906979,-133906980,-282479126,-100468681#8,-100468681#7,100525438#0,100525438#1,100525438#2,659278038#0,659278038#1,659278038#2,659278038#3,100475365#0,100475365#1",2.3528339341496136,0c703927713ffa1875c7cc8fbd6b63d0986f3615884cedb2c0aea234de705127,1485.8814190677865,34.79184,8.724772125391015,20.016000000000005,0.1316497522672167,0.2413097083681736,0.1363916514971929,0.6222986401346335,0.9099647116270042,0.6730012147452391,2.0190036442357173,1.3460024294904782,0.6730012147452391,96.66295392544234,1.3460024294904782,1.3460024294904782,5.292162809508355,16.825030368630976,0.0,0.2997263903707571,0.6122448979591837,0.1666666666666666,2
526439431#0,100475365#1,"526439431#0,526439431#1,687927789#0,416428068,697042776#2,42762428#1,42762428#4,1197063689,282479127#0,101611060,372606529#8,1164659929,120512822,-133906979,-133906980,-282479126,-100468681#8,-100468681#7,100525438#0,100525438#1,100525438#2,659278038#0,659278038#1,659278038#2,659278038#3,100475365#0,100475365#1",2.915792479698863,d367b522095377959c4cb90f647a0030715ea29db1cc61c0a48ad0b76bc4c5c2,1834.965224188409,35.91866666666667,9.313877685392995,20.016000000000005,0.176545967323676,0.2425221566149646,0.110444502165039,0.6470333412199963,0.8685987410399192,0.5449694559973431,2.724847279986716,1.634908367992029,0.5449694559973431,118.91854444965568,2.179877823989373,1.0899389119946865,6.535470860308296,14.714175311928264,0.3225806451612903,0.3268459549909006,0.6274509803921569,0.5,3
526439431#0,101754278#1,"526439431#0,526439431#1,687927789#0,416428068,697042776#2,42762428#1,42762428#4,71324344,463830226#0,-416376586,71223791#1,101411570,282689981#1,-120511301,101411571#0,-47374680#8,-47374680#7,-47374680#6,-47374680#5,-47374680#4,-47374680#3,-47374680#2,101415865#0,101415865#1,101415865#2,-173532317#1,-173532317#0,47374679#0,101754278#0,101754278#1",4.032253477344862,bede1bc8c9c6e372fa9767a7e4071420114e300787988207a7d8068ce9a98373,2694.102698672455,37.3272,9.81049247735688,20.016000000000005,0.3127675468197193,0.1257982143462049,0.0777454931223027,0.7964562925314923,0.7266479877621609,0.3711810988099153,1.8559054940495765,1.1135432964297458,0.3711810988099153,79.02580092774093,1.4847243952396612,0.0,2.504916462120311,11.13543296429746,0.825,0.7709001211256815,0.8823529411764706,0.9166666666666666,0
526439431#0,101754278#1,"526439431#0,526439431#1,42762429,1323419246,184568063,1323419245,16648700,1323419243,120511145,283490977#1,-173532317#3,-173532317#2,-173532317#1,-173532317#0,47374679#0,101754278#0,101754278#1",2.558361472738844,44952f974860f4f834700472dfbf55bf902108bea1f60918ab3059a2cef56ae5,1804.862206145244,40.58470588235294,10.298147040637373,20.016000000000005,0.4825014415713786,0.6593052276457427,0.313825979935682,0.0268687924185751,0.735522838818174,0.5540589174038733,1.1081178348077465,1.1081178348077465,0.5540589174038733,58.106087241224266,0.5540589174038733,0.5540589174038733,1.6781205312847889,9.419001595865844,0.0,0.5256799356428928,0.825,0.0833333333333333,1
526439431#0,101754278#1,"526439431#0,526439431#1,42762429,1323419246,184568063,1323419245,16648700,1323419243,120511145,47374680#0,101749458#0,101749458#1,101415865#1,101415865#2,-173532317#1,-173532317#0,47374679#0,101754278#0,101754278#1",2.67121480701712,61b477646d052aa2f7ad4aac5bc5b2b3c1b19cbc7da9315cfb86ba97c7b7863b,1774.5854617194452,38.41578947368421,10.153261586411793,20.016000000000005,0.3027696341067013,0.6010468673045434,0.1180300117118453,0.2809231209836114,1.004502218278125,0.5635118857736342,1.6905356573209027,1.1270237715472684,0.5635118857736342,54.95381647944425,1.1270237715472684,0.5635118857736342,1.6499698911592422,10.706725829699051,0.3636363636363636,0.5668489810584673,0.775,0.5,2
526439431#0,101754278#1,"526439431#0,526439431#1,42762429,1323419246,184568063,76867740,1323419243,120511145,283490977#1,120511144#0,-101752970#2,-101752970#1,-101752970#0,-120511144#3,-120511144#2,-336860316#1,-336860316#0,101787498,101786553#1,101786553#2,-173532317#2,-173532317#1,-173532317#0,47374679#0,47374679#1,101754282#1,101754278#1",4.432713186066363,43c1450645d8813b83dfdca0f8929dea922770b4a1b9d6768a0422a6e6386d72,3024.8164675124303,38.884,10.135495585773338,20.016000000000005,0.417039176019111,0.4731212032433487,0.162748931180261,0.3641298655763903,1.0695661223487771,0.9917957113170442,2.314189993073103,1.322394281756059,0.3305985704390147,81.36689148674711,1.6529928521950736,0.0,2.812406731227466,8.926161401853397,0.5806451612903225,0.6876938071125761,0.8823529411764706,0.8333333333333334,3
619185406,-1200809291,"619185406,120511930,42762428#1,42762428#4,71324344,463830226#0,-416376586,71223791#1,101411570,282689981#1,-120511301,120509990,71324347#0,71324347#1,71324347#2,71324347#3,101418583,526438862#2,101418589,-1200809291",3.2496050768666365,a0803103e92de2e9c62da16e498416328cd5384e8bca6481eeaa2aba2a2bbc72,1841.0546267610755,28.999800000000004,12.93382870655578,39.99600000000001,0.3161815186444655,0.0966410943153752,0.0467071412264095,0.6860878540492713,0.9290806159204116,1.0863338713194803,3.259001613958441,1.6295008069792205,0.0,108.79969836993357,3.259001613958441,0.5431669356597402,8.917258804557711,10.863338713194803,0.8148148148148149,0.5435496796768343,0.8780487804878049,0.3333333333333333,0
619185406,-1200809291,"619185406,120511930,-42762428#0,-697042776#1,687927789#0,-71324342,71223791#0,416376586,463830226#1,101411570,282689981#1,-120511301,120509990,71324347#0,71324347#1,71324347#2,71324347#3,101418583,526438862#2,101418589,-1200809291",2.799614223793945,80c4227586c480decc393628109805479e52cc358ee5a23f1da9eddb4d9898d0,1669.8340718506424,30.95314285714286,14.106105693229848,39.99600000000001,0.4328633998408399,0.0585329956008615,0.0514963731470414,0.7019175296233653,0.8815558676659759,1.19772379406742,3.5931713822022595,1.7965856911011298,0.59886189703371,96.9271757244545,3.5931713822022595,1.19772379406742,8.087941749755045,12.57609983770791,0.7307692307692308,0.554514697623202,0.825,0.5,1
619185406,-1200809291,"619185406,120511930,-42762428#0,-697042776#1,42762429,1323419246,-100525445,526438862#0,526438862#1,526438862#2,101418589,-1200809291",1.3515912839956126,114e018f8790f59503c990ef4d9a9f996a0fb517745b9abcc7e7994bb6d873d2,837.5558326094607,26.658,7.777204452173615,19.98,0.0,0.6155977418456727,0.1026682581742109,0.2197120538989873,1.0377606495244387,4.775801020378229,5.969751275472786,2.387900510189114,1.193950255094557,90.2994811383189,5.969751275472786,1.193950255094557,4.056752045312686,14.327403061134689,0.0,0.697863857275622,0.8611111111111112,0.9166666666666666,2
619185406,-1200809291,"619185406,120511930,-42762428#0,-697042776#1,42762429,1323419246,-416373452,-101418584#4,-101418584#3,-101418584#2,-101418592,-100488715#3,-100488715#2,-100488715#1,-100488715#0,162276533#2,-1323419243,-16648700,42762427,659281081#0,659281081#1,526438862#0,526438862#1,526438862#2,101418589,-1200809291",3.566365242535112,7f3182267f4dc881bee72e1430593f16e2bb52a23a6bc89869dde84a092b0b14,2282.55861328203,30.760615384615388,8.910221703535433,39.99600000000001,0.2119857286719654,0.3959485110643634,0.1917452962322029,0.3895480289534364,1.1368627167032517,1.7524194019484596,2.628629102922689,0.8762097009742298,0.4381048504871149,147.5712978959554,2.628629102922689,0.0,11.055709915037571,11.390726112664987,0.5925925925925926,0.7690343306196965,0.9,1.0,3
659278036#2,-100468681#0,"659278036#2,659278036#3,101600741#0,101600741#1,101600741#2,101600741#3,101601553#0,101601553#1,-100525438#0,-100468681#6,-100468681#5,-100468681#4,-100468681#3,-100468681#2,-100468681#1,-100468681#0",2.350573879659855,6f7d34e4e3b0a37305fd01bf0c501bfba5a9cbd738abaab9c9b79370027abea9,1725.906612314324,38.745000000000005,10.25514832657237,20.016000000000005,0.4802509830080945,0.0,0.4802509830080945,0.5197490169919053,0.6923669302643604,0.0,0.5794056253478672,0.0,0.0,79.84901920603679,0.5794056253478672,0.0,3.3601215566447555,9.270490005565875,0.9166666666666666,0.6936274509803921,0.9166666666666666,0.6666666666666666,0
659278036#2,-100468681#0,"659278036#2,659278036#3,-100468675#3,-100468675#2,-100468675#1,-100468675#0,100468664,100468672#2,100468667,100468681#0",0.8733096046193857,683b65cc7475bc383e83afe85d446b9b6eb57d41b147a8820b48335766a0b42c,645.3068359251733,47.9952,28.6051448239648,70.02,0.2343812971584317,0.0,0.1993104531884092,0.8006895468115904,0.4994450215396886,3.099300811113537,1.5496504055567686,0.0,0.0,47.8919485122164,1.5496504055567686,0.0,1.391636838426841,15.496504055567684,0.0,0.9027777777777776,0.9166666666666666,1.0,1
659278036#2,-100468681#0,"659278036#2,659278036#3,101600741#0,101600741#1,101600741#2,101600741#3,101600741#4,-100468681#2,-100468681#1,-100468681#0",1.639019178585761,88f680c02b697d01e87005952e52c5cf963e06ccd5152781e23abf62c9734862,1242.790564119146,35.9928,9.668646565057596,20.016000000000005,0.5044253187045539,0.0,0.5044253187045539,0.4955746812954461,0.6931080131573071,0.0,0.8046408050328022,0.0,0.0,73.66129760792585,0.8046408050328022,0.0,2.419555806262196,8.046408050328022,0.8888888888888888,0.6797385620915033,0.8888888888888888,0.3333333333333333,2
659281081#0,-416409191#0,"659281081#0,1323419244,76867740,1323419243,120511145,283490977#1,120511144#0,-101752970#2,-101752970#1,-101752970#0,120511144#4,71223798,282689985#0,282689985#1,-1323419242#1,-1323419242#0,-162276528,162276631,416409191#0",2.64444548928994,38e35dfc5fafa4618190ec30151f80caeba7d5e91d0f618ecd35ad67598a5f4d,2317.2908063132627,41.574315789473694,12.144570716774508,39.99600000000001,0.6293118862663919,0.2417919822052593,0.0612566012409507,0.69695141655379,0.7659639889467791,1.294615242863241,3.020768900014229,1.726153657150988,0.0,60.8527002860632,2.157692071438735,0.431538414287747,1.7370345065486807,8.199229871467193,0.6666666666666667,0.543813638627826,0.8125,0.4166666666666667,0
659281081#0,-416409191#0,"659281081#0,1323419244,1323419245,16648700,1323419243,120511145,283490977#1,120511144#0,120511144#1,120511144#2,120511144#3,120511144#4,71223798,282689985#0,282689985#1,-1323419242#1,-1323419242#0,-162276528,162276631,416409191#0",2.399051723432264,65bfea5b4a6eba98d33b634b92c82b4ecc01e94a8a1e129ba96960575a426d00,2326.111605047101,43.997400000000006,11.429641337099644,39.99600000000001,0.777892968954884,0.4934441135193198,0.0610243113759705,0.4455315751047097,0.8794021172828759,1.2897059597186669,2.149509932864445,1.2897059597186669,0.0,64.77843663966364,1.719607946291556,0.4299019865728889,1.7436465518449615,8.59803973145778,0.5652173913043479,0.4786884174235953,0.8181818181818181,0.1666666666666666,1
659281081#0,-416409191#0,"659281081#0,1323419244,1323419245,16648700,1323419243,-162276533#2,-162276533#1,-162276533#0,-1323419242#1,-1323419242#0,-162276528,162276631,416409191#0",1.5431214751630504,347a47ffdeef338e59e9fcbdfd46d9f09e84e9d8db9bb293b7c1d27f463d2556,1612.528451367357,43.84246153846155,12.612369752319776,39.99600000000001,0.7802951917853386,0.1833799069157039,0.3835450385606406,0.4330750545236555,1.041015023150367,1.8604322903302104,2.4805763871069475,1.8604322903302104,0.0,44.3396219995526,1.8604322903302104,0.6201440967767369,1.208746677450008,8.06187325809758,0.0,0.557514841953505,0.7142857142857143,0.6666666666666666,2
659281081#0,-416409191#0,"659281081#0,1323419244,1323419245,16648700,1323419243,120511145,283490977#1,-173532317#3,-101786553#2,-101786553#1,-101787498,336860316#0,336860316#1,120511144#2,120511144#3,120511144#4,71223798,282689985#0,282689985#1,-1323419242#1,-1323419242#0,-162276528,162276631,416409191#0",3.044798891990113,77c4569da461ab0fa6b8c7eb3062aaf65ec15dea21e3bd13211802c527e38fee,2626.9686877110225,40.828500000000005,11.770132181297605,39.99600000000001,0.6179492956527181,0.3277472951397311,0.0923654495024678,0.5798872553578008,0.9016139677205398,1.1420006694537397,3.045335118543306,1.9033344490895665,0.0,69.34420720902116,2.28400133890748,0.7613337796358265,1.9691681534941907,9.136005355629916,0.6296296296296297,0.5448305735817113,0.8378378378378378,0.5,3
659281081#1,-101746498#2,"659281081#1,100525445,-416373452,101418587,464265154,120511142#1,120511142#2,1323419247,868087112,526439431#0,526439431#1,697042776#0,697042776#2,42762428#1,1164653913,463830226#0,-416376586,71223791#1,101411570,282689981#1,-120511301,101411571#0,-47374680#8,-47374680#7,-47374680#6,101746498#0,101746498#1,101746498#2",3.730260930866226,941c0f43fea64752365af56999c444de6c7eee3984174549a9e3badffb1f8650,2621.4427839867444,34.99200000000001,8.826226373711474,20.016000000000005,0.2227427860594631,0.1701830193784584,0.0,0.8298169806215416,0.4561762948811974,2.670285250076774,1.1444079643186176,0.7629386428790784,0.3814693214395392,93.464192681745,1.1444079643186176,0.3814693214395392,3.762468692281349,10.6811410003071,0.9487179487179488,0.8166926826350571,0.9772727272727272,0.75,0
659281081#1,-101746498#2,"659281081#1,100525445,184568063,1323419245,16648700,1323419243,120511145,47374680#0,47374680#1,101415865#0,-101749449#1,101746514,-101746498#2",2.892165851221698,0533cf7d7533ca5a26ff1a1ca110fda23529d457c0a701c9f1ef7c1bcb758218,2097.1780868546757,33.06738461538462,7.516684702917701,20.016000000000005,0.3127962745234591,0.3341286792939958,0.0,0.6658713207060044,0.6370640373758161,1.430493680438635,1.430493680438635,0.9536624536257566,0.0,85.83165425218381,1.430493680438635,0.9536624536257566,4.388158150100898,6.1988059485674185,0.2666666666666667,0.6206717502770135,0.9487179487179488,0.0833333333333333,1
659281081#1,-101746498#2,"659281081#1,100525445,184568063,1323419245,16648700,1323419243,120511145,47374680#0,101749458#0,101749458#1,-101749449#1,101746514,-101746498#2",2.108757253801448,1e32acd1c8ed8e7ae97ce2c79423b1cc56bbec70c6f91a134438653a8fd2cd1f,1734.7615193363806,36.14676923076924,9.615375379687876,20.016000000000005,0.4627355524600678,0.4039329536621951,0.0,0.5960670463378049,0.674574152034983,1.7293443315180443,1.7293443315180443,1.1528962210120297,0.0,73.37478967290988,1.7293443315180443,1.1528962210120297,3.62983379774598,7.493825436578192,0.0,0.6238922334974967,0.9487179487179488,0.1666666666666666,2
659281081#1,-101746498#2,"659281081#1,100525445,184568063,76867740,1323419243,-162276533#2,-162276533#1,-162276533#0,-282689985#1,-282689985#0,-282690000,-120511144#4,-120511144#3,-120511144#2,-120511144#1,-120511144#0,-283490977#1,47374680#0,47374680#1,101415865#0,-101749449#1,101746514,-101746498#2",4.547915364850044,83ba5ae423df1fb0ae9960daacbf072079d0a2ee705cd3c3b3f79834e506df3b,3505.0069791396527,39.5608695652174,10.22325043180027,20.016000000000005,0.5406757076920262,0.2999425392306345,0.1359563421740004,0.5641011185953649,0.9554304804787604,1.4265306830365605,2.2824490928584966,1.4265306830365605,0.0,106.025885325493,1.7118368196438725,0.5706122732146242,7.333914576963626,6.5620411419681774,0.7142857142857143,0.7443663241830979,0.9591836734693876,0.6666666666666666,3
659281081#1,-352797377,"659281081#1,100525445,-416373452,101418587,464265154,120511142#1,75421017,619185406,120511930,42762428#1,1164653913,463830226#0,-416376586,71223791#1,-679068326#3,-679068326#2,-679068326#1,-679068326#0,101749453,224715836,224715833,282689986,-352797377",3.7019781706779193,0bb008fdbc8f111064ebae0cc641707d5788e7e66c9bfa3efe6ffa724fa8cd54,2739.623297752812,34.3393043478261,8.441571215418387,20.016000000000005,0.1318115825606645,0.0844570096059485,0.0313876723592613,0.8841553180347902,0.426239416285501,1.8250684333504072,1.4600547466803258,0.7300273733401629,0.0,68.47916726917728,1.4600547466803258,0.3650136866700814,4.262994974520693,8.395314793411872,0.9444444444444444,0.8194352714224631,0.975609756097561,0.9166666666666666,0
659281081#1,-352797377,"659281081#1,526438862#0,526438862#1,526438862#2,1200809292,868087112,526439431#0,526439431#1,687927789#0,-71324342,71223791#0,71223791#1,101411570,282689981#1,352797377",1.462885226084674,eeefc929705b224fba6371cb1126858251ba4c32fb736342ef330a7a5cb10d54,1500.3395369280488,35.3256,9.162077967672746,20.016000000000005,0.2415037533147846,0.2816921824253362,0.0,0.7183078175746638,0.5945444256052459,0.6665157955161963,0.6665157955161963,0.6665157955161963,0.6665157955161963,48.09539830076766,0.6665157955161963,0.0,1.379627261270904,9.997736932742944,0.0,0.6179475881888608,0.9444444444444444,0.1666666666666666,1
659281081#1,-352797377,"659281081#1,526438862#0,526438862#1,526438862#2,1200809292,868087112,526439431#0,526439431#1,623959719,619185406,120511930,42762428#1,1164653913,463830226#0,463830226#1,101411570,282689981#1,352797377",2.0586565799826047,b22c751dc86e5ecb6f245456b577dc1078aff15126a435988d8d03a1f84aa7b0,1809.5521386027465,33.324000000000005,7.675785608384485,20.016000000000005,0.1375916300166487,0.3012373595955829,0.0475202657183794,0.6512423746860379,0.785517403355437,0.5526229273350225,2.21049170934009,1.105245854670045,0.5526229273350225,57.22795122379932,2.21049170934009,0.5526229273350225,1.6639616564521276,9.947212692030403,0.5,0.6442028025733272,0.84375,0.4166666666666667,2
659281081#1,-352797377,"659281081#1,100525445,-416373452,101418587,464265154,120511142#1,75421017,619185406,120511930,42762428#1,42762428#4,1197063689,282479127#0,659283000#0,1164659923,416376585#2,1164659921,463830227,-71324343#3,-71324343#2,-71324343#1,-71324343#0,-416376586,71223791#1,101411570,282689981#1,352797377",3.2803359788839948,589cb492e67b0724cf82704492509d9e3e3627cfe2ef17524a8dba58abbf0e9a,2660.319167582494,35.17733333333334,8.938666911449728,20.016000000000005,0.2196994651920337,0.1494328074194928,0.0323233390585258,0.8182438535219815,0.559126201866799,1.8794737341774064,1.503578987341925,0.7517894936709625,0.0,81.22184742273409,1.503578987341925,0.3758947468354812,2.446278830186117,10.149158164557994,0.8648648648648649,0.7732833805421039,0.9545454545454546,0.8333333333333334,3
659281081#1,100475365#1,"659281081#1,100525445,-416373452,101418587,464265154,120511142#1,120511142#2,1323419247,868087112,526439431#0,526439431#1,697042776#0,697042776#2,42762428#1,42762428#4,1197063689,282479127#0,101611060,372606529#8,1164659929,120512822,-133906979,-133906980,-282479126,-100468681#8,-100468681#7,100525438#0,100525438#1,100525438#2,659278038#0,659278038#1,659278038#2,659278038#3,100475365#0,100475365#1",3.6960433417427447,7898ab219f36ec33f4c1eab9eddec34e20a7e241fc6b6aa731b2ac78944a53f0,2306.6354128989374,34.56308571428571,8.527675917344688,20.016000000000005,0.1282560270482625,0.2501835366129472,0.0878603612614038,0.6619561021256491,0.8334153799344295,3.034723199364449,2.167659428117464,1.3005956568704782,0.4335318856234927,102.28181977871228,1.7341275424939708,1.3005956568704782,5.415498516826712,15.173615996822246,0.4285714285714286,0.3459521532050415,0.4772727272727273,0.4,0
659281081#1,100475365#1,"659281081#1,526438862#0,526438862#1,526438862#2,1200809292,868087112,526439431#0,526439431#1,697042776#0,697042776#2,42762428#1,42762428#4,1197063689,1164653914,1164659927#1,1164659926,120512822,-133906979,-133906980,-282479126,-100468681#8,-100468681#7,100525438#0,100525438#1,100525438#2,659278038#0,659278038#1,659278038#2,659278038#3,100475365#0,100475365#1",2.8317454987754647,1f64516790e7a79177f8209386385255b283920b06cd75fd4428a3dd9c55f89a,1770.1916566860366,33.862064516129045,8.038619043656212,20.016000000000005,0.1105055037288707,0.36316285137548,0.1144858071781051,0.522351341446415,0.9551973889641232,0.5649105825479332,1.6947317476437995,1.1298211650958665,0.5649105825479332,81.51192853902556,1.1298211650958665,1.1298211650958665,4.156040541853187,17.512228058985933,0.0,0.3508681967603662,0.5853658536585367,0.6,2
659281081#1,100475365#1,"659281081#1,526438862#0,526438862#1,526438862#2,1200809292,868087112,526439431#0,526439431#1,687927789#0,416428068,697042776#2,42762428#1,42762428#4,1197063689,282479127#0,101611060,372606529#8,1164659929,120512822,-133906979,-133906980,-282479126,-100468681#8,-100468681#7,100525438#0,100525438#1,100525438#2,659278038#0,659278038#1,659278038#2,659278038#3,100475365#0,100475365#1",3.3947040443247127,cb7c96cf1322a7ee9ef9687730769039a19770bb4e356cedd04ada6035e36d47,2119.27546180666,34.840363636363634,8.710845904023122,20.016000000000005,0.1528615398743304,0.3441411813828766,0.095627880531812,0.5602309380853111,0.9161642562015956,0.4718593774249199,2.3592968871246,1.4155781322747596,0.4718593774249199,93.53629951168598,1.88743750969968,0.9437187548498398,4.975616456758205,15.571359455022357,0.2702702702702703,0.3797997531829125,0.627906976744186,0.8,3
659283000#1,100525438#0,"-659283000#1,1164659923,416376585#2,1164659921,463830227,71324343#4,101416508#0,-101416509,-71324343#2,101415864#0,101415864#1,679068326#2,416375814,-71324343#0,463830226#1,101411570,282689981#1,-120511301,120509990,120509991,282689983#0,101418595,526439431#1,623959719,619185406,619184994,1164659927#1,1164659926,120512822,-133906979,-133906980,-282479126,-100468681#8,-100468681#7,100525438#0",3.858680189138289,39edb2ff5597f44f36bbc4c25207b44ade114c925b18ffe5f4ae3284ac184f62,2799.581233546226,39.13817142857143,10.116740341939124,20.016000000000005,0.3927347895044715,0.0421306962850415,0.0723900482855203,0.8854792554294383,0.4311981055787244,0.7143925584422505,1.785981396105626,1.0715888376633758,0.3571962792211252,109.16224355414816,1.428785116884501,1.0715888376633758,5.297051543736714,12.501869772739385,0.736842105263158,0.712117724951201,0.9615384615384616,0.5833333333333334,0
659283000#1,100525438#0,"-659283000#1,-659283000#0,-282479127#2,1164653914,1164659927#1,1164659926,120512822,-133906979,-133906980,-282479126,-100468681#8,-100468681#7,100525438#0",0.9487277128273915,631ead74d012a096afcd0b0627b984025d20c65af863b0a0d49f85886ef282d5,766.8674437762538,39.22615384615385,10.385792425602023,20.016000000000005,0.3355063333312062,0.2475074974274361,0.2642722967579491,0.4882202058146147,1.0473337107692031,0.0,3.912018986263419,2.608012657508946,0.0,45.87867527280538,2.608012657508946,1.304006328754473,1.4509799995161885,16.95208227380815,0.0,0.6220132453035933,0.896551724137931,0.25,2
659283000#1,100525438#0,"-659283000#1,-659283000#0,-282479127#2,-1197063689,-42762428#4,-42762428#3,-42762428#0,-697042776#1,42762429,-120511142#2,75421017,619185406,619184994,1164659927#1,1164659928,1164659929,120512822,-133906979,-133906980,-282479126,-100468681#8,-100468681#7,100525438#0",2.226979013347599,e777479706f69f42674bff9d587e4ddf25a46f58c6fd4903410b6b7ae5258fa3,1522.4095940839056,35.2095652173913,8.986738815034311,20.016000000000005,0.1690010922239798,0.3813011813716595,0.1331191168678871,0.4855797017604533,0.9868622067173102,1.3137069076364298,1.9705603614546447,1.3137069076364298,0.6568534538182149,70.18634419073683,1.3137069076364298,0.6568534538182149,2.8805315573310657,15.107629437818945,0.56,0.6247016182535432,0.9322033898305084,0.4166666666666667,3
71223791#0,-372606529#4,"71223791#0,416376586,71324343#0,71324343#1,71324343#2,101416509,101416508#1,-101416507,101415864#1,-679068326#1,-679068326#0,-1006827381,101417074,-71324343#7,-71324343#6,-71324343#5,-71324343#4,-463830227,416376585#0,416376585#1,-1164659923,-659283000#0,101611060,-372606529#7,-372606529#6,-372606529#5,-372606529#4",2.418158998660658,56a07fcecd1682fcecf9327f255b55ed46fd05f021c86f6f3e65ba7da1c336ce,1845.485227781665,35.91866666666667,9.313877685392995,20.016000000000005,0.4401833260249857,0.0190743404335337,0.0,0.9809256595664664,0.0944144160754569,0.0,1.0837258244565129,0.5418629122282563,0.0,96.5050221661938,1.0837258244565129,0.0,3.1478072087544757,14.630298630162924,0.4642857142857143,0.599917761615917,0.7727272727272727,0.5833333333333334,0
71223791#0,-372606529#4,"71223791#0,416376586,71324343#0,-416375814,-679068326#2,-101415864#1,-101415864#0,71324343#2,71324343#3,-463830227,416376585#0,416376585#1,-1164659923,-659283000#0,101611060,-372606529#7,-372606529#6,-372606529#5,-372606529#4",1.679667561769128,a0ff879ad588358439002c36ac33c12e7f4aca69ecaf0943d496e4eee657130d,1308.925374028325,36.30884210526317,9.558979729745444,20.016000000000005,0.424992306611696,0.0268933693228283,0.0,0.9731066306771716,0.1237715322582649,0.0,1.5279709903130965,0.7639854951565482,0.0,63.97769692350633,1.5279709903130965,0.0,2.232607807454889,14.515724407974416,0.25,0.5467520692676715,0.7894736842105263,0.3333333333333333,1
71223791#0,-372606529#4,"71223791#0,416376586,71324343#0,71324343#1,71324343#2,71324343#3,-463830227,416376585#0,416376585#1,-1164659923,-659283000#0,101611060,-372606529#7,-372606529#6,-372606529#5,-372606529#4",1.3717934690074736,344114523f7fc8f0f7194ae21f9bb401b8d927fe1f676a1845ed328f39be2240,1007.904364381461,33.741,8.068707554497191,20.016000000000005,0.2605522019249879,0.0349253508008844,0.0,0.9650746491991156,0.1514668015131945,0.0,1.984315249222456,0.992157624611228,0.0,58.65780643214383,1.984315249222456,0.0,1.7191622973589111,15.874521993779648,0.0,0.4929708406488592,0.75,0.0833333333333333,2
71223791#0,-372606529#4,"71223791#0,416376586,71324343#0,71324343#1,71324343#2,71324343#3,71324343#4,101416508#0,101416508#1,-101416507,101415864#1,679068326#2,679068326#3,101411570,282689981#1,-120511301,120509990,120509991,282689983#0,101418595,526439431#1,687927789#0,416428068,697042776#2,42762428#1,42762428#4,1197063689,282479127#0,101611060,-372606529#7,-372606529#6,-372606529#5,-372606529#4",3.7350427283944527,1e6ff7f7227be1a58c9e04bd918247f3d13346b45c2550f58bc4d28ca24f0638,2682.863506281309,37.26654545454546,9.777900276551296,20.016000000000005,0.4100713609728714,0.138052019673484,0.0,0.8619479803265162,0.401411515869691,0.7454721402402541,1.4909442804805082,0.7454721402402541,0.372736070120127,75.72476581807685,1.4909442804805082,0.372736070120127,4.576106575140647,12.300290313964194,0.7105263157894737,0.6798248432744824,0.813953488372093,0.75,3
71223791#1,100475365#1,"71223791#1,101411570,282689981#1,-120511301,120509990,120509991,282689983#0,101418595,526439431#1,623959719,619185406,619184994,1164659927#1,1164659926,120512822,-133906979,-133906980,-282479126,-100468681#8,-100468681#7,100525438#0,100525438#1,100525438#2,659278038#0,659278038#1,659278038#2,659278038#3,100475365#0,100475365#1",3.864712393236633,dfa945387092ba5a5814700ddaae1ed08d94275752b09ba1a8d6dc8ed03a2042,2458.3829408507518,37.580275862068966,9.883980339405465,20.016000000000005,0.2479013691641493,0.025902670380058,0.0824370431912916,0.8916602864286504,0.4026196060422963,0.81354290528386,1.62708581056772,0.81354290528386,0.40677145264193,106.59959258177052,1.22031435792579,0.81354290528386,5.862318059159407,11.79637212661597,0.6190476190476191,0.3863980932092387,0.6190476190476191,0.6666666666666666,0
71223791#1,100475365#1,"71223791#1,-679068326#3,416375814,71324343#1,71324343#2,71324343#3,-463830227,416376585#0,416376585#1,-1164659923,-659283000#0,101611060,372606529#8,1164659929,120512822,-133906979,-133906980,-282479126,-100468681#8,-100468681#7,100525438#0,100525438#1,100525438#2,659278038#0,659278038#1,659278038#2,659278038#3,100475365#0,100475365#1",3.334938453423125,0c21649c4810922a52943bd39d45678c3f4282a04a51ad7de52a22e42ec2b163,2115.072689258108,36.19986206896553,9.42400548646206,20.016000000000005,0.1817487998362829,0.0166431223279197,0.0958178986967746,0.8875389789753054,0.3987743960822318,0.0,1.8911879578961688,0.9455939789480846,0.0,99.95691391233537,1.418390968422127,0.4727969894740423,5.0436523198382455,13.711112694747229,0.0,0.5980908720636638,0.6666666666666667,1.0,1
71223791#1,100475365#1,"71223791#1,101411570,282689981#1,-120511301,120509990,120509991,282689983#0,101418595,526439431#1,687927789#0,416428068,697042776#2,42762428#1,42762428#4,1197063689,1164653914,1164659927#1,1164659928,1164659929,120512822,-133906979,-133906980,-282479126,-100468681#8,-100468681#7,100525438#0,100525438#1,100525438#2,659278038#0,659278038#1,659278038#2,659278038#3,100475365#0,100475365#1",3.8455180776414233,ef3aa6475f7a47758d09ebcb25cb92536f054fd429acce2d3e3ce797889bf276,2529.307339717991,37.64117647058823,9.87329668461654,20.016000000000005,0.291691039349873,0.1067645345558048,0.0801254230726441,0.813110042371551,0.6093190239999314,0.7907303191643738,2.372190957493121,1.1860954787465607,0.3953651595821869,104.63810251934426,1.9768257979109345,0.7907303191643738,6.031446056838466,13.442415425794351,0.6304347826086957,0.2830113651514949,0.6304347826086957,0.25,2
71223791#1,100475365#1,"71223791#1,101411570,282689981#1,-120511301,120509990,120509991,282689983#0,101418595,526439431#1,687927789#0,416428068,697042776#2,42762428#1,42762428#4,1197063689,282479127#0,101611060,372606529#8,1164659929,120512822,-133906979,-133906980,-282479126,-100468681#8,-100468681#7,100525438#0,100525438#1,100525438#2,659278038#0,659278038#1,659278038#2,659278038#3,100475365#0,100475365#1",4.279431643067593,5515c075f2aa5dfb2aca97be05563771ea0e7619c1b3ad752bbadeb06ec5943d,2745.472169565858,37.64117647058823,9.87329668461654,20.016000000000005,0.2687247370182841,0.134903835360672,0.0738167455937806,0.791279419045547,0.6478591701166249,0.7284721448537794,2.1854164345613385,1.0927082172806692,0.3642360724268897,118.15047657508254,1.821180362134449,0.7284721448537794,6.546917818668108,12.384026462514251,0.5681818181818181,0.317561229685766,0.5681818181818181,0.4166666666666667,3
71223800#6,-416409192#7,"-71223800#6,71223800#6,71223800#7,1006827381,101749453,224715836,224715833,282689986,-352797377,-120511301,120509990,120509991,282689983#0,101418595,526439431#1,42762429,1323419246,184568063,76867740,1323419243,-162276533#2,-162276533#1,-162276533#0,-1323419242#1,-1323419242#0,-162276528,162276631,-416409192#8,-416409192#7",5.699031277513376,9c422ebe04ef0ff204ad1b3351079b0339a299d3be84acde739903d7309633ec,3786.334057542888,38.61806896551724,12.741693120088184,49.96800000000001,0.4179672368317836,0.164547569011999,0.1633446171575202,0.6721078138304808,0.8599511930352766,1.0564308217948866,1.3205385272436083,0.7923231163461649,0.2641077054487216,72.33220762490268,0.5282154108974433,0.0,1.4935270368158806,7.659123458012928,0.6956521739130435,0.5247747648330087,0.6956521739130435,0.75,0
71223800#6,-416409192#7,"-71223800#6,71223800#6,71223800#7,1006827381,679068326#0,679068326#1,679068326#2,679068326#3,101411570,282689981#1,-120511301,101411571#0,-47374680#8,-47374680#7,-47374680#6,-47374680#5,-47374680#4,-47374680#3,-47374680#2,-47374680#1,-47374680#0,-283490977#0,-162276533#2,-162276533#1,-162276533#0,-1323419242#1,-1323419242#0,-162276528,162276631,-416409192#8,-416409192#7",4.109076677962973,bb0a98e0517fc1a8f70c009100c23024e9d00c48991e56bdad87b7efb75ceba5,3115.2223311023263,38.06129032258064,12.496888845344802,49.96800000000001,0.5603988014491653,0.0425637173194232,0.1985339155041861,0.7589023671763905,0.6647194663509567,0.0,0.9630131275216064,0.6420087516810709,0.0,42.179003151578456,0.6420087516810709,0.3210043758405354,1.228805674957595,9.951135651056598,0.0,0.563307240862745,0.7291666666666667,0.9166666666666666,1
71223800#6,-416409192#7,"71223800#6,71223800#7,1006827381,679068326#0,679068326#1,679068326#2,679068326#3,101411570,282689981#1,-120511301,101411571#0,-47374680#8,-47374680#7,-47374680#6,-47374680#5,-47374680#4,47374665#0,47374666,-42762427,16648700,1323419243,-162276533#2,-162276533#1,-162276533#0,-1323419242#1,-1323419242#0,-162276528,162276631,-416409192#8,-416409192#7",4.910602197012418,fa7028f0e12ec1fcc77c4028e55d80f9b25f027df84556e67375809c29ea8a88,3103.310633691888,36.9972,13.429739316031112,59.97600000000001,0.5198227339523845,0.0736653655439251,0.1992959648786575,0.6485570994969354,0.9941486358344273,0.6444730277035392,1.2889460554070784,0.9667095415553087,0.0,35.07655971108427,0.9667095415553087,0.0,1.2152988810475396,9.667095415553089,0.3055555555555556,0.507785048620658,0.6888888888888889,0.5833333333333334,2
71223800#6,-416409192#7,"71223800#6,71223800#7,1006827381,101749453,224715836,224715833,282689986,-352797377,-120511301,120509990,71324347#0,71324347#1,71324347#2,71324347#3,71324347#4,71324347#5,47374666,-42762427,16648700,1323419243,-162276533#2,-162276533#1,-162276533#0,-1323419242#1,-1323419242#0,-162276528,162276631,-416409192#8,-416409192#7",5.242111839964025,b4cb4515ee6c66e3d416d85bd337e0b4875a44ec4f6fc72884852d8da2435f68,3340.55035315555,35.1744827586207,14.294056123889629,49.96800000000001,0.4577710653517978,0.0684337872684112,0.1851423333510291,0.6298759291444896,1.037461834871268,0.5987037429658141,1.1974074859316282,0.8980556144487212,0.0,45.4903074769729,0.8980556144487212,0.299351871482907,1.308205199375467,8.681204273004305,0.7234042553191489,0.4587986364009325,0.7234042553191489,0.25,3
71324343#3,526438862#2,"-71324343#3,-71324343#2,101415864#0,101415864#1,679068326#2,416375814,-71324343#0,463830226#1,101411570,282689981#1,-120511301,120509990,71324347#0,71324347#1,71324347#2,71324347#3,101418583,526438862#2",2.7013423669212338,609553b63fe8a5b1d64dedb17de8ec5871ee79d0429562dc31e4d0063e97ec91,1580.9591405516735,33.33400000000001,13.282633916686327,39.99600000000001,0.4137588266280167,0.0193553399636304,0.0,0.8148777992714797,0.5410838405388884,0.6325274160159834,1.2650548320319668,0.6325274160159834,0.0,70.70585146696718,1.2650548320319668,0.6325274160159834,2.378186506553553,11.3854934882877,0.9714285714285714,0.4809531284556366,0.9714285714285714,0.5,0
71324343#3,526438862#2,"71324343#3,-71324343#3,-71324343#2,101415864#0,101415864#1,679068326#2,679068326#3,101411570,282689981#1,-120511301,120509990,71324347#0,71324347#1,71324347#2,71324347#3,101418583,526438862#2",2.44214205612737,f57b5c6cdf83fbe9883eaf9e71ffa943cc66ced0b206b17c26275cc3583c80c0,1379.5162382175092,32.35341176470588,13.002516290409062,39.99600000000001,0.3670187584511198,0.0221816900637033,0.0,0.7878454582463202,0.5878640632622846,0.7248917934392081,1.449783586878416,0.7248917934392081,0.0,74.89579045188137,1.449783586878416,0.7248917934392081,2.16258383286503,12.323160488466536,0.9393939393939394,0.481927187337865,0.9393939393939394,0.5833333333333334,1
71324343#3,526438862#2,"71324343#3,-463830227,416376585#0,416376585#1,-1164659923,-659283000#0,-282479127#2,1164653914,-619184994,120511930,-42762428#0,-697042776#1,42762429,1323419246,-100525445,526438862#0,526438862#1,526438862#2",2.038890603037471,1335606cc5527ae3f6779754090451188d3a9d0b4a7ce9869716bbf40d45cfe3,1254.838532209942,32.212,6.472790760969657,20.016000000000005,0.0326484556706477,0.5188980738851984,0.0685270624470094,0.412574863667792,0.8893785921567267,2.3907458394002217,4.781491678800443,1.593830559600148,0.7969152798000739,91.65123583904504,4.781491678800443,0.7969152798000739,1.9671341644515208,14.344475036401333,0.0,0.9450103128428124,0.9761904761904762,1.0,2
71324343#3,526438862#2,"-71324343#3,-71324343#2,-71324343#1,-71324343#0,463830226#1,101411570,282689981#1,-120511301,101411571#0,-47374680#8,-47374680#7,-47374680#6,-47374680#5,-47374680#4,47374665#0,47374666,659281081#0,659281081#1,526438862#0,526438862#1,526438862#2",3.2988643492057643,3fe67ff7af44d6d07a9da54c47c9b686a488af10e8362128d60776d8d34c851c,1681.891787928951,31.421142857142872,9.103378725977048,39.99600000000001,0.1395429431129292,0.1614617400979573,0.0,0.6937294840178938,0.827921629196503,0.5945685728279705,1.189137145655941,0.5945685728279705,0.0,85.49877494393719,1.189137145655941,0.0,2.5300162748925423,12.48594002938738,0.9166666666666666,0.7658840893659885,0.9166666666666666,0.9166666666666666,3
71324347#0,-101746498#2,"71324347#0,71324347#1,71324347#2,71324347#3,71324347#4,71324347#5,47374666,-42762427,16648700,1323419243,120511145,47374680#0,47374680#1,101415865#0,-101749449#1,101746514,-101746498#2",3.108543085568674,80ca96438e0486d957c45a5e385e4dfaa69a1d25e930801dd8f871b587b943d8,2056.977815528877,28.23670588235294,9.504033589512838,29.988000000000007,0.3189093667554766,0.1755983716443666,0.0,0.6351267157234056,0.9088251793800404,0.9723002284717266,0.9723002284717266,0.4861501142358633,0.0,65.91415446095431,0.9723002284717266,0.4861501142358633,4.428427148707765,8.264551942009676,0.7391304347826086,0.5653059616342329,0.9130434782608696,0.1666666666666666,0
71324347#0,-101746498#2,"71324347#0,71324347#1,71324347#2,71324347#3,71324347#4,71324347#5,-47374665#1,47374680#4,47374680#5,101746498#0,101746498#1,101746498#2",2.273034357627944,13fa664af79e384865cb3017c1283ea24e1106c1cb39d07d1fc6af8866705698,1068.1574724695504,23.337,6.501856322340847,19.98,0.0,0.0,0.0,0.5707690727762074,0.6830969427537703,0.0,0.936191550191591,0.0,0.0,65.44807558217391,0.936191550191591,0.0,1.5651847631557896,11.234298602299091,0.0,0.6552886449635674,0.8157894736842105,0.8333333333333334,1
71324347#0,-101746498#2,"71324347#0,71324347#1,71324347#2,71324347#3,71324347#4,71324347#5,47374666,-42762427,16648700,1323419243,120511145,283490977#1,-173532317#3,-173532317#2,-101415865#2,-101415865#1,-101415865#0,47374680#2,47374680#3,47374680#4,47374680#5,101746498#0,101746498#1,101746498#2",3.756564742035436,7eacc1f9b1e5afc82f0731c761f8e1af1c9e32d4776b89bd7ec925e39e7c1d01,2460.7889428804374,30.4155,9.987514731991096,29.988000000000007,0.2490663846993288,0.1969075858693534,0.1450584816283186,0.4998186993564369,1.2383777438417,0.8127474750674603,1.2191212126011903,0.8127474750674603,0.0,87.54947044024739,1.2191212126011903,0.8127474750674603,3.6058254124590223,9.752969700809524,0.56,0.6422902904904372,0.86,0.6666666666666666,2
71324347#0,-101746498#2,"71324347#0,71324347#1,71324347#2,71324347#3,71324347#4,71324347#5,-47374665#1,-47374680#3,-47374680#2,-47374680#1,-47374680#0,283490977#1,-173532317#3,-173532317#2,-101415865#2,-101415865#1,-101749449#1,101746514,-101746498#2",3.768323171497624,163fe8252b10c69d2bd627740effa92a472cf4ffc2d26462f19d3ec497a95f71,2304.25864300432,30.00126315789473,12.014812121535217,39.99600000000001,0.4355840937225125,0.0535296050795357,0.154912430835709,0.5925845442731027,1.076940590726127,0.0,1.7359162401946129,0.8679581200973064,0.0,71.00881400028474,1.7359162401946129,0.8679581200973064,4.960793186630064,8.245602140924412,0.7083333333333333,0.642667748917749,0.9166666666666666,0.75,3
71324347#0,-47374664,"71324347#0,71324347#1,71324347#2,71324347#3,71324347#4,71324347#5,-47374665#1,-47374680#3,-47374680#2,101415865#0,-101749449#1,101746514,-101746498#2,-101746508#1,-101746504,101746516#1,101746516#2,101746516#3,-101746498#0,-47374680#5,47374664",4.081461040035967,3078932101f84d03bfefda6b369a19bea8ba91d025fe137647a16a86ab2984e9,2374.568934343323,28.093714285714288,9.27839137535628,39.99600000000001,0.2606730028856046,0.0,0.0,0.8069181249286747,0.49066098393011,0.0,0.4211290670643536,0.0,0.0,69.73997975327676,0.4211290670643536,0.0,4.57512022417396,8.843710408351427,0.6363636363636364,0.4672485797068668,0.7741935483870968,0.6,0
71324347#0,-47374664,"71324347#0,71324347#1,71324347#2,71324347#3,71324347#4,71324347#5,-47374665#1,47374680#4,47374664",1.6709535252950103,073772a6df899240156e44bb13c821a8fcb61faef6453c57e95f9bf1514838e1,765.467006387242,21.12,6.00075295275518,19.98,0.0,0.0,0.0,0.4010372511115335,0.6734299953499667,0.0,1.306392034739261,0.0,0.0,52.18780418691097,1.306392034739261,0.0,1.4748376141915045,11.75752831265335,0.0,0.6547925567533411,0.7647058823529411,0.9,1
71324347#0,-47374664,"71324347#0,71324347#1,71324347#2,71324347#3,71324347#4,71324347#5,47374666,-42762427,16648700,1323419243,120511145,47374680#0,47374680#1,47374680#2,47374680#3,47374680#4,47374664",2.1071484024254388,a0d9f37134ec1f1399b4362158a6fc7cb4de11cf8c0791efec6f6508a14e6732,1388.934651863903,27.059294117647056,7.709212571371233,29.988000000000007,0.095465573207678,0.2600568388374041,0.0,0.4596317038897964,1.0640595020047945,1.439952554510803,1.439952554510803,0.7199762772554015,0.0,78.90125690350122,1.439952554510803,0.7199762772554015,2.6760827718635523,12.239596713341824,0.5555555555555556,0.7637112270828171,0.8372093023255813,1.0,2
71324347#0,-47374664,"71324347#0,71324347#1,71324347#2,71324347#3,71324347#4,71324347#5,-47374665#1,-47374680#3,-47374680#2,-47374680#1,-47374680#0,283490977#1,120511144#0,120511144#1,-336860316#1,-336860316#0,101787498,101786553#1,101786553#2,-173532317#2,-101415865#2,-101415865#1,-101749449#1,101746514,-101746498#2,-101746498#1,-101746498#0,-47374680#5,47374664",5.847365918906163,c54bae2375894cab6d4e8059b1f6a789729d7fd8c97cc68dc48678bbd500b4e9,3595.8709265114408,30.68689655172415,10.324867949154978,39.99600000000001,0.3308880795027185,0.1140670120338469,0.0712668858564749,0.6871625760657298,0.9562952222566464,0.0,1.3904837248568276,0.5561934899427311,0.0,88.38044280779957,1.3904837248568276,0.5561934899427311,6.928222449752234,8.064805604169601,0.7333333333333334,0.4935830117360795,0.8205128205128205,0.7,3
71324347#1,100475365#1,"71324347#1,71324347#2,71324347#3,101418583,526438862#2,1200809292,868087112,526439431#0,526439431#1,623959719,619185406,619184994,1164659927#1,1164659928,1164659929,120512822,-133906979,-133906980,-282479126,-100468681#8,-100468681#7,100525438#0,100525438#1,100525438#2,659278038#0,659278038#1,659278038#2,659278038#3,100475365#0,100475365#1",3.450472378016369,93c0350e630613185b6265d222df3408951d4d9338790cff4f5167a7e8ad8a90,1872.5036227666144,32.32800000000001,10.063755876651006,39.99600000000001,0.1044675793095199,0.1240771094254657,0.1082304024470811,0.6543869702367664,1.023818829508803,1.0680887212623975,2.1361774425247955,1.0680887212623975,0.5340443606311989,101.78880493827522,1.6021330818935966,1.0680887212623975,4.341400697836608,16.021330818935965,0.3243243243243243,0.286608702398176,0.3589743589743589,1.0,0
71324347#1,100475365#1,"71324347#1,71324347#2,71324347#3,101418583,526438862#2,1200809292,868087112,526439431#0,526439431#1,687927789#0,416428068,697042776#2,42762428#1,42762428#4,1197063689,1164653914,1164659927#1,1164659928,1164659929,120512822,-133906979,-133906980,-282479126,-100468681#8,-100468681#7,100525438#0,100525438#1,100525438#2,659278038#0,659278038#1,659278038#2,659278038#3,100475365#0,100475365#1",3.419933524606034,c36f69097a1538335ae58cbddecd38c8a99957f3f5e97b06feb71fec89d2469d,1924.9765430538644,33.23011764705882,10.3649462971747,39.99600000000001,0.1682907314785829,0.2278970496411271,0.1052801507669993,0.5566058759128083,1.143203582345498,1.0389736992987535,3.116921097896261,1.5584605489481305,0.5194868496493769,100.88320181426084,2.597434248246884,1.0389736992987535,4.463059192903235,17.662552888078814,0.1666666666666666,0.1895971159129054,0.3,0.2,1
71324347#1,100475365#1,"71324347#1,71324347#2,71324347#3,101418583,526438862#2,1200809292,868087112,526439431#0,526439431#1,697042776#0,697042776#2,42762428#1,42762428#4,1197063689,1164653914,1164659927#1,1164659926,120512822,-133906979,-133906980,-282479126,-100468681#8,-100468681#7,100525438#0,100525438#1,100525438#2,659278038#0,659278038#1,659278038#2,659278038#3,100475365#0,100475365#1",3.2908885444829554,e63ab29599103458f76d74eb849399f9986cdba51f4439d244eaca1bf37b9486,1792.0575677811094,32.18175,9.750703924961424,39.99600000000001,0.1091571633833964,0.252541422789705,0.113088900892051,0.5159778363772664,1.1880662458815965,1.11603557606487,2.23207115212974,1.11603557606487,0.558017788032435,96.51861615661372,1.674053364097305,1.11603557606487,4.154886474309361,17.85656921703792,0.0,0.1990921761303598,0.3243243243243243,0.4,2
71324347#1,100475365#1,"71324347#1,71324347#2,71324347#3,101418583,526438862#2,1200809292,868087112,526439431#0,526439431#1,697042776#0,697042776#2,42762428#1,42762428#4,1197063689,282479127#0,101611060,372606529#8,1164659929,120512822,-133906979,-133906980,-282479126,-100468681#8,-100468681#7,100525438#0,100525438#1,100525438#2,659278038#0,659278038#1,659278038#2,659278038#3,100475365#0,100475365#1",3.736146647724252,48b0e64fd0b9aba940781ceebd10720064bbb5d9ba449c884ca645a66bd19313,2026.6738762089656,32.11527272727273,9.604734741498357,39.99600000000001,0.0965206701556975,0.2728130949216114,0.0999972531617869,0.5225033502770756,1.1600545963878512,0.9868385947428006,1.973677189485601,0.9868385947428006,0.4934192973714003,108.64626144266404,1.480257892114201,0.9868385947428006,4.698844516765707,16.282836813256207,0.1944444444444444,0.2241736820684189,0.3421052631578947,0.7,3
71324347#2,416373452,"71324347#2,71324347#3,71324347#4,71324347#5,-47374665#1,47374680#4,47374680#5,101746498#0,101746498#1,101746498#2,-101746514,101749449#1,-101749458#1,-101749458#0,-47374680#0,-283490977#0,-1323419243,-16648700,42762427,659281081#0,659281081#1,100525445,-416373452",4.272383457529155,0e00a54a957a64d4892da0765afa30f0829d1db01a248a8c2714bb2a2e9a889a,2385.001896700896,31.736347826086966,11.139324798407976,39.99600000000001,0.3665136157643587,0.2183535570896891,0.0,0.622137238352475,0.9203220516370858,0.8385737565938802,1.2578606348908203,0.4192868782969401,0.0,96.3485156190051,1.2578606348908203,0.4192868782969401,7.553705738571231,9.643598200829622,0.6666666666666667,0.6519991470067281,0.9032258064516128,0.25,0
71324347#2,416373452,"71324347#2,71324347#3,71324347#4,71324347#5,-47374665#1,47374680#4,47374680#5,47374680#6,47374680#7,47374680#8,-101411571#0,120509990,120509991,282689983#0,101418595,526439431#1,42762429,1323419246,-416373452",3.0635758308067595,958085726e25b47241bfdc653ff40e9be7a7985894756d9233a7cd8fd07819be,1487.0621501112616,32.10442105263158,12.281556390312309,39.99600000000001,0.1860355988754557,0.2690851163083413,0.0,0.4750884843826415,1.055578967936871,1.3449337002157982,2.017400550323697,0.6724668501078991,0.6724668501078991,94.25204165230656,2.017400550323697,0.0,4.70977818191489,12.776870152050083,0.782608695652174,0.8154998520958396,0.8857142857142857,0.9166666666666666,1
71324347#2,416373452,"71324347#2,71324347#3,71324347#4,71324347#5,47374666,659281081#0,659281081#1,100525445,-416373452",1.2467979997754497,82bc3f4ce4b539c12aa7726c07090c4da8bf96c9fa0ebdbd733fb0b9e26a76ea,632.2585391830244,26.672,9.993006754726029,29.988000000000007,0.1129282315749686,0.252383610510077,0.0,0.2552895799454613,1.0449133437763811,3.163262931307039,3.163262931307039,1.5816314656535195,0.0,61.70701707605629,3.163262931307039,1.5816314656535195,2.0024700870443044,14.234683190881675,0.0,0.7156174399718661,0.8709677419354839,0.75,2
71324347#2,416373452,"71324347#2,71324347#3,71324347#4,71324347#5,47374666,659281081#0,1323419244,1323419245,16648700,1323419243,-162276533#2,100488715#0,100488715#1,100488715#2,100488715#3,101418592,101418584#2,101418584#3,101418584#4,416373452",3.018306286315408,22dd992cf8b516d467b305b4a021a9d0d27dcb338eebab92305313e5ca809c3e,1812.391837258892,30.4974,9.442164450791434,29.988000000000007,0.2669786085578929,0.1631574978608944,0.1940416370145177,0.4710511237033258,1.2711539885051573,2.207028258331655,2.7587853229145685,1.655271193748741,0.0,138.31702164005182,2.7587853229145685,0.5517570645829137,7.14490871180355,11.035141291658274,0.7391304347826086,0.7048788064503794,0.9310344827586208,0.5,3
71324347#3,-101418584#0,"71324347#3,71324347#4,71324347#5,-47374665#1,-47374680#3,-47374680#2,101415865#0,-101749458#1,-101749458#0,-47374680#0,-283490977#0,-162276533#2,100488715#0,100488715#1,100488715#2,100488715#3,101418592,-101418584#1,-101418584#0",4.249957423962795,a6a1c6ed4c3b49068fb782941e750744ecc46ac6ee7871e528bb2d3109e020b3,2435.410967058709,32.62926315789474,11.94472194384572,39.99600000000001,0.284063676170789,0.0544447916518714,0.1444025192340308,0.6460128462713881,1.0092640758808016,0.0,1.6424332706487206,0.8212166353243603,0.0,90.24383305659224,1.6424332706487206,0.4106083176621801,3.484998221209316,7.801558035581423,0.8148148148148149,0.640895334471772,0.9111111111111112,0.4166666666666667,0
71324347#3,-101418584#0,"71324347#3,71324347#4,71324347#5,-47374665#1,47374680#4,47374680#5,47374680#6,47374680#7,47374680#8,-101411571#0,120509990,120509991,282689983#0,101418595,526439431#1,42762429,1323419246,-416373452,-101418584#4,-101418584#3,-101418584#2,-101418584#1,-101418584#0",3.758037084912848,6c68f666bcf32e53b957be4da08fa9a4b50fcbb195aa2d7c939af716d0b18b4d,2037.78297044231,32.16991304347827,10.852789561436367,39.99600000000001,0.1357585678522596,0.1963635467684605,0.0,0.6182245226347838,0.9293961174817722,0.981458785851906,1.472188178777859,0.4907293929259529,0.4907293929259529,104.23351433284938,1.472188178777859,0.0,2.916004782461378,11.28677603729692,0.6666666666666667,0.79557340867899,0.875,0.8333333333333334,1
71324347#3,-101418584#0,"71324347#3,71324347#4,71324347#5,47374666,659281081#0,659281081#1,100525445,-416373452,-101418584#4,-101418584#3,-101418584#2,-101418584#1,-101418584#0",1.941259253881538,24e257b65e2762de8d5b80e3ce469bd95839cef470a80ad3d9bfe8a23ccfadf3,1182.979359514073,28.459384615384614,8.000139306479417,29.988000000000007,0.0603559463264351,0.1348896678640151,0.0,0.6041781812950561,0.9252222221624572,1.6906465729220592,1.6906465729220592,0.8453232864610296,0.0,58.61602902383971,1.6906465729220592,0.8453232864610296,1.692807094735603,10.989202723993383,0.0,0.7184248336039742,0.8974358974358975,0.6666666666666666,2
71324347#3,-101418584#0,"71324347#3,71324347#4,71324347#5,-47374665#1,-47374680#3,-47374680#2,-47374680#1,-47374680#0,-283490977#0,-162276533#2,100488715#0,100488715#1,100488715#2,100488715#3,101418592,-101418584#1,-101418584#0",4.009324583353549,e84128a6fd80b5e695e8988916ca627bdb5fd7cf5823be749618cb278cd87c00,2236.576949455538,30.58517647058824,10.878249469901478,39.99600000000001,0.2437052098591253,0.0592849902707227,0.1572400534214018,0.6145430200385341,1.058006231811225,0.0,1.7884472970955645,0.8942236485477822,0.0,88.37496468834661,1.7884472970955645,0.4471118242738911,3.200472854839702,7.600901012656149,0.8,0.6250870564822515,0.9069767441860466,0.1666666666666666,3
71324347#5,-1047412913,"71324347#5,-47374665#1,47374680#4,47374680#5,47374680#6,47374680#7,47374680#8,-101411571#0,120511301,-282689981#1,-282689981#0,-679068326#3,416375814,71324343#1,101415864#0,101415864#1,-679068326#1,-679068326#0,-1006827381,101417074,71324343#8,71324343#9,71324343#11,659283000#7,659283000#8,659283000#9,659283000#11,1047412915,1047412911,1047412914,1047412913",3.7614670995683066,ebfc8f08672aa7dbe20831cfa0385ce5ab9b2d7f162da65d864b657a940b01fc,2285.357024691197,38.70696774193547,11.763804190492891,39.99600000000001,0.4576305337134302,0.1493514242617928,0.0,0.75001126628263,0.7308249049416093,0.8751367853651859,0.8751367853651859,0.0,0.8751367853651859,52.08997518451571,0.8751367853651859,0.0,1.7739267373069172,13.564620173160382,0.8269230769230769,0.4436377682032761,0.8529411764705882,0.25,0
71324347#5,-1047412913,"71324347#5,-47374665#1,47374680#4,47374680#5,47374680#6,47374680#7,47374680#8,-101411571#0,120511301,352797377,-282689986,-224715833,-224715836,-101749453,-1006827381,101417074,71324343#8,71324343#9,71324343#11,659283000#7,659283000#8,659283000#9,659283000#11,1047412915,1047412911,1047412914,1047412913",4.2402834353178696,b401156905e1913800c3c206db2902697870d16cd28ffbbbec7fa97ca6bdf482,2270.00355028757,37.03333333333334,11.71043668633307,39.99600000000001,0.2389623408853884,0.1503615827125398,0.0,0.7483204338503024,0.7338146501211,0.8810558907481157,0.8810558907481157,0.0,0.8810558907481157,56.66061773139974,0.8810558907481157,0.0,1.762009151362624,11.894254525099564,0.8125,0.4661393889438564,0.84375,0.5,1
71324347#5,-1047412913,"71324347#5,47374666,659281081#0,659281081#1,100525445,-416373452,101418587,464265154,120511142#1,75421017,619185406,120511930,42762428#1,42762428#4,1197063689,282479127#0,659283000#0,659283000#1,659283000#2,659283000#3,659283000#4,659283000#6,659283000#7,659283000#8,659283000#9,659283000#11,1047412915,1047412911,1047412914,1047412913",2.772633477177976,6e638ca7c23379ba273015adc2fdf2bdded845732bd116796bd20f287dd78c6b,1887.1230001871093,39.99839999999999,11.14617982987894,29.988000000000007,0.4029396701785651,0.5686817371192213,0.045566928307873,0.3005209303618878,1.0328890293114392,4.239257324088994,2.119628662044497,0.5299071655111243,0.5299071655111243,46.75358832446544,2.119628662044497,0.5299071655111243,1.464811804217373,15.89721496533373,0.0,0.8051501325930898,0.8421052631578947,0.9166666666666666,2
71324347#5,-1047412913,"71324347#5,47374666,-42762427,16648700,1323419243,120511145,47374680#0,47374680#1,47374680#2,47374680#3,47374680#4,47374680#5,47374680#6,47374680#7,47374680#8,-101411571#0,120511301,352797377,-282689986,-224715833,-224715836,-101749453,-1006827381,101417074,71324343#8,71324343#9,71324343#11,659283000#7,659283000#8,659283000#9,659283000#11,1047412915,1047412911,1047412914,1047412913",4.676478312448298,79ccd009beea33696714a2b07a79014aec7a12661ad01b27558ccf98d153e66c,2893.4711957642303,36.28079999999999,10.319296638137814,29.988000000000007,0.2332979176952757,0.242796016952997,0.0,0.7016166814221205,0.7529526811126819,1.3824226091677094,1.036816956875782,0.3456056522919273,0.6912113045838547,72.06119501092267,1.036816956875782,0.3456056522919273,2.2459536354006406,12.09619783021746,0.8181818181818181,0.5707764381433095,0.8767123287671232,0.6666666666666666,3
71324347#5,416428068,"71324347#5,-47374665#1,-47374680#3,-47374680#2,101415865#0,-101749449#1,101746514,-101746498#2,-101746498#1,-101746498#0,47374680#6,47374680#7,47374680#8,-101411571#0,120509990,120509991,282689983#0,282689983#1,71324342,416428068",3.742047294209157,3a3a6d133de7844f5476ae3225bac8f1fd1f459fcc35edc2e62399dc7dfdd9eb,2159.9264694329227,36.49680000000001,12.261350666562846,39.99600000000001,0.4261726611778423,0.0,0.0,0.8935185130766475,0.3390952089591031,0.0,0.4629787236518957,0.0,0.0,89.06650919494754,0.4629787236518957,0.0,6.170453274445068,9.259574473037915,0.935483870967742,0.6914625629325137,0.9411764705882352,0.5833333333333334,0
71324347#5,416428068,"71324347#5,47374666,-42762427,16648700,1323419243,120511145,47374680#0,47374680#1,47374680#2,47374680#3,47374680#4,47374680#5,47374680#6,47374680#7,47374680#8,-101411571#0,120509990,120509991,282689983#0,282689983#1,71324342,416428068",2.308620197279983,40203924ce9f6bfbfbc8c0c571f616ef57baca073a65abc3407c5aac597a5d12,1555.8459722263085,36.36000000000001,10.93433031459044,29.988000000000007,0.3404597972283417,0.2321579136774072,0.0,0.6644640791335492,0.8452470747011896,1.2854742922515252,1.2854742922515252,0.6427371461257626,0.0,86.51645204074109,1.2854742922515252,0.6427371461257626,4.444723007805213,14.140217214766777,0.90625,0.5680106341764828,0.9142857142857144,0.0833333333333333,1
71324347#5,416428068,"71324347#5,47374666,659281081#0,659281081#1,526438862#0,526438862#1,526438862#2,1200809292,868087112,526439431#0,526439431#1,687927789#0,416428068",1.255406341543304,0e562432fe5b698130c86df68af16c07d994ef39757714874ce4b338ce80a9e1,762.4760558958507,31.53323076923077,8.986663657459744,29.988000000000007,0.1683197640090149,0.620735571095402,0.0,0.1683197640090149,0.9241886109132996,2.623033188432592,2.623033188432592,1.311516594216296,1.311516594216296,61.81927537265159,2.623033188432592,0.0,2.1782328900408072,17.049715724811843,0.0,0.8573060040613781,0.9428571428571428,0.9166666666666666,2
71324347#5,416428068,"71324347#5,47374666,-42762427,16648700,1323419243,-162276533#2,-162276533#1,-162276533#0,-282689985#1,-282689985#0,-282690000,-120511144#4,-120511144#3,-120511144#2,-336860316#1,-336860316#0,101787498,101786553#1,101786553#2,-173532317#2,-101415865#2,-101415865#1,-101415865#0,47374680#2,47374680#3,47374680#4,47374680#5,47374680#6,47374680#7,47374680#8,-101411571#0,120509990,120509991,282689983#0,282689983#1,71324342,416428068",5.146898734036659,2db93ac05141916e7cf4ad45072fb76ca2eb5fa0ca1906d33576834a4bbd0d62,3579.2393245865264,37.56356756756756,10.652443800317322,29.988000000000007,0.451180199124702,0.1502949454053256,0.2047346893008139,0.6000333712803527,1.0554455838094758,0.558777946549031,1.9557228129216089,1.117555893098062,0.0,102.29956657327944,1.9557228129216089,0.558777946549031,10.225130032420005,10.337392011157077,0.9361702127659576,0.7103171015127766,0.94,0.6666666666666666,3
75421017,-100468675#0,"75421017,619185406,619184994,1164659927#1,1164659926,120512822,-133906979,-133906980,-282479126,-100468681#8,-100468681#7,100525438#0,100525438#1,100525438#2,659278036#0,-416412034,659278036#2,659278036#3,-100468675#3,-100468675#2,-100468675#1,-100468675#0",3.097773666702102,bfc50b2381bb5cf2eedfeb3b3987007a22c92f5c66b77a5cccf857861ef34d6f,1848.651539926008,33.62727272727275,7.901736675788842,20.016000000000005,0.0907785179614619,0.0,0.1096268368043874,0.8903731631956124,0.3457344373948894,0.0,1.0818696529904437,0.5409348264952218,0.0,43.79191323068724,0.5409348264952218,0.5409348264952218,1.776162085936729,11.90056618289488,0.7575757575757576,0.6975082272949517,0.9791666666666666,0.5833333333333334,0
75421017,-100468675#0,"75421017,-282689984#1,-282689984#0,-134065887,100475363,282479151#1,100475362,-659278038#3,-659278038#2,-659278038#1,-659278038#0,659278036#0,659278036#1,659278036#2,659278036#3,-100468675#3,-100468675#2,-100468675#1,-100468675#0",1.8011964613059046,884856aacc2e1e6e682759569190646cdbca2690da64763a08aac2d0314d32ea,1194.20979789404,36.30884210526317,9.558979729745444,20.016000000000005,0.1853186892546988,0.0,0.0,1.0,-0.0,0.0,0.0,0.0,0.0,24.422242434108394,0.0,0.0,1.1473823594458772,15.910102256325516,0.0,0.6890650936414172,0.9761904761904762,0.4166666666666667,1
75421017,-100468675#0,"75421017,619185406,619184994,1164659927#1,1164659928,1164659929,120512822,-133906979,-133906980,-282479126,-100468681#8,-100468681#7,100525438#0,100525438#1,100525438#2,659278036#0,659278036#1,659278036#2,659278036#3,-100468675#3,-100468675#2,-100468675#1,-100468675#0",2.8662010376504816,99af44f5dcc68ff185152540ac7a872a076e93a44420295e466b93cb6adb00e6,1743.234041390164,33.46904347826089,7.757268611837903,20.016000000000005,0.0962681103266139,0.0,0.1162562317300967,0.8837437682699033,0.359398826049355,0.0,1.1472928777854032,0.5736464388927016,0.0,46.15877373598338,0.5736464388927016,0.5736464388927016,1.6748782257555124,13.193868094532135,0.7272727272727273,0.7197421154476478,0.979591836734694,0.6666666666666666,2
75421017,-100468675#0,"75421017,619185406,619184994,1164659927#1,1164659926,120512822,-133906979,-133906980,-282479126,-100468681#8,-100468681#7,-100468681#6,-100468681#5,-100468681#4,-100468681#3,-101600741#4,-101600741#3,-101600741#2,-101600741#1,-101600741#0,-100468675#3,-100468675#2,-100468675#1,-100468675#0",2.747403597868233,7e334b047dbe699ea1783329478800366c9a16d94a6ebb5f0014700d80cb8cf0,1756.110511065118,36.66,9.638572941459028,20.016000000000005,0.210573973247665,0.0,0.2304155341485545,0.7695844658514456,0.539777948781799,0.0,1.138880490378113,0.5694402451890564,0.0,47.62601655397836,0.5694402451890564,0.5694402451890564,1.6872497823974322,13.666565884537356,0.868421052631579,0.6934938898712327,0.9791666666666666,0.5,3
75421017,-1323419243,"75421017,619185406,120511930,-42762428#0,-697042776#1,687927789#0,-71324342,71223791#0,71223791#1,101411570,282689981#1,-120511301,101411571#0,-47374680#8,-47374680#7,-47374680#6,-47374680#5,-47374680#4,47374665#0,47374666,-42762427,16648700,1323419243",3.802388897974157,8fc1a64ba0116ec52ef39d907ff45b4be3636394e9fc1c41511d6fb9b0ff8856,1977.3105808618875,33.03704347826088,10.198081688944614,39.99600000000001,0.1898531972837805,0.1495702818958091,0.0434885643610838,0.6837674382242066,0.9384007199393734,0.5057374444252006,2.528687222126003,1.0114748888504013,0.5057374444252006,74.00362717465728,2.528687222126003,0.5057374444252006,3.4563877738759023,11.631961221779614,0.7407407407407407,0.664933294171611,0.8913043478260869,0.5,0
75421017,-1323419243,"75421017,619185406,120511930,-42762428#0,-697042776#1,42762429,1323419246,184568063,1323419245,16648700,1323419243",2.035554221688676,2087eb53bfe66a680c6353154637a238fd3eb979cfe762c389e296ef1c77cc0a,1165.3788241134275,29.988,0.0,0.0,0.0,0.7403861129265469,0.0737875072709359,0.1858263798025171,0.7276149205036957,0.8580900727802043,1.7161801455604089,0.0,0.8580900727802043,63.65946410090537,1.7161801455604089,0.0,2.0371109923681114,9.438990800582248,0.0,0.6862048077830215,0.8611111111111112,0.5833333333333334,1
75421017,-1323419243,"75421017,619185406,120511930,-42762428#0,-697042776#1,687927789#0,-71324342,71223791#0,71223791#1,101411570,282689981#1,-120511301,120509990,71324347#0,71324347#1,71324347#2,71324347#3,71324347#4,71324347#5,47374666,-42762427,16648700,1323419243",3.38104896336976,09b2a398695c52397e75dcbb2b3720f324af9b5ffb0b39599c0a0d99f6c1123e,1943.5817595330816,31.30434782608696,10.994695045622915,29.988000000000007,0.2578573758353354,0.1521659171395638,0.0442432627471881,0.6032728790690851,1.051414874906796,0.5145139869187885,2.572569934593943,1.029027973837577,0.5145139869187885,73.09882228691777,2.572569934593943,1.029027973837577,3.397428960426721,11.833821699132136,0.7407407407407407,0.598367457728313,0.8611111111111112,0.0833333333333333,2
75421017,-1323419243,"75421017,619185406,120511930,-42762428#0,-697042776#1,42762429,1323419246,184568063,1323419245,42762427,659281081#0,659281081#1,526438862#0,526438862#1,526438862#2,101418589,625955757,71324347#2,71324347#3,71324347#4,71324347#5,-47374665#1,-47374680#3,-47374680#2,-47374680#1,-47374680#0,-283490977#0,-1323419243",4.961626900191633,ffb962605e5c3a6a678eba55c7b35766f350c59ccf1c2fbe00105fc7e4c473eb,2260.8538585958213,27.13757142857143,8.093221184599935,39.99600000000001,0.058648391705666,0.4956173576646882,0.0380344789340216,0.2423755708356683,1.150869556700398,1.3269322953334322,2.211553825555721,0.4423107651111441,0.4423107651111441,117.1838690555944,2.211553825555721,0.0,4.011914978206279,12.384701423112034,0.7,0.7228988147151341,0.8913043478260869,0.8333333333333334,3
75421017,-372606529#4,"75421017,619185406,120511930,-42762428#0,-697042776#1,687927789#0,-71324342,71223791#0,71223791#1,-679068326#3,416375814,71324343#1,71324343#2,71324343#3,-463830227,416376585#0,416376585#1,-1164659923,-659283000#0,101611060,-372606529#7,-372606529#6,-372606529#5,-372606529#4",2.4572377114992863,d23cbf46a475e07fefeab48401ff6c434ae891a3d2d20d4f2bd8d0098e4e64f3,1662.975690869504,34.158,8.303659957853055,20.016000000000005,0.1981379581458284,0.0615413699728047,0.0517087525270458,0.8867498775001494,0.4313286317708971,0.0,3.006658502257299,1.2026634009029196,0.6013317004514598,87.80011874524583,3.006658502257299,0.6013317004514598,2.787021419743482,14.431960810835037,0.7857142857142857,0.5210115940788911,0.7857142857142857,0.5555555555555556,0
75421017,-372606529#4,"75421017,619185406,619184994,1164659927#1,1164659928,-372606529#8,-372606529#7,-372606529#6,-372606529#5,-372606529#4",0.9960584233693478,de798953989fede1ce8c8641e855598f45ed7fa7614839f1937baab396adf23c,643.3567866131206,29.988,0.0,0.0,0.0,0.0,0.0,1.0,-0.0,0.0,0.0,0.0,0.0,23.86156189641452,0.0,0.0,1.0782172912525194,15.543474799797908,0.0,0.6932351532567049,0.7931034482758621,1.0,1
75421017,-372606529#4,"75421017,619185406,120511930,42762428#1,42762428#4,71324344,416376587,1164659921,416376585#0,416376585#1,-1164659923,-659283000#0,101611060,-372606529#7,-372606529#6,-372606529#5,-372606529#4",1.4642009143470205,8dd40b2b7be35c0584958745c1c75d53bb3101918357bd99b0a12791a45fd5b8,1022.465683325868,33.52023529411765,7.865339721917706,20.016000000000005,0.1788559103552269,0.1785125395080685,0.0841010117600773,0.7373864487318541,0.7404460250554158,0.0,4.890139670737937,1.9560558682951747,0.0,68.59201674636869,4.890139670737937,0.0,1.7135751147943057,16.626474880508987,0.7142857142857143,0.5201893104626771,0.7142857142857143,0.4444444444444444,2
75421017,-372606529#4,"75421017,619185406,120511930,42762428#1,1164653913,463830226#0,71324343#0,71324343#1,71324343#2,71324343#3,-463830227,416376585#0,416376585#1,-1164659923,-659283000#0,101611060,-372606529#7,-372606529#6,-372606529#5,-372606529#4",2.12392079942128,be37d72c8b9cdc1f9beb6a8121a834a1a723610397eddd13822920ffc9d5da6f,1357.6672844890786,32.99040000000001,7.332812531426987,20.016000000000005,0.050316263508379,0.1161346414162522,0.063336871588553,0.820528486995195,0.5871091080263047,0.0,3.682787423047919,1.4731149692191676,0.0,69.24432041824824,3.682787423047919,0.0,2.275347633480803,14.731149692191677,0.75,0.5119967722806928,0.75,0.2222222222222222,3
75421017,101606547#1,"75421017,-282689984#1,-282689984#0,-134065887,100475363,282479151#1,282479151#2,282479151#3,282479151#4,100488713,-100488715#7,-100488715#6,-100488715#5,-100488715#4,-100488715#3,101605951#0,101605951#1,-101606546,101606547#1",1.5397107150995748,3318ac3453722772c2d77b403d78b0feb8a6a8ad1b7e3ec3296ba13cf30b3e62,1123.7173924159824,43.68315789473685,9.558979729745442,20.016000000000005,0.4237349182765074,0.0,0.0,1.0,-0.0,0.0,0.0,0.0,0.0,62.92587542847424,0.0,0.0,1.8083022968372928,16.908165814849735,0.0,0.7139148813596143,0.9230769230769232,0.4583333333333333,1
75421017,101606547#1,"75421017,619185406,120511930,-42762428#0,-697042776#1,42762429,1323419246,-416373452,-101418584#4,-101418584#3,-101418584#2,-101418592,100488715#4,120829754,-101605951#4,-101605951#3,-101605951#2,-101606546,101606547#1",2.81063683425108,9dc41d03f51f38b99ded8db9a603d3d89b34ee163af5a5ad4ba43322875802ba,1464.181119674699,36.31073684210527,11.65265627725239,39.99600000000001,0.306409025496978,0.2756544200440807,0.0587293452307109,0.5435042365894387,1.1098605075545611,1.365951229069492,3.41487807267373,1.365951229069492,0.682975614534746,72.28324477299041,3.41487807267373,0.682975614534746,2.356181455909536,12.976536676160174,0.9142857142857144,0.7263874146839598,0.9142857142857144,0.75,2
75421017,101606547#1,"75421017,619185406,120511930,-42762428#0,-697042776#1,42762429,1323419246,184568063,76867740,1323419243,120511145,283490977#1,120511144#0,120511144#1,120511144#2,120511144#3,120511144#4,71223798,282689985#0,282689985#1,162276533#0,162276533#1,100488715#0,100488715#1,100488715#2,101605951#0,101605951#1,-101606546,101606547#1",4.432799455275273,0c2327257234e3310607bc9f8761bac4e3166e01b8685c415df687d0cf0c80b5,3084.099735069863,39.65089655172414,10.17908931635561,20.016000000000005,0.4515371366860743,0.4794250053506541,0.0683631742595359,0.4522118203898096,0.8947481924647677,1.2969749176770349,2.269706105934811,0.972731188257776,0.3242437294192586,103.45399645380142,1.6212186470962937,0.3242437294192586,4.962977944669568,9.403068153158502,0.8837209302325582,0.7301702581384344,0.9333333333333332,0.8333333333333334,3
76867740,-101746498#2,"76867740,1323419243,120511145,47374680#0,47374680#1,101415865#0,-101749449#1,101746514,-101746498#2",2.1635544066438666,ea0dbf62a830fcd9b6dd84972d4d6aad3ed734c4d90e3f3f1b6c56f407130a36,1690.4610004501058,34.43600000000001,8.826226373711476,20.016000000000005,0.3880536092851077,0.083587933244962,0.0,0.916412066755038,0.2874460630892532,1.1831092225537745,1.1831092225537745,0.5915546112768871,0.0,72.41342734109026,0.5915546112768871,0.5915546112768871,3.4105059485439626,5.323991501491984,0.3636363636363636,0.7842828717984741,0.9772727272727272,0.5,0
76867740,-101746498#2,"76867740,1323419243,120511145,47374680#0,101749458#0,101749458#1,-101749449#1,101746514,-101746498#2",1.3801458092236174,086aea0b1f621d40a133b2befaf161561258ea6d3b3098dfd0002866df51eb0d,1328.044432931811,38.884,10.549358274321715,20.016000000000005,0.6044495275391163,0.106398654860436,0.0,0.8936013451395639,0.3389189728679574,1.5059737087145268,1.5059737087145268,0.7529868543572634,0.0,56.4646628497353,0.7529868543572634,0.7529868543572634,2.679330334884184,6.776881689215371,0.0,0.7856679260422577,0.9772727272727272,0.5833333333333334,1
76867740,-101746498#2,"76867740,1323419243,120511145,283490977#1,-173532317#3,-173532317#2,-101415865#2,-101415865#1,-101415865#0,47374680#2,47374680#3,47374680#4,47374680#5,101746498#0,101746498#1,101746498#2",2.811576063110629,41f7baee5c7ab5ad191e5546287d3d50e40b743eaa7b31ea6f826e9c613b7e7d,2094.272127801666,34.992000000000004,8.95142732752716,20.016000000000005,0.2926552845616428,0.12636762572864,0.1704450452848678,0.7031873289864923,0.8105893737863661,0.9549857315340282,1.4324785973010423,0.9549857315340282,0.0,84.71498392729244,0.9549857315340282,0.9549857315340282,2.9636108576628826,7.639885852272226,0.8636363636363636,0.7084183635957203,0.9574468085106383,0.0833333333333333,2
76867740,-101746498#2,"76867740,1323419243,-162276533#2,100488715#0,100488715#1,100488715#2,100488715#3,101418592,101418584#2,101418584#3,101418584#4,416373452,184568063,1323419245,42762427,659281081#0,659281081#1,526438862#0,526438862#1,526438862#2,101418589,625955757,71324347#2,71324347#3,71324347#4,71324347#5,-47374665#1,-47374680#3,-47374680#2,101415865#0,-101749449#1,101746514,-101746498#2",6.43654313018255,7789ded003d323d546653deb70bc2bc352270009943a31021e56e972932365f4,3594.509781177109,29.389090909090907,9.978239637968578,39.99600000000001,0.2802228849229596,0.162557625646608,0.0978379529957208,0.5987314425794988,1.1059519063802867,1.112808211274391,1.669212316911586,0.834606158455793,0.0,105.65016237103816,1.3910102640929884,0.0,7.25192535500071,9.180667743013723,0.8648648648648649,0.8572069510144534,0.9591836734693876,0.75,3
76867740,416428068,"76867740,1323419243,120511145,283490977#1,120511144#0,120511144#1,-336860316#1,101784793,336860317#0,-336860318,-101767908#0,101784499#1,479315694,101787498,101786553#1,101786553#2,-173532317#2,-101415865#2,-101415865#1,-101749449#1,101746514,-101746498#2,-101746498#1,-101746498#0,47374680#6,47374680#7,47374680#8,-101411571#0,120509990,120509991,282689983#0,282689983#1,71324342,416428068",5.343509844542568,87a9b086c1bae84b2f098b18641b8fe2c4f4df1634ea2a3f8f9862def5fffebe,3785.156124348357,39.407294117647055,10.140914188451658,20.016000000000005,0.4766751917445317,0.1456934338739637,0.0677030258344827,0.7866035402915535,0.6517500589483839,0.5283797905018555,1.056759581003711,0.5283797905018555,0.0,102.32925862782692,0.7925696857527832,0.5283797905018555,7.833452004276075,8.982456438531543,0.9565217391304348,0.8708816038448055,0.9591836734693876,1.0,0
76867740,416428068,"76867740,-16648700,42762427,659281081#0,659281081#1,526438862#0,526438862#1,526438862#2,1200809292,868087112,526439431#0,526439431#1,687927789#0,416428068",1.6827519200624816,031ef54816e5179027a9501d6d19e471f72ef02056ba97f209d60ba993f7dd40,1064.2529083491263,32.84742857142857,7.268540576339252,20.016000000000005,0.120591439106326,0.6513450122818935,0.0,0.3486549877181065,0.6466100453866132,1.8792525576485464,1.8792525576485464,0.9396262788242732,0.9396262788242732,48.12233933647061,1.8792525576485464,0.0,2.202491470387987,13.154767903539828,0.0,0.7659184181617156,0.9565217391304348,0.6666666666666666,1
76867740,416428068,"76867740,-16648700,42762427,659281081#0,659281081#1,100525445,-416373452,101418587,464265154,120511142#1,75421017,619185406,120511930,-42762428#0,-697042776#1,687927789#0,416428068",2.311415509328281,a01ce966e37c2b4f8cf38398c813234e531c6e13da33da0edd3342ada1305524,1470.7793381699116,34.69764705882353,8.751742119009625,20.016000000000005,0.155403164191732,0.3036566286381169,0.058465873313574,0.637877498048309,0.814713837178523,4.079469873071368,3.3995582275594733,1.3598232910237893,0.6799116455118946,91.86584684260896,3.3995582275594733,1.3598232910237893,3.043805585804842,11.55849797370221,0.7083333333333333,0.7558564278014138,0.9591836734693876,0.4166666666666667,2
76867740,416428068,"76867740,-16648700,42762427,659281081#0,659281081#1,526438862#0,526438862#1,526438862#2,101418589,625955757,71324347#2,71324347#3,71324347#4,71324347#5,-47374665#1,47374680#4,47374680#5,47374680#6,47374680#7,47374680#8,-101411571#0,120509990,120509991,282689983#0,101418595,526439431#1,687927789#0,416428068",4.464616865076076,7171e26c1519e7a924471b418ba586e505d9c1ce3f6d10970018e022a1b727a0,2067.652320539068,30.711857142857152,12.148059950931614,39.99600000000001,0.1613358519757337,0.2684879202670671,0.0,0.4866114767197159,1.0481003969152694,1.9345612220516557,2.4182015275645687,0.9672806110258276,0.4836403055129138,80.4124043235663,2.4182015275645687,0.0,4.279045482506023,13.541928554361586,0.6451612903225806,0.7411808628000057,0.9347826086956522,0.0833333333333333,3
868087112,416373452,"868087112,526439431#0,526439431#1,42762429,1323419246,-416373452",0.8286114445778312,e4e6ff07c8ccff1db8724baa1b72de75a1b34e3b633dacc1a6d7a9c05a451937,555.4717155476492,33.324000000000005,8.171497781924685,20.016000000000005,0.1285391078062681,0.8714608921937319,0.0,0.1285391078062681,0.3836001451980196,1.800271682625789,1.800271682625789,1.800271682625789,1.800271682625789,84.18087505792295,1.800271682625789,0.0,2.671261956745208,10.801630095754732,0.0,0.8518518518518519,0.8518518518518519,0.75,1
868087112,416373452,"868087112,526439431#0,526439431#1,697042776#0,697042776#2,42762428#1,42762428#4,71324344,463830226#0,463830226#1,101411570,282689981#1,-120511301,120509990,71324347#0,71324347#1,71324347#2,71324347#3,71324347#4,71324347#5,47374666,659281081#0,659281081#1,100525445,-416373452",3.2616780760659534,abe13438eff7f1a20aec9ac0c3ed8f3cac1bd2c61ec0078e1b50b7d09fc9e428,1920.329993367815,30.398399999999995,9.777601546391631,29.988000000000007,0.2248905796085289,0.2716397097471468,0.0,0.5256168567464814,1.015630739163184,1.562231496857836,2.0829753291437814,1.562231496857836,0.5207438322859453,133.24801536445054,2.0829753291437814,1.041487664571891,9.23486167180044,13.018595807148635,0.8518518518518519,0.8518518518518519,0.8518518518518519,0.75,3
