origins,destinations,path,free_flow_time,cluster
0,0,-156460680#1 -156460680#0 -156460671 -37055902#2 -37055902#1 -37051625#2 -37051625#1 37052277#4 1237352048 1119245070 319058612#0 319058612#1 36288941#0 36288941#1 36288941#2 36936373#0 36936373#1 36936373#2 36936373#3 36936373#4 201772610 157574535 -36933126#2 -36933126#1 -36933126#0 -1239117024 -394443151#2 196288048 -394443151#0 394443143#0 394443143#1 394443143#2 1238948418#0 1238948418#1 509025806#1 509025806#2 1338884372 1338884371#4 1338884371#5 1338884371#6 1338884371#7 1338884371#8 1338884377 243836884#0 243836884#1 243836884#2 243836884#3 243836884#4 243836884#5,3.4205129245056667,0
0,0,-156460680#1 1024000539#1 1024000539#2 156460679 37052277#1 37052277#2 37052277#3 37052277#4 1237352048 1119245070 319058612#0 319058612#1 36288941#0 36288941#1 36288941#2 36936373#0 36936373#1 36936373#2 36936373#3 36936373#4 201772610 157574535 -36933126#2 -36933126#1 -36933126#0 -1239117024 -394443151#2 -394443151#1 -394443151#0 394443143#0 394443143#1 394443143#2 1238948418#0 1238948418#1 509025806#1 509025806#2 1338884372 1338884371#4 1338884371#5 1338884371#6 1338884371#7 1338884371#8 1338884377 243836884#0 243836884#1 243836884#2 243836884#3 243836884#4 243836884#5,3.3122137805140164,1
0,0,-156460680#1 1024000539#1 1024000539#2 156460679 37052277#1 37052277#2 37052277#3 37052277#4 1237352048 1119245070 319058612#0 319058612#1 36288941#0 36288941#1 36288941#2 36936373#0 36936373#1 153730938 -153730933#1 -153730933#0 36936373#3 36936373#4 201772610 157574535 -36933126#2 -36933126#1 -36933126#0 -1239117024 -394443151#2 196288048 -394443151#0 394443143#0 394443143#1 394443143#2 1238948418#0 1238948418#1 509025806#1 509025806#2 1338884372 1338884371#4 1338884371#5 1338884371#6 1338884371#7 1338884371#8 1338884377 243836884#0 243836884#1 243836884#2 243836884#3 243836884#4 243836884#5,3.5309644610200093,2
0,0,156460680#1 -156460680#1 1024000539#1 1024000539#2 156460679 37052277#1 37052277#2 37052277#3 37052277#4 1237352048 1119245070 319058612#0 319058612#1 36288941#0 36288941#1 36288941#2 36936373#0 36936373#1 153730938 -153730933#1 153730925#0 153730925#1 153730936#3 201772610 157574535 -36933126#2 -36933126#1 -36933126#0 -1239117024 -394443151#2 -394443151#1 -394443151#0 394443143#0 394443143#1 394443143#2 1238948418#0 1238948418#1 509025806#1 509025806#2 1338884372 1338884371#4 1338884371#5 1338884371#6 1338884371#7 1338884371#8 1338884377 243836884#0 243836884#1 243836884#2 243836884#3 243836884#4 243836884#5,3.656904734490624,3
1,1,165171783#1 165171783#2 1371061454 319058613#0 319058613#1 319058613#2 165170673#0 165170673#1 165170673#2 1338884371#8 1338884377 1338884376 1338884371#1 1338884371#2 1338884373 -509025806#2 -509025806#1 -509025806#0 -1238948418#0 509033674#0 509033674#1 394443151#0 394443151#1 394443151#2 153732964 -269702559 -36933151#0 36933113 39820664#9 36933223 36933282#0 36933282#1 -36288851#2 -36288851#1 -36288851#0 394446867#0 394446867#1 710476653#0 710476653#1 710476654 -36934835#1 -36934835#0 39820661#0 36936262#0 36936262#1 918716574#2 37051113#0 37051113#1 1119245072 37056055#1 319058606 37052930,3.806018535705016,0
1,1,165171783#1 165171783#2 1371061454 319058613#0 319058613#1 319058613#2 165170673#0 165170673#1 165170673#2 1338884371#8 1338884371#0 1338884371#1 1338884371#2 1338884373 -509025806#2 -509025806#1 -509025806#0 -1238948418#0 509033674#0 509033674#1 394443151#0 394443151#1 394443151#2 153732964 -269702559 -36933151#0 36933113 39820664#9 39820664#10 39820664#1 243836885 243836889 56080983 35801882#4 35802071#0 36285797#0 -36284844 394446867#0 394446867#1 710476653#0 710476653#1 710476654 -36934835#1 -36934835#0 36936220 37051113#0 37051113#1 1119245072 37056055#1 319058606 37052930,3.5600882188981435,1
1,1,165171783#1 165171783#2 1371061454 319058613#0 319058613#1 319058613#2 165170673#0 165170673#1 165170673#2 1338884371#8 1338884371#0 1338884371#1 1338884371#2 1338884373 -509025806#2 -509025806#1 -509025806#0 -1238948418#0 509033674#0 509033674#1 394443151#0 394443151#1 394443151#2 153732964 -269702559 -36933151#0 36933113 39820664#9 36933223 36933282#0 36933282#1 -36288851#2 -36288851#1 -36288851#0 394446867#0 394446867#1 710476653#0 710476653#1 710476654 -36934835#1 -36934835#0 39820661#0 36936262#0 36936262#1 918716574#2 37051113#0 37051113#1 1119245072 37056055#1 319058606 37052930,3.790739507802226,2
1,1,165171783#1 165171783#2 1371061454 319058613#0 319058613#1 319058613#2 165170673#0 165170673#1 165170673#2 1338884371#8 1338884371#0 1338884371#1 1338884371#2 1338884373 -509025806#2 -509025806#1 -509025806#0 -1238948418#0 509033674#0 509033674#1 394443151#0 394443151#1 394443151#2 153732964 -269702559 -36933151#0 36933113 39820664#9 36933223 36933282#0 36933282#1 36288851#3 36933307#0 36933306 36284386#1 36933240 394446867#1 710476653#0 710476653#1 710476654 -36934835#1 -36934835#0 36936220 37051113#0 37051113#1 1119245072 37056055#1 319058606 37052930,3.780450589908464,3
1,3,165171783#1 165171783#2 1371061454 319058613#0 319058613#1 319058613#2 165170673#0 165170673#1 165170673#2 1338884371#8 1338884377 243836884#0 243836884#1 243836884#2 243836884#3 243836884#4 243836884#5 39820657#0 39820657#1 719004331 1371061469#0 1371061469#1 698024152#0 698024152#1 165170684#0 165170684#1 1238426242 165172166 165172165#0 165172165#1 165172165#2 1238426243 698024160 -1239117045 -36936749#5 -36936749#4 -36936749#3 -36936749#2 -36936749#1 -36936749#0 319058644 698026761 37088673#0 -153730010#2,2.400594805700872,0
1,3,-165171783#1 -165171783#0 -698024152#1 -698024152#0 1371061470#0 1371061470#1 1371061468 36936590#0 36936590#1 36936590#2 36936590#3 36936590#4 36936590#5 36936590#6 36936590#7 36936590#8 1239117013#1 1239117013#2 36936494#0 36936494#1 36936655#0 36936655#1 36936655#2 36936655#3 36936655#4 36936655#5 36936655#6 319779156#0 319779156#1 319058636 319058644 698026761 37088673#0 -153730010#2,1.2017312800394513,1
1,3,-165171783#1 -165171783#0 165170684#0 165170684#1 1238426242 165172166 165172165#0 165172165#1 165172165#2 1238426243 698024160 -1239117045 -36936749#5 -153730008#2 -153730008#1 -153730008#0 -36936749#3 -36936749#2 -36936749#1 -36936749#0 319058644 698026761 37088673#0 -153730010#2,1.6232380797474997,2
1,3,165171783#1 165171783#2 -165170681#1 -165170681#0 165170816 165170817 165170685#0 165170685#1 -698024153 165172166 165172165#0 165172165#1 165172165#2 1238426243 698024160 -1239117045 -36936749#5 -153730008#2 -153730008#1 -153730008#0 -36936749#3 -36936749#2 -36936749#1 -36936749#0 319058644 698026761 37088673#0 -153730010#2,2.221894187258899,3
1,60,165171783#1 165171783#2 1371061454 -165170994#6 165171448#0 165171448#1 165170815#1 319058613#2 165170673#0 165170673#1 165170673#2 1338884371#8 1338884377 243836884#0 243836884#1 243836884#2 243836884#3 243836884#4 243836884#5 39820657#0 39820657#1 719004331 1371061469#0 1371061469#1 698024152#0 698024152#1 165170684#0 -165172642#2 -165172642#1 -165172642#0,1.3289276443843088,0
1,60,-165171783#1 -165171783#0 165170684#0 -165172642#2 -165172642#1 -165172642#0,0.3942524598032157,1
1,60,165171783#1 165171783#2 1371061454 319058613#0 319058613#1 319058613#2 165170673#0 165170673#1 165170673#2 1338884371#8 1338884377 243836884#0 243836884#1 243836884#2 243836884#3 243836884#4 243836884#5 39820657#0 39820657#1 719004331 1371061469#0 1371061469#1 698024152#0 698024152#1 165170684#0 -165172642#2 -165172642#1 -165172642#0,1.213028916282557,2
1,60,165171783#1 165171783#2 -165170681#1 -165170681#0 165170816 -165170818#8 394443152#0 394443152#1 -394443149#0 165170685#1 -698024153 -1238426242 -165170684#1 -165172642#2 -165172642#1 -165172642#0,1.2252339812814974,3
1,114,-165171783#1 -165171783#0 165170684#0 165170684#1 1238426242 165172166 165172165#0 165172165#1 165172165#2 319058601 932857453 319058592#3 698024160 -1239117045 -36936749#5 -36936749#4 -36936749#3 -36936749#2 -36936749#1 -36936749#0 319058644 698026761 37088673#0 37088673#1 1239117016#0 1239117016#1 1239117016#2 -36950447#1 -36950447#0 36950586 -319058589#3 -319058589#2 -319058589#1 -319058589#0 -394456379 -36950439#1 -36950439#0 37088258#0 37088258#1 394456378 36950525 1119245069 406210869#0,3.4444082799208644,0
1,114,-165171783#1 -165171783#0 165170684#0 165170684#1 1238426242 165172166 165172165#0 165172165#1 165172165#2 1238426243 698024160 -1239117045 -36936749#5 -36936749#4 -36936749#3 -36936749#2 -36936749#1 -36936749#0 319058644 698026761 39820658#0 39820658#1 39820658#2 -508751758#2 -508751758#1 -508751758#0 -1162674260 37088542 710476024#1 157574536#0 157574536#1 157574536#2 157553237#0 157553237#1 36289599#0 36289599#1 -878854448 -878854447 878854446 48955689#0 48955689#1 1119245069 406210869#0,1.7373753898067996,1
1,114,-165171783#1 -165171783#0 165170684#0 165170684#1 1238426242 165172166 165172165#0 165172165#1 165172165#2 1238426243 698024160 -1239117045 -36936749#5 -153730008#2 -153730008#1 -153730008#0 -36936749#3 -36936749#2 -36936749#1 -36936749#0 319058644 698026761 39820658#0 39820658#1 39820658#2 -508751758#2 -508751758#1 -508751758#0 -1162674260 37088542 710476024#1 157574536#0 157574536#1 157574536#2 157553237#0 157553237#1 36289599#0 36289599#1 157553231 48955689#0 48955689#1 1119245069 406210869#0,1.782890529873722,2
1,132,165171783#1 165171783#2 -165170681#1 -165170681#0 165170816 -165170818#8 394443152#0 394443152#1 -394443149#0 165170685#1 -698024153,0.8862371010319176,0
1,132,-165171783#1 -165171783#0 165170684#0 165170684#1 1238426242 698024153,0.2216822654187664,1
1,132,165171783#1 165171783#2 1371061454 319058613#0 319058613#1 319058613#2 165170673#0 165170673#1 165170673#2 1338884371#8 1338884377 243836884#0 243836884#1 243836884#2 243836884#3 243836884#4 243836884#5 39820657#0 39820657#1 719004331 1371061469#0 1371061469#1 698024152#0 698024152#1 165170684#0 165170684#1 1238426242 698024153,1.0404587218981076,2
1,132,165171783#1 165171783#2 1371061454 -165170994#6 165171448#0 165171448#1 -165170815#0 165170818#0 165170818#1 165170818#2 165170818#3 165170818#4 165170818#5 165170818#6 165170818#7 394443152#0 394443152#1 -394443149#0 165170685#1 -698024153,1.369618430525558,3
1,161,165171783#1 165171783#2 1371061454 -165170994#6 165171448#0 165171448#1 165170815#1 319058613#2 165170673#0 165170673#1 165170673#2 1338884371#8 1338884377 243836884#0 243836884#1,0.6836287894448191,0
1,161,-165171783#1 -165171783#0 -698024152#1 -698024152#0 1371061470#0 1371061470#1 1371061468 719004328 36936480#0 36936480#1 36936480#2 39820656#0 39820656#1 -243836884#5 -243836884#4 -243836884#3 -243836884#2 -243836884#1,0.3544001646384941,1
1,161,165171783#1 165171783#2 1371061454 319058613#0 319058613#1 -165170815#1 -165171448#1 -165171448#0 -165170994#5 -165170994#4 -165170994#3 -165170994#2 -165170994#1 -165170994#0 165170818#0 165170818#1 165170818#2 165170818#3 165170818#4 165170818#5 165170818#6 165170818#7 394443152#0 394443152#1 -394443149#0 165170685#1 -698024153 165172166 165172163 -165170684#1 -165170684#0 -698024152#1 -698024152#0 1371061470#0 1371061470#1 1371061468 719004328 36936480#0 36936480#1 36936480#2 39820656#0 39820656#1 -243836884#5 -243836884#4 -243836884#3 -243836884#2 -243836884#1,2.1257584559751868,3
2,2,319058604#2 -1339478328#0 -319058604#1 -319058604#0 332885552 -394446867#1 -394446867#0 36284844 -36285797#0 -35802071#0 35801882#1 -319058600#1 35801699#0 35801699#1 698018295#3 35802097#0 35802097#1 35802097#2 35802097#3 35802097#4 35802097#5 314422857 710476923 319058591 697627694#0 697627694#1 187827289 1119245073 155153634#0 155153634#1 155153634#2 1119243206 36292768#0 36292768#1 -394456359#1 -394456359#0 36292830#1 36292830#2 697704135 156460681#0 37054132 -156460683#5,4.265972494109235,0
2,2,319058604#2 1339478328#1 698018295#1 698018295#2 698018295#3 35802097#0 35802097#1 35802097#2 35802097#3 35802097#4 35802097#5 314422857 710476923 319058591 697627694#0 697627694#1 187827289 1119245073 155153634#0 155153634#1 155153634#2 1119243206 36292768#0 36292768#1 36292768#2 36292830#1 36292830#2 697704135 156460681#0 37054132 -156460683#5,3.367568366439448,1
2,2,319058604#2 1339478328#1 -215094374 698018295#2 698018295#3 35802097#0 35802097#1 35802097#2 35802097#3 35802097#4 35802097#5 710478629#0 710478629#1 36287006 13937774#0 13937774#1 710476923 319058591 697627694#0 697627694#1 187827289 1119245073 155153634#0 155153634#1 155153634#2 1119243206 36292768#0 36292768#1 -394456359#1 -394456359#0 36292830#1 36292830#2 697704135 156460681#0 37054132 -156460683#5,3.6210480880617175,2
2,2,319058604#2 1339478328#1 -215094374 698018295#2 698018295#3 35802097#0 35802097#1 35802097#2 35802097#3 35802097#4 35802097#5 710478629#0 710478629#1 710478296 1237369283 13937774#0 13937774#1 710476923 319058591 697627694#0 697627694#1 187827289 1119245073 155153634#0 155153634#1 155153634#2 1119243206 36292768#0 36292768#1 36292768#2 36292830#1 36292830#2 697704135 156460681#0 37054132 -156460683#5,3.7796154026765487,3
3,3,-1119245057#1 -1119245057#0 1119245060#2 -156460680#1 -1024000539#0 319058602#1 36294383#0 36294383#1 36294383#2 36294383#3 36294383#4 36294383#5 36294383#6 36294383#7 36294383#8 36294383#9 36294383#10 406210870 36295293#0 37066008 -37055563#2 -37055563#1 332885734#0 332885734#1 332885734#2 37055217#1 -859785184 36950447#0 36950447#1 -1239117016#2 -1239117016#1 -1239117016#0 -37088673#1 -153730010#2,3.997432205423568,0
3,3,-1119245057#1 -1119245057#0 1119245060#2 1119245061 319058602#0 319058602#1 -270968314 -394456356#1 -394456356#0 319058589#0 319058589#1 319058589#2 319058589#3 -859785184 36950447#0 36950447#1 -1239117016#2 -1239117016#1 -1239117016#0 -37088673#1 -153730010#2,1.8452243820494365,1
3,3,1119245057#1 -1119245057#1 -1119245057#0 1119245060#2 -156460680#1 -1024000539#0 319058602#1 -270968314 -394456356#1 -394456356#0 319058589#0 319058589#1 319058589#2 319058589#3 -859785184 36950447#0 36950447#1 -1239117016#2 -1239117016#1 -1239117016#0 -37088673#1 -153730010#2,2.1230261579073675,2
3,3,-1119245057#1 -1119245057#0 -1119245060#1 -1119245060#0 37049908 -1024000539#2 -1024000539#1 -1024000539#0 319058602#1 36294383#0 37055563#0 332885734#0 332885734#1 332885734#2 37055217#1 -859785184 36950447#0 36950447#1 -1239117016#2 -1239117016#1 -1239117016#0 -37088673#1 -153730010#2,2.379487640988721,3
3,78,-1119245057#1 -1119245057#0 1119245060#2 1119245061 319058602#0 1024000539#0 1024000539#1 1024000539#2 -37049908 -36293459#10 37051872#0 37051872#1 -476687231#2 -476687231#1 -476687231#0 -1119245056 -37054066,1.207481401487881,0
3,78,-1119245057#1 -1119245057#0 -1119245060#1 -1119245060#0 -36293459#10 37051872#0 37051872#1 -476687231#2 -476687231#1 -476687231#0 -1119245056 -37054066,0.6209563234941206,1
3,78,1119245057#1 -1119245057#1 -1119245057#0 1119245060#2 -156460680#1 1024000539#1 1024000539#2 -37049908 -36293459#10 -36293459#9 -36293459#8 -36293459#7 -36293459#6 -36293459#5 -36293459#4 -36293459#3 37054066,0.8247240220782338,2
3,78,1119245057#1 -476687231#3 -476687231#2 -476687231#1 -476687231#0 -1119245056 -37054066,0.3412526997840173,3
3,145,-1119245057#1 -1119245057#0 -1119245060#1 -1119245060#0 -36293459#10 37051872#0 37051872#1 -476687231#2 -476687231#1 -476687231#0 -1119245056 -37054066 36293459#3 36293459#4 36293459#5 36293459#6 36293459#7 36293459#8 -37052381#2 -37052381#1 -37052381#0 -1024000539#3 156460679 37052277#1 37052277#2 37052277#3 -37051625#0 -156480737#2 -156480737#1 394456380 37050590 918716574#1 918716574#2 -36936220 36934835#0 36934835#1 36934835#2 332885553 1339478330 -36285797#2 -36285797#1 -36285797#0 -35802071#0 35801882#1 35801882#2 56080984 -550211682 319058640,2.9000867988114907,0
3,145,-1119245057#1 -1119245057#0 -1119245060#1 -1119245060#0 37049908 156460679 37052277#1 37052277#2 37052277#3 -37051625#0 -156480737#2 -156480737#1 394456380 37050590 918716574#1 918716574#2 -36936220 36934835#0 36934835#1 36934835#2 -710476653#1 -710476653#0 -394446867#1 -394446867#0 -35802071#2 -35802071#1 -35802071#0 35801882#1 35801882#2 56080984 -550211682 319058640,1.9886877107385368,1
3,145,-1119245057#1 -1119245057#0 -1119245060#1 -1119245060#0 37049908 156460679 37052277#1 37052277#2 37052277#3 -37051625#0 -156480737#2 -156480755 37050515#2 156480737#0 394456380 37050590 918716574#1 918716574#2 -36936220 36934835#0 36934835#1 36934835#2 332885553 1339478330 -36285797#2 36284751 -394446867#0 36284844 -36285797#0 -35802071#0 35801882#1 35801882#2 56080984 -550211682 319058640,2.3746128367284567,2
3,145,-1119245057#1 -1119245057#0 1119245060#2 -156460680#1 1024000539#1 1024000539#2 156460679 37052277#1 37052277#2 37052277#3 -37051625#0 -156480737#2 -156480737#1 394456380 37050590 918716574#1 918716574#2 -36936220 36934835#0 36934835#1 36934835#2 332885553 1339478330 -36285797#2 -36285797#1 -36285797#0 -35802071#0 35801882#1 35801882#2 56080984 -550211682 319058640,2.218061360846528,3
4,3,37050051 1119245067 37055902#0 37055902#1 37055902#2 156460671 1119245064 -1024000539#0 319058602#1 36294383#0 36294383#1 36294383#2 36294383#3 36294383#4 36294383#5 36294383#6 36294383#7 36294383#8 36294383#9 36294383#10 406210870 36295293#0 37066008 -37055563#2 -37055563#1 332885734#0 332885734#1 332885734#2 37055217#1 -859785184 36950447#0 36950447#1 -1239117016#2 -1239117016#1 -1239117016#0 -37088673#1 -153730010#2,4.141156707463403,0
4,3,37050051 1119245067 37055902#0 37055902#1 37055902#2 156460671 1119245064 156460680#1 1119245061 319058602#0 319058602#1 -270968314 -859784039#1 -859784039#0 -36950518#1 -36950518#0 36950439#0 36950439#1 394456379 319058589#0 319058589#1 319058589#2 319058589#3 -859785184 36950447#0 36950447#1 -1239117016#2 -1239117016#1 -1239117016#0 -37088673#1 -153730010#2,2.163900887928966,1
4,3,37050051 1119245067 37055902#0 37055902#1 37055902#2 156460671 1119245064 1024000539#1 1024000539#2 -37049908 1119245060#0 1119245060#1 1119245060#2 1119245061 319058602#0 319058602#1 -270968314 -394456356#1 -394456356#0 319058589#0 319058589#1 319058589#2 319058589#3 -859785184 36950447#0 36950447#1 -1239117016#2 -1239117016#1 -1239117016#0 -37088673#1 -153730010#2,2.439752819774418,2
4,3,37050051 1119245067 37055902#0 -37051625#2 -37051625#1 -37052277#3 -37052277#2 -37052277#1 -37052277#0 -1024000539#2 -1024000539#1 -1024000539#0 319058602#1 36294383#0 37055563#0 332885734#0 332885734#1 332885734#2 37055217#1 -859785184 36950447#0 36950447#1 -1239117016#2 -1239117016#1 -1239117016#0 -37088673#1 -153730010#2,2.6114050875929924,3
5,4,153730016#1 153730022#3 -153730015#0 36936749#2 36936749#3 153730008#0 153730008#1 153730008#2 36936749#5 319779134 36936867 -165172165#2 -165172165#1 -165172165#0 165172163 -165170684#1 -165170684#0 165171783#0 165171783#1 165171783#2 1371061454 319058613#0 319058613#1 319058613#2 165170673#0 165170673#1 165170673#2 1338884371#8 1338884371#0 1338884371#1 1338884371#2 1338884373 -509025806#2 -509025806#1 -509025806#0 -1238948418#0 509033674#0 509033674#1 394443151#0 394443151#1 394443151#2,2.4368847808891347,0
5,4,153730016#1 153730022#3 -153730015#0 -36936749#1 -36936749#0 319058644 698026761 39820658#0 39820658#1 39820658#2 -508751758#2 -508751758#1 -508751758#0 -319058587#2 -319058587#1 -319058587#0 -319058586 -1088466838#1 -1088466838#0 -37088447#2 -37088447#1 -37088447#0 -36933126#2 -36933126#1 -36933126#0 -1239117024 -394443151#2,1.563303441575259,1
5,4,-153730016#1 153730016#1 153730022#3 -153730015#0 -36936749#1 -36936749#0 319058644 698026761 39820658#0 39820658#1 39820658#2 -508751758#2 -508751758#1 -508751758#0 -1162674260 37088542 710476024#1 1239117022#0 1239117022#1 153730936#0 153730936#1 153730936#2 153730936#3 201772610 157574535 -36933126#2 -36933126#1 -36933126#0 -1239117024 -394443151#2,1.7723851596822748,2
5,4,-153730016#1 153730016#1 153730022#3 -153730015#0 -36936749#1 -36936749#0 319058644 698026761 39820658#0 39820658#1 39820658#2 -508751758#2 -508751758#1 -508751758#0 -1162674260 37088542 710476024#1 1239117022#0 1239117022#1 153730936#0 153730936#1 -270968323#1 -270968324 153730925#1 153730936#3 201772610 157574535 -36933126#2 -36933126#1 -36933126#0 -1239117024 -394443151#2,1.8464432350362463,3
6,0,36950518#2 859784039#1 859784039#2 36294383#0 37055563#0 37055563#1 37055563#2 37066011 36295293#2 37066019 37066023 37066065#0 599886773#1 1339510606#0 1339510606#1 243957897#0 243957897#1 243957897#2 243957897#3 243957897#4 37055217#1 -859785184 36950447#0 36950447#1 -1239117016#2 -1239117016#1 -1239117016#0 -37088673#1 -37088673#0 39820658#0 39820658#1 39820658#2 508751757#0 508751757#1 508751757#2 36936541 36936727#0 36936727#1 36936727#2 36936727#3 36936727#4 36936727#5 36936727#6 36936727#7 319058652 1239117012#0 1239117012#1 1239117012#2 243704191#1 243704191#2 1239117012#4 1239117012#5 36936616#1 36936616#2 36936616#3 36936616#4 36936616#5 36936616#6 36936480#0 36936480#1 36936480#2 39820656#0 39820656#1 -243836884#5,4.960697149628569,0
6,0,36950518#2 859784039#1 -394456356#1 -394456356#0 319058589#0 319058589#1 319058589#2 319058589#3 -859785184 36950447#0 36950447#1 -1239117016#2 -1239117016#1 -1239117016#0 -37088673#1 -37088673#0 39820658#0 39820658#1 39820658#2 508751757#0 508751757#1 508751757#2 36936541 36936727#0 36936727#1 36936727#2 36936727#3 36936727#4 36936727#5 36936727#6 36936727#7 319058652 1239117012#0 1239117012#1 1239117012#2 1239117012#3 1239117012#4 1239117012#5 36936616#1 36936616#2 36936616#3 36936616#4 36936616#5 36936616#6 36936480#0 36936480#1 36936480#2 39820656#0 39820656#1 -243836884#5,2.608243756341077,1
6,0,36950518#2 859784039#1 859784039#2 36294383#0 37055563#0 332885734#0 332885734#1 332885734#2 37055217#1 -859785184 36950447#0 36950447#1 -1239117016#2 -1239117016#1 -1239117016#0 -37088673#1 -37088673#0 39820658#0 39820658#1 39820658#2 508751757#0 508751757#1 508751757#2 36936541 36936727#0 36936727#1 36936727#2 36936727#3 36936727#4 36936727#5 36936727#6 36936727#7 319058652 1239117012#0 1239117012#1 1239117012#2 243704191#1 243704191#2 1239117012#4 1239117012#5 36936616#1 36936616#2 36936616#3 36936616#4 36936616#5 36936616#6 36936480#0 36936480#1 36936480#2 39820656#0 39820656#1 -243836884#5,2.794738237322653,2
6,0,-859784039#0 -36950518#1 37051441#0 37051441#1 37051441#2 -37051625#2 -37051625#1 37052277#4 1237352048 1119245070 319058612#0 319058612#1 36288941#0 36288941#1 36288941#2 36936373#0 36936373#1 36936373#2 36936373#3 36936373#4 201772610 157574535 -36933126#2 -36933126#1 -36933126#0 -1239117024 -394443151#2 -394443151#1 -394443151#0 394443143#0 394443143#1 394443143#2 1238948418#0 1238948418#1 509025806#1 509025806#2 1338884372 1338884371#4 1338884374 1338884375 1338884371#6 1338884371#7 1338884371#8 1338884377 243836884#0 243836884#1 243836884#2 243836884#3 243836884#4 243836884#5,3.281907747750913,3
6,5,-859784039#0 -36950518#1 37051441#0 37051441#1 37051441#2 37055902#1 37055902#2 156460671 1119245064 -1024000539#0 -319058602#0 -1119245061 -1119245060#2 -1119245060#1 -1119245060#0,0.7500539956803455,0
6,5,36950518#2 859784039#1 859784039#2 -319058602#1 -319058602#0 -1119245061 -1119245060#2 -1119245060#1 -1119245060#0,0.2407787377009839,1
6,5,36950518#2 859784039#1 859784039#2 -319058602#1 1024000539#0 1024000539#1 1024000539#2 -37049908 1119245060#0,0.5753839692824574,2
6,5,-859784039#0 -36950518#1 -36950518#0 37088258#0 37050051 1119245067 37055902#0 37055902#1 37055902#2 156460671 1119245064 156460680#1 -1119245060#2 -1119245060#1 -1119245060#0,0.7553095752339812,3
6,10,-859784039#0 -36950518#1 -36950518#0 37088258#0 37050051 1119245067 37055902#0 -37051625#2 -37051625#1 37052277#4 37050515#0 37050515#1 37050515#2 156480737#0 394456380 37056002 1119245115 37056017 -159922662#1 37054401 37056055#1 319058606 37052930 698018294#0 698018294#1 1238956370 36935056 36935040#0 36935040#1 36935040#2 36935040#3 1238956371 187827287 1119245264#0 1119245264#1 319058598 37640683 187827276,2.633043951922021,0
6,10,-859784039#0 -36950518#1 37051441#0 37051441#1 37051441#2 -37051625#2 -37051625#1 -37051625#0 -156480737#2 -156480737#1 394456380 37050590 918716574#1 918716574#2 37051113#0 37051113#1 1119245072 37056055#1 319058606 37052930 698018294#0 698018294#1 1238956370 36935056 36935040#0 36935040#1 36935040#2 36935040#3 1238956371 187827287 1119245264#0 1119245264#1 319058598 37640683 187827276,2.266142587577681,2
6,10,-859784039#0 -36950518#1 37051441#0 37051441#1 37051441#2 -37051625#2 -37051625#1 -37051625#0 -156480737#2 -156480737#1 394456380 37056002 1119245115 37056017 -159922662#1 37054401 37056055#1 319058606 37052930 698018294#0 698018294#1 1238956370 36935056 36935040#0 36935040#1 36935040#2 36935040#3 1238956371 187827287 1119245264#0 187827277 187827278#0 156467655#0 156467655#1 187827271 319058598 37640683 187827276,2.5939510793518274,3
6,12,36950518#2 859784039#1 859784039#2 -319058602#1 -319058602#0 -1119245061 -156460680#1 -156460680#0 -156460671 -37055902#2 -37055902#1 -37051625#2 -37051625#1 37052277#4 1237352048 1119245070 319058612#0 319058612#1 36288941#0 36288941#1 36288941#2 36936373#0 36936373#1 36936373#2 36936373#3,1.3322005634688738,0
6,12,-859784039#0 -36950518#1 -36950518#0 37088258#0 37088258#1 394456378 36950525 1119245069 406210869#0 406210869#1 319058612#0 319058612#1 36288941#0 36288941#1 36288941#2 36936373#0 36936373#1 36936373#2 36936373#3,0.7187736376229416,1
6,12,-859784039#0 -36950518#1 -36950518#0 37088258#0 37088258#1 394456378 36950525 1119245069 406210869#0 406210869#1 319058612#0 319058612#1 36936407#0 36936407#1 36936380 -36936392#1 -36936392#0 36288941#1 36288941#2 36936373#0 36936373#1 36936373#2 36936373#3,1.137441813233641,2
6,12,36950518#2 859784039#1 859784039#2 -319058602#1 1024000539#0 -156460680#0 -156460671 -37055902#2 -37055902#1 -37051625#2 -37051625#1 37052277#4 1237352048 1119245070 319058612#0 319058612#1 36288941#0 36288941#1 36288941#2 36936373#0 36936373#1 36936373#2 36936373#3,1.266877789290808,3
6,14,-859784039#0 -36950518#1 -36950518#0 37088258#0 37088258#1 394456378 157555049 1119245067 37055902#0 37055902#1 37055902#2 156460671 1119245064 -1024000539#0 319058602#1 36294383#0 36294383#1 36294383#2 36294383#3 36294383#4 36294383#5 36294383#6 36294383#7 36294383#8 36294383#9 36294383#10 406210870 36295293#0 37066008 -37055563#2 -37055563#1 332885734#0 332885734#1 332885734#2 37055217#1 -859785184 36950447#0 36950447#1 698026762,3.729031677465803,0
6,14,-859784039#0 -36950518#1 -36950518#0 36950439#0 36950439#1 394456379 319058589#0 319058589#1 319058589#2 319058589#3 -859785184 36950447#0 36950447#1 698026762,0.856485481161507,1
6,14,-859784039#0 -36950518#1 -36950518#0 37088258#0 37088258#1 394456378 157555049 1119245067 37055902#0 37055902#1 37055902#2 156460671 1119245064 -1024000539#0 319058602#1 -270968314 -394456356#1 -394456356#0 319058589#0 319058589#1 319058589#2 319058589#3 -859785184 36950447#0 36950447#1 698026762,1.787215022798176,2
6,14,36950518#2 859784039#1 859784039#2 36294383#0 37055563#0 37055563#1 37055563#2 37066011 36295293#2 37066019 37066023 37066065#0 599886773#1 1339510606#0 1339510606#1 243957897#0 243957897#1 243957897#2 243957897#3 243957897#4 37055217#1 -859785184 36950447#0 36950447#1 698026762,3.373242329632532,3
6,36,36950518#2 859784039#1 -394456356#1 -394456356#0 319058589#0 319058589#1 319058589#2 319058589#3 -859785184 36950447#0 36950447#1 -1239117016#2 -1239117016#1 -1239117016#0 -37088673#1 -37088673#0 39820658#0 39820658#1 39820658#2 508751757#0 508751757#1 508751757#2 36936541 697740912 319058636 36936749#0 36936749#1 36936749#2 36936749#3 36936749#4 -153730008#2 -153730020#3 -153730020#2 -319779154 -153730018 -153730020#0,2.466432895989384,0
6,36,36950518#2 859784039#1 -394456356#1 -394456356#0 319058589#0 319058589#1 319058589#2 319058589#3 -859785184 36950447#0 36950447#1 -1239117016#2 -1239117016#1 -1239117016#0 -37088673#1 -37088673#0 39820658#0 39820658#1 39820658#2 508751757#0 508751757#1 508751757#2 36936541 697740912 319058636 36936749#0 36936749#1 36936749#2 36936749#3 153730008#0 153730008#1 -153730020#3 -153730020#2 -153730020#1 -153730020#0,2.262164790993139,1
6,36,36950518#2 859784039#1 -394456356#1 -394456356#0 -394456379 607473249#0 607473249#1 -36950657#1 -36950657#0 -1339510610 319058608#0 319058608#1 -157553237#1 -157553237#0 -157553234 -157574536#1 -157574536#0 -710476024#1 -710476024#0 1162674260 508751758#0 508751758#1 508751758#2 508751757#0 508751757#1 508751757#2 36936541 697740912 319058636 36936749#0 36936749#1 36936749#2 36936749#3 153730008#0 153730013#0 -153730017 -153730014#0 -153730020#2 -153730020#1 -153730020#0,1.6623731595621762,2
6,36,36950518#2 859784039#1 859784039#2 36294383#0 37055563#0 332885734#0 332885734#1 332885734#2 37055217#1 -859785184 36950447#0 36950447#1 -1239117016#2 -1239117016#1 -1239117016#0 -37088673#1 -37088673#0 39820658#0 39820658#1 39820658#2 508751757#0 508751757#1 508751757#2 36936541 697740912 319058636 36936749#0 36936749#1 36936749#2 36936749#3 36936749#4 -153730008#2 -153730020#3 -153730020#2 -153730020#1 -153730020#0,2.4874012185235808,3
7,6,36936590#6 36936590#7 36936590#8 1239117013#1 243704191#0 243704191#1 -650145327 -650145330#3 -650145330#2 650145324#0 650145324#1 650145324#2 650145324#3 36936655#1 36936655#2 36936655#3 36936655#4 36936655#5 36936655#6 319779156#0 319779156#1 319058636 36936749#0 36936749#1 36936749#2 36936749#3 36936749#4 36936749#5 319779134 36936867 -165172165#2 -165172165#1 319058646#0 319058646#1,2.0060297984442075,0
7,6,36936590#6 36936590#7 36936590#8 1239117013#1 1239117013#2 36936494#0 36936494#1 719004330 319058652 1239117012#0 1239117012#1 1239117012#2 1239117012#3 1239117012#4 1239117012#5 36936616#1 36936616#2 36936616#3 36936616#4 36936616#5 36936616#6 36936480#0 36936480#1 36936480#2 39820656#0 39820656#1 39820657#0 39820657#1 719004331 1371061469#0 1371061469#1 698024152#0 698024152#1 165170684#0 165170684#1 1238426242 165172166 165172165#0 319058646#0 319058646#1,1.100187194745392,1
7,6,36936590#6 36936590#7 36936590#8 1239117013#1 243704191#0 1239117012#3 1239117012#4 1239117012#5 36936616#1 36936616#2 36936616#3 36936616#4 36936616#5 36936616#6 36936480#0 36936480#1 36936480#2 719004327 719004331 1371061469#0 1371061469#1 698024152#0 698024152#1 165170684#0 165170684#1 1238426242 165172166 165172165#0 319058646#0 319058646#1,0.8424433372062907,2
7,6,36936590#6 36936590#7 36936590#8 1239117013#1 1239117013#2 36936494#0 36936494#1 36936655#0 36936655#1 153732960#0 153732960#1 394443153#1 202422660#0 202422660#1 202422660#2 319779156#0 319779156#1 319058636 36936749#0 36936749#1 36936749#2 36936749#3 36936749#4 36936749#5 319779134 36936867 -165172165#2 -165172165#1 319058646#0 319058646#1,2.120529768959617,3
7,30,36936590#6 36936590#7 36936590#8 1239117013#1 243704191#0 243704191#1 243704191#2 1239117012#4 1239117012#5 36936616#1 36936616#2 36936616#3 36936616#4 36936616#5 36936616#6 36936480#0 36936480#1 36936480#2 719004327 719004331 1371061469#0 1371061469#1 698024152#0 698024152#1 165171783#0 165171783#1 165171783#2 -165170681#1 -165170681#0 165170816 165170817 165170685#0 165170685#1,1.3510940456896658,0
7,30,36936590#6 36936590#7 36936590#8 1239117013#1 243704191#0 243704191#1 243704191#2 1239117012#4 1239117012#5 36936616#1 36936616#2 36936616#3 36936616#4 36936616#5 36936616#6 36936480#0 36936480#1 36936480#2 39820656#0 39820656#1 39820657#0 39820657#1 719004331 1371061469#0 1371061469#1 698024152#0 698024152#1 165170684#0 165170684#1 1238426242 698024153 165170686 165170685#0 165170685#1,1.147971373811247,1
7,30,36936590#6 36936590#7 36936590#8 1239117013#1 243704191#0 1239117012#3 1239117012#4 1239117012#5 36936616#1 36936616#2 36936616#3 36936616#4 36936616#5 36936616#6 36936480#0 36936480#1 36936480#2 719004327 719004331 1371061469#0 1371061469#1 698024152#0 698024152#1 165170684#0 165170684#1 1238426242 698024153 165170686 165170685#0 165170685#1,1.1297723508851962,2
7,30,36936590#6 36936590#7 36936590#8 1239117013#1 243704191#0 1239117012#3 1239117012#4 1239117012#5 36936616#1 36936616#2 36936616#3 36936616#4 36936616#5 36936616#6 36936480#0 36936480#1 36936480#2 719004327 719004331 1371061469#0 1371061469#1 698024152#0 698024152#1 165171783#0 165171783#1 165171783#2 -165170681#1 -165170681#0 165170816 165170817 165170685#0 165170685#1,1.3416633996012988,3
7,204,36936590#6 36936590#7 36936590#8 1239117013#1 1239117013#2 36936494#0 36936494#1 36936655#0 36936655#1 153732960#0 153732960#1 394443153#1 202422660#0 202422660#1 202422660#2 319779156#0 319779156#1 319058636 36936749#0 36936749#1 36936749#2 36936749#3 36936749#4 36936749#5 319779134 36936867 -165172165#2 -165172165#1 -165172165#0 165172163 -165170684#1 -165172642#2,2.140832144769552,0
7,204,36936590#6 36936590#7 36936590#8 1239117013#1 1239117013#2 36936494#0 36936494#1 719004330 319058652 1239117012#0 1239117012#1 1239117012#2 243704191#1 243704191#2 1239117012#4 1239117012#5 36936616#1 36936616#2 36936616#3 36936616#4 36936616#5 36936616#6 36936480#0 36936480#1 36936480#2 719004327 719004331 1371061469#0 1371061469#1 698024152#0 698024152#1 165170684#0 -165172642#2,0.9589248179677576,1
7,204,36936590#6 36936590#7 36936590#8 1239117013#1 243704191#0 1239117012#3 1239117012#4 1239117012#5 36936616#1 36936616#2 36936616#3 36936616#4 36936616#5 36936616#6 36936480#0 36936480#1 36936480#2 719004327 719004331 1371061469#0 1371061469#1 698024152#0 698024152#1 165170684#0 -165172642#2,0.700518691177973,2
7,204,36936590#6 36936590#7 36936590#8 1239117013#1 243704191#0 1239117012#3 1239117012#4 1239117012#5 36936616#1 36936616#2 36936616#3 36936616#4 36936616#5 36936616#6 36936480#0 36936480#1 36936480#2 719004327 719004331 1371061469#0 1371061469#1 698024152#0 698024152#1 165171783#0 165171783#1 165171783#2 1371061454 319058613#0 319058613#1 -165170815#1 -165171448#1 -165171448#0 -165170994#5 -165170994#4 -165170994#3 -165170994#2 -165170994#1 -165170994#0 165170818#0 165170818#1 165170818#2 165170818#3 165170818#4 165170818#5 165170818#6 165170818#7 165170818#8 165170817 165170685#0 165170685#1 -698024153 -1238426242 -165170684#1 -165172642#2,2.370749072747448,3
8,7,1119245067 37055902#0 37055902#1 37055902#2 156460671 1119245064 -1024000539#0 -319058602#0 -1119245061 -1119245060#2 1119245057#0 1119245057#1 -476687231#3 -37051872#1 -37051872#0 -36293459#9 -36293459#8 -36293459#7,1.2667566594672428,0
8,7,1119245067 37055902#0 37055902#1 37055902#2 156460671 1119245064 156460680#1 -1119245060#2 -1119245060#1 -1119245060#0 -36293459#10 -36293459#9 -36293459#8 -36293459#7,0.6091312694984401,1
8,7,1119245067 37055902#0 37055902#1 37055902#2 156460671 1119245064 156460680#1 -1119245060#2 -1119245060#1 -1119245060#0 37049908 1024000539#3 37052381#0 37052381#1 37052381#2 -36293459#8 -36293459#7,0.9144888408927284,2
8,7,1119245067 37055902#0 37055902#1 37055902#2 156460671 1119245064 1024000539#1 1024000539#2 1024000539#3 37052381#0 37052381#1 37052381#2 -36293459#8 -36293459#7,0.7332193424526037,3
8,37,1119245067 37055902#0 37055902#1 37055902#2 156460671 1119245064 -1024000539#0 319058602#1 36294383#0 36294383#1 36294383#2 36294383#3 36294383#4 36294383#5 36294383#6 36294383#7 36294383#8 36294383#9 36294383#10 406210870 36295293#0 37066008 -37055563#2 -37055563#1 332885734#0 332885734#1 332885734#2 37055217#1 -319058589#3 -319058589#2 -319058589#1 -319058589#0 -394456379 -36950439#1 -36950439#0,3.2656527477801776,0
8,37,1119245067 37055902#0 37055902#1 37055902#2 156460671 1119245064 -1024000539#0 319058602#1 -270968314 -859784039#1 -859784039#0 -36950518#1 -36950518#0 36950439#0,0.7628749700023998,1
8,37,1119245067 37055902#0 37055902#1 37055902#2 156460671 1119245064 156460680#1 1119245061 319058602#0 319058602#1 -270968314 -394456356#1 -394456356#0 -394456379 -36950439#1 -36950439#0,1.075941924646028,2
8,37,1119245067 37055902#0 -37051625#2 -37051625#1 -37052277#3 -37052277#2 -37052277#1 -37052277#0 -1024000539#2 -1024000539#1 -1024000539#0 319058602#1 -270968314 -394456356#1 -394456356#0 -394456379 -36950439#1 -36950439#0,1.2777657787377006,3
8,91,1119245067 37055902#0 -37051625#2 -37051625#1 37052277#4 1237352048 37050033#0 -48956015 406210869#0 406210869#1 319058612#0 319058612#1 36288941#0 36936392#0 36936392#1 1109771198#0 1109771198#1 156480752 36934854#1 -918716575 918716573 156480737#0 156480737#1 156480737#2 156480737#3,1.7431255427623344,0
8,91,1119245067 37055902#0 -37051625#2 -37051625#1 -37051625#0 156480737#3,0.4737101031917446,1
8,91,1119245067 37055902#0 -37051625#2 -37051625#1 37052277#4 1237352048 1119245070 319058612#0 319058612#1 36288941#0 36936392#0 36936392#1 1109771198#0 1109771198#1 156480752 36934854#1 -918716575 918716573 156480737#0 156480737#1 156480737#2 156480737#3,1.396005312380765,2
8,91,1119245067 37055902#0 -37051625#2 -37051625#1 37052277#4 37050515#0 37050515#1 156480755 156480737#2 156480737#3,0.88080153587713,3
8,143,1119245067 37055902#0 -37051625#2 -37051625#1 -37051625#0 -156480737#2 -156480737#1 394456380 37056002 1119245115 37056017 -159922662#1 -159922662#0 -156460682#0 -37054319 -270968320 37052930 698018294#0 698018294#1 1238956370 36935056 36935040#0 36935040#1 36935040#2 36935040#3 1238956371 187827287 1119245264#0 1119245264#1 36936423#0 156467657 -156467656#0 36936423#2 36936423#3 36936423#4,2.6973968421061736,0
8,143,1119245067 37055902#0 -37051625#2 -37051625#1 -37051625#0 -156480737#2 -156480737#1 394456380 37050590 918716574#1 918716574#2 37051113#0 37051113#1 1119245072 37056055#1 319058606 37052930 698018294#0 698018294#1 1238956370 36935056 36935040#0 36935040#1 36935040#2 36935040#3 1238956371 187827287 1119245264#0 1119245264#1 36936423#0 36936423#1 36936423#2 36936423#3 36936423#4,2.466604550620638,2
8,143,1119245067 37055902#0 -37051625#2 -37051625#1 37052277#4 37050515#0 37050515#1 37050515#2 156480737#0 394456380 37056002 1119245115 37056017 -159922662#1 37054401 37056055#1 319058606 37052930 698018294#0 698018294#1 1238956370 36935056 36935040#0 36935040#1 36935040#2 36935040#3 1238956371 187827287 1119245264#0 1119245264#1 36936423#0 156467657 -156467656#0 36936423#2 36936423#3 36936423#4,2.6668512473383887,3
9,8,1239117013#2 36936494#0 36936494#1 36936655#0 36936655#1 36936655#2 36936655#3 36936655#4 36936655#5 36936655#6 319779156#0 319779156#1 319058636 36936749#0 36936749#1 36936749#2 36936749#3 36936749#4 36936749#5 319779134 36936867 -165172165#2 -165172165#1 -165172165#0 165172163 -165170684#1 -165170684#0 165171783#0 165171783#1,1.796862213219162,0
9,8,1239117013#2 36936494#0 36936494#1 719004330 319058652 1239117012#0 1239117012#1 1239117012#2 1239117012#3 1239117012#4 1239117012#5 36936616#1 36936616#2 36936616#3 36936616#4 36936616#5 36936616#6 36936480#0 36936480#1 36936480#2 719004327 719004331 1371061469#0 1371061469#1 698024152#0 698024152#1 165171783#0 165171783#1,0.7856311063071749,1
9,8,1239117013#2 36936494#0 36936494#1 36936655#0 -650145324#3 36936727#7 319058652 1239117012#0 1239117012#1 1239117012#2 243704191#1 243704191#2 1239117012#4 1239117012#5 36936616#1 36936616#2 36936616#3 36936616#4 36936616#5 36936616#6 36936480#0 36936480#1 36936480#2 719004327 719004331 1371061469#0 1371061469#1 698024152#0 698024152#1 165171783#0 165171783#1,0.895601763200078,2
9,40,1239117013#2 36936494#0 36936494#1 36936655#0 -650145324#3 -650145324#2 -650145324#1 -650145324#0 650145330#2 650145330#3 650145327 243704191#2 1239117012#4 1239117012#5 36936616#1 36936616#2 36936616#3 36936616#4 36936616#5 36936616#6 36936480#0 36936480#1 36936480#2 39820656#0 39820656#1 -243836884#5 -243836884#4 -243836884#3 -243836884#2 -243836884#1 -243836884#0 1338884376 1338884371#1 1338884371#2 1338884373 -509025806#2 -509025806#1 -509025806#0 -1238948418#0 509033674#0 509033674#1 394443151#0 -196288048 394443151#2 153732964 -269702559 -36933151#0 36933113 39820664#9 39820664#10 39820664#1 243836885 243836889 56080983 35801882#4 35801882#1 -319058600#1 35801699#0 -339700984 35801597#3 35801597#4 35802097#0 35802097#1 35802097#2 35802097#3 35802097#4 35802097#5 314422857 710476923 319058591 697627694#0 697627694#1 187827289 187827288 168924812 697624157#0 697624157#1 187827280#0 187827280#1 187827280#2 187827280#3 187827279 -156466999#1 -156466999#0 156467000#2 156467000#3,5.059570193826416,0
9,40,1239117013#2 36936494#0 36936494#1 36936655#0 36936655#1 36936655#2 36936655#3 36936655#4 36936655#5 36936655#6 319779156#0 319779156#1 319058636 319058644 698026761 37088673#0 37088673#1 1239117016#0 1239117016#1 1239117016#2 -36950447#1 -36950447#0 36950586 -319058589#3 -319058589#2 -319058589#1 -319058589#0 -394456379 -36950439#1 -36950439#0 36950518#0 37051441#0 37051441#1 37051441#2 -37051625#2 -37051625#1 -37051625#0 -156480737#2 -156480737#1 394456380 37056002 1119245115 37056017 -159922662#1 37054401 37056055#1 319058606 37052930 698018294#0 698018294#1 1238956370 36935056 36935040#0 36935040#1 36935040#2 36935040#3 1238956371 187827287 1119245264#0 1119245264#1 319058598 187827272 -156466999#1 -156466999#0 156467000#2 156467000#3,4.447436460287331,1
9,40,1239117013#2 36936494#0 36936494#1 36936655#0 36936655#1 36936655#2 36936655#3 36936655#4 36936655#5 36936655#6 319779156#0 319779156#1 319058636 319058644 698026761 37088673#0 37088673#1 1239117016#0 1239117016#1 1239117016#2 -36950447#1 -36950447#0 36950586 -319058589#3 -319058589#2 -319058589#1 -319058589#0 394456356#0 394456356#1 -859784039#1 -859784039#0 -36950518#1 37051441#0 37051441#1 37051441#2 -37051625#2 -37051625#1 -37051625#0 -156480737#2 -156480737#1 394456380 37056002 1119245115 37056017 -159922662#1 37054401 37056055#1 319058606 37052930 698018294#0 698018294#1 1238956370 36935056 36935040#0 36935040#1 36935040#2 36935040#3 1238956371 187827287 1119245264#0 1119245264#1 319058598 187827272 -156466999#1 -156466999#0 156467000#2 156467000#3,4.722718437729136,2
9,40,1239117013#2 36936494#0 36936494#1 36936655#0 36936655#1 153732960#0 153732960#1 394443153#1 202422660#0 202422660#1 202422660#2 319779156#0 319779156#1 319058636 319058644 698026761 37088673#0 37088673#1 1239117016#0 1239117016#1 1239117016#2 -36950447#1 -36950447#0 36950586 -319058589#3 -319058589#2 -319058589#1 -319058589#0 -394456379 -36950439#1 -36950439#0 36950518#0 37051441#0 37051441#1 37051441#2 -37051625#2 -37051625#1 -37051625#0 -156480737#2 -156480737#1 394456380 37056002 1119245115 37056017 -159922662#1 37054401 37056055#1 319058606 37052930 698018294#0 698018294#1 1238956370 36935056 36935040#0 36935040#1 36935040#2 36935040#3 1238956371 187827287 1119245264#0 1119245264#1 319058598 187827272 -156466999#1 -156466999#0 156467000#2 156467000#3,4.821699793748106,3
10,2,918716574#2 -36936220 39820661#0 39820661#1 36934854#0 36934854#1 -918716575 918716573 156480737#0 156480737#1 156480737#2 37051625#0 37052277#4 1237352048 37050033#0 37050033#1 37055902#0 37055902#1 37055902#2 156460671 1119245064 1024000539#1 1024000539#2 1024000539#3 37052381#0 37052381#1 37052381#2 -36293459#8 -36293459#7 -36293459#6 -36293459#5 -36293459#4 -36293459#3 -36293459#2 -36293459#1 -36293459#0 -156460681#2 -156460681#1 37054132 -156460683#5,2.553282471215253,0
10,2,918716574#2 -36936220 39820661#0 39820661#1 36934854#0 36934854#1 -918716575 918716573 156480737#0 156480737#1 156480737#2 37051625#0 -37052277#3 -37052277#2 -37052277#1 -37052277#0 -37049908 -36293459#10 -36293459#9 -36293459#8 -36293459#7 -36293459#6 -36293459#5 -36293459#4 -36293459#3 -36293459#2 -36293459#1 -36293459#0 -156460683#8 -156460683#7 -156460683#6 -156460683#5,1.7230268916616167,1
10,2,918716574#2 -36936220 39820661#0 39820661#1 36934854#0 36934854#1 -918716575 918716573 156480737#0 156480737#1 156480737#2 37051625#0 -37052277#3 -37052277#2 -37052277#1 -37052277#0 -37049908 1119245060#0 1119245060#1 1119245057#0 1119245057#1 -476687231#3 -476687231#2 -476687231#1 -476687231#0 -1119245056 -37054066 -36293459#2 -36293459#1 -36293459#0 -156460683#8 -156460683#7 -156460683#6 -156460683#5,2.2974389386978533,2
10,2,918716574#2 -36936220 39820661#0 39820661#1 36934854#0 36934854#1 -918716575 918716573 156480737#0 156480737#1 156480737#2 37051625#0 -37052277#3 -37052277#2 -37052277#1 -37052277#0 -37049908 1119245060#0 1119245060#1 1119245057#0 1119245057#1 -476687231#3 -476687231#2 -476687231#1 -476687231#0 -1119245056 -37054066 -36293459#2 -36293459#1 -36293459#0 -156460681#2 -156460681#1 37054132 -156460683#5,2.349094806228452,3
11,9,156460681#1 156460681#2 36293459#0 36293459#1 36293459#2 37054066 1119245056 476687231#0 476687231#1 476687231#2 476687231#3 -1119245057#1 -1119245057#0 1119245060#2 -156460680#1 -1024000539#0 319058602#1 36294383#0 36294383#1 36294383#2 36294383#3 36294383#4 36294383#5 36294383#6 36294383#7 36294383#8 36294383#9 36294383#10 406210870 36295293#0 37066008 -37055563#2 -37055563#1,2.716996640268779,0
11,9,156460681#1 156460681#2 36293459#0 36293459#1 36293459#2 36293459#3 36293459#4 36293459#5 36293459#6 36293459#7 36293459#8 36293459#9 36293459#10 1119245060#0 1119245060#1 1119245060#2 -156460680#1 -1024000539#0 319058602#1 36294383#0 37055563#0 37055563#1,0.8221982241420687,1
11,9,156460681#1 156460681#2 36293459#0 36293459#1 36293459#2 36293459#3 36293459#4 36293459#5 36293459#6 36293459#7 36293459#8 36293459#9 37051872#0 37051872#1 476687231#3 -1119245057#1 -1119245057#0 1119245060#2 -156460680#1 -1024000539#0 319058602#1 36294383#0 37055563#0 37055563#1,1.276895848332133,2
12,2,-36294081#1 -36294081#0 -1119245058 -1119245057#3 -1119245057#2 -476687231#3 -476687231#2 -476687231#1 -476687231#0 -1119245056 -37054066 -36293459#2 -36293459#1 -36293459#0 -156460681#2 -156460681#1 -156460681#0 -697704135 -319058593 156460691 319058645#0 319058645#1 156460683#1 156460683#2 156460683#3 156460683#4 156460683#5,1.8674286057115428,0
12,2,-36294081#1 -36294081#0 -1119245058 -1119245057#3 -1119245057#2 -1119245057#1 -1119245057#0 -1119245060#1 -1119245060#0 -36293459#10 -36293459#9 -36293459#8 -36293459#7 -36293459#6 -36293459#5 -36293459#4 -36293459#3 -36293459#2 -36293459#1 -36293459#0 -156460683#8 -156460683#7 -156460683#6 -156460683#5,1.1206803455723542,1
12,2,-36294081#1 -36294081#0 -1119245058 -1119245057#3 -1119245057#2 -1119245057#1 -1119245057#0 1119245060#2 -156460680#1 1024000539#1 1024000539#2 1024000539#3 37052381#0 37052381#1 37052381#2 -36293459#8 -36293459#7 -36293459#6 -36293459#5 -36293459#4 -36293459#3 -36293459#2 -36293459#1 -36293459#0 -156460683#8 -156460683#7 -156460683#6 -156460683#5,1.5211663066954644,2
12,2,-36294081#1 -36294081#0 -1119245058 -1119245057#3 -1119245057#2 -476687231#3 -476687231#2 -476687231#1 -476687231#0 -1119245056 -37054066 -36293459#2 -36293459#1 -36293459#0 -156460681#2 -156460681#1 37054132 -156460683#5,1.303611711063115,3
12,16,-36294081#1 -36294081#0 -1119245058 -1119245057#3 -1119245057#2 -1119245057#1 -1119245057#0 -1119245060#1 -1119245060#0 -36293459#10 37051872#0 37051872#1 -476687231#2 -476687231#1 -476687231#0 -1119245056 -37054066 -36293459#2 -36293459#1 -36293459#0 -156460681#2 -156460681#1 -156460681#0 -697704135 -319058593 156460691 319058645#0 319058645#1 -156460683#0,1.8851091912646984,0
12,16,-36294081#1 -36294081#0 -1119245058 -1119245057#3 -1119245057#2 -476687231#3 -37051872#1 -37051872#0 -36293459#9 -36293459#8 -36293459#7 -36293459#6 -36293459#5 -36293459#4 -36293459#3 -36293459#2 -36293459#1 -36293459#0 -156460681#2 -156460681#1 -156460681#0 -697704135 -319058593 156460691 319058645#0 319058645#1 -156460683#0,1.480699544036477,1
12,16,-36294081#1 -36294081#0 -1119245058 -1119245057#3 -1119245057#2 -476687231#3 -476687231#2 -476687231#1 -476687231#0 -1119245056 -37054066 -36293459#2 -36293459#1 -36293459#0 -156460683#8 -156460683#7 -156460683#6 -37054132 -156460681#0 -697704135 -319058593 156460691 319058645#0 319058645#1 -156460683#0,1.8689044876409888,2
12,16,-36294081#1 -36294081#0 -1119245058 -1119245057#3 -1119245057#2 -476687231#3 -476687231#2 -476687231#1 -476687231#0 -1119245056 -37054066 -36293459#2 -36293459#1 -36293459#0 -156460683#8 -156460683#7 -156460683#6 -37054132 -156460681#0 -319058626 -319058625 -156460688 -394456402#1 -394456402#0 319058645#0 319058645#1 -156460683#0,2.007091432685385,3
12,108,36294081#1 36294081#2 36294081#3 36294081#4 243957899#0 243957899#1 -617837421#0 35573922 36295293#8 36294993 406210870 36295293#0 37066008 -37055563#2 -37055563#1 37055477 -36294383#1 -36294383#0 -270968314 -394456356#1 -394456356#0 319058589#0 319058589#1 319058589#2 319058589#3 -859785184 36950447#0 36950447#1 -1239117016#2 -1239117016#1 -1239117016#0 -37088673#1 -37088673#0 39820658#0 39820658#1 39820658#2 508751757#0 508751757#1 508751757#2 36936541 36936727#0 36936727#1 36936727#2 36936727#3 36936727#4 36936727#5 36936727#6 -650145324#2 -650145324#1 -650145324#0 650145330#2 650145330#3 650145330#4 650145330#5,4.849338886372437,0
12,108,-36294081#1 -36294081#0 -1119245058 -1119245057#3 -1119245057#2 -1119245057#1 -1119245057#0 1119245060#2 1119245061 319058602#0 319058602#1 -270968314 -394456356#1 -394456356#0 319058589#0 319058589#1 319058589#2 319058589#3 -859785184 36950447#0 36950447#1 -1239117016#2 -1239117016#1 -1239117016#0 -37088673#1 -37088673#0 39820658#0 39820658#1 39820658#2 508751757#0 508751757#1 508751757#2 36936541 36936727#0 36936727#1 36936727#2 36936727#3 36936727#4 36936727#5 36936727#6 -650145324#2 -650145324#1 -650145324#0 -650145330#1 -650145330#0,3.144910171362709,1
12,108,-36294081#1 -36294081#0 -1119245058 -1119245057#3 -1119245057#2 -1119245057#1 -1119245057#0 1119245060#2 -156460680#1 -1024000539#0 319058602#1 -270968314 -394456356#1 -394456356#0 319058589#0 319058589#1 319058589#2 319058589#3 -859785184 36950447#0 36950447#1 -1239117016#2 -1239117016#1 -1239117016#0 -37088673#1 -37088673#0 39820658#0 39820658#1 39820658#2 508751757#0 508751757#1 508751757#2 36936541 36936727#0 36936727#1 36936727#2 36936727#3 36936727#4 36936727#5 36936727#6 -650145324#2 -650145324#1 -650145324#0 650145330#2 650145330#3 650145330#4 650145330#5,3.354365414943223,2
12,108,36294081#1 36294081#2 36294081#3 36294081#4 243957899#0 243957899#1 -617837421#0 35573922 36295293#8 36294993 406210870 36295293#0 37066008 -37055563#2 -37055563#1 332885734#0 332885734#1 332885734#2 37055217#1 -859785184 36950447#0 36950447#1 -1239117016#2 -1239117016#1 -1239117016#0 -37088673#1 -37088673#0 39820658#0 39820658#1 39820658#2 508751757#0 508751757#1 508751757#2 36936541 36936727#0 36936727#1 36936727#2 36936727#3 36936727#4 36936727#5 36936727#6 -650145324#2 -650145324#1 -650145324#0 -650145330#1 -650145330#0,4.973498953567063,3
13,10,-36950506#3 -36950506#2 -36950506#1 -36950506#0 36950586 -319058589#3 -319058589#2 -319058589#1 -319058589#0 394456356#0 394456356#1 -859784039#1 -859784039#0 -36950518#1 37051441#0 37051441#1 37051441#2 -37051625#2 -37051625#1 -37051625#0 -156480737#2 -156480737#1 394456380 37056002 1119245115 37056017 -159922662#1 -159922662#0 -156460682#0 -37054319 -270968320 37052930 698018294#0 698018294#1 1238956370 36935056 36935040#0 36935040#1 36935040#2 36935040#3 1238956371 187827287 1119245264#0 1119245264#1 319058598 37640683 187827276,3.6973728440260194,0
13,10,-36950506#3 -36950506#2 -36950506#1 -36950506#0 36950586 -319058589#3 -319058589#2 -319058589#1 -319058589#0 -394456379 -36950439#1 -36950439#0 37088258#0 37050051 1119245067 37055902#0 -37051625#2 -37051625#1 -37051625#0 -156480737#2 -156480737#1 394456380 37056002 1119245115 37056017 -159922662#1 37054401 37056055#1 319058606 37052930 698018294#0 698018294#1 1238956370 36935056 36935040#0 36935040#1 36935040#2 36935040#3 1238956371 187827287 1119245264#0 1119245264#1 319058598 37640683 187827276,3.4813520872711936,1
13,10,36950506#3 319058611 328471844 328471845#1 1339510609#0 1339510609#1 -1339510610 319058608#0 319058608#1 36289599#0 36289599#1 157553231 48955689#0 48955997 159922990 48955996 406210869#0 406210869#1 -1119245070 -1119245071 37050515#0 37050515#1 156480755 -156480737#1 394456380 37056002 1119245115 37056017 -159922662#1 37054401 37056055#1 319058606 37052930 698018294#0 698018294#1 1238956370 36935056 36935040#0 36935040#1 36935040#2 36935040#3 1238956371 187827287 1119245264#0 1119245264#1 319058598 37640683 187827276,2.906794186616357,2
13,10,-36950506#3 -36950506#2 -36950506#1 -36950506#0 36950586 -319058589#3 -319058589#2 -319058589#1 -319058589#0 394456356#0 394456356#1 859784039#2 -319058602#1 1024000539#0 1024000539#1 1024000539#2 156460679 37052277#1 37052277#2 37052277#3 -37051625#0 -156480737#2 -156480737#1 394456380 37056002 1119245115 37056017 -159922662#1 37054401 37056055#1 319058606 37052930 698018294#0 698018294#1 1238956370 36935056 36935040#0 36935040#1 36935040#2 36935040#3 1238956371 187827287 1119245264#0 1119245264#1 319058598 37640683 187827276,3.768585108629485,3
14,11,37052381#2 36293459#9 36293459#10 37049908 156460679 37052277#1 37052277#2 37052277#3 37052277#4 37050515#0 37050515#1 37050515#2 156480737#0 394456380 37050590 918716574#1 918716574#2 -36936220 36934835#0 36934835#1 36934835#2 332885553 332885552 -394446867#1 -394446867#0 36284844 339940214 1339478328#1 698018295#1 698018295#2 -35801699#1 -339700984 35801597#3 35801597#4 35802097#0 35802097#1 35802097#2 35802097#3,2.554640434520634,0
14,11,37052381#2 36293459#9 36293459#10 37049908 156460679 37052277#1 37052277#2 37052277#3 -37051625#0 -156480737#2 -156480737#1 394456380 37050590 918716574#1 918716574#2 -36936220 36934835#0 36934835#1 36934835#2 332885553 1339478330 319058604#1 319058604#2 1339478328#1 698018295#1 698018295#2 698018295#3 35802097#0 35802097#1 35802097#2 35802097#3,1.898316940400164,1
14,11,37052381#2 36293459#9 36293459#10 37049908 156460679 37052277#1 37052277#2 37052277#3 -37051625#0 -156480737#2 -156480737#1 394456380 37050590 918716574#1 918716574#2 -36936220 36934835#0 36934835#1 36934835#2 -710476653#1 -710476653#0 -394446867#1 -394446867#0 36284844 339940214 1339478328#1 -215094374 698018295#2 698018295#3 35802097#0 35802097#1 35802097#2 35802097#3,2.065235586908443,2
14,11,-37052381#2 -37052381#1 -37052381#0 -1024000539#3 156460679 37052277#1 37052277#2 37052277#3 -37051625#0 -156480737#2 -156480737#1 394456380 37050590 918716574#1 918716574#2 -36936220 36934835#0 36934835#1 36934835#2 332885553 1339478330 -36285797#2 36284751 -394446867#0 36284844 -36285797#0 -35802071#0 35801882#1 -319058600#1 35801699#0 35801699#1 698018295#3 35802097#0 35802097#1 35802097#2 35802097#3,2.396127115586149,3
15,4,319058611 328471844 328471845#1 1339510609#0 1339510609#1 -1339510610 319058608#0 319058608#1 36289599#0 36289599#1 157553231 48955689#0 48955689#1 1119245069 48956015 37050033#1 37055902#0 -37051625#2 -37051625#1 37052277#4 1237352048 1119245070 319058612#0 319058612#1 36288941#0 36288941#1 36288941#2 36936373#0 36936373#1 36936373#2 153730933#0 153730925#0 153730925#1 153730936#3 201772610 157574535 -36933126#2 -36933126#1 -36933126#0 -1239117024 -394443151#2,3.0721678356336946,0
15,4,319058611 328471844 328471845#1 1339510609#0 1339510609#1 -1339510610 319058608#0 319058608#1 -157553237#1 -157553237#0 -157553234 -157574536#1 -157574536#0 -710476024#1 -710476024#0 1162674260 -319058587#2 -319058587#1 -319058587#0 -319058586 -1088466838#1 -1088466838#0 -37088447#2 -37088447#1 -37088447#0 -36933126#2 -36933126#1 -36933126#0 -1239117024 -394443151#2,2.0110855178986817,1
15,4,-319058611 319058611 328471844 328471845#1 1339510609#0 1339510609#1 -1339510610 319058608#0 319058608#1 -157553237#1 -157553237#0 -157553234 -157574536#1 -157574536#0 1239117022#0 1239117022#1 153730936#0 153730936#1 153730936#2 153730936#3 201772610 157574535 -36933126#2 -36933126#1 -36933126#0 -1239117024 -394443151#2,2.1973104308867404,2
15,4,319058611 328471844 328471845#1 1339510609#0 1339510609#1 -1339510610 319058608#0 319058608#1 -157553237#1 -157553237#0 -157553234 -157574536#1 -157574536#0 1239117022#0 1239117022#1 153730936#0 153730936#1 153730936#2 -153730925#1 -153730925#0 -153730933#0 36936373#3 36936373#4 201772610 157574535 -36933126#2 -36933126#1 -36933126#0 -1239117024 -394443151#2,2.322742239726372,3
15,14,-319058611 -36950506#3 -36950506#2 -36950506#1 -36950506#0 36950447#0 36950447#1 698026762,0.2971562275017999,2
15,15,-319058611 -36950506#3 -36950506#2 -36950506#1 -36950506#0 36950447#0 36950447#1 -1239117016#2 -1239117016#1 -1239117016#0 -37088673#1 -37088673#0 39820658#0 39820658#1 39820658#2 508751757#0 508751757#1 508751757#2 36936541 36936727#0 36936727#1 36936727#2 36936727#3 36936727#4 36936727#5 36936727#6 -650145324#2 -650145324#1 -650145324#0 650145330#2 650145330#3 650145327 243704191#2 1239117012#4 1239117012#5 36936616#1 36936616#2 36936616#3 36936616#4 36936616#5 36936616#6 36936480#0 36936480#1 36936480#2 719004327 719004331 1371061467 1371061468 36936590#0 36936590#1 36936590#2 36936590#3 36936590#4 36936590#5 36936590#6 36936590#7 36936590#8 1239117013#1 1239117013#2 36936494#0 36936494#1 719004330 319058652 1239117012#0 1239117012#1 1239117012#2,2.6829032417280607,0
15,15,319058611 328471844 328471845#1 1339510609#0 1339510609#1 -1339510610 319058608#0 319058608#1 -157553237#1 -157553237#0 -157553234 -157574536#1 -157574536#0 -710476024#1 -710476024#0 1162674260 508751758#0 508751758#1 508751758#2 508751757#0 508751757#1 508751757#2 36936541 36936727#0 36936727#1 36936727#2 36936727#3 36936727#4 36936727#5 36936727#6 36936727#7 319058652 1239117012#0 1239117012#1 1239117012#2,1.014907206763033,1
15,15,-319058611 -36950506#3 -36950506#2 -36950506#1 -36950506#0 36950447#0 36950447#1 -1239117016#2 -1239117016#1 -1239117016#0 -37088673#1 -37088673#0 39820658#0 39820658#1 39820658#2 508751757#0 508751757#1 508751757#2 36936541 36936727#0 36936727#1 36936727#2 36936727#3 36936727#4 36936727#5 36936727#6 36936727#7 319058652 1239117012#0 1239117012#1 1239117012#2,1.5035107344427745,2
16,13,153730010#1 153730010#2 -37088673#0 39820658#0 39820658#1 39820658#2 508751757#0 508751757#1 508751757#2 36936541 36936727#0 36936727#1 36936727#2 357228242 319779156#0 319779156#1 319058636 36936749#0 36936749#1 36936749#2 36936749#3 36936749#4 36936749#5 319779134 36936867 -165172165#2 -165172165#1 -165172165#0 165172163,1.6071109162752129,0
16,13,153730010#1 153730010#2 -37088673#0 39820658#0 39820658#1 39820658#2 508751757#0 508751757#1 508751757#2 36936541 697740912 319058636 36936749#0 36936749#1 36936749#2 36936749#3 36936749#4 36936749#5 319779134 36936867 -165172165#2 -165172165#1 -165172165#0 165172163,1.420957344114541,1
16,13,153730010#1 153730010#2 -37088673#0 39820658#0 39820658#1 39820658#2 508751757#0 508751757#1 508751757#2 36936541 697740912 319058636 36936749#0 36936749#1 36936749#2 36936749#3 153730008#0 153730013#0 -153730017 -153730014#0 153730020#3 153730008#2 36936749#5 319779134 36936867 -165172165#2 -165172165#1 -165172165#0 165172163,1.5197849914581092,2
16,13,153730010#1 153730010#2 -37088673#0 39820658#0 39820658#1 39820658#2 508751757#0 508751757#1 508751757#2 36936541 697740912 319058636 36936749#0 36936749#1 36936749#2 36936749#3 153730008#0 153730013#0 153730013#1 -153730014#1 -153730014#0 153730020#3 153730008#2 36936749#5 319779134 36936867 -165172165#2 -165172165#1 -165172165#0 165172163,1.535443738758325,3
17,3,165172163 -165170684#1 -165170684#0 -698024152#1 -698024152#0 1371061470#0 1371061470#1 1371061468 36936590#0 36936590#1 36936590#2 36936590#3 36936590#4 36936590#5 36936590#6 36936590#7 36936590#8 1239117013#1 1239117013#2 36936494#0 36936494#1 36936655#0 36936655#1 153732960#0 153732960#1 -327342938 -153732962#1 327342936 153732962#3 -153732963#1 202422660#1 202422660#2 319779156#0 319779156#1 319058636 319058644 698026761 37088673#0 -153730010#2,2.022914446948365,0
17,3,165172163 -165170684#1 -165170684#0 -698024152#1 -698024152#0 1371061470#0 1371061470#1 1371061468 36936590#0 36936590#1 36936590#2 36936590#3 36936590#4 36936590#5 36936590#6 36936590#7 36936590#8 1239117013#1 1239117013#2 36936494#0 36936494#1 36936655#0 36936655#1 36936655#2 36936655#3 36936655#4 36936655#5 36936655#6 319779156#0 319779156#1 319058636 319058644 698026761 37088673#0 -153730010#2,1.2770012584411792,1
17,3,165172163 1238426242 165172166 165172165#0 165172165#1 165172165#2 1238426243 698024160 -1239117045 -36936749#5 -153730008#2 -153730008#1 -153730008#0 -36936749#3 -36936749#2 -36936749#1 -36936749#0 319058644 698026761 37088673#0 -153730010#2,1.4670825721881045,2
17,3,165172163 1238426242 165172166 165172165#0 165172165#1 165172165#2 1238426243 698024160 -1239117045 -36936749#5 -153730008#2 -153730020#3 153730014#0 153730017 -153730013#0 -153730008#0 -36936749#3 -36936749#2 -36936749#1 -36936749#0 319058644 698026761 37088673#0 -153730010#2,1.5245819722361005,3
18,14,-37055563#1 -37055563#0 -36294383#0 -270968314 -859784039#1 -859784039#0 -36950518#1 -36950518#0 36950439#0 36950439#1 607473249#0 607473250 1119245066#1 269702545 319058589#0 319058589#1 319058589#2 319058589#3 -859785184 36950447#0 36950447#1 698026762,1.472438204943605,1
18,14,-37055563#1 -37055563#0 -36294383#0 -270968314 -394456356#1 -394456356#0 319058589#0 319058589#1 319058589#2 319058589#3 -859785184 36950447#0 36950447#1 698026762,1.39887808975282,2
18,14,-37055563#1 37055563#1 37055563#2 37066011 36295293#2 37066019 37066023 37066065#0 599886773#1 1339510606#0 1339510606#1 243957897#0 -139832421#1 -394459769#1 -394459769#0 243957897#2 243957897#3 243957897#4 37055217#1 -859785184 36950447#0 36950447#1 698026762,3.840256968461425,3
18,27,-37055563#1 -37055563#0 -36294383#0 -270968314 -394456356#1 -394456356#0 -394456379 -36950439#1 -36950439#0 37088258#0 37050051 1119245067 37055902#0 37055902#1 37055902#2 156460671 1119245064 -1024000539#0 -319058602#0 -1119245061 -1119245060#2 -1119245060#1 -1119245060#0 -36293459#10 -36293459#9 -36293459#8,1.777801775857932,0
18,27,-37055563#1 -37055563#0 -36294383#0 -319058602#1 -319058602#0 -1119245061 -1119245060#2 -1119245060#1 -1119245060#0 -36293459#10 -36293459#9 -36293459#8,0.6066594672426207,1
18,27,-37055563#1 -37055563#0 -36294383#0 -319058602#1 1024000539#0 156460680#1 -1119245060#2 -1119245060#1 -1119245060#0 37049908 1024000539#3 37052381#0 37052381#1 37052381#2 -36293459#8,1.1176205903527718,2
18,27,-37055563#1 -37055563#0 -36294383#0 -319058602#1 1024000539#0 1024000539#1 1024000539#2 1024000539#3 37052381#0 37052381#1 37052381#2 -36293459#8,0.9363510919126468,3
19,16,-36294081#2 -36294081#1 -36294081#0 -1119245058 -1119245057#3 -1119245057#2 -1119245057#1 -1119245057#0 -1119245060#1 -1119245060#0 -36293459#10 37051872#0 37051872#1 -476687231#2 -476687231#1 -476687231#0 -1119245056 -37054066 -36293459#2 -36293459#1 -36293459#0 -156460681#2 -156460681#1 -156460681#0 -319058626 -319058625 -156460677 -394456402#1 -394456402#0 319058645#0 319058645#1 -156460683#0,1.992446604271657,0
19,16,-36294081#2 -36294081#1 -36294081#0 -1119245058 -1119245057#3 -1119245057#2 -476687231#3 -476687231#2 -476687231#1 -476687231#0 -1119245056 -37054066 -36293459#2 -36293459#1 -36293459#0 -156460681#2 -156460681#1 -156460681#0 -697704135 -319058593 156460691 319058645#0 319058645#1 -156460683#0,1.5382349412047036,1
19,16,-36294081#2 -36294081#1 -36294081#0 -1119245058 -1119245057#3 -1119245057#2 -476687231#3 -476687231#2 -476687231#1 -476687231#0 -1119245056 -37054066 -36293459#2 -36293459#1 -36293459#0 -156460683#8 -156460683#7 -156460683#6 -37054132 -156460681#0 -697704135 -319058593 156460691 319058645#0 319058645#1 -156460683#0,1.8691444684425245,2
19,16,-36294081#2 -36294081#1 -36294081#0 -1119245058 -1119245057#3 -1119245057#2 -1119245057#1 -1119245057#0 -1119245060#1 -1119245060#0 -36293459#10 37051872#0 37051872#1 -476687231#2 -476687231#1 -476687231#0 -1119245056 -37054066 -36293459#2 -36293459#1 -36293459#0 -156460683#8 -156460683#7 -156460683#6 -156460683#5 -156460683#4 -156460683#3 -156460683#2 -156460683#1 -156460683#0,2.05733741300696,3
19,43,36294081#2 36294081#3 36294081#4 243957899#0 243957899#1 -617837421#0 35573922 36295293#8 36295293#9 36295293#0 37066008 -37055563#2 -37055563#1 332885734#0 332885734#1 332885734#2 37055217#1 -859785184 36950447#0 36950447#1 -1239117016#2 -1239117016#1 -1239117016#0 -37088673#1 -37088673#0 39820658#0 39820658#1 39820658#2 508751757#0 508751757#1 508751757#2 36936541 697740912 319058636 36936749#0 36936749#1 36936749#2 36936749#3 36936749#4 36936749#5 319779134 36936867 -165172165#2 -165172165#1 -165172165#0 165172163 1238426242 698024153 165170686 1238426236 165170681#0 165170681#1 1371061454 -165170994#6 -165170994#5 -165170994#4 -165170994#3,5.903799786026119,0
19,43,-36294081#2 -36294081#1 -36294081#0 -1119245058 -1119245057#3 -1119245057#2 -1119245057#1 -1119245057#0 1119245060#2 1119245061 319058602#0 319058602#1 36294383#0 37055563#0 332885734#0 332885734#1 332885734#2 37055217#1 -859785184 36950447#0 36950447#1 -1239117016#2 -1239117016#1 -1239117016#0 -37088673#1 -37088673#0 39820658#0 39820658#1 39820658#2 508751757#0 508751757#1 508751757#2 36936541 697740912 319058636 36936749#0 36936749#1 36936749#2 36936749#3 36936749#4 36936749#5 319779134 36936867 -165172165#2 -165172165#1 -165172165#0 165172163 -165170684#1 -165170684#0 165171783#0 165171783#1 165171783#2 1371061454 -165170994#6 -165170994#5 -165170994#4 -165170994#3,4.464315875432035,1
19,43,-36294081#2 -36294081#1 -36294081#0 -1119245058 -1119245057#3 -1119245057#2 -1119245057#1 -1119245057#0 -1119245060#1 -1119245060#0 37049908 156460679 37052277#1 37052277#2 37052277#3 37052277#4 1237352048 1119245070 319058612#0 319058612#1 36288941#0 36288941#1 36288941#2 36936373#0 36936373#1 36936373#2 36936373#3 36936373#4 201772610 157574535 -36933126#2 -36933126#1 -36933126#0 -1239117024 -394443151#2 196288048 -394443151#0 394443143#0 394443143#1 394443143#2 1238948418#0 1238948418#1 509025806#1 509025806#2 1338884372 1338884371#4 1338884371#5 1338884371#6 165170683#0 165170683#1 165170683#2 165170683#3 -319058613#2 -165170815#1 -165171448#1 -165171448#0 -165170994#5 -165170994#4 -165170994#3,3.905781964368616,2
19,43,-36294081#2 -36294081#1 -36294081#0 -1119245058 -1119245057#3 -1119245057#2 -1119245057#1 -1119245057#0 1119245060#2 -156460680#1 -156460680#0 -156460671 -37055902#2 -37055902#1 -37051625#2 -37051625#1 37052277#4 1237352048 1119245070 319058612#0 319058612#1 36288941#0 36288941#1 36288941#2 36936373#0 36936373#1 36936373#2 36936373#3 36936373#4 201772610 157574535 -36933126#2 -36933126#1 -36933126#0 -1239117024 -394443151#2 196288048 -394443151#0 394443143#0 394443143#1 394443143#2 1238948418#0 1238948418#1 509025806#1 509025806#2 1338884372 1338884371#4 1338884371#5 1338884371#6 165170683#0 165170683#1 165170683#2 165170683#3 -319058613#2 -319058613#1 -319058613#0 -165170994#6 -165170994#5 -165170994#4 -165170994#3,4.012849398973848,3
20,17,1119245066#1 269702545 -394456379 -36950439#1 -36950439#0 37088258#0 37050051 1119245067 37055902#0 -37051625#2 -37051625#1 37052277#4 37050515#0 37050515#1 156480755 -156480737#1 394456380 37050590 918716574#1 918716574#2 -36936220 36934835#0 36934835#1 36934835#2 332885553 1339478330 -36285797#2 -36285797#1 -36285797#0 -35802071#0 35801882#1 35801882#2 56080984 -550211682 319058640 39820664#3 243836888#0 -243836890#2,2.4878057812928924,0
20,17,1119245066#1 269702545 -394456379 607473249#0 607473249#1 -36950657#1 -36950657#0 -1339510610 319058608#0 319058608#1 36289599#0 36289599#1 -878854448 -878854447 878854446 48955689#0 48955689#1 1119245069 406210869#0 406210869#1 319058612#0 319058612#1 36288941#0 36288941#1 36288941#2 36936373#0 36936373#1 36936373#2 36936373#3 36936373#4 201772610 157574535 -36933126#2 -36933126#1 -36933126#0 -269702559 -36933151#0 36933113 39820664#9 39820664#10 39820664#1 243836885 319058640 39820664#3 243836888#0 -243836890#2,2.23902359458408,1
20,17,1119245066#1 269702545 -394456379 607473249#0 607473249#1 -36950657#1 -36950657#0 -1339510610 319058608#0 319058608#1 -157553237#1 -157553237#0 -157553234 -157574536#1 -157574536#0 1239117022#0 1239117022#1 153730936#0 153730936#1 153730936#2 153730936#3 201772610 157574535 -36933126#2 -36933126#1 -36933126#0 -269702559 -36933151#0 36933113 39820664#9 39820664#10 39820664#1 39820664#2 39820664#3 243836888#0 -243836890#2,1.9803447893385444,2
20,17,1119245066#1 269702545 394456356#0 394456356#1 -859784039#1 -859784039#0 -36950518#1 37051441#0 37051441#1 37051441#2 -37051625#2 -37051625#1 -37051625#0 -156480737#2 -156480737#1 394456380 37050590 918716574#1 918716574#2 -36936220 36934835#0 36934835#1 36934835#2 -710476653#1 -710476653#0 -394446867#1 -394446867#0 36288851#0 36288851#1 36288851#2 -36933282#1 -36933282#0 36933050 39820664#1 39820664#2 39820664#3 243836888#0 -243836890#2,2.507502205578949,3
21,18,36936396#2 36936396#3 36936396#4 878854447 878854448 -36289599#1 -36289599#0 -319058608#1 -319058608#0 1339510610 36950657#0 36950657#1 1119245066#0 1119245066#1 269702545 319058589#0 319058589#1 319058589#2 319058589#3 -859785184 36950447#0 36950447#1 -1239117016#2 -1239117016#1 -1239117016#0 -37088673#1 -37088673#0 39820658#0 39820658#1 39820658#2 508751757#0 508751757#1 508751757#2 36936541 697740912 319058636 319058644,2.0863515455217225,0
21,18,36936396#2 36936396#3 36936396#4 878854447 878854448 -36289599#1 -36289599#0 -157553237#1 -157553237#0 -157553234 -157574536#1 -157574536#0 -710476024#1 -710476024#0 1162674260 508751758#0 508751758#1 508751758#2 508751757#0 508751757#1 508751757#2 36936541 697740912 319058636 319058644,0.3216451072753063,1
21,18,36936396#2 -777654407 1119245693 159922990 48955996 406210869#0 406210869#1 319058612#0 319058612#1 270968317#0 270968317#1 36936396#0 -394456375 36935232 36289159#2 36289295#0 153730939#0 -153730935 878854448 -36289599#1 -36289599#0 -157553237#1 -157553237#0 -157553234 -157574536#1 -157574536#0 -710476024#1 -710476024#0 1162674260 508751758#0 508751758#1 508751758#2 508751757#0 508751757#1 508751757#2 36936541 697740912 319058636 319058644,1.1733875655384116,2
21,18,36936396#2 -777654407 1119245693 159922990 48955996 48956015 37050033#1 37055902#0 37055902#1 37055902#2 156460671 1119245064 -1024000539#0 319058602#1 36294383#0 37055563#0 332885734#0 332885734#1 332885734#2 37055217#1 -859785184 36950447#0 36950447#1 -1239117016#2 -1239117016#1 -1239117016#0 -37088673#1 -37088673#0 39820658#0 39820658#1 39820658#2 508751757#0 508751757#1 508751757#2 36936541 697740912 319058636 319058644,2.6660517401632164,3
22,19,319058644 698026761 39820658#0 39820658#1 39820658#2 -508751758#2 -508751758#1 -508751758#0 -1162674260 37088542 710476024#1 157574536#0 157574536#1 153733877 1339510611 157553237#1 36289599#0 36289599#1 -878854448 153730935 -153730939#0 36289295#1 -777654407 -1119245692 36936396#2,0.6413485733022546,0
22,19,319058644 698026761 39820658#0 39820658#1 39820658#2 -508751758#2 -508751758#1 -508751758#0 -1162674260 37088542 710476024#1 157574536#0 157574536#1 157574536#2 157553237#0 157553237#1 36289599#0 36289599#1 -878854448 -878854447 878854446 48955689#0 48955997 -1119245693 -1119245692 36936396#2,0.3845377680316627,1
22,19,319058644 698026761 39820658#0 39820658#1 39820658#2 -508751758#2 -508751758#1 -508751758#0 -1162674260 37088542 710476024#1 1239117022#0 1239117022#1 157574537#0 157574537#1 36289394#0 36289394#1 36289394#2 1339510611 157553237#1 36289599#0 36289599#1 157553231 48955689#0 48955997 -1119245693 -1119245692 36936396#2,0.6136679164676726,2
22,19,319058644 698026761 39820658#0 39820658#1 39820658#2 -508751758#2 -508751758#1 -508751758#0 -1162674260 37088542 710476024#1 1239117022#0 1239117022#1 157574537#0 157574537#1 36289394#0 153730941#0 -153730939#1 -153730939#0 36289295#1 -777654407 -1119245692 36936396#2,0.6597030977395796,3
22,138,319058644 319058627 36936541 697740912 319058636 36936749#0 36936749#1 36936749#2 36936749#3 36936749#4 36936749#5 319779134 36936867 319058601 698024155#0 698024155#1 698024155#2 319779133#0 319779133#1 610135150#5 610135150#6 610135150#7 610135149 88525123 610135150#9 1057740878 1057740880#0 1057740879 1057740877#0 1057740877#1 1057740877#2 1102935204 1102935205 1239117048 302162779#5 302162779#6 302162779#1 302162780#0 302162780#1,1.8747466926329075,0
22,138,319058644 319058627 36936541 697740912 319058636 36936749#0 36936749#1 36936749#2 36936749#3 36936749#4 36936749#5 319779134 36936867 319058601 698024155#0 698024155#1 698024155#2 319779133#0 319779133#1 610135150#5 610135150#6 610135150#7 610135150#8 610135150#9 610135150#0 610135150#1 1239117050 610135148#0 610135148#1 1102935203 1102935205 1239117048 302162779#5 302162779#6 302162779#1 302162780#0 302162780#1,1.3973159410973497,1
22,138,319058644 319058627 36936541 697740912 319058636 36936749#0 36936749#1 36936749#2 36936749#3 153730008#0 153730008#1 153730008#2 36936749#5 319779134 36936867 319058601 698024155#0 698024155#1 698024155#2 319779133#0 319779133#1 610135150#5 610135150#6 610135150#7 610135150#8 610135150#9 1057740878 1057740881 610135150#1 1239117050 610135148#0 610135148#1 1102935203 1102935205 1239117048 302162779#5 302162779#6 302162779#1 302162780#0 302162780#1,1.480484841140702,2
22,161,319058644 319058627 36936541 697740912 319058636 36936749#0 36936749#1 36936749#2 36936749#3 36936749#4 36936749#5 319779134 36936867 -165172165#2 -165172165#1 -165172165#0 165172163 1238426242 698024153 165170686 1238426236 165170681#0 165170681#1 -165171783#2 -165171783#1 -165171783#0 -698024152#1 -698024152#0 1371061470#0 1371061470#1 1371061468 719004328 36936480#0 36936480#1 36936480#2 39820656#0 39820656#1 -243836884#5 -243836884#4 -243836884#3 -243836884#2 -243836884#1,2.300391810239339,0
22,161,319058644 319058627 36936541 36936727#0 36936727#1 36936727#2 36936727#3 36936727#4 36936727#5 36936727#6 36936727#7 319058652 1239117012#0 1239117012#1 1239117012#2 1239117012#3 1239117012#4 1239117012#5 36936616#1 36936616#2 36936616#3 36936616#4 36936616#5 36936616#6 36936480#0 36936480#1 36936480#2 39820656#0 39820656#1 -243836884#5 -243836884#4 -243836884#3 -243836884#2 -243836884#1,0.9371962196219622,1
22,161,319058644 319058627 36936541 36936727#0 36936727#1 36936727#2 36936727#3 36936727#4 36936727#5 36936727#6 -650145324#2 -650145324#1 -650145324#0 650145330#2 650145330#3 650145327 243704191#2 1239117012#4 1239117012#5 36936616#1 36936616#2 36936616#3 36936616#4 36936616#5 36936616#6 36936480#0 36936480#1 36936480#2 39820656#0 39820656#1 -243836884#5 -243836884#4 -243836884#3 -243836884#2 -243836884#1,1.21350591862642,2
22,184,319058644 698026761 37088673#0 37088673#1 1239117016#0,0.4522762913440371,2
23,4,269702544 201772610 157574535 -36933126#2 -36933126#1 -36933126#0 -269702559 -36933151#0 36933113 39820664#9 39820664#10 39820664#1 243836885 243836889 56080983 35801882#4 35801882#1 -319058600#1 35801699#0 -339700984 -35801597#2 -35801597#1 -35801597#0 -319058599 -1238426234#0 918828154#0 918828154#1 35802343#5 35802343#6 35802343#7 -394446872#1 -394446869 -394446873#0 -599886761#1 -648178452#2 -648178452#1 -648178452#0 648178453#1 648178453#2 648178453#3 648178453#4 648178451 648178450#1 394443151#0 -196288048 394443151#2,3.5644073429029333,0
23,4,269702544 201772610 157574535 -36933126#2 -36933126#1 -36933126#0 -1239117024 -394443151#2,1.4305024670933617,3
23,14,269702544 201772610 157574535 37088447#0 37088447#1 37088447#2 1088466838#0 1088466838#1 319058586 319058587#0 319058587#1 319058587#2 -1162674260 37088542 710476024#1 157574536#0 157574536#1 153733877 1339510611 157553237#1 36289599#0 36289599#1 -878854448 153730935 -153730939#0 36289295#1 -777654407 1119245693 159922990 48955996 48956015 37050033#1 37055902#0 37055902#1 37055902#2 156460671 1119245064 -1024000539#0 319058602#1 -270968314 -394456356#1 -394456356#0 319058589#0 319058589#1 319058589#2 319058589#3 -859785184 36950447#0 36950447#1 698026762,2.7631665056354446,0
23,14,269702544 201772610 157574535 37088447#0 37088447#1 37088447#2 1088466838#0 1088466838#1 319058586 319058587#0 319058587#1 319058587#2 -1162674260 37088542 710476024#1 157574536#0 157574536#1 157574536#2 157553237#0 157553237#1 -319058608#1 -319058608#0 1339510610 36950657#0 36950657#1 1119245066#0 1119245066#1 269702545 319058589#0 319058589#1 319058589#2 319058589#3 -859785184 36950447#0 36950447#1 698026762,1.8444632530207663,1
23,14,269702544 201772610 157574535 37088447#0 37088447#1 37088447#2 1088466838#0 1088466838#1 319058586 319058587#0 319058587#1 319058587#2 -1162674260 39820659#0 39820659#1 39820659#2 39820659#3 153733879 -36950506#3 -36950506#2 -36950506#1 -36950506#0 36950447#0 36950447#1 698026762,1.244094468842133,2
23,14,269702544 201772610 157574535 37088447#0 37088447#1 37088447#2 1088466838#0 1088466838#1 319058586 319058587#0 319058587#1 319058587#2 -1162674260 37088542 710476024#1 157574536#0 157574536#1 157574536#2 157553237#0 157553237#1 36289599#0 36289599#1 -878854448 -878854447 878854446 48955689#0 48955689#1 -36950525 157555049 1119245067 37055902#0 37055902#1 37055902#2 156460671 1119245064 -1024000539#0 319058602#1 36294383#0 37055563#0 332885734#0 332885734#1 332885734#2 37055217#1 -859785184 36950447#0 36950447#1 698026762,2.6727698147784538,3
23,20,269702544 201772610 157574535 37088447#0 37088447#1 37088447#2 1088466838#0 1088466838#1 319058586 319058587#0 319058587#1 319058587#2 -1162674260 39820659#0 39820659#1 39820659#2 39820659#3 153733879 -36950506#3 -36950506#2 -36950506#1 -36950506#0 36950586 -319058589#3 -319058589#2 -319058589#1 -319058589#0 394456356#0 394456356#1 859784039#2 -319058602#1 1024000539#0 156460680#1 -1119245060#2 -1119245060#1 -1119245060#0 37049908 1024000539#3 37052381#0 37052381#1,2.808703300135629,0
23,20,269702544 201772610 157574535 37088447#0 37088447#1 37088447#2 1088466838#0 1088466838#1 319058586 319058587#0 319058587#1 319058587#2 -1162674260 39820659#0 39820659#1 39820659#2 39820659#3 153733879 319058611 328471844 328471845#1 1339510609#0 1339510609#1 36950657#0 36950657#1 1119245066#0 1119245066#1 269702545 394456356#0 394456356#1 859784039#2 -319058602#1 1024000539#0 156460680#1 -1119245060#2 -1119245060#1 -1119245060#0 -36293459#10 -36293459#9 -37052381#2 -37052381#1,2.4200833885280773,1
23,20,269702544 201772610 157574535 37088447#0 37088447#1 37088447#2 1088466838#0 1088466838#1 319058586 319058587#0 319058587#1 319058587#2 -1162674260 37088542 710476024#1 1239117022#0 1239117022#1 157574537#0 157574537#1 36289394#0 153730941#0 153730941#1 36289599#1 157553231 48955689#0 48955689#1 1119245069 48956015 37050033#1 37055902#0 -37051625#2 -37051625#1 -37052277#3 -37052277#2 -37052277#1 -37052277#0 -37049908 -36293459#10 -36293459#9 -37052381#2 -37052381#1,1.845971011788004,2
23,20,269702544 201772610 157574535 -36933126#2 -36933126#1 -36933126#0 -269702559 -36933151#0 36933113 39820664#9 36933223 36933282#0 36933282#1 36288851#3 36933307#0 36933307#1 153730928 36284386#3 36284386#4 36284386#5 36284386#6 36934854#0 36934854#1 -918716575 918716573 156480737#0 156480737#1 156480737#2 37051625#0 -37052277#3 -37052277#2 -37052277#1 -37052277#0 -37049908 -36293459#10 -36293459#9 -37052381#2 -37052381#1,2.5966181706428326,3
23,57,269702544 201772610 157574535 37088447#0 37088447#1 37088447#2 1088466838#0 1088466838#1 319058586 319058587#0 319058587#1 319058587#2 -1162674260 37088542 710476024#1 157574536#0 157574536#1 157574536#2 157553237#0 157553237#1 -319058608#1 -319058608#0 1339510610 36950657#0 36950657#1 1119245066#0 1119245066#1 269702545 319058589#0 319058589#1 319058589#2 319058589#3 -859785184 36950447#0 36950447#1 -1239117016#2 -1239117016#1 -1239117016#0 -37088673#1 -37088673#0 39820658#0 39820658#1 39820658#2 508751757#0 508751757#1 508751757#2 36936541 36936727#0 36936727#1 36936727#2 36936727#3 36936727#4 36936727#5 36936727#6 -650145324#2 -650145324#1,2.930866104969028,0
23,57,269702544 201772610 157574535 37088447#0 37088447#1 37088447#2 1088466838#0 1088466838#1 319058586 319058587#0 319058587#1 319058587#2 508751758#0 508751758#1 508751758#2 508751757#0 508751757#1 508751757#2 36936541 36936727#0 36936727#1 36936727#2 36936727#3 36936727#4 36936727#5 36936727#6 -650145324#2 -650145324#1,0.8288564493598389,1
23,57,269702544 201772610 157574535 37088447#0 37088447#1 37088447#2 1088466838#0 1088466838#1 319058586 319058587#0 319058587#1 319058587#2 -1162674260 37088542 710476024#1 157574536#0 157574536#1 153733877 1339510611 157553237#1 -319058608#1 -319058608#0 1339510610 -269702562 -1339510609#0 -328471845#1 -328471845#0 -319058611 -36950506#3 -36950506#2 -36950506#1 -36950506#0 36950447#0 36950447#1 -1239117016#2 -1239117016#1 -1239117016#0 -37088673#1 -37088673#0 39820658#0 39820658#1 39820658#2 508751757#0 508751757#1 508751757#2 36936541 36936727#0 36936727#1 36936727#2 36936727#3 36936727#4 36936727#5 36936727#6 -650145324#2 -650145324#1,2.501433451419992,2
23,57,269702544 201772610 157574535 37088447#0 37088447#1 37088447#2 1088466838#0 1088466838#1 319058586 319058587#0 319058587#1 319058587#2 -1162674260 37088542 710476024#1 157574536#0 157574536#1 157574536#2 157553237#0 157553237#1 -319058608#1 -37088332#3 -37088332#2 371455497 36950657#1 1119245066#0 1119245066#1 269702545 319058589#0 319058589#1 319058589#2 319058589#3 -859785184 36950447#0 36950447#1 -1239117016#2 -1239117016#1 -1239117016#0 -37088673#1 -37088673#0 39820658#0 39820658#1 39820658#2 508751757#0 508751757#1 508751757#2 36936541 36936727#0 36936727#1 36936727#2 36936727#3 36936727#4 36936727#5 36936727#6 -650145324#2 -650145324#1,2.9828699446618527,3
23,63,269702544 201772610 157574535 37088447#0 37088447#1 37088447#2 1088466838#0 1088466838#1 319058586 319058587#0 319058587#1 319058587#2 -1162674260 39820659#0 39820659#1 39820659#2 39820659#3 153733879 319058611 328471844 328471845#1 1339510609#0 1339510609#1 -1339510610 319058608#0 319058608#1 36289599#0,1.3818724454035272,0
23,63,269702544 201772610 157574535 37088447#0 37088447#1 37088447#2 1088466838#0 1088466838#1 319058586 319058587#0 319058587#1 319058587#2 -1162674260 37088542 710476024#1 157574536#0 157574536#1 157574536#2 157553237#0 157553237#1 36289599#0,0.6780125690754819,1
23,63,269702544 201772610 157574535 37088447#0 37088447#1 37088447#2 1088466838#0 1088466838#1 319058586 319058587#0 319058587#1 319058587#2 -1162674260 37088542 710476024#1 1239117022#0 1239117022#1 157574537#0 157574537#1 36289394#0 153730941#0 -153730939#1 -153730935 878854448 -36289599#1 -36289599#0,1.0944861332785547,2
23,63,269702544 201772610 157574535 -36933126#2 -36933126#1 -36933126#0 -269702559 -36933151#0 36933113 39820664#9 36933223 36933282#0 36933282#1 36288851#3 36933307#0 36933307#1 153730928 36284386#3 36284386#4 36936288 36936236#1 36934860#0 36934860#1 36934860#2 36934860#3 1339510612#0 1339510612#1 1339510612#2 36289159#0 36935200 269702561#0 269702561#1 270968317#1 36936396#0 36936396#1 36936396#2 36936396#3 36936396#4 878854447 153730935 153730939#1 153730941#1 -36289599#0,2.410458994063552,3
23,82,269702544 201772610 157574535 37088447#0 37088447#1 37088447#2 1088466838#0 1088466838#1 319058586 319058587#0 319058587#1 319058587#2 -1162674260 37088542 710476024#1 157574536#0 157574536#1 157574536#2 157553237#0 157553237#1 -319058608#1 -319058608#0 1339510610 36950657#0 36950657#1 1119245066#0 1119245066#1 269702545 319058589#0 319058589#1 319058589#2 319058589#3 -859785184 36950447#0 36950447#1 -1239117016#2 -1239117016#1 -1239117016#0 -37088673#1 -37088673#0 39820658#0 39820658#1 39820658#2 508751757#0 508751757#1 508751757#2 36936541 36936727#0 36936727#1 36936727#2 36936727#3 36936727#4 36936727#5 36936727#6 36936727#7 319058652 1239117012#0 1239117012#1,3.021234801665912,0
23,82,269702544 201772610 157574535 37088447#0 37088447#1 37088447#2 1088466838#0 1088466838#1 319058586 319058587#0 319058587#1 319058587#2 508751758#0 508751758#1 508751758#2 508751757#0 508751757#1 508751757#2 36936541 36936727#0 36936727#1 36936727#2 36936727#3 36936727#4 36936727#5 36936727#6 36936727#7 319058652 1239117012#0 1239117012#1,0.9192251460567225,1
23,82,269702544 201772610 157574535 37088447#0 37088447#1 37088447#2 1088466838#0 1088466838#1 319058586 319058587#0 319058587#1 319058587#2 -1162674260 37088542 710476024#1 157574536#0 157574536#1 153733877 1339510611 157553237#1 -319058608#1 -319058608#0 1339510610 -269702562 -1339510609#0 -328471845#1 -328471845#0 -319058611 -36950506#3 -36950506#2 -36950506#1 -36950506#0 36950447#0 36950447#1 -1239117016#2 -1239117016#1 -1239117016#0 -37088673#1 -37088673#0 39820658#0 39820658#1 39820658#2 508751757#0 508751757#1 508751757#2 36936541 36936727#0 36936727#1 36936727#2 36936727#3 36936727#4 36936727#5 36936727#6 36936727#7 319058652 1239117012#0 1239117012#1,2.591802148116876,2
23,83,269702544 201772610 157574535 -36933126#2 -36933126#1 -36933126#0 -269702559 -36933151#0 36933113 39820664#9 36933223 36933282#0 36933282#1 36288851#3 36933307#0 36933307#1 153730928 36284386#3 36284386#4 36284386#5 36284386#6 36934854#0 -156480752 -1109771198#1 -1109771198#0 -36936392#1 -36936392#0 -36288941#0 36936407#0 36936407#1 36936407#2 918716573 156480737#0 156480737#1 156480737#2 37051625#0 -37052277#3 -37052277#2,2.8539145365738463,0
23,83,269702544 201772610 157574535 37088447#0 37088447#1 37088447#2 1088466838#0 1088466838#1 319058586 319058587#0 319058587#1 319058587#2 -1162674260 37088542 710476024#1 157574536#0 157574536#1 157574536#2 157553237#0 157553237#1 36289599#0 36289599#1 157553231 48955689#0 48955689#1 1119245069 48956015 37050033#1 37055902#0 -37051625#2 -37051625#1 -37052277#3 -37052277#2,1.3188438660280717,1
23,83,269702544 201772610 157574535 -36933126#2 -36933126#1 -36933126#0 -269702559 -36933151#0 36933113 39820664#9 36933223 36933282#0 36933282#1 -36288851#2 36284386#0 36284386#1 36284386#2 36284386#3 36284386#4 36284386#5 36284386#6 36934854#0 36934854#1 -918716575 918716573 156480737#0 156480737#1 156480737#2 37051625#0 -37052277#3 -37052277#2,2.2228180746505126,2
23,83,269702544 201772610 157574535 -36933126#2 -36933126#1 -36933126#0 -269702559 -36933151#0 36933113 39820664#9 36933223 36933282#0 36933282#1 36288851#3 36933307#0 36933306 36284386#1 36284386#2 36284386#3 36284386#4 36284386#5 36284386#6 36934854#0 36934854#1 -918716575 918716573 156480737#0 156480737#1 156480737#2 37051625#0 -37052277#3 -37052277#2,2.3097751180870376,3
23,95,269702544 201772610 157574535 37088447#0 37088447#1 37088447#2 1088466838#0 1088466838#1 319058586 319058587#0 319058587#1 319058587#2 -1162674260 37088542 710476024#1 157574536#0 157574536#1 157574536#2 157553237#0 157553237#1 -319058608#1 -319058608#0 1339510610 36950657#0 36950657#1 1119245066#0 1119245066#1 269702545 -394456379 -36950439#1 -36950439#0 37088258#0 37088258#1 394456378 36950525 1119245069 406210869#0 406210869#1 319058612#0 319058612#1,1.643035367251628,0
23,95,269702544 201772610 157574535 37088447#0 37088447#1 37088447#2 1088466838#0 1088466838#1 319058586 319058587#0 319058587#1 319058587#2 -1162674260 37088542 710476024#1 157574536#0 157574536#1 157574536#2 157553237#0 157553237#1 36289599#0 36289599#1 -878854448 -878854447 878854446 48955689#0 48955689#1 1119245069 406210869#0 406210869#1 319058612#0 319058612#1,1.0671842616227063,1
23,95,269702544 201772610 157574535 37088447#0 37088447#1 37088447#2 1088466838#0 1088466838#1 319058586 319058587#0 319058587#1 319058587#2 -1162674260 37088542 710476024#1 157574536#0 157574536#1 153733877 1339510611 157553237#1 36289599#0 36289599#1 157553231 48955689#0 48955997 159922990 48955996 406210869#0 406210869#1 319058612#0 319058612#1,1.1634880604691138,2
23,176,269702544 201772610 157574535 -36933126#2 -36933126#1 -36933126#0 -1239117024 -394443151#2 196288048 -394443151#0 394443143#0 394443143#1 394443143#2 1238948418#0 1238948418#1 509025806#1 509025806#2 1338884372 1338884371#4 1338884374 1338884375 1338884371#6 165170683#0 165170683#1 165170683#2 165170683#3 -319058613#2 -165170815#1 -165171448#1 -165171448#0 -165170994#5 -165170994#4 -165170994#3 -165170994#2 -165170994#1,2.632530384351004,0
23,176,269702544 201772610 157574535 -36933126#2 -36933126#1 -36933126#0 -1239117024 -394443151#2 196288048 -394443151#0 394443143#0 394443143#1 394443143#2 1238948418#0 1238948418#1 509025806#1 509025806#2 1338884372 1338884371#4 1338884374 1338884375 1338884371#6 165170683#0 165170683#1 165170683#2 165170683#3 -319058613#2 -319058613#1 -319058613#0 -165170994#6 -165170994#5 -165170994#4 -165170994#3 -165170994#2 -165170994#1,2.56899546714438,1
23,176,269702544 201772610 157574535 -36933126#2 -36933126#1 -36933126#0 -1239117024 -394443151#2 -394443151#1 -394443151#0 394443143#0 394443143#1 394443143#2 1238948418#0 1238948418#1 509025806#1 509025806#2 1338884372 1338884371#4 1338884371#5 1338884371#6 165170683#0 165170683#1 165170683#2 165170683#3 -319058613#2 -319058613#1 -319058613#0 -165170994#6 -165170994#5 -165170994#4 -165170994#3 -165170994#2 -165170994#1,2.5248216503722767,2
23,176,269702544 201772610 157574535 -36933126#2 -36933126#1 -36933126#0 -1239117024 -394443151#2 196288048 -394443151#0 394443143#0 394443143#1 394443143#2 1238948418#0 1238948418#1 509025806#1 509025806#2 1338884372 1338884371#4 1338884371#5 1338884371#6 165170683#0 165170683#1 165170683#2 165170683#3 -319058613#2 -165170815#1 -165170815#0 165170994#0 165170994#1,2.671301739888285,3
24,2,153730015#3 -153730015#3 -153730015#2 -153730015#1 -153730015#0 -36936749#1 -36936749#0 319058644 698026761 37088673#0 37088673#1 1239117016#0 1239117016#1 1239117016#2 -36950447#1 -36950447#0 36950586 -319058589#3 -319058589#2 -319058589#1 -319058589#0 394456356#0 394456356#1 859784039#2 -319058602#1 -319058602#0 -1119245061 -1119245060#2 1119245057#0 1119245057#1 -476687231#3 -476687231#2 -476687231#1 -476687231#0 -1119245056 -37054066 -36293459#2 -36293459#1 -36293459#0 -156460681#2 -156460681#1 37054132 -156460683#5,3.6697990587395672,0
24,2,-153730015#3 -153730015#2 -153730015#1 -153730015#0 -36936749#1 -36936749#0 319058644 698026761 37088673#0 37088673#1 1239117016#0 1239117016#1 1239117016#2 -36950447#1 -36950447#0 36950586 -319058589#3 -319058589#2 -319058589#1 -319058589#0 394456356#0 394456356#1 859784039#2 -319058602#1 1024000539#0 1024000539#1 1024000539#2 1024000539#3 37052381#0 37052381#1 37052381#2 -36293459#8 -36293459#7 -36293459#6 -36293459#5 -36293459#4 -36293459#3 -36293459#2 -36293459#1 -36293459#0 -156460683#8 -156460683#7 -156460683#6 -156460683#5,3.337857614055142,1
24,2,-153730015#3 -153730015#2 -153730015#1 -153730015#0 -36936749#1 -36936749#0 319058644 698026761 37088673#0 37088673#1 1239117016#0 1239117016#1 1239117016#2 -36950447#1 -36950447#0 36950586 -319058589#3 -319058589#2 -319058589#1 -319058589#0 394456356#0 394456356#1 859784039#2 -319058602#1 1024000539#0 156460680#1 -1119245060#2 1119245057#0 1119245057#1 -476687231#3 -476687231#2 -476687231#1 -476687231#0 -1119245056 -37054066 -36293459#2 -36293459#1 -36293459#0 -156460683#8 -156460683#7 -156460683#6 -156460683#5,3.729074316718928,2
24,2,-153730015#3 -153730015#2 -153730015#1 -153730015#0 -36936749#1 -36936749#0 319058644 698026761 37088673#0 37088673#1 1239117016#0 1239117016#1 1239117016#2 -36950447#1 -36950447#0 36950586 -319058589#3 -319058589#2 -319058589#1 -319058589#0 394456356#0 394456356#1 859784039#2 -319058602#1 -319058602#0 -1119245061 -156460680#1 1024000539#1 1024000539#2 -37049908 -36293459#10 37051872#0 37051872#1 -476687231#2 -476687231#1 -476687231#0 -1119245056 -37054066 -36293459#2 -36293459#1 -36293459#0 -156460683#8 -156460683#7 -156460683#6 -156460683#5,3.8727808201986496,3
24,38,-153730015#3 -153730015#2 -153730015#1 -153730015#0 -36936749#1 -36936749#0 319058644 698026761 37088673#0 37088673#1 1239117016#0 1239117016#1 1239117016#2 -36950447#1 -36950447#0 36950586 -319058589#3 -319058589#2 -319058589#1 -319058589#0 -394456379 -36950439#1 -36950439#0 37088258#0 37050051 1119245067 37055902#0 -37051625#2 -37051625#1 -37051625#0 -156480737#2 -156480737#1 394456380 37056002 1119245115 37056017 -159922662#1 -159922662#0 -156460682#0 -37054319 -270968320 37052930 698018294#0 698018294#1 1238956370 36935056 36935040#0 36935040#1 36935040#2 36935040#3 1238956371 187827287 1119245264#0 187827277 187827278#0 187827278#1 218916675,4.518299812532804,0
24,38,153730015#3 -153730015#3 -153730015#2 -153730015#1 -153730015#0 -36936749#1 -36936749#0 319058644 698026761 37088673#0 37088673#1 1239117016#0 1239117016#1 1239117016#2 -36950447#1 -36950447#0 36950586 -319058589#3 -319058589#2 -319058589#1 -319058589#0 -394456379 -36950439#1 -36950439#0 36950518#0 37051441#0 37051441#1 37051441#2 -37051625#2 -37051625#1 -37051625#0 -156480737#2 -156480737#1 394456380 37050590 918716574#1 918716574#2 37051113#0 37051113#1 1119245072 37056055#1 319058606 37052930 698018294#0 698018294#1 1238956370 36935056 36935040#0 36935040#1 36935040#2 36935040#3 1238956371 187827287 1119245264#0 187827277 187827278#0 187827278#1 218916675,4.311679587281971,1
24,38,-153730015#3 -153730015#2 -153730015#1 -153730015#0 -36936749#1 -36936749#0 319058644 698026761 37088673#0 37088673#1 1239117016#0 1239117016#1 1239117016#2 -36950447#1 -36950447#0 36950586 -319058589#3 -319058589#2 -319058589#1 -319058589#0 394456356#0 394456356#1 -859784039#1 -859784039#0 -36950518#1 37051441#0 37051441#1 37051441#2 -37051625#2 -37051625#1 -37051625#0 -156480737#2 -156480737#1 394456380 37050590 918716574#1 918716574#2 37051113#0 37051113#1 1119245072 37056055#1 319058606 37052930 698018294#0 698018294#1 1238956370 36935056 36935040#0 36935040#1 36935040#2 36935040#3 1238956371 187827287 1119245264#0 187827277 187827278#0 187827278#1 218916675,4.492289138517873,2
24,38,-153730015#3 -153730015#2 -153730015#1 -153730015#0 -36936749#1 -36936749#0 319058644 698026761 37088673#0 37088673#1 1239117016#0 1239117016#1 1239117016#2 -36950447#1 -36950447#0 36950586 -319058589#3 -319058589#2 -319058589#1 -319058589#0 -394456379 -36950439#1 -36950439#0 37088258#0 37050051 1119245067 37055902#0 -37051625#2 -37051625#1 37052277#4 37050515#0 37050515#1 37050515#2 156480737#0 394456380 37056002 1119245115 37056017 -159922662#1 37054401 37056055#1 319058606 37052930 698018294#0 698018294#1 1238956370 36935056 36935040#0 36935040#1 36935040#2 36935040#3 1238956371 187827287 1119245264#0 187827277 187827278#0 187827278#1 218916675,4.487754217765021,3
24,40,153730015#3 -153730015#3 -153730015#2 -153730015#1 -153730015#0 -36936749#1 -36936749#0 319058644 698026761 37088673#0 37088673#1 1239117016#0 1239117016#1 1239117016#2 -36950447#1 -36950447#0 36950586 -319058589#3 -319058589#2 -319058589#1 -319058589#0 394456356#0 394456356#1 859784039#2 -319058602#1 -319058602#0 -1119245061 -1119245060#2 1119245057#0 1119245057#1 -476687231#3 -476687231#2 -476687231#1 -476687231#0 -1119245056 -37054066 -36293459#2 -36293459#1 -36293459#0 -156460681#2 -156460681#1 -156460681#0 -697704135 -1024000548 -36292830#1 -36292830#0 -36292768#1 -36292768#0 -36291218 -187827281 -187827282#2 -187827283#4 -156466996#1 156466994#2 -187827282#0 -1119245074 -36290738#2 -36290738#1 -36290738#0 187827279 -156466999#1 -156466999#0 156467000#2 156467000#3,5.2688451350534615,0
24,40,-153730015#3 -153730015#2 -153730015#1 -153730015#0 -36936749#1 -36936749#0 319058644 698026761 37088673#0 37088673#1 1239117016#0 1239117016#1 1239117016#2 -36950447#1 -36950447#0 36950586 -319058589#3 -319058589#2 -319058589#1 -319058589#0 -394456379 -36950439#1 -36950439#0 36950518#0 37051441#0 37051441#1 37051441#2 -37051625#2 -37051625#1 -37051625#0 -156480737#2 -156480755 37050515#2 156480737#0 394456380 37056002 1119245115 37056017 -159922662#1 37054401 37056055#1 319058606 37052930 698018294#0 698018294#1 1238956370 36935056 36935040#0 36935040#1 36935040#2 36935040#3 1238956371 187827287 1119245264#0 1119245264#1 319058598 187827272 -156466999#1 -156466999#0 156467000#2 156467000#3,4.595607589495284,1
24,40,-153730015#3 -153730015#2 -153730015#1 -153730015#0 -36936749#1 -36936749#0 319058644 698026761 37088673#0 37088673#1 1239117016#0 1239117016#1 1239117016#2 -36950447#1 -36950447#0 36950586 -319058589#3 -319058589#2 -319058589#1 -319058589#0 -394456379 -36950439#1 -36950439#0 36950518#0 37051441#0 37051441#1 37051441#2 -37051625#2 -37051625#1 37052277#4 37050515#0 37050515#1 37050515#2 156480737#0 394456380 37050590 918716574#1 918716574#2 37051113#0 37051113#1 1119245072 37056055#1 319058606 37052930 698018294#0 698018294#1 1238956370 36935056 36935040#0 36935040#1 36935040#2 36935040#3 1238956371 187827287 1119245264#0 1119245264#1 319058598 187827272 -156466999#1 -156466999#0 156467000#2 156467000#3,4.343993002208778,2
24,40,-153730015#3 -153730015#2 -153730015#1 -153730015#0 -36936749#1 -36936749#0 319058644 698026761 37088673#0 37088673#1 1239117016#0 1239117016#1 1239117016#2 -36950447#1 -36950447#0 36950586 -319058589#3 -319058589#2 -319058589#1 -319058589#0 -394456379 -36950439#1 -36950439#0 37088258#0 37050051 1119245067 37055902#0 -37051625#2 -37051625#1 -37051625#0 -156480737#2 -156480737#1 394456380 37056002 1119245115 37056017 -159922662#1 37054401 37056055#1 319058606 37052930 698018294#0 698018294#1 1238956370 36935056 36935040#0 36935040#1 36935040#2 36935040#3 1238956371 187827287 1119245264#0 1119245264#1 319058598 187827272 36286792#0 156467000#0 156467000#1 156467000#2 156467000#3,4.626907085535599,3
24,132,-153730015#3 -153730015#2 -153730015#1 -153730015#0 36936749#2 36936749#3 36936749#4 36936749#5 319779134 36936867 -165172165#2 -165172165#1 -165172165#0 165172163 1238426242 698024153,1.5151537885970023,1
24,132,153730015#3 -153730015#3 -153730015#2 -153730015#1 -153730015#0 36936749#2 36936749#3 153730008#0 153730008#1 153730008#2 36936749#5 319779134 36936867 -165172165#2 -165172165#1 -165172165#0 165172163 1238426242 698024153,1.6527863315489215,2
24,132,-153730015#3 -153730015#2 -153730015#1 -153730015#0 36936749#2 36936749#3 36936749#4 36936749#5 319779134 36936867 -165172165#2 -165172165#1 -165172165#0 165172163 -165170684#1 -165170684#0 165171783#0 165171783#1 165171783#2 -165170681#1 -165170681#0 165170816 165170817 165170685#0 165170685#1 -698024153,2.427416807555486,3
24,181,153730015#3 -153730015#3 -153730015#2 -153730015#1 -153730015#0 36936749#2 36936749#3 36936749#4 -153730008#2 -153730008#1 153730013#0 -153730017,0.8557757287607811,0
24,181,-153730015#3 -153730015#2 -153730015#1 -153730015#0 36936749#2 36936749#3 36936749#4 -153730008#2 -153730020#3 153730014#0 153730017,0.7097714091063535,1
24,181,-153730015#3 -153730015#2 -153730015#1 -153730015#0 36936749#2 36936749#3 153730008#0 153730013#0 -153730017,0.5939962246764634,2
24,181,153730015#3 -153730015#3 -153730015#2 -153730015#1 -153730015#0 36936749#2 36936749#3 153730008#0 153730008#1 -153730020#3 153730014#0 153730017,0.7562712426750235,3
25,21,-37052381#0 -1024000539#3 -37049908 1119245060#0 1119245060#1 1119245060#2 1119245061 319058602#0 319058602#1 36294383#0 37055563#0 332885734#0 332885734#1 332885734#2 37055217#1 -859785184 36950447#0 36950447#1 -1239117016#2 -1239117016#1 -1239117016#0 -37088673#1 -37088673#0 39820658#0 39820658#1 39820658#2 508751757#0 508751757#1 508751757#2 36936541 697740912 319058636 36936749#0 36936749#1 36936749#2 36936749#3 36936749#4 -153730008#2,2.5632891474892627,0
25,21,-37052381#0 -1024000539#3 -1024000539#2 -1024000539#1 -1024000539#0 319058602#1 -270968314 -859784039#1 -859784039#0 -36950518#1 -36950518#0 36950439#0 36950439#1 607473249#0 607473249#1 -36950657#1 -36950657#0 -1339510610 319058608#0 319058608#1 -157553237#1 -157553237#0 -157553234 -157574536#1 -157574536#0 -710476024#1 -710476024#0 1162674260 508751758#0 508751758#1 508751758#2 508751757#0 508751757#1 508751757#2 36936541 697740912 319058636 36936749#0 36936749#1 36936749#2 36936749#3 36936749#4 -153730008#2,1.6785683103947544,2
25,21,-37052381#0 -1024000539#3 -1024000539#2 -1024000539#1 156460680#1 1119245061 319058602#0 319058602#1 36294383#0 37055563#0 332885734#0 332885734#1 332885734#2 37055217#1 -859785184 36950447#0 36950447#1 -1239117016#2 -1239117016#1 -1239117016#0 -37088673#1 -37088673#0 39820658#0 39820658#1 39820658#2 508751757#0 508751757#1 508751757#2 36936541 697740912 319058636 36936749#0 36936749#1 36936749#2 36936749#3 36936749#4 -153730008#2,2.6527059941415305,3
26,22,-319058608#0 1339510610 36950657#0 36950657#1 1119245066#0 1119245066#1 269702545 -394456379 -36950439#1 -36950439#0 37088258#0 37088258#1 394456378 36950525 1119245069 48956015 37050033#1 37055902#0 37055902#1 37055902#2 156460671 1119245064 156460680#1 1119245061 319058602#0 319058602#1 36294383#0 37055563#0 332885734#0 332885734#1 332885734#2 37055217#1 -859785184 36950506#0,2.5385229181665467,0
26,22,-319058608#0 1339510610 -269702562 -1339510609#0 -328471845#1 -328471845#0 -319058611 -36950506#3 -36950506#2 -36950506#1 -36950506#0,0.5839330836726339,1
26,22,319058608#0 319058608#1 -157553237#1 -157553237#0 -157553234 -157574536#1 -157574536#0 -710476024#1 -710476024#0 39820659#0 39820659#1 39820659#2 39820659#3 153733879 -36950506#3 -36950506#2 -36950506#1 -36950506#0,0.9659600571288228,2
26,22,-319058608#0 1339510610 36950657#0 36950657#1 1119245066#0 1119245066#1 269702545 394456356#0 394456356#1 859784039#2 36294383#0 37055563#0 332885734#0 332885734#1 332885734#2 37055217#1 -859785184 36950506#0,2.0232241420686345,3
26,54,319058608#0 319058608#1 36289599#0 36289599#1 -878854448 -878854447 878854446 48955689#0 48955689#1 1119245069 406210869#0 406210869#1 -1119245070 -1119245071 -1299820133 -37051625#0 -156480737#2 -156480737#1 394456380 37050590 918716574#1 918716574#2 -36936220 36934835#0 36934835#1 36934835#2 332885553 1339478330 319058604#1 319058604#2 1339478328#1 -215094374 698018295#2 -35801699#1 -339700984 35801597#3 35801597#4 35802097#0 35802097#1 35802097#2 35802097#3 35802097#4 35802097#5 710478629#0 710478629#1 710478296,3.465404399686049,0
26,54,319058608#0 319058608#1 36289599#0 36289599#1 157553231 48955689#0 48955689#1 1119245069 406210869#0 406210869#1 -1119245070 -1119245071 37050515#0 37050515#1 37050515#2 156480737#0 394456380 37050590 918716574#1 918716574#2 -36936220 36934835#0 36934835#1 36934835#2 332885553 1339478330 319058604#1 319058604#2 1339478328#1 698018295#1 698018295#2 698018295#3 35802097#0 35802097#1 35802097#2 35802097#3 35802097#4 35802097#5 710478629#0 710478629#1 710478296,2.4067688277055246,1
26,54,319058608#0 319058608#1 36289599#0 36289599#1 157553231 48955689#0 48955689#1 1119245069 48956015 37050033#1 37055902#0 -37051625#2 -37051625#1 -37051625#0 -156480737#2 -156480737#1 394456380 37050590 918716574#1 918716574#2 -36936220 36934835#0 36934835#1 36934835#2 332885553 1339478330 319058604#1 319058604#2 1339478328#1 -215094374 698018295#2 698018295#3 35802097#0 35802097#1 35802097#2 35802097#3 35802097#4 35802097#5 314422857 -13937774#1 -13937774#0 -36287006 710478296,3.0515612443121967,2
26,54,319058608#0 319058608#1 36289599#0 36289599#1 157553231 48955689#0 48955689#1 1119245069 48956015 37050033#1 37055902#0 -37051625#2 -37051625#1 -37051625#0 -156480737#2 -156480737#1 394456380 37050590 918716574#1 918716574#2 -36936220 36934835#0 36934835#1 36934835#2 332885553 1339478330 319058604#1 319058604#2 1339478328#1 698018295#1 698018295#2 698018295#3 35802097#0 35802097#1 35802097#2 35802097#3 35802097#4 35802097#5 314422857 -13937774#1 -13937774#0 -1237369283 -710478296,2.9958736993157964,3
26,125,-319058608#0 1339510610 36950657#0 36950657#1 1119245066#0 1119245066#1 269702545 -394456379 -36950439#1 -36950439#0 37088258#0 37088258#1 394456378 36950525 1119245069 406210869#0 406210869#1 319058612#0 319058612#1 36288941#0 36288941#1 36288941#2 36936373#0 36936373#1 36936373#2 36936373#3 36936373#4 201772610 157574535 -36933126#2 -36933126#1 -36933126#0 -269702559 -36933151#0,1.904831503668725,0
26,125,319058608#0 319058608#1 -157553237#1 -157553237#0 -157553234 -157574536#1 -157574536#0 -710476024#1 -710476024#0 1162674260 -319058587#2 -319058587#1 -319058587#0 -319058586 -1088466838#1 -1088466838#0 -37088447#2 -37088447#1 -37088447#0 -36933126#2 -36933126#1 -36933126#0 -269702559 -36933151#0,1.0963936944450383,1
26,125,319058608#0 319058608#1 36289599#0 36289599#1 -878854448 153730935 -153730939#0 36289295#1 -777654407 1119245693 159922990 48955996 406210869#0 406210869#1 319058612#0 319058612#1 36288941#0 36288941#1 36288941#2 36936373#0 36936373#1 153730938 -153730933#1 -153730933#0 36936373#3 36936373#4 201772610 157574535 -36933126#2 -36933126#1 -36933126#0 -269702559 -36933151#0,1.899223880271396,2
26,125,319058608#0 319058608#1 -157553237#1 -157553237#0 -157553234 -157574536#1 -157574536#0 1239117022#0 1239117022#1 153730936#0 153730936#1 153730936#2 -153730925#1 -153730925#0 -153730933#0 36936373#3 36936373#4 201772610 157574535 -36933126#2 -36933126#1 -36933126#0 -269702559 -36933151#0,1.4080504162727283,3
26,132,319058608#0 -319058608#0 1339510610 36950657#0 36950657#1 1119245066#0 1119245066#1 269702545 319058589#0 319058589#1 319058589#2 319058589#3 -859785184 36950447#0 36950447#1 -1239117016#2 -1239117016#1 -1239117016#0 -37088673#1 -37088673#0 39820658#0 39820658#1 39820658#2 508751757#0 508751757#1 508751757#2 36936541 697740912 319058636 36936749#0 36936749#1 36936749#2 36936749#3 36936749#4 36936749#5 319779134 36936867 -165172165#2 -165172165#1 -165172165#0 165172163 1238426242 698024153,3.143407548098222,0
26,132,319058608#0 319058608#1 -157553237#1 -157553237#0 -157553234 -157574536#1 -157574536#0 -710476024#1 -710476024#0 1162674260 508751758#0 508751758#1 508751758#2 508751757#0 508751757#1 508751757#2 36936541 697740912 319058636 36936749#0 36936749#1 36936749#2 36936749#3 36936749#4 36936749#5 319779134 36936867 -165172165#2 -165172165#1 -165172165#0 165172163 1238426242 698024153,1.4554349711429029,1
26,132,319058608#0 319058608#1 -157553237#1 -157553237#0 -157553234 -157574536#1 -157574536#0 -710476024#1 -710476024#0 1162674260 508751758#0 508751758#1 508751758#2 508751757#0 508751757#1 508751757#2 36936541 697740912 319058636 36936749#0 36936749#1 36936749#2 36936749#3 153730008#0 153730013#0 -153730017 -153730014#0 153730020#3 153730008#2 36936749#5 319779134 36936867 -165172165#2 -165172165#1 -165172165#0 165172163 1238426242 698024153,1.5542626184864707,2
26,132,319058608#0 319058608#1 -157553237#1 -157553237#0 -157553234 -157574536#1 -157574536#0 -710476024#1 -710476024#0 1162674260 508751758#0 508751758#1 508751758#2 508751757#0 508751757#1 508751757#2 36936541 697740912 319058636 36936749#0 36936749#1 36936749#2 36936749#3 36936749#4 36936749#5 319779134 36936867 -165172165#2 -165172165#1 -165172165#0 165172163 -165170684#1 -165170684#0 165171783#0 165171783#1 165171783#2 -165170681#1 -165170681#0 165170816 165170817 165170685#0 165170685#1 -698024153,2.3676979901013864,3
26,198,319058608#0 319058608#1 36289599#0 36289599#1 -878854448 -878854447 878854446 48955689#0 48955689#1 -36950525 157555049 1119245067 37055902#0 -37051625#2 -37051625#1 37052277#4 1237352048 1119245070 319058612#0 319058612#1 36288941#0 36288941#1 36288941#2 36936373#0 36936373#1 36936373#2 36936373#3 36936373#4 201772610 157574535 -36933126#2 -36933126#1 -36933126#0 -1239117024 -394443151#2 -394443151#1 -394443151#0 394443143#0 394443143#1 394443143#2 1238948418#0 1238948418#1 509025806#1 509025806#2 1338884372 1338884371#4 1338884371#5 1338884371#6 1338884371#7 1338884371#8 1338884377 243836884#0 243836884#1 243836884#2 243836884#3 243836884#4,3.615861623700063,0
26,198,319058608#0 319058608#1 -157553237#1 -157553237#0 -157553234 -157574536#1 -157574536#0 -710476024#1 -710476024#0 1162674260 508751758#0 508751758#1 508751758#2 508751757#0 508751757#1 508751757#2 36936541 36936727#0 36936727#1 36936727#2 36936727#3 36936727#4 36936727#5 36936727#6 36936727#7 319058652 1239117012#0 1239117012#1 1239117012#2 1239117012#3 1239117012#4 1239117012#5 36936616#1 36936616#2 36936616#3 36936616#4 36936616#5 36936616#6 36936480#0 36936480#1 36936480#2 39820656#0 39820656#1 -243836884#5 -243836884#4,1.1356789674647811,1
26,198,319058608#0 319058608#1 -157553237#1 -157553237#0 -157553234 -157574536#1 -157574536#0 1239117022#0 1239117022#1 153730936#0 153730936#1 153730936#2 153730936#3 201772610 157574535 -36933126#2 -36933126#1 -36933126#0 -1239117024 -394443151#2 -394443151#1 -394443151#0 394443143#0 394443143#1 394443143#2 1238948418#0 1238948418#1 509025806#1 509025806#2 1338884372 1338884371#4 1338884374 1338884375 1338884371#6 1338884371#7 1338884371#8 1338884377 243836884#0 243836884#1 243836884#2 243836884#3 243836884#4,2.855722478036037,2
26,198,319058608#0 319058608#1 -157553237#1 -157553237#0 -157553234 -157574536#1 -157574536#0 1239117022#0 1239117022#1 153730936#0 153730936#1 -270968323#1 -270968324 153730925#1 153730936#3 201772610 157574535 -36933126#2 -36933126#1 -36933126#0 -1239117024 -394443151#2 196288048 -394443151#0 394443143#0 394443143#1 394443143#2 1238948418#0 1238948418#1 509025806#1 509025806#2 1338884372 1338884371#4 1338884374 1338884375 1338884371#6 1338884371#7 1338884371#8 1338884377 243836884#0 243836884#1 243836884#2 243836884#3 243836884#4,2.962605735298625,3
27,6,698026762 -698026762 -1239117016#2 -1239117016#1 -1239117016#0 -37088673#1 -37088673#0 39820658#0 39820658#1 39820658#2 508751757#0 508751757#1 508751757#2 36936541 36936727#0 36936727#1 36936727#2 357228242 319779156#0 319779156#1 319058636 36936749#0 36936749#1 36936749#2 36936749#3 153730008#0 153730008#1 153730008#2 36936749#5 319779134 36936867 -165172165#2 -165172165#1 319058646#0 319058646#1,2.14235565025185,0
27,6,-698026762 -1239117016#2 -1239117016#1 -1239117016#0 -37088673#1 -37088673#0 39820658#0 39820658#1 39820658#2 508751757#0 508751757#1 508751757#2 36936541 697740912 319058636 36936749#0 36936749#1 36936749#2 36936749#3 36936749#4 36936749#5 319779134 36936867 -165172165#2 -165172165#1 319058646#0 319058646#1,1.9131219709443943,1
27,6,-698026762 -1239117016#2 -1239117016#1 -1239117016#0 -37088673#1 -37088673#0 39820658#0 39820658#1 39820658#2 508751757#0 508751757#1 508751757#2 36936541 697740912 319058636 36936749#0 36936749#1 36936749#2 36936749#3 153730008#0 153730008#1 153730008#2 36936749#5 319779134 36936867 -165172165#2 -165172165#1 319058646#0 319058646#1,1.9560820876904104,2
27,6,-698026762 -1239117016#2 -1239117016#1 -1239117016#0 -37088673#1 -37088673#0 39820658#0 39820658#1 39820658#2 508751757#0 508751757#1 508751757#2 36936541 697740912 319058636 36936749#0 36936749#1 36936749#2 36936749#3 153730008#0 153730013#0 -153730017 -153730014#0 153730020#3 153730008#2 36936749#5 319779134 36936867 -165172165#2 -165172165#1 319058646#0 319058646#1,2.0119496182879626,3
28,23,156460683#0 156460683#1 156460683#2 156460683#3 156460683#4 156460683#5 -37054132 156460681#1 156460681#2 36293459#0 36293459#1 36293459#2 37054066 1119245056 476687231#0 476687231#1 476687231#2 -37051872#1 -37051872#0 36293459#10 1119245060#0 1119245060#1 1119245060#2,1.6916606671466283,0
28,23,156460683#0 -319058645#1 -319058645#0 -156460691 319058593 697704135 156460681#0 156460681#1 156460681#2 36293459#0 36293459#1 36293459#2 36293459#3 36293459#4 36293459#5 36293459#6 36293459#7 36293459#8 36293459#9 36293459#10 1119245060#0 1119245060#1 1119245060#2,0.9891108711303096,1
28,23,156460683#0 -319058645#1 -319058645#0 394456402#0 394456402#1 1238948417 319058625 319058626 156460681#0 156460681#1 156460681#2 36293459#0 36293459#1 36293459#2 37054066 1119245056 476687231#0 476687231#1 476687231#2 476687231#3 -1119245057#1 -1119245057#0 1119245060#2,1.6313534917206625,2
28,23,156460683#0 156460683#1 156460683#2 156460683#3 156460683#4 156460683#5 -37054132 156460681#1 156460681#2 36293459#0 36293459#1 36293459#2 37054066 1119245056 476687231#0 476687231#1 476687231#2 476687231#3 -1119245057#1 -1119245057#0 1119245060#2,1.7252639788816897,3
28,147,156460683#0 156460683#1 156460683#2 156460683#3 156460683#4 156460683#5 156460683#6 156460683#7 156460683#8 36293459#0 36293459#1 36293459#2 36293459#3 36293459#4 36293459#5 36293459#6 36293459#7 36293459#8 36293459#9 36293459#10 37049908 156460679 37052277#1 37052277#2 37052277#3 -37051625#0 -156480737#2 -156480737#1 394456380 37056002 1119245115 37056017 -159922662#1 -159922662#0 -156460682#0 -37054319 -270968320 37052930 698018294#0 698018294#1 1238956370 698018293 -36936220 36934835#0 36934835#1 36934835#2 332885553 332885552 -394446867#1 -394446867#0 36288851#0 36288851#1 36284386#0 36284386#1 36284386#2 -153730928 -36933307#1,4.003024456722934,0
28,147,156460683#0 -319058645#1 -319058645#0 -156460691 319058593 697704135 156460681#0 156460681#1 156460681#2 36293459#0 36293459#1 36293459#2 36293459#3 36293459#4 36293459#5 36293459#6 36293459#7 36293459#8 36293459#9 36293459#10 37049908 156460679 37052277#1 37052277#2 37052277#3 -37051625#0 -156480737#2 -156480737#1 394456380 37050590 918716574#1 918716574#2 -36936220 36934835#0 36934835#1 36934835#2 -710476653#1 -710476653#0 -394446867#1 -394446867#0 36288851#0 36288851#1 36284386#0 36284386#1 36284386#2 -153730928 -36933307#1,2.82557875945464,1
28,147,156460683#0 156460683#1 156460683#2 156460683#3 156460683#4 156460683#5 156460683#6 156460683#7 156460683#8 36293459#0 36293459#1 36293459#2 37054066 1119245056 476687231#0 476687231#1 476687231#2 476687231#3 -1119245057#1 -1119245057#0 -1119245060#1 -1119245060#0 37049908 156460679 37052277#1 37052277#2 37052277#3 -37051625#0 -156480737#2 -156480737#1 394456380 37050590 918716574#1 918716574#2 -36936220 36934835#0 36934835#1 36934835#2 -710476653#1 -710476653#0 -394446867#1 -394446867#0 36288851#0 36288851#1 36284386#0 -36933306 36933307#1,3.5135677203377687,2
28,147,156460683#0 -319058645#1 -319058645#0 -156460691 319058593 -1024000548 -36292830#1 -36292830#0 -36292768#1 -36292768#0 -36291218 -1119243207 -187827274 156466987 187827282#0 -156466994#2 -156466996#0 156466997#2 156466997#3 -36290738#2 -36290738#1 -36290738#0 187827279 36286792#0 36286792#1 187827271 36936423#0 156467657 -156467656#0 36936423#2 36936423#3 36936423#4 36936423#5 36936423#6 36936423#7 698018294#0 698018294#1 1238956370 698018293 -36936220 36934835#0 36934835#1 36934835#2 332885553 1339478330 319058604#1 319058604#2 -339940214 -36285797#0 35802071#1 35802071#2 36288851#0 36288851#1 36284386#0 -36933306 36933307#1,4.288038095007623,3
29,22,-36934835#0 36936220 37051113#0 37051113#1 1119245072 37056055#1 319058606 37052930 698018294#0 698018294#1 1238956370 36935056 36935040#0 36935040#1 36935040#2 36935040#3 1238956371 187827287 1119245264#0 1119245264#1 319058598 37640683 187827276 352492431 187827275 187827274 1119243207 36291218 36292768#0 36292768#1 36292768#2 36292830#1 36292830#2 697704135 156460681#0 156460681#1 156460681#2 36293459#0 36293459#1 36293459#2 37054066 1119245056 476687231#0 476687231#1 476687231#2 -37051872#1 -37051872#0 36293459#10 37049908 -1024000539#2 -1024000539#1 -1024000539#0 319058602#1 -270968314 -394456356#1 -394456356#0 319058589#0 319058589#1 319058589#2 319058589#3 -859785184 36950506#0,5.68969989723751,0
29,22,-36934835#0 39820661#0 39820661#1 36934854#0 -156480752 -1109771198#1 -1109771198#0 -36936392#1 -36936392#0 -36288941#0 270968317#0 270968317#1 36936396#0 36936396#1 36936396#2 36936396#3 36936396#4 878854447 878854448 -36289599#1 -36289599#0 -319058608#1 -37088332#3 -37088332#2 371455497 -36950657#0 -269702562 -1339510609#0 -328471845#1 -328471845#0 -319058611 -36950506#3 -36950506#2 -36950506#1 -36950506#0,1.720767458254801,1
29,22,-36934835#0 39820661#0 39820661#1 36934854#0 -156480752 -1109771198#1 -1109771198#0 -36936392#1 -36936392#0 36288941#1 36288941#2 36289159#0 36289159#1 36289159#2 36289295#0 153730939#0 153730939#1 153730941#1 -36289599#0 -319058608#1 -319058608#0 1339510610 -269702562 -1339510609#0 -328471845#1 -328471845#0 -319058611 -36950506#3 -36950506#2 -36950506#1 -36950506#0,1.5678184754515527,2
29,22,-36934835#0 39820661#0 39820661#1 36934854#0 -156480752 -1109771198#1 -1109771198#0 -36936392#1 -36936392#0 -36288941#0 270968317#0 270968317#1 48955998 313248247 313248248 48955996 48956015 37050033#1 37055902#0 37055902#1 37055902#2 156460671 1119245064 -1024000539#0 319058602#1 36294383#0 37055563#0 332885734#0 332885734#1 332885734#2 37055217#1 -859785184 36950506#0,2.397815645495435,3
29,24,36934835#0 36934835#1 36934835#2 332885553 1339478330 319058604#1 319058604#2 -339940214 -36284844 36288851#0 36288851#1 36288851#2 36288851#3 275506498 269702543 269702544 201772610 157574535 37088447#0 37088447#1 37088447#2 1088466838#0 1088466838#1 319058586 319058587#0 319058587#1 319058587#2 508751758#0 508751758#1 508751758#2 508751757#0 508751757#1 508751757#2 36936541 697740912 319058636 36936749#0 36936749#1 36936749#2 36936749#3 153730008#0 153730008#1 153730008#2 36936749#5 319779134 36936867 -165172165#2 -165172165#1 319058646#0,2.803528452197272,0
29,24,-36934835#0 39820661#0 39820661#1 36934854#0 -156480752 -1109771198#1 -1109771198#0 -36936392#1 -36936392#0 36288941#1 36288941#2 36936373#0 36936373#1 36936373#2 36936373#3 36936373#4 201772610 157574535 37088447#0 37088447#1 37088447#2 1088466838#0 1088466838#1 319058586 319058587#0 319058587#1 319058587#2 508751758#0 508751758#1 508751758#2 508751757#0 508751757#1 508751757#2 36936541 697740912 319058636 36936749#0 36936749#1 36936749#2 36936749#3 36936749#4 36936749#5 319779134 36936867 -165172165#2 -165172165#1 319058646#0,2.062398005459293,1
29,24,36934835#0 36934835#1 36934835#2 332885553 332885552 -394446867#1 -394446867#0 36288851#0 36288851#1 36288851#2 36288851#3 275506498 269702543 269702544 201772610 157574535 37088447#0 37088447#1 37088447#2 1088466838#0 1088466838#1 319058586 319058587#0 319058587#1 319058587#2 508751758#0 508751758#1 508751758#2 508751757#0 508751757#1 508751757#2 36936541 697740912 319058636 36936749#0 36936749#1 36936749#2 36936749#3 153730008#0 153730008#1 153730008#2 36936749#5 319779134 36936867 -165172165#2 -165172165#1 319058646#0,2.4455850876664345,2
29,24,36934835#0 36934835#1 36934835#2 332885553 1339478330 -36285797#2 -36285797#1 -36284844 36288851#0 36288851#1 36288851#2 36288851#3 275506498 269702543 269702544 201772610 157574535 37088447#0 37088447#1 37088447#2 1088466838#0 1088466838#1 319058586 319058587#0 319058587#1 319058587#2 508751758#0 508751758#1 508751758#2 508751757#0 508751757#1 508751757#2 36936541 697740912 319058636 36936749#0 36936749#1 36936749#2 36936749#3 36936749#4 36936749#5 319779134 36936867 -165172165#2 -165172165#1 319058646#0,2.522975342890661,3
29,96,-36934835#0 39820661#0 39820661#1 36934854#0 -156480752 -1109771198#1 -1109771198#0 -36936392#1 -36936392#0 36288941#1 36288941#2 36289159#0 36289159#1 36289159#2 36289295#0 153730939#0 -153730935 878854448 -36289599#1 -36289599#0 -157553237#1 -157553237#0 -157553234 -157574536#1 -157574536#0 1239117022#0 1239117022#1 157574537#0 157574537#1 36289394#0 153730941#0 153730941#1,1.4705889055428225,0
29,96,-36934835#0 39820661#0 39820661#1 36936236#0 36936236#1 36934860#0 36934860#1 36934860#2 36934860#3 1339510612#0 1339510612#1 1339510612#2 36289159#0 36289159#1 36289159#2 36289295#0 153730939#0 153730939#1 153730941#1,0.6461843052555795,1
29,96,-36934835#0 39820661#0 39820661#1 36936236#0 36936236#1 36934860#0 36934860#1 36934860#2 36934860#3 1339510612#0 1339510612#1 1339510612#2 36289159#0 36935200 269702561#0 269702561#1 270968317#1 36936396#0 -394456375 36935232 36289159#2 36289295#0 153730939#0 153730939#1 153730941#1,0.9794192756208666,2
30,25,-153730939#1 -153730939#0 36289295#1 36936396#3 36936396#4 878854447 878854448 -36289599#1 -36289599#0 -157553237#1 -157553237#0 -157553234 -157574536#1 -157574536#0 -710476024#1 -710476024#0 1162674260 508751758#0 508751758#1 508751758#2 508751757#0 508751757#1 508751757#2 36936541 697740912 319058636 36936749#0 36936749#1 36936749#2 36936749#3 36936749#4 36936749#5 319779134 36936867 319058601 698024155#0 698024155#1 698024155#2 319779133#0 319779133#1 610135150#5 610135150#6 610135150#7 610135150#8 610135150#9 610135150#0 610135150#1 1239117050 610135148#0 610135148#1,1.7250732308652037,0
30,25,153730939#1 153730941#1 -36289599#0 -157553237#1 -157553237#0 -157553234 -157574536#1 -157574536#0 -710476024#1 -710476024#0 1162674260 508751758#0 508751758#1 508751758#2 508751757#0 508751757#1 508751757#2 36936541 697740912 319058636 36936749#0 36936749#1 36936749#2 36936749#3 36936749#4 36936749#5 319779134 36936867 319058601 698024155#0 698024155#1 698024155#2 319779133#0 319779133#1 610135150#5 610135150#6 610135150#7 610135150#8 610135150#9 610135150#0 610135150#1 1239117050 610135148#0 610135148#1,1.573654017669586,1
30,25,153730939#1 153730941#1 -36289599#0 -157553237#1 -157553237#0 -157553234 -157574536#1 -157574536#0 -710476024#1 -710476024#0 1162674260 508751758#0 508751758#1 508751758#2 508751757#0 508751757#1 508751757#2 36936541 697740912 319058636 36936749#0 36936749#1 36936749#2 36936749#3 36936749#4 36936749#5 319779134 36936867 319058601 698024155#0 698024155#1 698024155#2 319779133#0 319779133#1 610135150#5 610135150#6 610135150#7 610135149 88525123 610135150#9 1057740878 1057740881 610135150#1 1239117050 610135148#0 610135148#1,1.6536795580205974,2
30,25,153730939#1 -153730939#1 -153730935 878854448 -36289599#1 -36289599#0 -157553237#1 -157553237#0 -157553234 -157574536#1 -157574536#0 -710476024#1 -710476024#0 1162674260 508751758#0 508751758#1 508751758#2 508751757#0 508751757#1 508751757#2 36936541 697740912 319058636 36936749#0 36936749#1 36936749#2 36936749#3 36936749#4 36936749#5 319779134 36936867 319058601 698024155#0 698024155#1 698024155#2 319779133#0 319779133#1 610135150#5 610135150#6 610135150#7 610135149 88525123 610135150#9 610135150#0 610135150#1 1239117050 610135148#0 610135148#1,1.754429638428206,3
30,34,-153730939#1 -153730935 878854448 -36289599#1 -36289599#0 -319058608#1 -319058608#0 1339510610 36950657#0 36950657#1 1119245066#0 1119245066#1 269702545 319058589#0 319058589#1 319058589#2 319058589#3 -859785184 36950447#0 36950447#1 -1239117016#2,1.4019860841375718,0
30,34,153730939#1 153730941#1 -36289599#0 -319058608#1 -319058608#0 1339510610 -269702562 -1339510609#0 -328471845#1 -328471845#0 -319058611 -36950506#3 -36950506#2 -36950506#1 -36950506#0 36950447#0 36950447#1 -1239117016#2,0.8257738390224668,1
30,34,-153730939#1 153730939#1 153730941#1 -36289599#0 -319058608#1 -319058608#0 1339510610 36950657#0 36950657#1 1119245066#0 1119245066#1 269702545 319058589#0 319058589#1 319058589#2 319058589#3 -859785184 36950447#0 36950447#1 -1239117016#2,1.369678528327995,2
30,34,-153730939#1 153730939#1 153730941#1 -36289599#0 -319058608#1 -37088332#3 -37088332#2 371455497 36950657#1 1119245066#0 1119245066#1 269702545 319058589#0 319058589#1 319058589#2 319058589#3 -859785184 36950447#0 36950447#1 -1239117016#2,1.4216823680208197,3
30,55,153730939#1 153730941#1 36289599#1 157553231 48955689#0 48955689#1 1119245069 406210869#0 406210869#1 -1119245070 -1119245071 -1299820133 -37051625#0 -156480737#2 -156480737#1 394456380 37050590 918716574#1 918716574#2 -36936220 39820661#0 39820661#1 36936236#0 36936236#1,1.6289536271789926,0
30,55,153730939#1 -153730939#1 -153730939#0 36289295#1 -777654407 1119245693 159922990 48955996 406210869#0 406210869#1 319058612#0 319058612#1 36936407#0 36936407#1 36936407#2 918716575 918716574#0 918716574#1 918716574#2 -36936220 39820661#0 39820661#1 36936236#0 36936236#1,1.7185525014113976,1
30,55,153730939#1 -153730939#1 -153730939#0 36289295#1 -777654407 1119245693 159922990 48955996 406210869#0 406210869#1 319058612#0 319058612#1 36288941#0 36936392#0 36936392#1 1109771198#0 1109771198#1 1057740871#0 1057740871#1 36934860#0 36934860#1 36934860#2 36936327 36284386#4 36284386#5 36284386#6 36936236#0 36936236#1,1.447360211183105,2
30,55,-153730939#1 -153730939#0 36289295#1 -777654407 1119245693 159922990 48955996 48956015 37050033#1 37055902#0 -37051625#2 -37051625#1 -37051625#0 -156480737#2 -156480737#1 394456380 37050590 918716574#1 918716574#2 -36936220 39820661#0 39820661#1 36936236#0 36936236#1,1.5606819511992998,3
30,60,153730939#1 153730941#1 -36289599#0 -319058608#1 -319058608#0 1339510610 -269702562 -1339510609#0 -328471845#1 -328471845#0 -319058611 -36950506#3 -36950506#2 -36950506#1 -36950506#0 36950447#0 36950447#1 -1239117016#2 -1239117016#1 -1239117016#0 -37088673#1 -37088673#0 39820658#0 39820658#1 39820658#2 508751757#0 508751757#1 508751757#2 36936541 697740912 319058636 36936749#0 36936749#1 36936749#2 36936749#3 36936749#4 36936749#5 319779134 36936867 -165172165#2 -165172165#1 -165172165#0 165172163 -165170684#1 -165172642#2 -165172642#1 -165172642#0,2.97239712986127,0
30,60,153730939#1 153730941#1 -36289599#0 -157553237#1 -157553237#0 -157553234 -157574536#1 -157574536#0 -710476024#1 -710476024#0 1162674260 508751758#0 508751758#1 508751758#2 508751757#0 508751757#1 508751757#2 36936541 697740912 319058636 36936749#0 36936749#1 36936749#2 36936749#3 36936749#4 36936749#5 319779134 36936867 -165172165#2 -165172165#1 -165172165#0 165172163 -165170684#1 -165172642#2 -165172642#1 -165172642#0,1.6975037082541948,1
30,60,-153730939#1 -153730935 878854448 -36289599#1 -36289599#0 -157553237#1 -157553237#0 -157553234 -157574536#1 -157574536#0 -710476024#1 -710476024#0 1162674260 508751758#0 508751758#1 508751758#2 508751757#0 508751757#1 508751757#2 36936541 697740912 319058636 36936749#0 36936749#1 36936749#2 36936749#3 153730008#0 153730008#1 153730008#2 36936749#5 319779134 36936867 -165172165#2 -165172165#1 -165172165#0 165172163 -165170684#1 -165172642#2 -165172642#1 -165172642#0,1.8268630534759736,2
30,60,153730939#1 153730941#1 -36289599#0 -157553237#1 -157553237#0 -157553234 -157574536#1 -157574536#0 -710476024#1 -710476024#0 1162674260 -319058587#2 -319058587#1 -319058587#0 -319058586 -1088466838#1 -1088466838#0 -37088447#2 -37088447#1 -37088447#0 -36933126#2 -36933126#1 -36933126#0 -1239117024 -394443151#2 -394443151#1 -394443151#0 394443143#0 394443143#1 394443143#2 1238948418#0 1238948418#1 509025806#1 509025806#2 1338884372 1338884371#4 1338884374 1338884375 1338884371#6 165170683#0 165170683#1 165170683#2 165170683#3 -319058613#2 -319058613#1 -319058613#0 -1371061454 -165171783#2 -165171783#1 -165171783#0 165170684#0 -165172642#2 -165172642#1 -165172642#0,3.4394986202290907,3
31,18,-319058589#1 -319058589#0 394456356#0 394456356#1 859784039#2 36294383#0 36294383#1 36294383#2 36294383#3 36294383#4 36294383#5 36294383#6 36294383#7 36294383#8 36294383#9 36294383#10 406210870 36295293#0 37066008 -37055563#2 -37055563#1 332885734#0 332885734#1 332885734#2 37055217#1 -859785184 36950447#0 36950447#1 -1239117016#2 -1239117016#1 -1239117016#0 -37088673#1 -37088673#0 39820658#0 39820658#1 39820658#2 508751757#0 508751757#1 508751757#2 36936541 36936727#0 36936727#1 36936727#2 357228242 319779156#0 319779156#1 319058636 319058644,4.305998229412573,0
31,18,319058589#1 319058589#2 319058589#3 -859785184 36950447#0 36950447#1 -1239117016#2 -1239117016#1 -1239117016#0 -37088673#1 -37088673#0 39820658#0 39820658#1 39820658#2 508751757#0 508751757#1 508751757#2 36936541 697740912 319058636 319058644,1.3855873978326558,1
31,18,-319058589#1 -319058589#0 -394456379 607473249#0 607473249#1 -36950657#1 -36950657#0 -1339510610 319058608#0 319058608#1 -157553237#1 -157553237#0 -157553234 -157574536#1 -157574536#0 -710476024#1 -710476024#0 1162674260 508751758#0 508751758#1 508751758#2 508751757#0 508751757#1 508751757#2 36936541 697740912 319058636 319058644,0.7943510819764481,2
31,18,-319058589#1 -319058589#0 -394456379 -36950439#1 -36950439#0 37088258#0 37088258#1 394456378 157555049 1119245067 37055902#0 37055902#1 37055902#2 156460671 1119245064 -1024000539#0 319058602#1 36294383#0 37055563#0 332885734#0 332885734#1 332885734#2 37055217#1 -859785184 36950447#0 36950447#1 -1239117016#2 -1239117016#1 -1239117016#0 -37088673#1 -37088673#0 39820658#0 39820658#1 39820658#2 508751757#0 508751757#1 508751757#2 36936541 697740912 319058636 319058644,2.7636951492125448,3
31,26,319058589#1 319058589#2 319058589#3 -859785184 36950447#0 36950447#1 -1239117016#2 -1239117016#1 -1239117016#0 -37088673#1 -37088673#0 39820658#0 39820658#1 39820658#2 -508751758#2 -508751758#1 -508751758#0 -1162674260 39820659#0 39820659#1 39820659#2 39820659#3,1.6181943896333475,0
31,26,-319058589#1 -319058589#0 -394456379 607473249#0 607473249#1 -36950657#1 -36950657#0 -1339510610 319058608#0 319058608#1 -157553237#1 -157553237#0 -157553234 -157574536#1 -157574536#0 -710476024#1 -710476024#0 39820659#0 39820659#1 39820659#2 39820659#3,1.0053109090606682,2
31,26,-319058589#1 -319058589#0 -394456379 -36950439#1 -36950439#0 36950518#0 37051441#0 37051441#1 37051441#2 37055902#1 37055902#2 156460671 1119245064 -1024000539#0 319058602#1 36294383#0 37055563#0 332885734#0 332885734#1 332885734#2 37055217#1 -859785184 36950447#0 36950447#1 -1239117016#2 -1239117016#1 -1239117016#0 -37088673#1 -37088673#0 39820658#0 39820658#1 39820658#2 -508751758#2 -508751758#1 -508751758#0 -1162674260 39820659#0 39820659#1 39820659#2 39820659#3,2.893056400672464,3
32,3,-153730018 153730020#1 153730020#2 153730014#0 153730017 -153730013#0 153730008#1 153730008#2 -36936749#4 -36936749#3 -36936749#2 -36936749#1 -36936749#0 319058644 698026761 37088673#0 -153730010#2,1.11340024391208,0
32,3,-153730018 153730018 319779154 153730020#2 153730020#3 153730008#2 -36936749#4 -36936749#3 -36936749#2 -36936749#1 -36936749#0 319058644 698026761 37088673#0 -153730010#2,1.124355367502193,1
32,3,153730018 319779154 153730020#2 153730020#3 -153730008#1 -153730008#0 -36936749#3 -36936749#2 -36936749#1 -36936749#0 319058644 698026761 37088673#0 -153730010#2,0.8456887049396082,2
32,3,-153730018 153730020#1 153730020#2 153730014#0 153730017 -153730013#0 -153730008#0 -36936749#3 -36936749#2 -36936749#1 -36936749#0 319058644 698026761 37088673#0 -153730010#2,0.9447527798136184,3
32,108,-153730018 153730020#1 153730020#2 153730014#0 153730017 -153730013#0 153730008#1 153730008#2 -36936749#4 -36936749#3 -36936749#2 -36936749#1 -36936749#0 319058644 319058627 36936541 36936727#0 36936727#1 36936727#2 36936727#3 36936727#4 36936727#5 36936727#6 -650145324#2 -650145324#1 -650145324#0 -650145330#1 -650145330#0,1.5859640337683871,0
32,108,-153730018 153730020#1 153730020#2 153730020#3 -153730008#1 -153730008#0 -36936749#3 -36936749#2 -36936749#1 -36936749#0 319058644 319058627 36936541 36936727#0 36936727#1 36936727#2 36936727#3 36936727#4 36936727#5 36936727#6 -650145324#2 -650145324#1 -650145324#0 -650145330#1 -650145330#0,1.3824713572869167,1
32,108,153730018 319779154 153730020#2 153730020#3 -153730008#1 -153730008#0 -36936749#3 -36936749#2 -36936749#1 -36936749#0 319058644 319058627 36936541 36936727#0 36936727#1 36936727#2 36936727#3 36936727#4 36936727#5 36936727#6 -650145324#2 -650145324#1 -650145324#0 -650145330#1 -650145330#0,1.318252494795916,2
33,27,319779153 -319779153 -394443153#0 -153732960#0 36936655#2 36936655#3 36936655#4 36936655#5 36936655#6 319779156#0 319779156#1 319058636 319058644 698026761 37088673#0 37088673#1 1239117016#0 1239117016#1 1239117016#2 -36950447#1 -36950447#0 36950586 -319058589#3 -319058589#2 -319058589#1 -319058589#0 394456356#0 394456356#1 859784039#2 -319058602#1 1024000539#0 1024000539#1 1024000539#2 -37049908 -36293459#10 -36293459#9 -36293459#8,2.758588515439017,0
33,27,-319779153 394443153#1 202422660#0 202422660#1 202422660#2 319779156#0 319779156#1 319058636 319058644 698026761 37088673#0 37088673#1 1239117016#0 1239117016#1 1239117016#2 -36950447#1 -36950447#0 36950586 -319058589#3 -319058589#2 -319058589#1 -319058589#0 394456356#0 394456356#1 859784039#2 -319058602#1 -319058602#0 -1119245061 -1119245060#2 -1119245060#1 -1119245060#0 -36293459#10 -36293459#9 -36293459#8,2.3946109081750504,1
33,27,-319779153 -394443153#0 -153732960#0 36936655#2 36936655#3 36936655#4 36936655#5 36936655#6 319779156#0 319779156#1 319058636 319058644 698026761 37088673#0 37088673#1 1239117016#0 1239117016#1 1239117016#2 -36950447#1 -36950447#0 36950586 -319058589#3 -319058589#2 -319058589#1 -319058589#0 394456356#0 394456356#1 859784039#2 -319058602#1 1024000539#0 1024000539#1 1024000539#2 -37049908 -36293459#10 -36293459#9 -36293459#8,2.734818417046888,2
33,27,-319779153 394443153#1 202422660#0 202422660#1 202422660#2 319779156#0 319779156#1 319058636 319058644 698026761 37088673#0 37088673#1 1239117016#0 1239117016#1 1239117016#2 -36950447#1 -36950447#0 36950586 -319058589#3 -319058589#2 -319058589#1 -319058589#0 394456356#0 394456356#1 859784039#2 -319058602#1 1024000539#0 1024000539#1 1024000539#2 1024000539#3 37052381#0 37052381#1 37052381#2 -36293459#8,2.724302532845077,3
33,60,319779153 -319779153 -327342938 153732962#2 -327342936 -153732962#0 -153732960#0 36936655#2 36936655#3 36936655#4 36936655#5 36936655#6 319779156#0 319779156#1 319058636 36936749#0 36936749#1 36936749#2 36936749#3 36936749#4 36936749#5 319779134 36936867 -165172165#2 -165172165#1 -165172165#0 165172163 -165170684#1 -165172642#2 -165172642#1 -165172642#0,2.145077300927285,0
33,60,-319779153 -327342938 153732962#2 153732962#3 -153732963#1 202422660#1 202422660#2 319779156#0 319779156#1 319058636 36936749#0 36936749#1 36936749#2 36936749#3 36936749#4 36936749#5 319779134 36936867 -165172165#2 -165172165#1 -165172165#0 165172163 -165170684#1 -165172642#2 -165172642#1 -165172642#0,1.895796818013419,1
33,60,-319779153 394443153#1 202422660#0 202422660#1 202422660#2 319779156#0 319779156#1 319058636 36936749#0 36936749#1 36936749#2 36936749#3 36936749#4 36936749#5 319779134 36936867 -165172165#2 -165172165#1 -165172165#0 165172163 -165170684#1 -165172642#2 -165172642#1 -165172642#0,1.7905735335952602,2
33,60,319779153 -319779153 -394443153#0 153732962#0 153732962#1 153732962#2 153732962#3 -153732963#1 202422660#1 202422660#2 319779156#0 319779156#1 319058636 36936749#0 36936749#1 36936749#2 36936749#3 36936749#4 36936749#5 319779134 36936867 -165172165#2 -165172165#1 -165172165#0 165172163 -165170684#1 -165172642#2 -165172642#1 -165172642#0,1.9501367685364648,3
34,14,165170818#5 165170818#6 165170818#7 394443152#0 394443152#1 -394443149#0 165170685#1 -698024153 165172166 165172165#0 165172165#1 165172165#2 319058601 932857453 319058592#3 698024160 -1239117045 -36936749#5 -36936749#4 -36936749#3 -36936749#2 -36936749#1 -36936749#0 319058644 698026761 37088673#0 37088673#1 1239117016#0 1239117016#1 1239117016#2 698026762,2.908033189928064,0
34,14,165170818#5 165170818#6 165170818#7 165170818#8 165170817 165170685#0 165170685#1 -698024153 -1238426242 -165170684#1 -165170684#0 -698024152#1 -698024152#0 1371061470#0 1371061470#1 1371061468 36936590#0 36936590#1 36936590#2 36936590#3 36936590#4 36936590#5 36936590#6 36936590#7 36936590#8 1239117013#1 1239117013#2 36936494#0 36936494#1 36936655#0 36936655#1 36936655#2 36936655#3 36936655#4 36936655#5 36936655#6 319779156#0 319779156#1 319058636 319058644 698026761 37088673#0 37088673#1 1239117016#0 1239117016#1 1239117016#2 698026762,2.298431544018333,1
34,14,165170818#5 165170818#6 165170818#7 165170818#8 165170817 165170685#0 165170685#1 -698024153 165172166 165172163 -165170684#1 -165170684#0 -698024152#1 -698024152#0 1371061470#0 1371061470#1 1371061468 36936590#0 36936590#1 36936590#2 36936590#3 36936590#4 36936590#5 36936590#6 36936590#7 36936590#8 1239117013#1 1239117013#2 36936494#0 36936494#1 36936655#0 36936655#1 153732960#0 153732960#1 394443153#1 202422660#0 202422660#1 202422660#2 319779156#0 319779156#1 319058636 319058644 698026761 37088673#0 37088673#1 1239117016#0 1239117016#1 1239117016#2 698026762,2.7292343543209614,2
34,14,165170818#5 165170818#6 165170818#7 165170818#8 165170817 1238426236 165170681#0 165170681#1 -165171783#2 -165171783#1 -165171783#0 165170684#0 165170684#1 1238426242 165172166 165172165#0 165172165#1 165172165#2 1238426243 698024160 -1239117045 -36936749#5 -36936749#4 -36936749#3 -36936749#2 -36936749#1 -36936749#0 319058644 698026761 37088673#0 37088673#1 1239117016#0 1239117016#1 1239117016#2 698026762,2.8566803602606474,3
34,28,165170818#5 165170818#6 165170818#7 165170818#8 165170817 165170685#0 165170685#1 -698024153 165172166 165172165#0 165172165#1 165172165#2 1238426243 698024160 -1239117045 -36936749#5 -36936749#4 -36936749#3 -36936749#2 -36936749#1 -36936749#0 319058644 698026761 37088673#0 37088673#1 1239117016#0 1239117016#1 1239117016#2 -36950447#1 -36950447#0 36950586 -319058589#3 -319058589#2 -319058589#1 -319058589#0 -394456379 -36950439#1 -36950439#0 37088258#0 37088258#1 394456378 157555049 1119245067 37055902#0 -37051625#2 -37051625#1 -37052277#3,3.585208078043226,0
34,28,165170818#5 165170818#6 165170818#7 394443152#0 394443152#1 -394443149#0 165170685#1 -698024153 -1238426242 -165170684#1 -165170684#0 -698024152#1 -698024152#0 1371061470#0 1371061470#1 1371061468 36936590#0 36936590#1 36936590#2 36936590#3 36936590#4 36936590#5 36936590#6 36936590#7 36936590#8 1239117013#1 1239117013#2 36936494#0 36936494#1 36936655#0 36936655#1 36936655#2 36936655#3 36936655#4 36936655#5 36936655#6 319779156#0 319779156#1 319058636 319058644 698026761 37088673#0 37088673#1 1239117016#0 1239117016#1 1239117016#2 -36950447#1 -36950447#0 36950586 -319058589#3 -319058589#2 -319058589#1 -319058589#0 -394456379 -36950439#1 -36950439#0 36950518#0 37051441#0 37051441#1 37051441#2 -37051625#2 -37051625#1 -37052277#3,3.395071812796832,1
34,28,165170818#5 165170818#6 165170818#7 394443152#0 394443152#1 -394443149#0 165170685#1 -698024153 165172166 165172165#0 165172165#1 165172165#2 1238426243 698024160 -1239117045 -36936749#5 -153730008#2 -153730008#1 -153730008#0 -36936749#3 -36936749#2 -36936749#1 -36936749#0 319058644 698026761 37088673#0 37088673#1 1239117016#0 1239117016#1 1239117016#2 -36950447#1 -36950447#0 36950586 -319058589#3 -319058589#2 -319058589#1 -319058589#0 -394456379 -36950439#1 -36950439#0 36950518#0 37051441#0 37051441#1 37051441#2 -37051625#2 -37051625#1 -37052277#3,3.539076812648868,2
34,28,165170818#5 165170818#6 165170818#7 394443152#0 394443152#1 -394443149#0 165170685#1 -698024153 165172166 165172165#0 165172165#1 165172165#2 1238426243 698024160 -1239117045 -36936749#5 -36936749#4 -36936749#3 -36936749#2 -36936749#1 -36936749#0 319058644 698026761 37088673#0 37088673#1 1239117016#0 1239117016#1 1239117016#2 -36950447#1 -36950447#0 36950586 -319058589#3 -319058589#2 -319058589#1 -319058589#0 -394456379 -36950439#1 -36950439#0 37088258#0 37050051 1119245067 37055902#0 -37051625#2 -37051625#1 -37052277#3,3.6063743847386895,3
35,2,-36293459#6 -36293459#5 -36293459#4 -36293459#3 -36293459#2 -36293459#1 -36293459#0 -156460681#2 -156460681#1 -156460681#0 -319058626 -319058625 -156460677 -394456402#1 -394456402#0 319058645#0 319058645#1 156460683#1 156460683#2 156460683#3 156460683#4 156460683#5,1.2326493880489555,0
35,2,-36293459#6 -36293459#5 -36293459#4 -36293459#3 -36293459#2 -36293459#1 -36293459#0 -156460683#8 -156460683#7 -156460683#6 -156460683#5,0.5100791936645068,1
35,2,-36293459#6 36293459#6 36293459#7 36293459#8 36293459#9 37051872#0 37051872#1 -476687231#2 -476687231#1 -476687231#0 -1119245056 -37054066 -36293459#2 -36293459#1 -36293459#0 -156460683#8 -156460683#7 -156460683#6 -156460683#5,1.1211783057355411,2
35,2,36293459#6 36293459#7 36293459#8 36293459#9 37051872#0 37051872#1 -476687231#2 -476687231#1 -476687231#0 -1119245056 -37054066 -36293459#2 -36293459#1 -36293459#0 -156460681#2 -156460681#1 -156460681#0 -319058626 -319058625 -156460688 -394456402#1 -394456402#0 319058645#0 319058645#1 156460683#1 156460683#2 156460683#3 156460683#4 156460683#5,1.8504739620830328,3
36,2,-36294383#6 -36294383#5 -36294383#4 -36294383#3 -36294383#2 -36294383#1 37055563#0 37055563#1 37055563#2 37066011 36295293#2 36295293#3 36295293#4 36295293#5 36295293#6 35573916 617837421#0 -243957899#1 -243957899#0 -36294081#4 -36294081#3 -36294081#2 -36294081#1 -36294081#0 -1119245058 -1119245057#3 -1119245057#2 -476687231#3 -476687231#2 -476687231#1 -476687231#0 -1119245056 -37054066 -36293459#2 -36293459#1 -36293459#0 -156460681#2 -156460681#1 37054132 -156460683#5,3.866222945188688,0
36,2,-36294383#6 -36294383#5 -36294383#4 -36294383#3 -36294383#2 -36294383#1 -36294383#0 -319058602#1 -319058602#0 -1119245061 -1119245060#2 -1119245060#1 -1119245060#0 -36293459#10 -36293459#9 -36293459#8 -36293459#7 -36293459#6 -36293459#5 -36293459#4 -36293459#3 -36293459#2 -36293459#1 -36293459#0 -156460683#8 -156460683#7 -156460683#6 -156460683#5,0.9926325893928486,1
36,2,-36294383#6 -36294383#5 -36294383#4 -36294383#3 -36294383#2 -36294383#1 -36294383#0 -319058602#1 1024000539#0 156460680#1 -1119245060#2 -1119245060#1 -1119245060#0 -36293459#10 37051872#0 37051872#1 -476687231#2 -476687231#1 -476687231#0 -1119245056 -37054066 -36293459#2 -36293459#1 -36293459#0 -156460681#2 -156460681#1 37054132 -156460683#5,1.7282817374610029,2
36,2,-36294383#6 -36294383#5 -36294383#4 -36294383#3 -36294383#2 -36294383#1 37055563#0 37055563#1 37055563#2 37066011 36295293#2 36295293#3 36295293#4 36295293#5 36295293#6 35573916 617837421#0 -243957899#1 -243957899#0 -36294081#4 -36294081#3 -36294081#2 -36294081#1 -36294081#0 -1119245058 -1119245057#3 -1119245057#2 -1119245057#1 -1119245057#0 -1119245060#1 -1119245060#0 -36293459#10 37051872#0 37051872#1 -476687231#2 -476687231#1 -476687231#0 -1119245056 -37054066 -36293459#2 -36293459#1 -36293459#0 -156460683#8 -156460683#7 -156460683#6 -156460683#5,4.161681308519621,3
36,27,-36294383#6 -36294383#5 -36294383#4 -36294383#3 -36294383#2 -36294383#1 -36294383#0 -270968314 -859784039#1 -859784039#0 -36950518#1 37051441#0 37051441#1 37051441#2 37055902#1 37055902#2 156460671 1119245064 1024000539#1 1024000539#2 -37049908 -36293459#10 -36293459#9 -36293459#8,0.971040316774658,0
36,27,-36294383#6 -36294383#5 -36294383#4 -36294383#3 -36294383#2 -36294383#1 -36294383#0 -319058602#1 -319058602#0 -1119245061 -1119245060#2 -1119245060#1 -1119245060#0 -36293459#10 -36293459#9 -36293459#8,0.4409647228221742,1
36,27,-36294383#6 -36294383#5 -36294383#4 -36294383#3 -36294383#2 -36294383#1 -36294383#0 -319058602#1 1024000539#0 1024000539#1 1024000539#2 -37049908 -36293459#10 -36293459#9 -36293459#8,0.7618670506359491,2
37,29,-243836884#1 -243836884#0 1338884376 1338884371#1 1338884371#2 1338884373 -509025806#2 -509025806#1 -509025806#0 -1238948418#0 509033674#0 509033674#1 394443151#0 394443151#1 394443151#2 153732964 -269702559 -36933151#0 36933113 39820664#9 36933223 36933282#0 36933282#1 36288851#3 36933307#0 36933307#1 153730928 36284386#3 36284386#4 36936288 36936236#1 36934860#0 36934860#1 36934860#2 36936327,2.8270137019432102,0
37,29,-243836884#1 -243836884#0 1338884376 1338884371#1 1338884371#2 1338884373 -509025806#2 -509025806#1 -509025806#0 -1238948418#0 509033674#0 509033674#1 394443151#0 -196288048 394443151#2 153732964 -269702559 -36933151#0 36933113 39820664#9 36933223 36933282#0 36933282#1 -36288851#2 36284386#0 36284386#1 36284386#2 36284386#3 36284386#4 36936288 36936236#1 36934860#0 36934860#1 36934860#2 36936327,2.748091823616645,1
37,29,-243836884#1 -243836884#0 1338884376 1338884371#1 1338884371#2 1338884373 -509025806#2 -509025806#1 -509025806#0 -1238948418#0 509033674#0 509033674#1 394443151#0 394443151#1 394443151#2 153732964 -269702559 -36933151#0 36933113 39820664#9 36933223 36933282#0 36933282#1 -36288851#2 36284386#0 36284386#1 36284386#2 36284386#3 36284386#4 36284386#5 36284386#6 36936236#0 36936236#1 36934860#0 36934860#1 36934860#2 36936327,2.673401990880095,2
37,29,-243836884#1 -243836884#0 1338884376 1338884371#1 1338884371#2 1338884373 -509025806#2 -509025806#1 -509025806#0 -1238948418#0 509033674#0 509033674#1 394443151#0 -196288048 394443151#2 153732964 -269702559 -36933151#0 36933113 39820664#9 36933223 36933282#0 36933282#1 36288851#3 36933307#0 36933306 36284386#1 36284386#2 36284386#3 36284386#4 36936288 36936236#1 36934860#0 36934860#1 36934860#2 36936327,2.8350488670531706,3
38,14,39820659#3 153733879 319058611 328471844 328471845#1 1339510609#0 1339510609#1 36950657#0 36950657#1 1119245066#0 1119245066#1 269702545 319058589#0 319058589#1 319058589#2 319058589#3 -859785184 36950447#0 36950447#1 698026762,1.4816824642023836,0
38,14,39820659#3 153733879 -36950506#3 -36950506#2 -36950506#1 -36950506#0 36950447#0 36950447#1 698026762,0.4910847132229421,1
38,22,39820659#3 153733879 -36950506#3 -36950506#2 -36950506#1 -36950506#0,0.4370530357571394,2
38,33,39820659#3 153733879 -36950506#3 -36950506#2 -36950506#1 -36950506#0 36950586 -319058589#3 -319058589#2 -319058589#1 -319058589#0 394456356#0 394456356#1 -859784039#1 -859784039#0 -36950518#1 -36950518#0 37088258#0 37050051 1119245067,1.662958963282937,0
38,33,39820659#3 153733879 319058611 328471844 328471845#1 1339510609#0 1339510609#1 -1339510610 319058608#0 319058608#1 36289599#0 36289599#1 -878854448 -878854447 878854446 48955689#0 48955689#1 -36950525 157555049 1119245067,0.8834771469103951,1
38,33,39820659#3 153733879 319058611 328471844 328471845#1 1339510609#0 1339510609#1 36950657#0 36950657#1 1119245066#0 1119245066#1 269702545 -394456379 -36950439#1 -36950439#0 37088258#0 37050051 1119245067,1.083350330773058,2
38,33,39820659#3 153733879 319058611 328471844 328471845#1 1339510609#0 1339510609#1 36950657#0 36950657#1 1119245066#0 1119245066#1 269702545 394456356#0 394456356#1 -859784039#1 -859784039#0 -36950518#1 -36950518#0 37088258#0 37050051 1119245067,1.4547866158702505,3
38,52,39820659#3 153733879 319058611 328471844 328471845#1 1339510609#0 1339510609#1 -1339510610 319058608#0 -37088332#3 -37088332#2 371455497 36950657#1 1119245066#0 1119245066#1 269702545 -394456379 -36950439#1 -36950439#0 37088258#0 37088258#1 394456378 36950525 1119245069 406210869#0 406210869#1 319058612#0 319058612#1 270968317#0 270968317#1 36936396#0 -394456375 36935232,1.72113509197056,0
38,52,39820659#3 153733879 319058611 328471844 328471845#1 1339510609#0 1339510609#1 -1339510610 319058608#0 319058608#1 36289599#0 36289599#1 157553231 48955689#0 48955689#1 1119245069 406210869#0 406210869#1 319058612#0 319058612#1 270968317#0 270968317#1 36936396#0 -394456375 36935232,1.1741094174808646,1
38,52,39820659#3 153733879 319058611 328471844 328471845#1 1339510609#0 1339510609#1 -1339510610 319058608#0 319058608#1 36289599#0 36289599#1 -878854448 153730935 -153730939#0 36289295#1 -777654407 1119245693 159922990 48955996 406210869#0 406210869#1 319058612#0 319058612#1 270968317#0 270968317#1 36936396#0 -394456375 36935232,1.398752437938418,2
38,52,39820659#3 153733879 319058611 328471844 328471845#1 1339510609#0 1339510609#1 -1339510610 319058608#0 319058608#1 36289599#0 36289599#1 -878854448 -878854447 878854446 48955689#0 48955689#1 -36950525 157555049 1119245067 37055902#0 -37051625#2 -37051625#1 37052277#4 1237352048 1119245070 319058612#0 319058612#1 270968317#0 270968317#1 36936396#0 -394456375 36935232,1.711434694285003,3
38,69,39820659#3 153733879 -36950506#3 -36950506#2 -36950506#1 -36950506#0 36950586 -319058589#3 -319058589#2 -319058589#1 -319058589#0 394456356#0 394456356#1 -859784039#1 -859784039#0 -36950518#1 -36950518#0 37088258#0 37050051,1.588540916726661,0
38,69,39820659#3 153733879 -36950506#3 -36950506#2 -36950506#1 -36950506#0 36950586 -319058589#3 -319058589#2 -319058589#1 -319058589#0 -394456379 -36950439#1 -36950439#0 37088258#0 37050051,1.2171046316294691,1
38,69,39820659#3 153733879 319058611 328471844 328471845#1 1339510609#0 1339510609#1 36950657#0 36950657#1 1119245066#0 1119245066#1 269702545 -394456379 -36950439#1 -36950439#0 37088258#0 37050051,1.0089322842167825,2
38,69,39820659#3 153733879 -36950506#3 -36950506#2 -36950506#1 -36950506#0 36950586 -859784611 -37055217#0 -243957897#3 -243957897#2 394459769#0 394459769#1 139832421#1 -243957897#0 -1339510606#1 -1339510606#0 243957902#0 243957902#1 191799405 -37066023 406210871 36295293#4 36295293#5 36295293#6 36295293#7 36295293#8 36295293#9 36295293#0 37066008 -37055563#2 -37055563#1 -37055563#0 -36294383#0 -270968314 -859784039#1 -859784039#0 -36950518#1 -36950518#0 37088258#0 37050051,4.133569820264964,3
38,139,39820659#3 153733879 -36950506#3 -36950506#2 -36950506#1 -36950506#0 36950586 -319058589#3 -319058589#2 -319058589#1 -319058589#0 -394456379 -36950439#1 -36950439#0 36950518#0 37051441#0 37051441#1 37051441#2 -37051625#2 -37051625#1 -37051625#0 -156480737#2 -156480737#1 394456380 37050590 918716574#1 918716574#2 -36936220 36934835#0 36934835#1 36934835#2 -710476653#1 -710476653#0 -394446867#1 -394446867#0 36284844 339940214 1339478328#1 -215094374 698018295#2 698018295#3 -35801597#4 -35801597#3,3.293139354607026,0
38,139,39820659#3 153733879 319058611 328471844 328471845#1 1339510609#0 1339510609#1 -1339510610 319058608#0 319058608#1 36289599#0 36289599#1 157553231 48955689#0 48955689#1 1119245069 48956015 37050033#1 37055902#0 -37051625#2 -37051625#1 -37051625#0 -156480737#2 -156480737#1 394456380 37050590 918716574#1 918716574#2 -36936220 36934835#0 36934835#1 36934835#2 332885553 1339478330 319058604#1 319058604#2 1339478328#1 -215094374 698018295#2 698018295#3 -35801597#4 -35801597#3,2.903666074725283,1
38,139,39820659#3 153733879 319058611 328471844 328471845#1 1339510609#0 1339510609#1 -1339510610 319058608#0 319058608#1 -157553237#1 -157553237#0 -157553234 -157574536#1 -157574536#0 1239117022#0 1239117022#1 153730936#0 153730936#1 153730936#2 153730936#3 201772610 157574535 -36933126#2 -36933126#1 -36933126#0 -269702559 -36933151#0 36933113 39820664#9 39820664#10 39820664#1 243836885 243836889 56080983 35801882#4 35801882#1 -319058600#1 35801699#0 35801699#1 698018295#3 -35801597#4 -35801597#3,2.6333855448776218,2
38,139,39820659#3 153733879 319058611 328471844 328471845#1 1339510609#0 1339510609#1 -1339510610 319058608#0 319058608#1 36289599#0 36289599#1 157553231 48955689#0 48955689#1 1119245069 406210869#0 406210869#1 -1119245070 -1119245071 -1299820133 -37051625#0 -156480737#2 -156480737#1 394456380 37050590 918716574#1 918716574#2 -36936220 36934835#0 36934835#1 36934835#2 332885553 1339478330 319058604#1 319058604#2 1339478328#1 -215094374 698018295#2 -35801699#1 -339700984 35801597#3,3.217668954494901,3
39,30,-35801597#3 339700984 -35801699#0 319058600#1 35801882#2 56080984 -550211682 319058640 39820664#3 243836888#0 243836888#1 39820664#5 39820664#6 39820664#7 36933156 36933151#0 36933151#1 -1239117024 -394443151#2 196288048 -394443151#0 394443143#0 394443143#1 394443143#2 1238948418#0 1238948418#1 509025806#1 509025806#2 1338884372 1338884371#4 1338884374 1338884375 1338884371#6 165170683#0 165170683#1 165170683#2 165170683#3 -319058613#2 -319058613#1 -319058613#0 -1371061454 -165170681#1 -165170681#0 165170816 165170817 165170685#0 165170685#1,2.789914886300118,0
39,30,-35801597#3 339700984 -35801699#0 319058600#1 35801882#2 56080984 -550211682 319058640 39820664#3 39820664#4 39820664#5 39820664#6 39820664#7 36933156 36933151#0 36933151#1 -1239117024 -394443151#2 196288048 -394443151#0 394443143#0 394443143#1 394443143#2 1238948418#0 1238948418#1 509025806#1 509025806#2 1338884372 1338884371#4 1338884374 1338884375 1338884371#6 165170683#0 165170683#1 165170683#2 165170683#3 -319058613#2 -319058613#1 -319058613#0 -1371061454 -165170681#1 -165170681#0 -1238426236 165170685#0 165170685#1,2.7297516993550746,1
39,30,-35801597#3 339700984 -35801699#0 -319058600#0 -319058599 -1238426234#0 918828154#0 918828154#1 35802343#5 35802343#6 35802343#7 -394446872#1 -394446869 -394446873#0 -599886761#1 -648178452#2 -648178452#1 -648178452#0 648178453#1 648178453#2 648178453#3 648178453#4 648178451 648178450#1 394443143#0 394443143#1 394443143#2 1238948418#0 1238948418#1 509025806#1 509025806#2 1338884372 1338884371#4 1338884371#5 1338884371#6 165170683#0 165170683#1 165170683#2 165170683#3 -319058613#2 -319058613#1 -319058613#0 -1371061454 -165170681#1 -165170681#0 -1238426236 165170685#0 165170685#1,2.359738932856569,2
39,30,-35801597#3 339700984 -35801699#0 319058600#1 35801882#2 56080984 -550211682 319058640 39820664#3 243836888#0 243836888#1 39820664#5 39820664#6 39820664#7 36933156 36933151#0 36933151#1 -1239117024 -394443151#2 -394443151#1 -394443151#0 394443143#0 394443143#1 394443143#2 1238948418#0 1238948418#1 509025806#1 509025806#2 1338884372 1338884371#4 1338884371#5 1338884371#6 165170683#0 165170683#1 165170683#2 165170683#3 -319058613#2 -165170815#1 -165171448#1 -165171448#0 165170994#6 -1371061454 -165170681#1 -165170681#0 -1238426236 165170685#0 165170685#1,2.828306464296434,3
39,40,35801597#3 35801597#4 35802097#0 35802097#1 35802097#2 35802097#3 35802097#4 35802097#5 314422857 710476923 319058591 697627694#0 697627694#1 187827289 187827288 168924812 697624157#0 156456329 36292047#3 -36291828#1 -36291828#0 187827280#0 187827280#1 187827280#2 187827280#3 187827279 -156466999#1 -156466999#0 156467000#2 156467000#3,1.6280522576201104,1
39,40,35801597#3 35801597#4 35802097#0 35802097#1 35802097#2 35802097#3 35802097#4 35802097#5 314422857 710476923 319058591 697627694#0 697627694#1 187827289 187827288 168924812 697624157#0 697624157#1 187827280#0 187827280#1 187827280#2 187827280#3 187827279 -156466999#1 -156466999#0 156467000#2 156467000#3,1.4930750557962569,2
39,40,35801597#3 -35801597#3 339700984 35801699#1 698018295#3 35802097#0 35802097#1 35802097#2 35802097#3 35802097#4 35802097#5 314422857 710476923 319058591 697627694#0 697627694#1 187827289 187827288 168924812 697624157#0 697624157#1 187827280#0 187827280#1 187827280#2 187827280#3 187827279 -156466999#1 -156466999#0 156467000#2 156467000#3,1.7870755357578596,3
39,47,-35801597#3 339700984 35801699#1 -698018295#2 215094374 -698018295#0 -339940214 36285797#1 36285797#2 -319058604#0 332885554 710476653#1 710476654 -36934835#1 -36934835#0 39820661#0 39820661#1 36934854#0 -156480752 -1109771198#1 -1109771198#0 -36936392#1 -36936392#0 36288941#1 36288941#2 36289159#0 36289159#1 36289159#2 36289295#0 153730939#0 153730939#1 153730941#1 -36289599#0 -319058608#1 -319058608#0 1339510610 -269702562 -1339510609#0 -328471845#1 -328471845#0,2.504751564021753,0
39,47,35801597#3 35801597#4 -698018295#3 -698018295#2 -698018295#1 -698018295#0 -339940214 -36284844 36288851#0 36288851#1 36288851#2 36288851#3 275506498 269702543 269702544 201772610 157574535 37088447#0 37088447#1 37088447#2 1088466838#0 1088466838#1 319058586 319058587#0 319058587#1 319058587#2 -1162674260 39820659#0 39820659#1 39820659#2 39820659#3 153733879 319058611 328471844,1.9298287766141624,1
39,47,-35801597#3 35801597#3 35801597#4 -698018295#3 -698018295#2 -698018295#1 -698018295#0 -339940214 36285797#1 36285797#2 -319058604#0 332885554 -710476653#0 -394446867#1 -394446867#0 36288851#0 36288851#1 36288851#2 36288851#3 275506498 269702543 269702544 201772610 157574535 37088447#0 37088447#1 37088447#2 1088466838#0 1088466838#1 319058586 319058587#0 319058587#1 319058587#2 -1162674260 39820659#0 39820659#1 39820659#2 39820659#3 153733879 319058611 328471844,2.3128861320257306,2
39,47,-35801597#3 339700984 35801699#1 -698018295#2 215094374 -698018295#0 -339940214 -36284844 394446867#0 394446867#1 710476653#0 710476653#1 710476654 -36934835#1 -36934835#0 39820661#0 39820661#1 36936236#0 36936236#1 36934860#0 36934860#1 36934860#2 36934860#3 1339510612#0 1339510612#1 1339510612#2 36289159#0 36289159#1 36289159#2 36289295#0 153730939#0 153730939#1 153730941#1 -36289599#0 -319058608#1 -37088332#3 -37088332#2 371455497 -36950657#0 -269702562 -1339510609#0 -328471845#1 -328471845#0,2.6565514200332725,3
39,209,-35801597#3 339700984 35801699#1 698018295#3 35802097#0 35802097#1 35802097#2 35802097#3 35802097#4 35802097#5 314422857 710476923 319058591 697627694#0 697627694#1 187827289 1119245073 155153634#0 155153634#1 155153634#2 1119243206 36292768#0 36292768#1 36292768#2 36292830#1 36292830#2 697704135 156460681#0 37054132,3.336970814243623,0
39,209,-35801597#3 35801597#3 35801597#4 35802097#0 35802097#1 35802097#2 35802097#3 35802097#4 35802097#5 314422857 710476923 319058591 697627694#0 697627694#1 187827289 1119245073 155153634#0 155153634#1 155153634#2 1119243206 36292768#0 36292768#1 36292768#2 36292830#1 36292830#2 697704135 156460681#0 37054132,3.067376381798219,1
39,209,35801597#3 35801597#4 -698018295#3 -698018295#2 -698018295#1 -698018295#0 -1339478328#0 -319058604#1 -36285797#2 -36285797#1 -36284844 394446867#0 394446867#1 710476653#0 710476653#1 710476654 -36934835#1 -36934835#0 39820661#0 39820661#1 36934854#0 36934854#1 -918716575 918716573 156480737#0 156480737#1 156480737#2 37051625#0 -37052277#3 -37052277#2 -37052277#1 -37052277#0 1024000539#3 37052381#0 37052381#1 37052381#2 -36293459#8 -36293459#7 -36293459#6 -36293459#5 -36293459#4 -36293459#3 -36293459#2 -36293459#1 -36293459#0 -156460681#2 -156460681#1 37054132,2.3225951851909405,2
39,209,35801597#3 -35801597#3 339700984 35801699#1 698018295#3 35802097#0 35802097#1 35802097#2 35802097#3 35802097#4 35802097#5 314422857 710476923 319058591 697627694#0 697627694#1 187827289 1119245073 155153634#0 155153634#1 155153634#2 1119243206 36292768#0 36292768#1 -394456359#1 -394456359#0 36292830#1 36292830#2 697704135 156460681#0 37054132,3.359648999988764,3
39,217,-35801597#3 -35801597#2 -35801597#1 -35801597#0 319058600#0 35801699#0 35801699#1,0.5405447564194864,0
39,217,35801597#3 -35801597#3 339700984 35801699#1,0.1950443964482841,1
39,217,35801597#3 35801597#4 -698018295#3 -35801699#1,0.1763258939284857,2
39,217,-35801597#3 339700984 35801699#1,0.1828413726901847,3
40,3,-157555050#0 1119245066#0 1119245066#1 269702545 394456356#0 394456356#1 859784039#2 36294383#0 36294383#1 36294383#2 36294383#3 36294383#4 36294383#5 36294383#6 36294383#7 36294383#8 36294383#9 36294383#10 406210870 36295293#0 37066008 -37055563#2 -37055563#1 332885734#0 332885734#1 332885734#2 37055217#1 -859785184 36950447#0 36950447#1 -1239117016#2 -1239117016#1 -1239117016#0 -37088673#1 -153730010#2,4.058615310775138,0
40,3,-157555050#0 1119245066#0 1119245066#1 269702545 -394456379 -36950439#1 -36950439#0 36950518#0 36950518#1 36950518#2 859784039#1 859784039#2 36294383#0 37055563#0 332885734#0 332885734#1 332885734#2 37055217#1 -859785184 36950447#0 36950447#1 -1239117016#2 -1239117016#1 -1239117016#0 -37088673#1 -153730010#2,2.1659107271418288,1
40,3,-157555050#0 -36950657#1 -36950657#0 -1339510610 319058608#0 319058608#1 -157553237#1 -157553237#0 -157553234 -157574536#1 -157574536#0 -710476024#1 -710476024#0 1162674260 508751758#0 508751758#1 508751758#2 508751757#0 508751757#1 508751757#2 36936541 697740912 319058636 319058644 698026761 37088673#0 -153730010#2,1.0236432120533867,2
40,3,-157555050#0 1119245066#0 1119245066#1 269702545 -394456379 -36950439#1 -36950439#0 37088258#0 37088258#1 394456378 157555049 1119245067 37055902#0 37055902#1 37055902#2 156460671 1119245064 156460680#1 1119245061 319058602#0 319058602#1 36294383#0 37055563#0 332885734#0 332885734#1 332885734#2 37055217#1 -859785184 36950447#0 36950447#1 -1239117016#2 -1239117016#1 -1239117016#0 -37088673#1 -153730010#2,2.763000959923206,3
40,42,-157555050#0 -36950657#1 -36950657#0 -1339510610 319058608#0 319058608#1 36289599#0 36289599#1 157553231 48955689#0 48955689#1 -36950525 157555049 1119245067 37055902#0 -37051625#2 -37051625#1 37052277#4 1237352048 37050033#0,1.4880835167750035,0
40,42,-157555050#0 1119245066#0 1119245066#1 269702545 -394456379 -36950439#1 -36950439#0 37088258#0 37088258#1 394456378 36950525 1119245069 406210869#0 406210869#1 -1119245070 37050033#0,0.6164746820254378,1
40,42,-157555050#0 157555050#0 157555050#1 157555050#2 157555050#3 157555050#4 157555050#5 48956586#2 48956586#3 48956586#4 48956586#5 394456378 36950525 1119245069 406210869#0 406210869#1 -1119245070 37050033#0,0.8938261917463869,2
40,42,-157555050#0 1119245066#0 1119245066#1 269702545 394456356#0 394456356#1 -859784039#1 -859784039#0 -36950518#1 37051441#0 37051441#1 37051441#2 -37051625#2 -37051625#1 37052277#4 1237352048 37050033#0,1.2543736501079912,3
40,72,-157555050#0 -36950657#1 -36950657#0 -1339510610 319058608#0 319058608#1 36289599#0 36289599#1 157553231 48955689#0 48955689#1 1119245069 406210869#0 406210869#1 319058612#0 319058612#1 36936407#0 36936407#1 36936407#2 918716575 918716574#0 918716574#1,1.757233164659288,0
40,72,-157555050#0 1119245066#0 1119245066#1 269702545 -394456379 -36950439#1 -36950439#0 36950518#0 37051441#0 37051441#1 37051441#2 -37051625#2 -37051625#1 -37051625#0 -156480737#2 -156480737#1 394456380 37050590 918716574#1,1.1939464842812575,1
40,72,157555050#0 157555050#1 157555050#2 157555050#3 157555050#4 157555050#5 48956586#2 48956586#3 48956586#4 48956586#5 394456378 157555049 1119245067 37055902#0 -37051625#2 -37051625#1 -37051625#0 -156480737#2 -156480737#1 394456380 37050590 918716574#1,1.45388138733074,2
40,72,-157555050#0 1119245066#0 1119245066#1 269702545 -394456379 -36950439#1 -36950439#0 37088258#0 37050051 1119245067 37055902#0 -37051625#2 -37051625#1 -37051625#0 -156480737#2 -156480755 37050515#2 156480737#0 394456380 37050590 918716574#1,1.4300695944324453,3
41,27,36936423#5 36936423#6 36936423#7 698018294#0 698018294#1 1238956370 698018293 -36936220 39820661#0 39820661#1 36934854#0 36934854#1 -918716575 918716573 156480737#0 156480737#1 156480737#2 37051625#0 37052277#4 1237352048 37050033#0 37050033#1 37055902#0 37055902#1 37055902#2 156460671 1119245064 -1024000539#0 -319058602#0 -1119245061 -1119245060#2 -1119245060#1 -1119245060#0 -36293459#10 -36293459#9 -36293459#8,2.3130390877339586,0
41,27,36936423#5 36936423#6 36936423#7 698018294#0 698018294#1 1238956370 698018293 -36936220 39820661#0 39820661#1 36934854#0 36934854#1 -918716575 918716573 156480737#0 156480737#1 156480737#2 37051625#0 37051625#1 37051625#2 37055902#1 37055902#2 156460671 1119245064 156460680#1 -1119245060#2 -1119245060#1 -1119245060#0 -36293459#10 -36293459#9 -36293459#8,1.688369061336071,1
41,27,36936423#5 36936423#6 36936423#7 698018294#0 698018294#1 1238956370 698018293 -36936220 39820661#0 39820661#1 36934854#0 36934854#1 -918716575 918716573 156480737#0 156480737#1 156480737#2 37051625#0 -37052277#3 -37052277#2 -37052277#1 -37052277#0 -37049908 -36293459#10 -36293459#9 -36293459#8,1.4589114179475418,2
41,27,36936423#5 36936423#6 36936423#7 698018294#0 698018294#1 1238956370 698018293 -36936220 39820661#0 39820661#1 36934854#0 36934854#1 -918716575 918716573 156480737#0 156480737#1 156480737#2 37051625#0 37051625#1 37051625#2 37055902#1 37055902#2 156460671 1119245064 1024000539#1 1024000539#2 -37049908 -36293459#10 -36293459#9 -36293459#8,1.8036678374339827,3
42,31,36294081#3 36294081#4 243957899#0 243957899#1 -617837421#0 35573922 36295293#8 36294993 406210870 36295293#0 37066008 -37055563#2 -37055563#1 332885734#0 332885734#1 332885734#2 37055217#1 -859785184 36950447#0 36950447#1 -1239117016#2 -1239117016#1 -1239117016#0 -37088673#1 -37088673#0 39820658#0 39820658#1 39820658#2 508751757#0 508751757#1 508751757#2 36936541 697740912 319058636 36936749#0 36936749#1 36936749#2 36936749#3 36936749#4 36936749#5 319779134 36936867 319058601 698024155#0 698024155#1 698024155#2 319779133#0 319779133#1 610135150#5 610135150#6 610135150#7 610135149 88525123 610135150#9 610135150#0 610135150#1 1239117050 1239117049 610135150#3 610135147#0 610135147#1,5.479041133054991,0
42,31,36294081#3 36294081#4 243957899#0 243957899#1 -617837421#0 35573922 36295293#8 36295293#9 36295293#0 37066008 -37055563#2 -37055563#1 332885734#0 332885734#1 332885734#2 37055217#1 -859785184 36950447#0 36950447#1 -1239117016#2 -1239117016#1 -1239117016#0 -37088673#1 -37088673#0 39820658#0 39820658#1 39820658#2 508751757#0 508751757#1 508751757#2 36936541 697740912 319058636 36936749#0 36936749#1 36936749#2 36936749#3 36936749#4 36936749#5 319779134 36936867 319058601 698024155#0 698024155#1 698024155#2 319779133#0 319779133#1 610135150#5 610135150#6 610135150#7 610135150#8 610135150#9 610135150#0 610135150#1 1239117050 1239117049 610135150#3 610135147#0 610135147#1,5.404661141060111,1
42,31,36294081#3 36294081#4 243957899#0 243957899#1 -617837421#0 35573922 36295293#8 36295293#9 36295293#0 37066008 -37055563#2 -37055563#1 -37055563#0 -36294383#0 -270968314 -394456356#1 -394456356#0 -394456379 607473249#0 607473249#1 -36950657#1 -36950657#0 -1339510610 319058608#0 319058608#1 -157553237#1 -157553237#0 -157553234 -157574536#1 -157574536#0 -710476024#1 -710476024#0 1162674260 508751758#0 508751758#1 508751758#2 508751757#0 508751757#1 508751757#2 36936541 697740912 319058636 36936749#0 36936749#1 36936749#2 36936749#3 36936749#4 36936749#5 319779134 36936867 319058601 698024155#0 698024155#1 698024155#2 319779133#0 319779133#1 610135150#5 610135150#6 610135150#7 610135150#8 610135150#9 1057740878 1057740881 610135150#1 1239117050 1239117049 610135150#3 610135147#0 610135147#1,4.688520817524518,2
42,31,36294081#3 36294081#4 243957899#0 243957899#1 -617837421#0 35573922 36295293#8 36295293#9 36295293#0 37066008 -37055563#2 -37055563#1 332885734#0 332885734#1 332885734#2 37055217#1 -859785184 36950447#0 36950447#1 -1239117016#2 -1239117016#1 -1239117016#0 -37088673#1 -37088673#0 39820658#0 39820658#1 39820658#2 508751757#0 508751757#1 508751757#2 36936541 697740912 319058636 36936749#0 36936749#1 36936749#2 36936749#3 36936749#4 36936749#5 319779134 36936867 319058601 698024155#0 698024155#1 698024155#2 319779133#0 319779133#1 610135150#5 610135150#6 610135150#7 610135149 88525123 610135150#9 610135150#0 610135150#1 1239117050 1239117049 610135150#3 610135147#0 610135147#1,5.444477898113786,3
42,98,-36294081#3 -36294081#2 -36294081#1 -36294081#0 -1119245058 -1119245057#3 -1119245057#2 -1119245057#1 -1119245057#0 1119245060#2 1119245061 319058602#0 1024000539#0 -156460680#0 -156460671 -37055902#2 -37055902#1 -37051625#2 -37051625#1 -37051625#0 -156480737#2 -156480737#1 394456380 37050590 918716574#1 918716574#2 -36936220 36934835#0,2.013945690100188,0
42,98,-36294081#3 -36294081#2 -36294081#1 -36294081#0 -1119245058 -1119245057#3 -1119245057#2 -476687231#3 -37051872#1 -37051872#0 36293459#10 37049908 156460679 37052277#1 37052277#2 37052277#3 -37051625#0 -156480737#2 -156480755 37050515#2 156480737#0 394456380 37050590 918716574#1 918716574#2 -36936220 36934835#0,1.8712591050269936,1
42,98,-36294081#3 -36294081#2 -36294081#1 -36294081#0 -1119245058 -1119245057#3 -1119245057#2 -1119245057#1 -1119245057#0 -1119245060#1 -1119245060#0 37049908 156460679 37052277#1 37052277#2 37052277#3 -37051625#0 -156480737#2 -156480737#1 394456380 37050590 918716574#1 918716574#2 -36936220 36934835#0,1.6485149245614306,2
42,98,-36294081#3 -36294081#2 -36294081#1 -36294081#0 -1119245058 -1119245057#3 -1119245057#2 -1119245057#1 -1119245057#0 1119245060#2 -156460680#1 -156460680#0 -156460671 -37055902#2 -37055902#1 -37051625#2 -37051625#1 -37051625#0 -156480737#2 -156480737#1 394456380 37050590 918716574#1 918716574#2 -36936220 36934835#0,1.819117276373286,3
42,122,36294081#3 36294081#4 243957899#0 243957899#1 -617837421#0 35573922 36295293#8 36294993 -36294383#10 -36294383#9 -36294383#8 -36294383#7 -36294383#6 -36294383#5 -36294383#4 -36294383#3 -36294383#2 -36294383#1 37055563#0 332885734#0 332885734#1 332885734#2 37055217#1 -859785184 36950447#0 36950447#1 -1239117016#2 -1239117016#1 -1239117016#0 -37088673#1 -37088673#0 39820658#0 39820658#1 39820658#2 508751757#0 508751757#1 508751757#2 36936541 697740912 319058636 36936749#0 36936749#1 36936749#2 36936749#3 36936749#4 36936749#5 319779134 36936867 -165172165#2 -165172165#1 -165172165#0 165172163 -165170684#1 -165170684#0 -698024152#1 -698024152#0 1371061470#0 1371061470#1 1371061468 36936590#0 36936590#1 36936590#2 36936590#3 36936590#4 36936590#5,5.54725568669178,0
42,122,36294081#3 36294081#4 243957899#0 243957899#1 -617837421#0 35573922 36295293#8 36294993 406210870 36295293#0 37066008 -37055563#2 -37055563#1 332885734#0 332885734#1 332885734#2 37055217#1 -859785184 36950447#0 36950447#1 -1239117016#2 -1239117016#1 -1239117016#0 -37088673#1 -37088673#0 39820658#0 39820658#1 39820658#2 508751757#0 508751757#1 508751757#2 36936541 697740912 319058636 36936749#0 36936749#1 36936749#2 36936749#3 153730008#0 153730008#1 153730008#2 36936749#5 319779134 36936867 -165172165#2 -165172165#1 -165172165#0 165172163 -165170684#1 -165170684#0 -698024152#1 -698024152#0 1371061470#0 1371061470#1 1371061468 36936590#0 36936590#1 36936590#2 36936590#3 36936590#4 36936590#5,5.742375630651617,1
42,122,-36294081#3 -36294081#2 -36294081#1 -36294081#0 -1119245058 -1119245057#3 -1119245057#2 -1119245057#1 -1119245057#0 1119245060#2 1119245061 319058602#0 319058602#1 36294383#0 37055563#0 332885734#0 332885734#1 332885734#2 37055217#1 -859785184 36950447#0 36950447#1 -1239117016#2 -1239117016#1 -1239117016#0 -37088673#1 -37088673#0 39820658#0 39820658#1 39820658#2 508751757#0 508751757#1 508751757#2 36936541 697740912 319058636 36936749#0 36936749#1 36936749#2 36936749#3 36936749#4 36936749#5 319779134 36936867 -165172165#2 -165172165#1 -165172165#0 165172163 -165170684#1 -165170684#0 -698024152#1 -698024152#0 1371061470#0 1371061470#1 1371061468 36936590#0 36936590#1 36936590#2 36936590#3 36936590#4 36936590#5,4.091627067674369,2
42,122,36294081#3 36294081#4 243957899#0 243957899#1 -617837421#0 35573922 36295293#8 36294993 406210870 36295293#0 37066008 -37055563#2 -37055563#1 332885734#0 332885734#1 332885734#2 37055217#1 -859785184 36950447#0 36950447#1 -1239117016#2 -1239117016#1 -1239117016#0 -37088673#1 -37088673#0 39820658#0 39820658#1 39820658#2 508751757#0 508751757#1 508751757#2 36936541 697740912 319058636 36936749#0 36936749#1 36936749#2 36936749#3 153730008#0 153730013#0 -153730017 -153730014#0 153730020#3 153730008#2 36936749#5 319779134 36936867 -165172165#2 -165172165#1 -165172165#0 165172163 -165170684#1 -165170684#0 -698024152#1 -698024152#0 1371061470#0 1371061470#1 1371061468 36936590#0 36936590#1 36936590#2 36936590#3 36936590#4 36936590#5,5.79824316124917,3
43,32,394456356#1 859784039#2 36294383#0 36294383#1 36294383#2 36294383#3 36294383#4 36294383#5 36294383#6 36294383#7 36294383#8 36294383#9 36294383#10 406210870 36295293#0 37066008 -37055563#2 -37055563#1 332885734#0 332885734#1 332885734#2 37055217#1 -319058589#3 -319058589#2 -319058589#1 -319058589#0 -394456379 -36950439#1 -36950439#0 37088258#0,3.084401247900169,0
43,32,394456356#1 -859784039#1 -859784039#0 -36950518#1 -36950518#0 37088258#0,0.4549196064314854,2
43,32,394456356#1 -394456356#1 -394456356#0 -394456379 -36950439#1 -36950439#0 37088258#0,0.8067974562035037,3
43,41,394456356#1 -859784039#1 -859784039#0 -36950518#1 -36950518#0 37088258#0 37088258#1 394456378 36950525 1119245069 48956015 37050033#1 37055902#0 37055902#1 37055902#2 156460671 1119245064 -1024000539#0 319058602#1 36294383#0 36294383#1 36294383#2 36294383#3 36294383#4 36294383#5 36294383#6 36294383#7 36294383#8 36294383#9 36294383#10 406210870 36295293#0 37066008 -37055563#2 -37055563#1 332885734#0 332885734#1 332885734#2 37055217#1 -319058589#3 -319058589#2 -319058589#1 -319058589#0 -394456379 607473249#0 607473249#1 157555050#0,3.897324214062876,0
43,41,-394456356#1 -394456356#0 -394456379 -36950439#1 -36950439#0 36950518#0 36950518#1 36950518#2 859784039#1 859784039#2 36294383#0 36294383#1 36294383#2 36294383#3 36294383#4 36294383#5 36294383#6 36294383#7 36294383#8 36294383#9 36294383#10 406210870 36295293#0 37066008 -37055563#2 -37055563#1 332885734#0 332885734#1 332885734#2 37055217#1 -859785184 36950506#0 36950506#1 36950506#2 36950506#3 319058611 328471844 328471845#1 1339510609#0 1339510609#1 -1339510610 319058608#0 -37088332#3 -37088332#2 -37088332#1 -37088332#0 48956586#0 48956586#1 -157555050#5 -157555050#4 -157555050#3 -157555050#2 -157555050#1 -157555050#0,4.543644428108579,1
43,41,-394456356#1 -394456356#0 -394456379 607473249#0 607473249#1 157555050#0,0.4740340772738181,2
43,41,394456356#1 -394456356#1 -394456356#0 319058589#0 319058589#1 319058589#2 319058589#3 -859785184 36950506#0 36950506#1 36950506#2 36950506#3 319058611 328471844 328471845#1 1339510609#0 1339510609#1 -1339510610 319058608#0 -37088332#3 -37088332#2 -37088332#1 -37088332#0 48956586#0 48956586#1 -157555050#5 -157555050#4 -157555050#3 -157555050#2 -157555050#1 -157555050#0,2.2712362207651684,3
43,85,-394456356#1 -394456356#0 -394456379 -36950439#1 -36950439#0 36950518#0 36950518#1 36950518#2 859784039#1 859784039#2 36294383#0 37055563#0 332885734#0 332885734#1 332885734#2 37055217#1 -859785184 36950447#0 36950447#1 -1239117016#2 -1239117016#1 -1239117016#0 -37088673#1 -37088673#0 39820658#0 39820658#1 39820658#2 508751757#0 508751757#1 508751757#2 36936541 36936727#0 36936727#1 36936727#2 36936727#3 36936727#4 36936727#5 36936727#6 36936727#7 319058652 719004329 36936494#0 319779150#0 319779150#1 319779150#2,2.9651147728163747,0
43,85,-394456356#1 -394456356#0 319058589#0 319058589#1 319058589#2 319058589#3 -859785184 36950447#0 36950447#1 -1239117016#2 -1239117016#1 -1239117016#0 -37088673#1 -37088673#0 39820658#0 39820658#1 39820658#2 508751757#0 508751757#1 508751757#2 36936541 36936727#0 36936727#1 36936727#2 36936727#3 36936727#4 36936727#5 36936727#6 36936727#7 319058652 719004329 36936494#0 319779150#0 319779150#1 319779150#2,2.165330755537757,1
43,85,-394456356#1 -394456356#0 -394456379 607473249#0 607473249#1 -36950657#1 -36950657#0 -1339510610 319058608#0 319058608#1 -157553237#1 -157553237#0 -157553234 -157574536#1 -157574536#0 -710476024#1 -710476024#0 1162674260 508751758#0 508751758#1 508751758#2 508751757#0 508751757#1 508751757#2 36936541 36936727#0 36936727#1 36936727#2 36936727#3 36936727#4 36936727#5 36936727#6 36936727#7 319058652 719004329 36936494#0 319779150#0 319779150#1 319779150#2,1.5323257811742297,2
43,85,394456356#1 859784039#2 36294383#0 37055563#0 332885734#0 332885734#1 332885734#2 37055217#1 -859785184 36950447#0 36950447#1 -1239117016#2 -1239117016#1 -1239117016#0 -37088673#1 -37088673#0 39820658#0 39820658#1 39820658#2 508751757#0 508751757#1 508751757#2 36936541 36936727#0 36936727#1 36936727#2 36936727#3 36936727#4 36936727#5 36936727#6 36936727#7 319058652 719004329 36936494#0 319779150#0 319779150#1 319779150#2,2.661881031515679,3
44,34,-319058608#1 -319058608#0 1339510610 36950657#0 36950657#1 1119245066#0 1119245066#1 269702545 319058589#0 319058589#1 319058589#2 319058589#3 -859785184 36950447#0 36950447#1 -1239117016#2,1.1664506839452846,0
44,34,-319058608#1 -319058608#0 1339510610 -269702562 -1339510609#0 -328471845#1 -328471845#0 -319058611 -36950506#3 -36950506#2 -36950506#1 -36950506#0 36950447#0 36950447#1 -1239117016#2,0.6766376673059431,1
44,34,-319058608#1 -37088332#3 -37088332#2 371455497 -36950657#0 -269702562 -1339510609#0 -328471845#1 -328471845#0 -319058611 -36950506#3 -36950506#2 -36950506#1 -36950506#0 36950447#0 36950447#1 -1239117016#2,1.1196062298209422,2
44,34,-319058608#1 -37088332#3 -37088332#2 371455497 36950657#1 1119245066#0 1119245066#1 269702545 394456356#0 394456356#1 859784039#2 36294383#0 37055563#0 332885734#0 332885734#1 332885734#2 37055217#1 -859785184 36950447#0 36950447#1 -1239117016#2,2.118832493400528,3
45,35,37088673#1 1239117016#0 1239117016#1 1239117016#2 -36950447#1 -36950447#0 36950586 -319058589#3 -319058589#2 -319058589#1 -319058589#0 -394456379 -36950439#1 -36950439#0 37088258#0 37050051 1119245067 37055902#0 -37051625#2 -37051625#1 -37051625#0 -156480737#2 -156480737#1 394456380 37050590 918716574#1 918716574#2 -36936220 39820661#0 39820661#1 36936236#0 -36936288,2.600968728257135,0
45,35,-37088673#1 37088673#1 1239117016#0 1239117016#1 1239117016#2 -36950447#1 -36950447#0 36950586 -319058589#3 -319058589#2 -319058589#1 -319058589#0 -394456379 -36950439#1 -36950439#0 36950518#0 37051441#0 37051441#1 37051441#2 -37051625#2 -37051625#1 -37051625#0 -156480737#2 -156480737#1 394456380 37050590 918716574#1 918716574#2 -36936220 39820661#0 39820661#1 36936236#0 -36936288,2.6955271635823084,1
45,35,-37088673#1 -37088673#0 39820658#0 39820658#1 39820658#2 -508751758#2 -508751758#1 -508751758#0 -319058587#2 -319058587#1 -319058587#0 -319058586 -1088466838#1 -1088466838#0 -37088447#2 -37088447#1 -37088447#0 -36933126#2 -36933126#1 -36933126#0 -269702559 -36933151#0 36933113 39820664#9 36933223 36933282#0 36933282#1 -36288851#2 36284386#0 36284386#1 36284386#2 36284386#3 36284386#4 36936288,1.905923389315173,2
45,35,37088673#1 1239117016#0 1239117016#1 1239117016#2 -36950447#1 -36950447#0 36950586 -319058589#3 -319058589#2 -319058589#1 -319058589#0 -394456379 -36950439#1 -36950439#0 37088258#0 37050051 1119245067 37055902#0 -37051625#2 -37051625#1 -37051625#0 -156480737#2 -156480737#1 394456380 37056002 1119245115 37056017 -159922662#1 -159922662#0 -156460682#0 -37054319 -270968320 37052930 698018294#0 698018294#1 1238956370 698018293 -36936220 39820661#0 39820661#1 36936236#0 -36936288,3.5757986347886885,3
46,10,-36950439#0 37088258#0 37050051 1119245067 37055902#0 -37051625#2 -37051625#1 -37051625#0 -156480737#2 -156480737#1 394456380 37056002 1119245115 37056017 -159922662#1 -159922662#0 -156460682#0 -37054319 -270968320 37052930 698018294#0 698018294#1 1238956370 36935056 36935040#0 36935040#1 36935040#2 36935040#3 1238956371 187827287 1119245264#0 1119245264#1 319058598 37640683 187827276,2.638037590846274,0
46,10,-36950439#0 36950518#0 37051441#0 37051441#1 37051441#2 -37051625#2 -37051625#1 -37051625#0 -156480737#2 -156480737#1 394456380 37056002 1119245115 37056017 -159922662#1 37054401 37056055#1 319058606 37052930 698018294#0 698018294#1 1238956370 36935056 36935040#0 36935040#1 36935040#2 36935040#3 1238956371 187827287 1119245264#0 1119245264#1 319058598 37640683 187827276,2.479864206301671,1
46,10,-36950439#0 36950518#0 37051441#0 37051441#1 37051441#2 -37051625#2 -37051625#1 -37051625#0 -156480737#2 -156480737#1 394456380 37050590 918716574#1 918716574#2 37051113#0 37051113#1 1119245072 37056055#1 319058606 37052930 698018294#0 698018294#1 1238956370 36935056 36935040#0 36935040#1 36935040#2 36935040#3 1238956371 187827287 1119245264#0 1119245264#1 319058598 37640683 187827276,2.3367449393895368,2
46,10,-36950439#0 36950518#0 37051441#0 37051441#1 37051441#2 -37051625#2 -37051625#1 -37051625#0 -156480737#2 -156480755 37050515#2 156480737#0 394456380 37056002 1119245115 37056017 -159922662#1 37054401 37056055#1 319058606 37052930 698018294#0 698018294#1 1238956370 36935056 36935040#0 36935040#1 36935040#2 36935040#3 1238956371 187827287 1119245264#0 1119245264#1 319058598 37640683 187827276,2.607270013837068,3
46,36,36950439#0 36950439#1 394456379 319058589#0 319058589#1 319058589#2 319058589#3 -859785184 36950447#0 36950447#1 -1239117016#2 -1239117016#1 -1239117016#0 -37088673#1 -37088673#0 39820658#0 39820658#1 39820658#2 508751757#0 508751757#1 508751757#2 36936541 697740912 319058636 36936749#0 36936749#1 36936749#2 36936749#3 36936749#4 -153730008#2 -153730008#1 153730013#0 153730013#1 -153730014#1 -153730014#0 -153730020#2 -319779154 -153730018 -153730020#0,2.3356073620321,0
46,36,36950439#0 36950439#1 394456379 319058589#0 319058589#1 319058589#2 319058589#3 -859785184 36950447#0 36950447#1 -1239117016#2 -1239117016#1 -1239117016#0 -37088673#1 -37088673#0 39820658#0 39820658#1 39820658#2 508751757#0 508751757#1 508751757#2 36936541 697740912 319058636 36936749#0 36936749#1 36936749#2 36936749#3 153730008#0 153730008#1 -153730020#3 -153730020#2 -153730020#1 -153730020#0,1.9635326815618928,1
46,36,36950439#0 36950439#1 607473249#0 607473249#1 -36950657#1 -36950657#0 -1339510610 319058608#0 319058608#1 -157553237#1 -157553237#0 -157553234 -157574536#1 -157574536#0 -710476024#1 -710476024#0 1162674260 508751758#0 508751758#1 508751758#2 508751757#0 508751757#1 508751757#2 36936541 697740912 319058636 36936749#0 36936749#1 36936749#2 36936749#3 153730008#0 153730013#0 -153730017 -153730014#0 -153730020#2 -153730020#1 -153730020#0,1.3288238435074606,2
46,36,-36950439#0 37088258#0 37088258#1 394456378 36950525 1119245069 48956015 37050033#1 37055902#0 37055902#1 37055902#2 156460671 1119245064 -1024000539#0 319058602#1 36294383#0 37055563#0 332885734#0 332885734#1 332885734#2 37055217#1 -859785184 36950447#0 36950447#1 -1239117016#2 -1239117016#1 -1239117016#0 -37088673#1 -37088673#0 39820658#0 39820658#1 39820658#2 508751757#0 508751757#1 508751757#2 36936541 697740912 319058636 36936749#0 36936749#1 36936749#2 36936749#3 36936749#4 -153730008#2 -153730020#3 -153730020#2 -153730020#1 -153730020#0,3.2102893874700644,3
46,57,36950439#0 36950439#1 607473249#0 607473250 1119245066#1 269702545 319058589#0 319058589#1 319058589#2 319058589#3 -859785184 36950447#0 36950447#1 -1239117016#2 -1239117016#1 -1239117016#0 -37088673#1 -37088673#0 39820658#0 39820658#1 39820658#2 508751757#0 508751757#1 508751757#2 36936541 36936727#0 36936727#1 36936727#2 36936727#3 36936727#4 36936727#5 36936727#6 -650145324#2 -650145324#1,1.9875247621954413,0
46,57,-36950439#0 36950439#0 36950439#1 607473249#0 607473249#1 1119245066#0 1119245066#1 269702545 319058589#0 319058589#1 319058589#2 319058589#3 -859785184 36950447#0 36950447#1 -1239117016#2 -1239117016#1 -1239117016#0 -37088673#1 -37088673#0 39820658#0 39820658#1 39820658#2 508751757#0 508751757#1 508751757#2 36936541 36936727#0 36936727#1 36936727#2 36936727#3 36936727#4 36936727#5 36936727#6 -650145324#2 -650145324#1,2.104437409183684,1
46,57,36950439#0 36950439#1 607473249#0 607473249#1 -36950657#1 -36950657#0 -1339510610 319058608#0 319058608#1 -157553237#1 -157553237#0 -157553234 -157574536#1 -157574536#0 -710476024#1 -710476024#0 1162674260 508751758#0 508751758#1 508751758#2 508751757#0 508751757#1 508751757#2 36936541 36936727#0 36936727#1 36936727#2 36936727#3 36936727#4 36936727#5 36936727#6 -650145324#2 -650145324#1,1.1500681439634242,2
46,88,36950439#0 36950439#1 394456379 394456356#0 394456356#1 -859784039#1 -859784039#0 -36950518#1 -36950518#0 37088258#0 37050051 1119245067 37055902#0 -37051625#2 -37051625#1 37052277#4 1237352048 1119245070 319058612#0 319058612#1 36936407#0 36936407#1,1.694222030582877,0
46,88,-36950439#0 37088258#0 37088258#1 394456378 36950525 1119245069 406210869#0 406210869#1 319058612#0 319058612#1 36936407#0 36936407#1,0.6871545959776455,1
46,88,36950439#0 36950439#1 394456379 394456356#0 394456356#1 -859784039#1 -859784039#0 -36950518#1 -36950518#0 37088258#0 37088258#1 394456378 36950525 1119245069 48956015 37050033#1 37055902#0 -37051625#2 -37051625#1 37052277#4 1237352048 1119245070 319058612#0 319058612#1 36936407#0 36936407#1,1.707552964108195,2
46,88,36950439#0 36950439#1 607473249#0 607473250 1119245066#1 269702545 394456356#0 394456356#1 -859784039#1 -859784039#0 -36950518#1 -36950518#0 37088258#0 37050051 1119245067 37055902#0 -37051625#2 -37051625#1 37052277#4 1237352048 1119245070 319058612#0 319058612#1 36936407#0 36936407#1,1.8637564678278973,3
46,119,36950439#0 36950439#1 394456379 319058589#0 319058589#1 319058589#2 319058589#3 -859785184 36950447#0 36950447#1 -1239117016#2 -1239117016#1 -1239117016#0 -37088673#1 -37088673#0 39820658#0 39820658#1 39820658#2 508751757#0 508751757#1 508751757#2 36936541 36936727#0 36936727#1 36936727#2 36936727#3 36936727#4 36936727#5 36936727#6 -650145324#2 -650145324#1 -650145324#0 -650145330#1 -650145330#0 -650145330#4 650145327 243704191#2 1239117012#4 1239117012#5,2.280910250852299,0
46,119,-36950439#0 36950439#0 36950439#1 394456379 319058589#0 319058589#1 319058589#2 319058589#3 -859785184 36950447#0 36950447#1 -1239117016#2 -1239117016#1 -1239117016#0 -37088673#1 -37088673#0 39820658#0 39820658#1 39820658#2 508751757#0 508751757#1 508751757#2 36936541 36936727#0 36936727#1 36936727#2 36936727#3 36936727#4 36936727#5 36936727#6 36936727#7 319058652 1239117012#0 1239117012#1 1239117012#2 243704191#1 243704191#2 1239117012#4 1239117012#5,2.110077514230905,1
46,119,36950439#0 36950439#1 607473249#0 607473249#1 -36950657#1 -36950657#0 -1339510610 319058608#0 319058608#1 -157553237#1 -157553237#0 -157553234 -157574536#1 -157574536#0 -710476024#1 -710476024#0 1162674260 508751758#0 508751758#1 508751758#2 508751757#0 508751757#1 508751757#2 36936541 36936727#0 36936727#1 36936727#2 36936727#3 36936727#4 36936727#5 36936727#6 36936727#7 319058652 1239117012#0 1239117012#1 1239117012#2 1239117012#3 1239117012#4 1239117012#5,1.3333786348397256,2
47,37,-153730020#0 153730020#0 153730018 319779154 153730020#2 153730020#3 153730008#2 -36936749#4 -36936749#3 -36936749#2 -36936749#1 -36936749#0 319058644 698026761 37088673#0 37088673#1 1239117016#0 1239117016#1 1239117016#2 -36950447#1 -36950447#0 36950586 -319058589#3 -319058589#2 -319058589#1 -319058589#0 -394456379 -36950439#1 -36950439#0,2.3541669825729867,0
47,37,153730020#0 153730020#1 153730020#2 153730020#3 -153730008#1 -153730008#0 -36936749#3 -36936749#2 -36936749#1 -36936749#0 319058644 698026761 37088673#0 37088673#1 1239117016#0 1239117016#1 1239117016#2 -36950447#1 -36950447#0 36950586 -319058589#3 -319058589#2 -319058589#1 -319058589#0 -394456379 -36950439#1 -36950439#0,1.9951547476561904,1
47,37,153730020#0 153730020#1 153730020#2 153730014#0 153730017 -153730013#0 -153730008#0 -36936749#3 -36936749#2 -36936749#1 -36936749#0 319058644 698026761 37088673#0 37088673#1 1239117016#0 1239117016#1 1239117016#2 -36950447#1 -36950447#0 36950586 -319058589#3 -319058589#2 -319058589#1 -319058589#0 -394456379 -36950439#1 -36950439#0,2.0299999600392,2
47,37,153730020#0 153730018 319779154 153730020#2 153730014#0 153730017 -153730013#0 -153730008#0 -36936749#3 -36936749#2 -36936749#1 -36936749#0 319058644 698026761 37088673#0 37088673#1 1239117016#0 1239117016#1 1239117016#2 -36950447#1 -36950447#0 36950586 -319058589#3 -319058589#2 -319058589#1 -319058589#0 -394456379 -36950439#1 -36950439#0,2.194734781253503,3
47,64,-153730020#0 153730020#0 153730018 319779154 153730020#2 153730020#3 153730008#2 -36936749#4 -36936749#3 -36936749#2 -36936749#1 -36936749#0 319058644 698026761 39820658#0 39820658#1 39820658#2 -508751758#2 -508751758#1 -508751758#0 -1162674260 39820659#0,0.954722783293448,0
47,64,153730020#0 153730020#1 153730020#2 153730020#3 -153730008#1 -153730008#0 -36936749#3 -36936749#2 -36936749#1 -36936749#0 319058644 698026761 39820658#0 39820658#1 39820658#2 -508751758#2 -508751758#1 -508751758#0 -1162674260 39820659#0,0.5957105483766519,1
47,64,153730020#0 153730020#1 153730020#2 153730014#0 153730017 -153730013#0 -153730008#0 -36936749#3 -36936749#2 -36936749#1 -36936749#0 319058644 698026761 39820658#0 39820658#1 39820658#2 -508751758#2 -508751758#1 -508751758#0 -1162674260 39820659#0,0.6305557607596612,2
47,64,-153730020#0 153730020#0 153730020#1 153730020#2 153730014#0 153730017 -153730013#0 -153730008#0 -36936749#3 -36936749#2 -36936749#1 -36936749#0 319058644 698026761 39820658#0 39820658#1 39820658#2 -508751758#2 -508751758#1 -508751758#0 -1162674260 39820659#0,0.7751201956048737,3
47,115,153730020#0 153730020#1 153730020#2 153730014#0 153730017 -153730013#0 153730008#1 153730008#2 -36936749#4 -36936749#3 -36936749#2 153730015#0 -153730022#3 -153730016#1 -153730016#0,0.7624936737734247,0
47,115,153730020#0 153730020#1 153730020#2 153730020#3 153730008#2 -36936749#4 -36936749#3 -36936749#2 153730015#0 -153730022#3 -153730016#1 -153730016#0,0.6087139761492348,1
47,115,153730020#0 153730020#1 153730020#2 153730020#3 -153730008#1 -153730008#0 -36936749#3 -36936749#2 153730015#0 -153730022#3 -153730016#1 -153730016#0,0.5590009972919538,2
47,115,-153730020#0 153730020#0 153730020#1 153730020#2 153730014#0 153730017 -153730013#0 -153730008#0 -36936749#3 -36936749#2 153730015#0 -153730022#3 -153730016#1 -153730016#0,0.7384106445201756,3
47,181,153730020#0 153730018 319779154 153730020#2 153730020#3 153730008#2 -36936749#4 153730008#0 153730013#0 -153730017,0.6946853810651044,0
47,181,153730020#0 153730020#1 153730020#2 153730020#3 -153730008#1 153730013#0 -153730017,0.4120230381569474,1
47,181,153730020#0 153730020#1 153730020#2 153730020#3 153730008#2 -36936749#4 153730008#0 153730013#0 -153730017,0.5299505598508015,2
47,181,153730020#0 153730020#1 153730020#2 153730014#0 153730017,0.3380369570434365,3
48,39,-156460683#6 -37054132 156460681#1 156460681#2 36293459#0 36293459#1 36293459#2 37054066 1119245056 476687231#0 476687231#1 476687231#2 -37051872#1 -37051872#0 36293459#10 37049908 -1024000539#2 -1024000539#1 -1024000539#0 319058602#1 -270968314 -394456356#1 -394456356#0 319058589#0 319058589#1 319058589#2 319058589#3 -859785184 36950447#0 36950447#1 -1239117016#2 -1239117016#1 -1239117016#0 -37088673#1 -37088673#0 39820658#0 39820658#1 39820658#2 508751757#0 508751757#1 508751757#2 36936541 697740912 319058636 36936749#0 36936749#1 153730015#0 153730015#1 153730015#2,3.6559355449583832,0
48,39,156460683#6 156460683#7 156460683#8 36293459#0 36293459#1 36293459#2 36293459#3 36293459#4 36293459#5 36293459#6 36293459#7 36293459#8 36293459#9 36293459#10 37049908 -1024000539#2 -1024000539#1 -1024000539#0 319058602#1 36294383#0 37055563#0 332885734#0 332885734#1 332885734#2 37055217#1 -859785184 36950447#0 36950447#1 -1239117016#2 -1239117016#1 -1239117016#0 -37088673#1 -37088673#0 39820658#0 39820658#1 39820658#2 508751757#0 508751757#1 508751757#2 36936541 697740912 319058636 36936749#0 36936749#1 153730015#0 153730015#1 153730015#2,3.089412866772638,1
48,39,156460683#6 156460683#7 156460683#8 36293459#0 36293459#1 36293459#2 37054066 1119245056 476687231#0 476687231#1 476687231#2 -37051872#1 -37051872#0 36293459#10 37049908 -1024000539#2 -1024000539#1 156460680#1 1119245061 319058602#0 319058602#1 -270968314 -394456356#1 -394456356#0 319058589#0 319058589#1 319058589#2 319058589#3 -859785184 36950447#0 36950447#1 -1239117016#2 -1239117016#1 -1239117016#0 -37088673#1 -37088673#0 39820658#0 39820658#1 39820658#2 508751757#0 508751757#1 508751757#2 36936541 697740912 319058636 36936749#0 36936749#1 153730015#0 153730015#1 153730015#2,3.478397747982141,2
48,39,156460683#6 156460683#7 156460683#8 36293459#0 36293459#1 36293459#2 37054066 1119245056 476687231#0 476687231#1 476687231#2 476687231#3 -1119245057#1 -1119245057#0 -1119245060#1 -1119245060#0 37049908 -1024000539#2 -1024000539#1 156460680#1 1119245061 319058602#0 319058602#1 36294383#0 37055563#0 332885734#0 332885734#1 332885734#2 37055217#1 -859785184 36950447#0 36950447#1 -1239117016#2 -1239117016#1 -1239117016#0 -37088673#1 -37088673#0 39820658#0 39820658#1 39820658#2 508751757#0 508751757#1 508751757#2 36936541 697740912 319058636 36936749#0 36936749#1 153730015#0 153730015#1 153730015#2,3.720814354653607,3
49,34,36293752#5 36293752#6 36293752#7 476687231#1 476687231#2 -37051872#1 -37051872#0 36293459#10 37049908 -1024000539#2 -1024000539#1 -1024000539#0 319058602#1 36294383#0 36294383#1 36294383#2 36294383#3 36294383#4 36294383#5 36294383#6 36294383#7 36294383#8 36294383#9 36294383#10 406210870 36295293#0 37066008 -37055563#2 -37055563#1 332885734#0 332885734#1 332885734#2 37055217#1 -859785184 36950447#0 36950447#1 -1239117016#2,3.8237041036717065,0
49,34,36293752#5 36293752#6 36293752#7 476687231#1 476687231#2 -37051872#1 -37051872#0 36293459#10 1119245060#0 1119245060#1 1119245060#2 1119245061 319058602#0 319058602#1 -270968314 -394456356#1 -394456356#0 319058589#0 319058589#1 319058589#2 319058589#3 -859785184 36950447#0 36950447#1 -1239117016#2,1.5564374850012002,1
49,34,36293752#5 36293752#6 36293752#7 476687231#1 476687231#2 -37051872#1 -37051872#0 36293459#10 37049908 -1024000539#2 -1024000539#1 -1024000539#0 319058602#1 -270968314 -394456356#1 -394456356#0 319058589#0 319058589#1 319058589#2 319058589#3 -859785184 36950447#0 36950447#1 -1239117016#2,1.88188744900408,2
49,34,36293752#5 36293752#6 36293752#7 476687231#1 476687231#2 476687231#3 -1119245057#1 -1119245057#0 1119245060#2 -156460680#1 -1024000539#0 319058602#1 36294383#0 37055563#0 332885734#0 332885734#1 332885734#2 37055217#1 -859785184 36950447#0 36950447#1 -1239117016#2,1.9501379889608832,3
49,83,36293752#5 36293752#6 36293752#7 476687231#1 476687231#2 -37051872#1 -37051872#0 36293459#10 37049908 -1024000539#2 -1024000539#1 156460680#1 1119245061 319058602#0 319058602#1 -270968314 -859784039#1 -859784039#0 -36950518#1 37051441#0 37051441#1 37051441#2 -37051625#2 -37051625#1 -37052277#3 -37052277#2,1.4184785217182625,0
49,83,36293752#5 36293752#6 36293752#7 476687231#1 476687231#2 -37051872#1 -37051872#0 36293459#10 1119245060#0 1119245060#1 1119245060#2 -156460680#1 1024000539#1 1024000539#2 156460679 37052277#1 37052277#2,0.7349232061435086,1
49,83,-36293752#5 -36293752#4 -36293752#3 -36293752#2 -36293752#1 -36293752#0 36293459#6 36293459#7 36293459#8 36293459#9 36293459#10 37049908 156460679 37052277#1 37052277#2,0.374562035037197,2
49,83,36293752#5 36293752#6 36293752#7 476687231#1 476687231#2 476687231#3 -1119245057#1 -1119245057#0 1119245060#2 -156460680#1 -156460680#0 -156460671 -37055902#2 -37055902#1 -37051625#2 -37051625#1 -37052277#3 -37052277#2,1.019090472762179,3
50,44,1239117016#2 -36950447#1 -36950447#0 36950586 -859784611 -37055217#0 -243957897#3 -243957897#2 394459769#0 394459769#1 139832421#1 -243957897#0 -1339510606#1 -1339510606#0 243957902#0 243957902#1 191799405 -37066023 406210871 36295293#4 36295293#5 36295293#6 35573916 617837421#0 -243957899#1 -243957899#0 -36294081#4 -36294081#3 -36294081#2 -36294081#1 -36294081#0 -1119245058 -1119245057#3 -1119245057#2 -476687231#3 -476687231#2 -476687231#1 -36293752#7 -36293752#6 -36293752#5,4.65047671073803,0
50,44,1239117016#2 -36950447#1 -36950447#0 36950586 -319058589#3 -319058589#2 -319058589#1 -319058589#0 394456356#0 394456356#1 859784039#2 -319058602#1 -319058602#0 -1119245061 -1119245060#2 -1119245060#1 -1119245060#0 -36293459#10 37051872#0 37051872#1 -476687231#2 -476687231#1 -36293752#7 -36293752#6 -36293752#5,1.8087473002159828,1
50,44,1239117016#2 -36950447#1 -36950447#0 36950586 -319058589#3 -319058589#2 -319058589#1 -319058589#0 394456356#0 394456356#1 859784039#2 -319058602#1 1024000539#0 1024000539#1 1024000539#2 -37049908 -36293459#10 37051872#0 37051872#1 -476687231#2 -476687231#1 -36293752#7 -36293752#6 -36293752#5,2.129649628029757,2
50,44,-1239117016#2 1239117016#2 -36950447#1 -36950447#0 36950586 -319058589#3 -319058589#2 -319058589#1 -319058589#0 394456356#0 394456356#1 859784039#2 -319058602#1 1024000539#0 1024000539#1 1024000539#2 -37049908 -36293459#10 37051872#0 37051872#1 -476687231#2 -476687231#1 -36293752#7 -36293752#6 -36293752#5,2.418190544756419,3
51,45,394446873#0 394446869 394446872#1 35802343#1 35802343#2 35802343#3 918828156#0 918828156#1 1238426234#0 1238426234#1 319058600#0 35801699#0 35801699#1 -698018295#2 215094374 -698018295#0 -1339478328#0 -319058604#1 -319058604#0 332885554 710476653#1 710476654 -36934835#1 -36934835#0 39820661#0 39820661#1 36934854#0 -156480752 -1109771198#1 -1109771198#0 -36936392#1 -36936392#0 36288941#1 36288941#2 36936373#0 36936373#1,2.6286299850287413,0
51,45,394446873#0 394446873#1 394446873#2 406203418#0 406203418#1 35802343#7 35802343#1 35802343#2 35802343#3 918828156#0 918828156#1 1238426234#0 1238426234#1 319058600#0 319058600#1 35801882#2 35801882#3 35801882#4 35802071#0 35802071#1 35802071#2 36288851#0 36288851#1 36284386#0 36284386#1 36284386#2 36284386#3 36284386#4 36936288 36936236#1 36934860#0 36934860#1 36934860#2 36934860#3 1339510612#0 1339510612#1 1339510612#2 36936373#0 36936373#1,1.8234943958758725,1
51,45,394446873#0 394446873#1 394446873#2 406203418#0 406203418#1 35802343#7 35802343#1 35802343#2 35802343#3 918828156#0 918828156#1 1238426234#0 1238426234#1 319058600#0 35801699#0 35801699#1 -698018295#2 -698018295#1 -698018295#0 -339940214 36285797#1 36284751 394446867#1 710476653#0 710476653#1 710476654 -36934835#1 -36934835#0 39820661#0 39820661#1 36934854#0 -156480752 -1109771198#1 -1109771198#0 -36936392#1 -36936392#0 36288941#1 36288941#2 36936373#0 36936373#1,2.327946039744364,2
51,45,394446873#0 394446869 394446872#1 35802343#1 35802343#2 35802343#3 918828156#0 918828156#1 1238426234#0 1238426234#1 35801597#0 35801597#1 35801597#2 35801597#3 35801597#4 -698018295#3 -698018295#2 215094374 -698018295#0 -339940214 -36284844 36288851#0 36288851#1 36284386#0 36284386#1 36284386#2 36284386#3 36284386#4 36936288 36936236#1 36934860#0 36934860#1 36934860#2 36934860#3 1339510612#0 1339510612#1 1339510612#2 36936373#0 36936373#1,2.517338888316478,3
52,46,36933151#0 36933151#1 -1239117024 -394443151#2 -394443151#1 -394443151#0 394443143#0 394443143#1 394443143#2 1238948418#0 1238948418#1 509025806#1 509025806#2 1338884372 1338884371#4 1338884374 1338884375 1338884371#6 165170683#0 165170683#1 165170683#2 165170683#3 -319058613#2 -319058613#1 -319058613#0 -1371061454 -165170681#1 -165170681#0 -1238426236 165170685#0 394443149#0 -394443152#1 -394443152#0 -165170818#7 -165170818#6 -394443147#1 394443146,2.4797858886967576,0
52,46,36933151#0 36933151#1 -1239117024 -394443151#2 -394443151#1 -394443151#0 394443143#0 394443143#1 394443143#2 1238948418#0 1238948418#1 509025806#1 509025806#2 1338884372 1338884371#4 1338884374 1338884375 1338884371#6 165170683#0 165170683#1 165170683#2 165170683#3 -319058613#2 -165170815#1 -165170815#0 165170818#0 165170818#1 165170818#2 165170818#3 165170818#4 165170818#5 -394443147#1 394443146,2.4282980077272347,1
52,46,36933151#0 36933151#1 -1239117024 -394443151#2 196288048 -394443151#0 394443143#0 394443143#1 394443143#2 1238948418#0 1238948418#1 509025806#1 509025806#2 1338884372 1338884371#4 1338884374 1338884375 1338884371#6 165170683#0 165170683#1 165170683#2 165170683#3 -319058613#2 -319058613#1 -319058613#0 -1371061454 -165170681#1 -165170681#0 165170816 -165170818#8 -165170818#7 -165170818#6 -394443147#1 394443146,2.26562282966465,2
52,46,-36933151#0 36933151#0 36933151#1 -1239117024 -394443151#2 196288048 -394443151#0 394443143#0 394443143#1 394443143#2 1238948418#0 1238948418#1 509025806#1 509025806#2 1338884372 1338884371#4 1338884371#5 1338884371#6 165170683#0 165170683#1 165170683#2 165170683#3 -319058613#2 -165170815#1 -165171448#1 -165171448#0 165170994#6 -1371061454 -165170681#1 -165170681#0 165170816 -165170818#8 -165170818#7 -165170818#6 -394443147#1 394443146,2.4865396135676625,3
52,156,-36933151#0 36933151#0 36933151#1 36933126#0 36933126#1 36933126#2 37088447#0 37088447#1 37088447#2 1088466838#0 1088466838#1 319058586 319058587#0 319058587#1 319058587#2 508751758#0 508751758#1 508751758#2 508751757#0 508751757#1 508751757#2 36936541 36936727#0 36936727#1 36936727#2 36936727#3 36936727#4 36936727#5 36936727#6 36936727#7 319058652 719004329 36936494#0 36936494#1 36936655#0 36936655#1 36936655#2 36936655#3,1.5150093681074368,1
52,156,36933151#0 36933151#1 36933126#0 36933126#1 36933126#2 37088447#0 37088447#1 37088447#2 1088466838#0 1088466838#1 319058586 319058587#0 319058587#1 319058587#2 508751758#0 508751758#1 508751758#2 508751757#0 508751757#1 508751757#2 36936541 36936727#0 36936727#1 36936727#2 36936727#3 36936727#4 36936727#5 36936727#6 650145324#3 36936655#1 36936655#2 36936655#3,1.27462764094984,2
52,156,-36933151#0 36933151#0 36933151#1 36933126#0 36933126#1 36933126#2 37088447#0 37088447#1 37088447#2 1088466838#0 1088466838#1 319058586 319058587#0 319058587#1 319058587#2 508751758#0 508751758#1 508751758#2 508751757#0 508751757#1 508751757#2 36936541 36936727#0 36936727#1 36936727#2 357228242 -202422660#2 -202422660#1 -202422660#0 -394443153#1 -394443153#0 -153732960#0 36936655#2 36936655#3,1.66533472461717,3
52,203,-36933151#0 36933151#0 36933151#1 -1239117024 -394443151#2 196288048 -394443151#0 394443143#0 394443143#1 394443143#2 1238948418#0 1238948418#1 509025806#1 509025806#2 1338884372 1338884371#4 1338884374 1338884375 1338884371#6 165170683#0 165170683#1 165170683#2 165170683#3 -319058613#2 -319058613#1 -319058613#0 -1371061454 -165170681#1 -165170681#0 -1238426236 165170685#0 165170685#1 -698024153 165172166 165172165#0 165172165#1 -165172307#1 -165172307#0,2.80989928754802,0
52,203,36933151#0 36933151#1 36933126#0 36933126#1 36933126#2 37088447#0 37088447#1 37088447#2 1088466838#0 1088466838#1 319058586 319058587#0 319058587#1 319058587#2 508751758#0 508751758#1 508751758#2 508751757#0 508751757#1 508751757#2 36936541 697740912 319058636 36936749#0 36936749#1 36936749#2 36936749#3 36936749#4 36936749#5 319779134 36936867 -165172165#2 -165172307#1 -165172307#0,1.834444351562586,1
52,203,-36933151#0 36933151#0 36933151#1 36933126#0 36933126#1 36933126#2 37088447#0 37088447#1 37088447#2 1088466838#0 1088466838#1 319058586 319058587#0 319058587#1 319058587#2 508751758#0 508751758#1 508751758#2 508751757#0 508751757#1 508751757#2 36936541 697740912 319058636 36936749#0 36936749#1 36936749#2 36936749#3 153730008#0 153730008#1 153730008#2 36936749#5 319779134 36936867 -165172165#2 -165172307#1 -165172307#0,1.990483421992307,2
52,203,36933151#0 36933151#1 -1239117024 -394443151#2 196288048 -394443151#0 394443143#0 394443143#1 394443143#2 1238948418#0 1238948418#1 509025806#1 509025806#2 1338884372 1338884371#4 1338884371#5 1338884371#6 165170683#0 165170683#1 165170683#2 165170683#3 -319058613#2 -319058613#1 -319058613#0 -1371061454 -165171783#2 -165171783#1 -165171783#0 165170684#0 165170684#1 1238426242 165172166 165172165#0 165172165#1 -165172307#1 -165172307#0,2.9010224549403523,3
53,47,36289159#1 36289159#2 36289295#0 36289295#1 36936396#3 36936396#4 878854447 878854448 -36289599#1 -36289599#0 -319058608#1 -37088332#3 -37088332#2 371455497 -36950657#0 -269702562 -1339510609#0 -328471845#1 -328471845#0,1.1767491309490732,0
53,47,36289159#1 36289159#2 36935235#0 36935235#1 36935235#2 36935235#3 36289394#0 36289394#1 36289394#2 1339510611 157553237#1 -319058608#1 -319058608#0 1339510610 -269702562 -1339510609#0 -328471845#1 -328471845#0,0.7154186080479706,1
53,47,36289159#1 36289159#2 36935235#0 -269702565#1 153730934 36935235#2 36935235#3 36289394#0 153730941#0 153730941#1 -36289599#0 -319058608#1 -319058608#0 1339510610 -269702562 -1339510609#0 -328471845#1 -328471845#0,0.8144707864839568,2
54,3,165170685#0 165170685#1 -698024153 165172166 165172163 -165170684#1 -165170684#0 -698024152#1 -698024152#0 1371061470#0 1371061470#1 1371061468 36936590#0 36936590#1 36936590#2 36936590#3 36936590#4 36936590#5 36936590#6 36936590#7 36936590#8 1239117013#1 1239117013#2 36936494#0 36936494#1 719004330 319058652 1239117012#0 1239117012#1 1239117012#2 243704191#1 -650145327 650145330#4 650145330#5 650145330#1 650145324#0 650145324#1 650145324#2 650145324#3 36936655#1 36936655#2 36936655#3 36936655#4 36936655#5 36936655#6 319779156#0 319779156#1 319058636 319058644 698026761 37088673#0 -153730010#2,2.0964672439166163,0
54,3,165170685#0 165170685#1 -698024153 -1238426242 -165170684#1 -165170684#0 -698024152#1 -698024152#0 1371061470#0 1371061470#1 1371061468 36936590#0 36936590#1 36936590#2 36936590#3 36936590#4 36936590#5 36936590#6 36936590#7 36936590#8 1239117013#1 1239117013#2 36936494#0 36936494#1 36936655#0 36936655#1 36936655#2 36936655#3 36936655#4 36936655#5 36936655#6 319779156#0 319779156#1 319058636 319058644 698026761 37088673#0 -153730010#2,1.533576732403262,1
54,3,165170685#0 165170685#1 -698024153 -1238426242 -165170684#1 -165170684#0 -698024152#1 -698024152#0 1371061470#0 1371061470#1 1371061468 36936590#0 36936590#1 36936590#2 36936590#3 36936590#4 36936590#5 36936590#6 36936590#7 36936590#8 1239117013#1 1239117013#2 36936494#0 36936494#1 36936655#0 36936655#1 153732960#0 153732960#1 394443153#1 202422660#0 202422660#1 202422660#2 319779156#0 319779156#1 319058636 319058644 698026761 37088673#0 -153730010#2,1.907840065864038,2
54,3,165170685#0 394443149#0 -394443152#1 -394443152#0 165170818#8 165170817 1238426236 165170681#0 165170681#1 -165171783#2 -165171783#1 -165171783#0 165170684#0 165170684#1 1238426242 165172166 165172165#0 165172165#1 165172165#2 1238426243 698024160 -1239117045 -36936749#5 -36936749#4 -36936749#3 -36936749#2 -36936749#1 -36936749#0 319058644 698026761 37088673#0 -153730010#2,2.508720197073703,3
54,57,165170685#0 165170685#1 -698024153 165172166 165172165#0 165172165#1 165172165#2 1238426243 698024160 -1239117045 -36936749#5 -153730008#2 -153730020#3 153730014#0 153730017 -153730013#0 -153730008#0 -36936749#3 -36936749#2 -36936749#1 -36936749#0 319058644 319058627 36936541 36936727#0 36936727#1 36936727#2 36936727#3 36936727#4 36936727#5 36936727#6 -650145324#2 -650145324#1,1.796953777451179,0
54,57,165170685#0 165170685#1 -698024153 -1238426242 -165170684#1 -165170684#0 -698024152#1 -698024152#0 1371061470#0 1371061470#1 1371061468 36936590#0 36936590#1 36936590#2 36936590#3 36936590#4 36936590#5 36936590#6 36936590#7 36936590#8 1239117013#1 1239117013#2 36936494#0 36936494#1 36936655#0 -650145324#3 -650145324#2 -650145324#1,1.012918581274974,1
54,57,165170685#0 165170685#1 -698024153 165172166 165172165#0 165172165#1 165172165#2 1238426243 698024160 -1239117045 -36936749#5 -153730008#2 -153730008#1 -153730008#0 -36936749#3 -36936749#2 -36936749#1 -36936749#0 319058644 319058627 36936541 36936727#0 36936727#1 36936727#2 36936727#3 36936727#4 36936727#5 36936727#6 -650145324#2 -650145324#1,1.739454377403183,2
54,57,165170685#0 394443149#0 -394443152#1 -394443152#0 165170818#8 165170817 1238426236 165170681#0 165170681#1 -165171783#2 -165171783#1 -165171783#0 -698024152#1 -698024152#0 1371061470#0 1371061470#1 1371061468 36936590#0 36936590#1 36936590#2 36936590#3 36936590#4 36936590#5 36936590#6 36936590#7 36936590#8 1239117013#1 1239117013#2 36936494#0 36936494#1 36936655#0 -650145324#3 -650145324#2 -650145324#1,1.6079749767633351,3
54,66,165170685#0 165170685#1 -698024153 -1238426242 -165170684#1 -165170684#0 165171783#0 165171783#1 165171783#2 -165170681#1 -165170681#0 165170816 -165170818#8 -165170818#7 -165170818#6 -165170818#5 -165170818#4 -165170818#3 -165170818#2 -165170818#1 -165170818#0 165170815#0 165170815#1 -319058613#1 -165171782,1.8277297816174705,0
54,66,165170685#0 394443149#0 -394443152#1 -394443152#0 165170818#8 165170817 1238426236 165170681#0 165170681#1 1371061454 319058613#0 -165171782,0.5677585793136549,1
54,66,165170685#0 394443149#0 -394443152#1 -394443152#0 -165170818#7 -165170818#6 -165170818#5 -165170818#4 -165170818#3 -165170818#2 -165170818#1 -165170818#0 165170815#0 165170815#1 -319058613#1 -165171782,1.0699184065274778,2
54,66,165170685#0 165170685#1 -698024153 165172166 165172163 -165170684#1 -165170684#0 165171783#0 165171783#1 165171783#2 1371061454 -165170994#6 165171448#0 165171448#1 165170815#1 -319058613#1 -165171782,1.2349772018238538,3
54,153,165170685#0 165170685#1 -698024153 165172166 165172163 -165170684#1 -165170684#0 165171783#0 165171783#1 165171783#2 1371061454 319058613#0 319058613#1 319058613#2 165170673#0 165170673#1 165170673#2 1338884371#8 1338884377 1338884376 1338884371#1 1338884371#2 1338884373 -509025806#2 -509025806#1 -509025806#0 -1238948418#0 509033674#0 509033674#1 394443151#0 394443151#1 394443151#2 153732964 -269702559 -36933151#0 36933113 39820664#9 36933223 36933282#0 36933282#1 36288851#3 36933307#0 36933307#1 153730928 36284386#3 36284386#4 36936288 36936236#1 36934860#0 36934860#1 36934860#2,3.792297892349291,0
54,153,165170685#0 165170685#1 -698024153 -1238426242 -165170684#1 -165170684#0 165171783#0 165171783#1 165171783#2 1371061454 319058613#0 319058613#1 319058613#2 165170673#0 165170673#1 165170673#2 1338884371#8 1338884377 1338884376 1338884371#1 1338884371#2 1338884373 -509025806#2 -509025806#1 -509025806#0 -1238948418#0 509033674#0 509033674#1 394443151#0 394443151#1 394443151#2 153732964 -269702559 -36933151#0 36933113 39820664#9 36933223 36933282#0 36933282#1 36288851#3 36933307#0 36933306 36284386#1 36284386#2 36284386#3 36284386#4 36936288 36936236#1 36934860#0 36934860#1 36934860#2,3.7251152669593215,1
54,153,165170685#0 394443149#0 -394443152#1 -394443152#0 165170818#8 165170817 1238426236 165170681#0 165170681#1 1371061454 319058613#0 319058613#1 319058613#2 165170673#0 165170673#1 165170673#2 1338884371#8 1338884371#0 1338884371#1 1338884371#2 1338884373 -509025806#2 -509025806#1 -509025806#0 -1238948418#0 509033674#0 509033674#1 394443151#0 -196288048 394443151#2 153732964 -269702559 -36933151#0 36933113 39820664#9 36933223 36933282#0 36933282#1 -36288851#2 36284386#0 36284386#1 36284386#2 36284386#3 36284386#4 36936288 36936236#1 36934860#0 36934860#1 36934860#2,3.2937653326522134,2
54,153,165170685#0 165170685#1 -698024153 165172166 165172163 -165170684#1 -165170684#0 165171783#0 165171783#1 165171783#2 1371061454 319058613#0 319058613#1 319058613#2 165170673#0 165170673#1 165170673#2 1338884371#8 1338884371#0 1338884371#1 1338884371#2 1338884373 -509025806#2 -509025806#1 -509025806#0 -1238948418#0 509033674#0 509033674#1 394443151#0 394443151#1 394443151#2 153732964 -269702559 -36933151#0 36933113 39820664#9 36933223 36933282#0 36933282#1 36288851#3 36933307#0 36933306 36284386#1 36284386#2 36284386#3 36284386#4 36936288 36936236#1 36934860#0 36934860#1 36934860#2,3.7663757158983846,3
54,205,165170685#0 165170685#1 -698024153 165172166 165172165#0 165172165#1 165172165#2 1238426243 698024160 -1239117045 -36936749#5 -36936749#4 -36936749#3 -36936749#2 -36936749#1 -36936749#0 319058644 698026761 37088673#0 37088673#1 1239117016#0 1239117016#1 1239117016#2 -36950447#1 -36950447#0 36950586 -319058589#3 -319058589#2 -319058589#1 -319058589#0 -394456379 -36950439#1 -36950439#0 36950518#0 37051441#0 37051441#1 37051441#2 -37051625#2 -37051625#1 -37051625#0 -156480737#2 -156480737#1 394456380 37056002 1119245115 37056017 -159922662#1 -159922662#0 -156460682#0 -37054319 -270968320 37052930 698018294#0 698018294#1 1238956370 36935056 36935040#0 36935040#1 36935040#2 36935040#3 1238956371 187827287,5.048365659290268,0
54,205,165170685#0 165170685#1 -698024153 165172166 165172165#0 165172165#1 165172165#2 1238426243 698024160 -1239117045 -36936749#5 -36936749#4 -36936749#3 -36936749#2 -36936749#1 -36936749#0 319058644 698026761 37088673#0 37088673#1 1239117016#0 1239117016#1 1239117016#2 -36950447#1 -36950447#0 36950586 -319058589#3 -319058589#2 -319058589#1 -319058589#0 -394456379 -36950439#1 -36950439#0 37088258#0 37050051 1119245067 37055902#0 -37051625#2 -37051625#1 -37051625#0 -156480737#2 -156480737#1 394456380 37050590 918716574#1 918716574#2 37051113#0 37051113#1 1119245072 37056055#1 319058606 37052930 698018294#0 698018294#1 1238956370 36935056 36935040#0 36935040#1 36935040#2 36935040#3 1238956371 187827287,4.964507613065111,1
54,205,165170685#0 394443149#0 -394443152#1 -394443152#0 165170818#8 165170817 1238426236 165170681#0 165170681#1 1371061454 319058613#0 319058613#1 319058613#2 165170673#0 165170673#1 165170673#2 1338884371#8 1338884371#0 1338884371#1 1338884371#2 1338884373 -509025806#2 -509025806#1 -509025806#0 -1238948418#0 509033674#0 509033674#1 394443151#0 394443151#1 394443151#2 153732964 -269702559 -36933151#0 36933113 39820664#9 36933223 36933282#0 36933282#1 -36288851#2 -36288851#1 -36288851#0 394446867#0 394446867#1 710476653#0 710476653#1 710476654 -36934835#1 -36934835#0 36936220 37051113#0 37051113#1 1119245072 37056055#1 319058606 37052930 698018294#0 698018294#1 1238956370 36935056 36935040#0 36935040#1 36935040#2 36935040#3 1238956371 187827287,4.446680364755768,2
54,205,165170685#0 165170685#1 -698024153 165172166 165172165#0 165172165#1 165172165#2 1238426243 698024160 -1239117045 -36936749#5 -36936749#4 -36936749#3 -36936749#2 -36936749#1 -36936749#0 319058644 698026761 37088673#0 37088673#1 1239117016#0 1239117016#1 1239117016#2 -36950447#1 -36950447#0 36950586 -319058589#3 -319058589#2 -319058589#1 -319058589#0 -394456379 -36950439#1 -36950439#0 37088258#0 37050051 1119245067 37055902#0 -37051625#2 -37051625#1 -37051625#0 -156480737#2 -156480755 37050515#2 156480737#0 394456380 37056002 1119245115 37056017 -159922662#1 37054401 37056055#1 319058606 37052930 698018294#0 698018294#1 1238956370 36935056 36935040#0 36935040#1 36935040#2 36935040#3 1238956371 187827287,5.235032687512643,3
55,48,-36950439#1 -36950439#0 37088258#0 37088258#1 394456378 36950525 1119245069 48956015 37050033#1 37055902#0 37055902#1 37055902#2 156460671 1119245064 -1024000539#0 319058602#1 36294383#0 37055563#0 332885734#0 332885734#1 332885734#2 37055217#1 -859785184 36950506#0 36950506#1 36950506#2,2.123632109431245,0
55,48,36950439#1 607473249#0 607473250 1119245066#1 269702545 319058589#0 319058589#1 319058589#2 319058589#3 -859785184 36950506#0 36950506#1 36950506#2,0.983813294936405,1
55,48,36950439#1 607473249#0 607473249#1 -36950657#1 -36950657#0 -269702562 -1339510609#0 -328471845#1 -328471845#0 -319058611 -36950506#3 -36950506#2,0.6690902710976399,2
55,48,36950439#1 394456379 394456356#0 394456356#1 859784039#2 36294383#0 37055563#0 332885734#0 332885734#1 332885734#2 37055217#1 -859785184 36950506#0 36950506#1 36950506#2,1.7146568274538037,3
55,126,36950439#1 394456379 394456356#0 394456356#1 -859784039#1 -859784039#0 -36950518#1 -36950518#0 37088258#0 37088258#1 394456378 36950525 1119245069 406210869#0 406210869#1 319058612#0 319058612#1 36288941#0 36936392#0 36936392#1 1109771198#0 1109771198#1 156480752 36934854#1 918716574#0 918716574#1 918716574#2 -36936220 36934835#0 36934835#1 36934835#2 332885553 332885552 -394446867#1 -394446867#0 36288851#0 36288851#1 36288851#2 36288851#3 275506498 269702543 269702544 201772610 157574535 -36933126#2 -36933126#1 -36933126#0 -269702559 -610220874#1,3.398333257506492,0
55,126,-36950439#1 -36950439#0 37088258#0 37088258#1 394456378 36950525 1119245069 406210869#0 406210869#1 319058612#0 319058612#1 36288941#0 36288941#1 36288941#2 36936373#0 36936373#1 36936373#2 36936373#3 36936373#4 201772610 157574535 -36933126#2 -36933126#1 -36933126#0 -269702559 -610220874#1,1.3635308077244006,1
55,126,-36950439#1 -36950439#0 37088258#0 37088258#1 394456378 36950525 1119245069 406210869#0 406210869#1 319058612#0 319058612#1 36288941#0 36288941#1 36288941#2 36936373#0 36936373#1 36936373#2 153730933#0 153730933#1 153730933#2 153730934 36935235#2 36935235#3 -157553230 -157574537#0 153730936#0 153730936#1 153730936#2 153730936#3 201772610 157574535 -36933126#2 -36933126#1 -36933126#0 -269702559 -610220874#1,1.9265199252106635,2
55,126,-36950439#1 -36950439#0 36950518#0 37051441#0 37051441#1 37051441#2 -37051625#2 -37051625#1 37052277#4 1237352048 1119245070 319058612#0 319058612#1 36288941#0 36288941#1 36288941#2 36936373#0 36936373#1 36936373#2 153730933#0 153730925#0 153730925#1 153730936#3 201772610 157574535 -36933126#2 -36933126#1 -36933126#0 -269702559 -610220874#1,1.9103032225468763,3
56,49,-319779150#1 -319779150#0 36936494#1 36936655#0 36936655#1 153732960#0 153732960#1 394443153#1 202422660#0 202422660#1 202422660#2 319779156#0 319779156#1 319058636 319058644 698026761 37088673#0 37088673#1 1239117016#0 1239117016#1 1239117016#2 -36950447#1 -36950447#0 36950506#0 36950506#1 36950506#2 36950506#3 319058611 328471844 328471845#1 1339510609#0 1339510609#1 -1339510610 319058608#0,2.101448701085251,0
56,49,-319779150#1 -319779150#0 36936494#1 36936655#0 36936655#1 36936655#2 36936655#3 36936655#4 36936655#5 36936655#6 319779156#0 319779156#1 319058636 319058644 698026761 39820658#0 39820658#1 39820658#2 -508751758#2 -508751758#1 -508751758#0 -1162674260 37088542 710476024#1 157574536#0 157574536#1 157574536#2 157553237#0 157553237#1 -319058608#1 -319058608#0,0.6082045461565595,1
56,49,-319779150#1 -319779150#0 36936494#1 36936655#0 36936655#1 153732960#0 153732962#0 153732962#1 153732962#2 153732962#3 -153732963#1 202422660#1 202422660#2 319779156#0 319779156#1 319058636 319058644 698026761 39820658#0 39820658#1 39820658#2 -508751758#2 -508751758#1 -508751758#0 -1162674260 37088542 710476024#1 157574536#0 157574536#1 157574536#2 157553237#0 157553237#1 -319058608#1 -319058608#0,0.8728326504356698,2
56,49,-319779150#1 -319779150#0 36936494#1 36936655#0 36936655#1 153732960#0 153732962#0 327342936 153732962#3 -153732963#1 202422660#1 202422660#2 319779156#0 319779156#1 319058636 319058644 698026761 39820658#0 39820658#1 39820658#2 -508751758#2 -508751758#1 -508751758#0 -1162674260 37088542 710476024#1 157574536#0 157574536#1 157574536#2 157553237#0 157553237#1 -319058608#1 -319058608#0,1.1387792594608497,3
57,13,269702561#1 270968317#1 36936396#0 -394456375 36935232 36289159#2 36935235#0 36935235#1 -153730934 -269702565#0 -153730933#1 -153730933#0 36936373#3 36936373#4 201772610 157574535 37088447#0 37088447#1 37088447#2 1088466838#0 1088466838#1 319058586 319058587#0 319058587#1 319058587#2 508751758#0 508751758#1 508751758#2 508751757#0 508751757#1 508751757#2 36936541 697740912 319058636 36936749#0 36936749#1 36936749#2 36936749#3 36936749#4 36936749#5 319779134 36936867 -165172165#2 -165172165#1 -165172165#0 165172163,2.048571601220597,0
57,13,269702561#1 270968317#1 36936396#0 36936396#1 36936396#2 36936396#3 36936396#4 878854447 878854448 -36289599#1 -36289599#0 -157553237#1 -157553237#0 -157553234 -157574536#1 -157574536#0 -710476024#1 -710476024#0 1162674260 508751758#0 508751758#1 508751758#2 508751757#0 508751757#1 508751757#2 36936541 697740912 319058636 36936749#0 36936749#1 36936749#2 36936749#3 36936749#4 36936749#5 319779134 36936867 -165172165#2 -165172165#1 -165172165#0 165172163,1.4835438889461303,1
57,13,269702561#1 270968317#1 36936396#0 36936396#1 394456381 777654407 36936396#3 36936396#4 878854447 153730935 153730939#1 153730941#1 -36289599#0 -157553237#1 -157553237#0 -157553234 -157574536#1 -157574536#0 -710476024#1 -710476024#0 1162674260 508751758#0 508751758#1 508751758#2 508751757#0 508751757#1 508751757#2 36936541 697740912 319058636 36936749#0 36936749#1 36936749#2 36936749#3 36936749#4 36936749#5 319779134 36936867 -165172165#2 -165172165#1 -165172165#0 165172163,1.7057371935897694,2
58,2,153730010#2 37088673#1 1239117016#0 1239117016#1 1239117016#2 -36950447#1 -36950447#0 36950586 -319058589#3 -319058589#2 -319058589#1 -319058589#0 -394456379 -36950439#1 -36950439#0 36950518#0 36950518#1 36950518#2 859784039#1 859784039#2 -319058602#1 -319058602#0 -1119245061 -1119245060#2 1119245057#0 1119245057#1 -476687231#3 -476687231#2 -476687231#1 -476687231#0 -1119245056 -37054066 -36293459#2 -36293459#1 -36293459#0 -156460683#8 -156460683#7 -156460683#6 -156460683#5,2.746832253419726,0
58,2,153730010#2 37088673#1 1239117016#0 1239117016#1 1239117016#2 -36950447#1 -36950447#0 36950586 -319058589#3 -319058589#2 -319058589#1 -319058589#0 394456356#0 394456356#1 859784039#2 -319058602#1 -319058602#0 -1119245061 -1119245060#2 -1119245060#1 -1119245060#0 -36293459#10 -36293459#9 -36293459#8 -36293459#7 -36293459#6 -36293459#5 -36293459#4 -36293459#3 -36293459#2 -36293459#1 -36293459#0 -156460683#8 -156460683#7 -156460683#6 -156460683#5,2.332121430285577,1
58,2,153730010#2 37088673#1 1239117016#0 1239117016#1 1239117016#2 -36950447#1 -36950447#0 36950586 -319058589#3 -319058589#2 -319058589#1 -319058589#0 394456356#0 394456356#1 859784039#2 -319058602#1 1024000539#0 156460680#1 -1119245060#2 -1119245060#1 -1119245060#0 -36293459#10 37051872#0 37051872#1 -476687231#2 -476687231#1 -476687231#0 -1119245056 -37054066 -36293459#2 -36293459#1 -36293459#0 -156460681#2 -156460681#1 37054132 -156460683#5,3.0677705783537323,2
58,2,153730010#2 37088673#1 1239117016#0 1239117016#1 1239117016#2 -36950447#1 -36950447#0 36950586 -319058589#3 -319058589#2 -319058589#1 -319058589#0 394456356#0 394456356#1 859784039#2 -319058602#1 1024000539#0 1024000539#1 1024000539#2 -37049908 -36293459#10 37051872#0 37051872#1 -476687231#2 -476687231#1 -476687231#0 -1119245056 -37054066 -36293459#2 -36293459#1 -36293459#0 -156460681#2 -156460681#1 37054132 -156460683#5,3.183069354451644,3
58,49,153730010#2 37088673#1 1239117016#0 1239117016#1 1239117016#2 -36950447#1 -36950447#0 36950586 -319058589#3 -319058589#2 -319058589#1 -319058589#0 -394456379 607473249#0 607473249#1 -36950657#1 -36950657#0 -1339510610 319058608#0,1.6703443724502034,0
58,49,153730010#2 -37088673#0 39820658#0 39820658#1 39820658#2 -508751758#2 -508751758#1 -508751758#0 -1162674260 37088542 710476024#1 157574536#0 157574536#1 157574536#2 157553237#0 157553237#1 -319058608#1 -319058608#0,0.5379116259358117,1
58,49,153730010#2 -37088673#0 39820658#0 39820658#1 39820658#2 -508751758#2 -508751758#1 -508751758#0 -1162674260 37088542 710476024#1 157574536#0 157574536#1 157574536#2 157553237#0 157553237#1 36289599#0 36289599#1 -878854448 153730935 -153730939#0 36289295#1 36936396#3 36936396#4 878854446 48955689#0 48955689#1 -36950525 37088256 48956586#0 48956586#1 -157555050#5 -157555050#4 -157555050#3 -157555050#2 -157555050#1 -157555050#0 -36950657#1 -36950657#0 -1339510610 319058608#0,2.4945341770297422,2
58,49,153730010#2 -37088673#0 39820658#0 39820658#1 39820658#2 -508751758#2 -508751758#1 -508751758#0 -1162674260 39820659#0 39820659#1 39820659#2 39820659#3 153733879 319058611 328471844 328471845#1 1339510609#0 1339510609#1 -1339510610 319058608#0,1.0861919486281475,3
58,50,153730010#2 -37088673#0 39820658#0 39820658#1 39820658#2 -508751758#2 -508751758#1 -508751758#0 -1162674260 39820659#0 39820659#1 39820659#2 39820659#3 153733879 -36950506#3 -36950506#2 -36950506#1 -36950506#0 36950586 -319058589#3 -319058589#2 -319058589#1 -319058589#0 394456356#0 394456356#1 859784039#2 -319058602#1 -319058602#0 -1119245061 -156460680#1 1024000539#1 1024000539#2 1024000539#3 37052381#0 37052381#1 37052381#2 -36293459#8 -36293459#7 -36293459#6 -36293459#5 -36293459#4 -36293459#3 -36293459#2 -36293459#1 -36293459#0 -156460681#2 -156460681#1 -156460681#0 -319058626 -319058625 -156460688 -394456402#1,3.3620268830338755,0
58,50,153730010#2 37088673#1 1239117016#0 1239117016#1 1239117016#2 -36950447#1 -36950447#0 36950586 -319058589#3 -319058589#2 -319058589#1 -319058589#0 394456356#0 394456356#1 859784039#2 -319058602#1 -319058602#0 -1119245061 -1119245060#2 1119245057#0 1119245057#1 -476687231#3 -476687231#2 -476687231#1 -476687231#0 -1119245056 -37054066 -36293459#2 -36293459#1 -36293459#0 -156460681#2 -156460681#1 -156460681#0 -319058626 -319058625 -156460677 -394456402#1,3.009137269018478,1
58,50,153730010#2 37088673#1 1239117016#0 1239117016#1 1239117016#2 -36950447#1 -36950447#0 36950586 -319058589#3 -319058589#2 -319058589#1 -319058589#0 394456356#0 394456356#1 859784039#2 -319058602#1 -319058602#0 -1119245061 -156460680#1 1024000539#1 1024000539#2 -37049908 -36293459#10 37051872#0 37051872#1 -476687231#2 -476687231#1 -476687231#0 -1119245056 -37054066 -36293459#2 -36293459#1 -36293459#0 -156460681#2 -156460681#1 -156460681#0 -319058626 -319058625 -156460677 -394456402#1,3.358447324214063,2
58,50,153730010#2 -37088673#0 39820658#0 39820658#1 39820658#2 -508751758#2 -508751758#1 -508751758#0 -1162674260 39820659#0 39820659#1 39820659#2 39820659#3 153733879 -36950506#3 -36950506#2 -36950506#1 -36950506#0 36950586 -319058589#3 -319058589#2 -319058589#1 -319058589#0 394456356#0 394456356#1 859784039#2 -319058602#1 -319058602#0 -1119245061 -1119245060#2 1119245057#0 1119245057#1 -476687231#3 -476687231#2 -476687231#1 -476687231#0 -1119245056 -37054066 -36293459#2 -36293459#1 -36293459#0 -156460681#2 -156460681#1 -156460681#0 -319058626 -319058625 -156460677 -394456402#1,3.451227746964761,3
58,155,153730010#2 -37088673#0 39820658#0 39820658#1 39820658#2 -508751758#2 -508751758#1 -508751758#0 -319058587#2 -319058587#1 -319058587#0 -319058586 -1088466838#1 -1088466838#0 -37088447#2 -37088447#1 -37088447#0 -36933126#2 -36933126#1 -36933126#0 -269702559 -36933151#0 36933113 39820664#9 39820664#10 39820664#1 243836885 243836889 56080983 35801882#4 35801882#1 -319058600#1 -319058600#0 -319058599 -1238426234#0 918828154#0 918828154#1 35802343#5 35802343#6 35802343#7 -394446872#1 -394446869,1.972710046382608,1
58,155,153730010#2 -37088673#0 39820658#0 39820658#1 39820658#2 -508751758#2 -508751758#1 -508751758#0 -319058587#2 -319058587#1 -319058587#0 -319058586 -1088466838#1 -1088466838#0 -37088447#2 -37088447#1 -37088447#0 -36933126#2 -36933126#1 -36933126#0 -269702559 -36933151#0 36933113 39820664#9 36933223 36933050 39820664#1 243836885 243836889 56080983 35801882#4 35801882#1 -319058600#1 35801699#0 -339700984 -35801597#2 -35801597#1 -35801597#0 -319058599 -1238426234#0 918828154#0 918828154#1 35802343#5 35802343#6 35802343#7 -394446872#1 -394446869,2.328511582259738,2
58,155,153730010#2 -37088673#0 39820658#0 39820658#1 39820658#2 -508751758#2 -508751758#1 -508751758#0 -1162674260 37088542 710476024#1 1239117022#0 1239117022#1 153730936#0 153730936#1 153730936#2 153730936#3 201772610 157574535 -36933126#2 -36933126#1 -36933126#0 -1239117024 -394443151#2 -394443151#1 -394443151#0 -648178450#1 -648178450#0 648178453#0 648178452#0 648178452#1 648178452#2 599886761#1 394446873#0 394446869,3.374402056577044,3
58,181,153730010#2 -37088673#0 39820658#0 39820658#1 39820658#2 508751757#0 508751757#1 508751757#2 36936541 697740912 319058636 36936749#0 36936749#1 36936749#2 36936749#3 36936749#4 -153730008#2 -153730020#3 153730014#0 153730017,0.6737343118761121,0
58,181,153730010#2 -37088673#0 39820658#0 39820658#1 39820658#2 508751757#0 508751757#1 508751757#2 36936541 697740912 319058636 36936749#0 36936749#1 36936749#2 36936749#3 153730008#0 153730013#0 -153730017,0.557959127446222,1
58,181,153730010#2 -37088673#0 39820658#0 39820658#1 39820658#2 508751757#0 508751757#1 508751757#2 36936541 36936727#0 36936727#1 36936727#2 357228242 319779156#0 319779156#1 319058636 36936749#0 36936749#1 36936749#2 36936749#3 153730008#0 153730013#0 -153730017,0.7441126996068939,2
58,181,153730010#2 -37088673#0 39820658#0 39820658#1 39820658#2 508751757#0 508751757#1 508751757#2 36936541 697740912 319058636 36936749#0 36936749#1 36936749#2 36936749#3 153730008#0 153730008#1 -153730020#3 153730014#0 153730017,0.6255617192388786,3
59,42,-37088258#0 36950518#0 37051441#0 37051441#1 37051441#2 -37051625#2 -37051625#1 -37051625#0 -156480737#2 -156480755 37050515#2 156480737#0 394456380 37056002 1119245115 37056017 -159922662#1 37054401 37056055#1 319058606 37052930 698018294#0 698018294#1 1238956370 698018293 -36936220 39820661#0 39820661#1 36934854#0 -156480752 -1109771198#1 -1109771198#0 -36936392#1 -36936392#0 -36288941#0 270968317#0 270968317#1 48955998 313248247 48956000 406210869#1 -1119245070 37050033#0,2.7907108741412494,0
59,42,37088258#0 -37088258#0 36950518#0 37051441#0 37051441#1 37051441#2 -37051625#2 -37051625#1 37052277#4 1237352048 37050033#0,0.6290016798656107,1
59,42,37088258#0 37088258#1 394456378 36950525 1119245069 406210869#0 406210869#1 -1119245070 37050033#0,0.2605171586273098,2
59,42,-37088258#0 37088258#0 37050051 1119245067 37055902#0 -37051625#2 -37051625#1 37052277#4 1237352048 37050033#0,0.7347852171826253,3
59,51,-37088258#0 37088258#0 37050051 1119245067 37055902#0 -37051625#2 -37051625#1 -37051625#0 -156480737#2 -156480755 37050515#2 156480737#0 394456380 37050590 918716574#1 918716574#2 -36936220 36934835#0 36934835#1 36934835#2 332885553 1339478330 319058604#1 319058604#2 -339940214 -36284844 -35802071#2 -35802071#1 -35802071#0 35801882#1 -319058600#1 35801699#0 35801699#1 698018295#3 35802097#0 35802097#1 35802097#2 35802097#3 35802097#4 35802097#5 314422857 319058643#0,3.29627110406707,0
59,51,37088258#0 37088258#1 394456378 157555049 1119245067 37055902#0 -37051625#2 -37051625#1 -37051625#0 -156480737#2 -156480737#1 394456380 37050590 918716574#1 918716574#2 -36936220 36934835#0 36934835#1 36934835#2 332885553 1339478330 319058604#1 319058604#2 1339478328#1 698018295#1 698018295#2 698018295#3 35802097#0 35802097#1 35802097#2 35802097#3 35802097#4 35802097#5 314422857 319058643#0,2.513831699219458,1
59,51,37088258#0 37050051 1119245067 37055902#0 -37051625#2 -37051625#1 -37051625#0 -156480737#2 -156480737#1 394456380 37050590 918716574#1 918716574#2 -36936220 36934835#0 36934835#1 36934835#2 332885553 332885552 -394446867#1 -394446867#0 36284844 339940214 1339478328#1 -215094374 698018295#2 698018295#3 35802097#0 35802097#1 35802097#2 35802097#3 35802097#4 35802097#5 314422857 319058643#0,2.723226947599588,2
59,51,37088258#0 37050051 1119245067 37055902#0 -37051625#2 -37051625#1 -37051625#0 -156480737#2 -156480737#1 394456380 37050590 918716574#1 918716574#2 -36936220 36934835#0 36934835#1 36934835#2 332885553 1339478330 319058604#1 319058604#2 -339940214 -36285797#0 -35802071#0 35801882#1 -319058600#1 35801699#0 -339700984 35801597#3 35801597#4 35802097#0 35802097#1 35802097#2 35802097#3 35802097#4 35802097#5 314422857 319058643#0,3.214323659862606,3
60,52,-394446876#0 394446876#0 394446876#1 1339510609#1 36950657#0 36950657#1 1119245066#0 1119245066#1 269702545 -394456379 -36950439#1 -36950439#0 37088258#0 37088258#1 394456378 36950525 1119245069 406210869#0 406210869#1 319058612#0 319058612#1 270968317#0 270968317#1 36936396#0 -394456375 36935232,1.1298053995464343,0
60,52,394446876#0 394446876#1 1339510609#1 -1339510610 319058608#0 319058608#1 36289599#0 36289599#1 157553231 48955689#0 48955689#1 1119245069 406210869#0 406210869#1 319058612#0 319058612#1 270968317#0 270968317#1 36936396#0 -394456375 36935232,0.8285560629497074,1
60,52,-394446876#0 394446876#0 394446876#1 1339510609#1 -1339510610 319058608#0 319058608#1 36289599#0 36289599#1 157553231 48955689#0 48955997 159922990 48955996 406210869#0 406210869#1 319058612#0 319058612#1 270968317#0 270968317#1 36936396#0 -394456375 36935232,0.903508639200853,2
60,52,394446876#0 394446876#1 1339510609#1 -1339510610 319058608#0 319058608#1 36289599#0 36289599#1 157553231 48955689#0 48955997 159922990 48955996 48956015 37050033#1 37055902#0 -37051625#2 -37051625#1 37052277#4 1237352048 1119245070 319058612#0 319058612#1 270968317#0 270968317#1 36936396#0 -394456375 36935232,1.3527886967962457,3
61,53,-328471845#0 -319058611 -36950506#3 -36950506#2 -36950506#1 -36950506#0 36950586 -319058589#3 -319058589#2 -319058589#1 -319058589#0 394456356#0 394456356#1 -859784039#1 -859784039#0 -36950518#1 -36950518#0 37088258#0 37088258#1 394456378 157555049,1.489020835115904,0
61,53,328471844 328471845#1 1339510609#0 1339510609#1 -1339510610 319058608#0 319058608#1 36289599#0 36289599#1 -878854448 -878854447 878854446 48955689#0 48955689#1 -36950525 157555049,0.6005157838194425,1
61,53,328471844 328471845#1 1339510609#0 1339510609#1 -1339510610 319058608#0 -37088332#3 -37088332#2 -37088332#1 -37088332#0 48956586#0 48956586#1 48956586#2 48956586#3 48956586#4 48956586#5 394456378 157555049,1.0668022733226898,2
61,53,328471844 328471845#1 1339510609#0 1339510609#1 -1339510610 319058608#0 -37088332#3 -37088332#2 371455497 36950657#1 1119245066#0 1119245066#1 269702545 -394456379 -36950439#1 -36950439#0 37088258#0 37088258#1 394456378 157555049,1.083818293336053,3
61,56,-328471845#0 -319058611 -36950506#3 -36950506#2 -36950506#1 -36950506#0 36950586 -319058589#3 -319058589#2 -319058589#1 -319058589#0 -394456379 -36950439#1 -36950439#0 37088258#0 37088258#1 394456378 36950525 1119245069 48956015 37050033#1 37055902#0 -37051625#2 -37051625#1 37052277#4 1237352048 1119245070 319058612#0 319058612#1 36288941#0 36936392#0 36936392#1 1109771198#0 1109771198#1 156480752 36934854#1 -918716575,2.2339992368437662,0
61,56,328471844 328471845#1 1339510609#0 1339510609#1 -1339510610 319058608#0 319058608#1 36289599#0 36289599#1 -878854448 -878854447 878854446 48955689#0 48955689#1 1119245069 48956015 37050033#1 37055902#0 -37051625#2 -37051625#1 37052277#4 1237352048 1119245070 319058612#0 319058612#1 36936407#0 36936407#1 36936407#2 918716575,1.7038474597314126,1
61,56,328471844 328471845#1 1339510609#0 1339510609#1 -1339510610 319058608#0 319058608#1 36289599#0 36289599#1 157553231 48955689#0 48955997 159922990 48955996 406210869#0 406210869#1 319058612#0 319058612#1 36288941#0 36936392#0 36936392#1 1109771198#0 1109771198#1 156480752 36934854#1 -918716575,1.1926307242551706,2
61,56,328471844 328471845#1 1339510609#0 1339510609#1 -1339510610 319058608#0 319058608#1 36289599#0 36289599#1 157553231 48955689#0 48955689#1 1119245069 48956015 37050033#1 37055902#0 -37051625#2 -37051625#1 -37051625#0 -156480737#2 -156480737#1 394456380 37050590 918716574#1 918716574#2 -36936220 39820661#0 39820661#1 36934854#0 -156480752 -1109771198#1 -1109771198#0 -36936392#1 -36936392#0 -36288941#0 36936407#0 36936407#1 36936407#2 918716575,2.5170529462216065,3
62,54,153732963#0 202422660#1 202422660#2 319779156#0 319779156#1 319058636 319058644 698026761 39820658#0 39820658#1 39820658#2 -508751758#2 -508751758#1 -508751758#0 -319058587#2 -319058587#1 -319058587#0 -319058586 -1088466838#1 -1088466838#0 -37088447#2 -37088447#1 -37088447#0 -36933126#2 -36933126#1 -36933126#0 -269702559 -36933151#0 36933113 39820664#9 39820664#10 39820664#1 243836885 243836889 56080983 35801882#4 35801882#1 -319058600#1 35801699#0 35801699#1 698018295#3 35802097#0 35802097#1 35802097#2 35802097#3 35802097#4 35802097#5 314422857 -13937774#1 -13937774#0 -1237369283 -710478296,2.728408067588616,0
62,54,153732963#0 202422660#1 202422660#2 319779156#0 319779156#1 319058636 319058644 698026761 39820658#0 39820658#1 39820658#2 -508751758#2 -508751758#1 -508751758#0 -319058587#2 -319058587#1 -319058587#0 -319058586 -1088466838#1 -1088466838#0 -37088447#2 -37088447#1 -37088447#0 -36933126#2 -36933126#1 -36933126#0 -269702559 -36933151#0 36933113 39820664#9 39820664#10 39820664#1 243836885 243836889 56080983 35801882#4 35801882#1 -319058600#1 35801699#0 35801699#1 698018295#3 35802097#0 35802097#1 35802097#2 35802097#3 35802097#4 35802097#5 710478629#0 710478629#1 710478296,2.4589936207443635,1
62,54,-153732963#0 153732963#0 202422660#1 202422660#2 319779156#0 319779156#1 319058636 319058644 698026761 39820658#0 39820658#1 39820658#2 -508751758#2 -508751758#1 -508751758#0 -319058587#2 -319058587#1 -319058587#0 -319058586 -1088466838#1 -1088466838#0 -37088447#2 -37088447#1 -37088447#0 -36933126#2 -36933126#1 -36933126#0 -269702559 -36933151#0 36933113 39820664#9 39820664#10 39820664#1 243836885 243836889 56080983 35801882#4 35801882#1 -319058600#1 35801699#0 35801699#1 698018295#3 35802097#0 35802097#1 35802097#2 35802097#3 35802097#4 35802097#5 314422857 -13937774#1 -13937774#0 -36287006 710478296,2.7092336015458995,2
62,54,-153732963#0 153732963#0 202422660#1 202422660#2 319779156#0 319779156#1 319058636 319058644 698026761 39820658#0 39820658#1 39820658#2 -508751758#2 -508751758#1 -508751758#0 -319058587#2 -319058587#1 -319058587#0 -319058586 -1088466838#1 -1088466838#0 -37088447#2 -37088447#1 -37088447#0 -36933126#2 -36933126#1 -36933126#0 -269702559 -36933151#0 36933113 39820664#9 36933223 36933282#0 36933282#1 -36288851#2 36284386#0 36284386#1 36933240 -394446867#0 36284844 339940214 1339478328#1 -215094374 698018295#2 698018295#3 35802097#0 35802097#1 35802097#2 35802097#3 35802097#4 35802097#5 710478629#0 710478629#1 710478296,3.004385989354875,3
63,52,187827272 36286792#0 36286792#1 187827271 36936423#0 36936423#1 156467656#0 156467656#1 155153635#1 155153635#2 155153635#3 155153635#4 187827275 156466987 -1119245074 -36290738#2 -36290738#1 -36290738#0 -187827280#3 156466992#0 156466992#1 -156466997#2 156466996#0 156466994#2 187827282#1 -187827283#4 -187827283#3 36292142#2 36292142#3 187827281 36291218 36292768#0 36292768#1 -394456359#1 -394456359#0 36292830#1 36292830#2 697704135 156460681#0 156460681#1 156460681#2 36293459#0 36293459#1 36293459#2 36293459#3 36293459#4 36293459#5 36293459#6 36293459#7 36293459#8 36293459#9 36293459#10 37049908 156460679 37052277#1 37052277#2 37052277#3 37052277#4 1237352048 1119245070 319058612#0 319058612#1 270968317#0 270968317#1 36936396#0 -394456375 36935232,3.687106815433163,0
63,52,187827272 36286792#0 36286792#1 187827271 36936423#0 36936423#1 36936423#2 36936423#3 36936423#4 36936423#5 36936423#6 36936423#7 698018294#0 698018294#1 1238956370 698018293 -36936220 39820661#0 39820661#1 36934854#0 -156480752 -1109771198#1 -1109771198#0 -36936392#1 -36936392#0 -36288941#0 270968317#0 270968317#1 36936396#0 -394456375 36935232,1.3683834513575115,2
63,52,187827272 36286792#0 36286792#1 -156467655#1 -156467655#0 187827278#1 218916675 932810907#0 932810907#1 427935403 697624497 1119245265 156489084#0 156489084#1 1238956371 187827287 1119245264#0 1119245264#1 36936423#0 156467657 -156467656#0 36936423#2 36936423#3 36936423#4 36936423#5 36936423#6 36936423#7 698018294#0 698018294#1 1238956370 698018293 -36936220 39820661#0 39820661#1 36934854#0 -156480752 -1109771198#1 -1109771198#0 -36936392#1 -36936392#0 -36288941#0 270968317#0 270968317#1 36936396#0 -394456375 36935232,2.143249769374999,3
64,37,-36950506#2 -36950506#1 -36950506#0 36950586 -859784611 -37055217#0 -243957897#3 -243957897#2 394459769#0 394459769#1 139832421#1 -243957897#0 -1339510606#1 -1339510606#0 243957902#0 243957902#1 191799405 -37066023 406210871 36295293#4 36295293#5 36295293#6 36295293#7 36295293#8 36294993 406210870 36295293#0 37066008 -37055563#2 -37055563#1 37055477 -36294383#1 -36294383#0 -270968314 -394456356#1 -394456356#0 -394456379 -36950439#1 -36950439#0,4.183281843303122,0
64,37,-36950506#2 -36950506#1 -36950506#0 36950586 -319058589#3 -319058589#2 -319058589#1 -319058589#0 -394456379 -36950439#1 -36950439#0,0.8802555795536358,1
64,37,36950506#2 36950506#3 319058611 328471844 328471845#1 1339510609#0 1339510609#1 36950657#0 36950657#1 1119245066#0 1119245066#1 269702545 -394456379 -36950439#1 -36950439#0,0.7627959751215101,2
64,37,-36950506#2 -36950506#1 -36950506#0 36950586 -859784611 -37055217#0 -243957897#3 -243957897#2 394459769#0 394459769#1 139832421#1 -243957897#0 -1339510606#1 -1339510606#0 243957902#0 243957902#1 191799405 -37066023 406210871 36295293#4 36295293#5 36295293#6 36295293#7 36295293#8 36295293#9 36295293#0 37066008 -37055563#2 -37055563#1 37055477 -36294383#1 -36294383#0 -270968314 -394456356#1 -394456356#0 -394456379 -36950439#1 -36950439#0,4.148718608361917,3
64,58,-36950506#2 -36950506#1 -36950506#0 36950586 -859784611 -37055217#0 -243957897#3 -243957897#2 -243957897#1 -243957897#0 -1339510606#1 -1339510606#0 243957902#0 243957902#1 191799405 -37066023 406210871 36295293#4 243957906 406210872 36295293#6 36295293#7 36295293#8 36295293#9 36295293#0 37066008 -37055563#2 -37055563#1 37055477 -36294383#1 -36294383#0 -270968314 -394456356#1 -394456356#0 -394456379 -36950439#1 -36950439#0 36950518#0,4.219101996592748,0
64,58,-36950506#2 -36950506#1 -36950506#0 36950586 -859784611 -37055217#0 -243957897#3 -243957897#2 -243957897#1 -243957897#0 -1339510606#1 -1339510606#0 243957902#0 243957902#1 191799405 -37066023 406210871 36295293#4 36295293#5 36295293#6 36295293#7 36295293#8 36295293#9 36295293#0 37066008 -37055563#2 -37055563#1 37055477 -36294383#1 -36294383#0 -270968314 -394456356#1 -394456356#0 -394456379 -36950439#1 -36950439#0 36950518#0,4.094056981292082,1
64,58,36950506#2 36950506#3 319058611 328471844 328471845#1 1339510609#0 1339510609#1 36950657#0 36950657#1 1119245066#0 1119245066#1 269702545 -394456379 -36950439#1 -36950439#0 36950518#0,0.8621420274373248,2
64,58,-36950506#2 -36950506#1 -36950506#0 36950586 -859784611 -37055217#0 -243957897#3 -243957897#2 394459769#0 394459769#1 139832421#1 -243957897#0 -1339510606#1 -1339510606#0 243957902#0 243957902#1 191799405 -37066023 406210871 36295293#4 36295293#5 36295293#6 36295293#7 36295293#8 36294993 406210870 36295293#0 37066008 -37055563#2 -37055563#1 37055477 -36294383#1 -36294383#0 -270968314 -859784039#1 -859784039#0 -36950518#1 -36950518#0,3.88268789081932,3
64,123,36950506#2 36950506#3 319058611 328471844 328471845#1 1339510609#0 1339510609#1 36950657#0 36950657#1 1119245066#0 1119245066#1 269702545 394456356#0 394456356#1 -859784039#1 -859784039#0 -36950518#1 -36950518#0 37088258#0 37088258#1 394456378 36950525 1119245069 406210869#0 406210869#1 319058612#0 319058612#1 36288941#0 36288941#1 36288941#2 36936373#0 36936373#1 36936373#2 36936373#3 36936373#4 201772610 157574535 -36933126#2 -36933126#1,2.135548045144928,0
64,123,36950506#2 36950506#3 319058611 328471844 328471845#1 1339510609#0 1339510609#1 -1339510610 319058608#0 319058608#1 -157553237#1 -157553237#0 -157553234 -157574536#1 -157574536#0 -710476024#1 -710476024#0 1162674260 -319058587#2 -319058587#1 -319058587#0 -319058586 -1088466838#1 -1088466838#0 -37088447#2 -37088447#1 -37088447#0 -36933126#2 -36933126#1,1.1137253067155763,1
64,123,36950506#2 36950506#3 319058611 328471844 328471845#1 1339510609#0 1339510609#1 -1339510610 319058608#0 319058608#1 -157553237#1 -157553237#0 -157553234 -157574536#1 -157574536#0 1239117022#0 1239117022#1 153730936#0 153730936#1 153730936#2 -153730925#1 -153730925#0 153730933#1 -153730938 36936373#2 36936373#3 36936373#4 201772610 157574535 -36933126#2 -36933126#1,1.511678752168113,2
64,123,36950506#2 36950506#3 319058611 328471844 328471845#1 1339510609#0 1339510609#1 -1339510610 319058608#0 319058608#1 36289599#0 36289599#1 -878854448 -878854447 878854446 48955689#0 48955689#1 1119245069 406210869#0 406210869#1 319058612#0 319058612#1 36288941#0 36288941#1 36288941#2 36936373#0 36936373#1 36936373#2 153730933#0 153730925#0 153730925#1 153730936#3 201772610 157574535 -36933126#2 -36933126#1,1.678307607278246,3
65,30,165172642#0 165172642#1 165172642#2 -165170684#0 165171783#0 165171783#1 165171783#2 1371061454 319058613#0 319058613#1 -165170815#1 -165171448#1 -165171448#0 -165170994#5 -165170994#4 -165170994#3 -165170994#2 -165170994#1 -165170994#0 165170818#0 165170818#1 165170818#2 165170818#3 165170818#4 165170818#5 165170818#6 165170818#7 394443152#0 394443152#1 -394443149#0 165170685#1,1.947204223662107,0
65,30,165172642#0 165172642#1 165172642#2 165170684#1 1238426242 698024153 165170686 165170685#0 165170685#1,0.7024958003359731,1
65,30,-165172642#0 165172642#0 165172642#1 165172642#2 165170684#1 1238426242 698024153 165170686 165170685#0 165170685#1,0.7665226781857452,2
65,30,-165172642#0 165172642#0 165172642#1 165172642#2 -165170684#0 165171783#0 165171783#1 165171783#2 1371061454 319058613#0 319058613#1 -165170815#1 -165171448#1 -165171448#0 -165170994#5 -165170994#4 -165170994#3 -165170994#2 -165170994#1 -165170994#0 165170818#0 165170818#1 165170818#2 165170818#3 165170818#4 165170818#5 165170818#6 165170818#7 165170818#8 165170817 165170685#0 165170685#1,1.9955363570914324,3
65,41,165172642#0 165172642#1 165172642#2 165170684#1 1238426242 165172166 165172165#0 165172165#1 165172165#2 1238426243 698024160 -1239117045 -36936749#5 -153730008#2 -153730008#1 -153730008#0 -36936749#3 -36936749#2 -36936749#1 -36936749#0 319058644 698026761 37088673#0 37088673#1 1239117016#0 1239117016#1 1239117016#2 -36950447#1 -36950447#0 36950586 -319058589#3 -319058589#2 -319058589#1 -319058589#0 -394456379 607473249#0 607473249#1 157555050#0,2.9717681973380925,0
65,41,165172642#0 165172642#1 165172642#2 -165170684#0 -698024152#1 -698024152#0 1371061470#0 1371061470#1 1371061468 36936590#0 36936590#1 36936590#2 36936590#3 36936590#4 36936590#5 36936590#6 36936590#7 36936590#8 1239117013#1 1239117013#2 36936494#0 36936494#1 36936655#0 36936655#1 36936655#2 36936655#3 36936655#4 36936655#5 36936655#6 319779156#0 319779156#1 319058636 319058644 698026761 39820658#0 39820658#1 39820658#2 -508751758#2 -508751758#1 -508751758#0 -1162674260 37088542 710476024#1 157574536#0 157574536#1 157574536#2 157553237#0 157553237#1 -319058608#1 -37088332#3 -37088332#2 -37088332#1 -37088332#0 48956586#0 48956586#1 -157555050#5 -157555050#4 -157555050#3 -157555050#2 -157555050#1 -157555050#0,1.825536955314626,1
65,41,165172642#0 165172642#1 165172642#2 165170684#1 1238426242 165172166 165172165#0 165172165#1 165172165#2 1238426243 698024160 -1239117045 -36936749#5 -36936749#4 -36936749#3 -36936749#2 -36936749#1 -36936749#0 319058644 698026761 39820658#0 39820658#1 39820658#2 -508751758#2 -508751758#1 -508751758#0 -1162674260 37088542 710476024#1 157574536#0 157574536#1 153733877 1339510611 157553237#1 -319058608#1 -37088332#3 -37088332#2 -37088332#1 -37088332#0 48956586#0 48956586#1 -157555050#5 -157555050#4 -157555050#3 -157555050#2 -157555050#1 -157555050#0,2.071847920104409,2
65,41,165172642#0 165172642#1 165172642#2 -165170684#0 165171783#0 165171783#1 165171783#2 -165170681#1 -165170681#0 -1238426236 165170685#0 165170685#1 -698024153 165172166 165172165#0 165172165#1 165172165#2 1238426243 698024160 -1239117045 -36936749#5 -36936749#4 -36936749#3 -36936749#2 -36936749#1 -36936749#0 319058644 698026761 39820658#0 39820658#1 39820658#2 -508751758#2 -508751758#1 -508751758#0 -1162674260 37088542 710476024#1 157574536#0 157574536#1 153733877 1339510611 157553237#1 36289599#0 36289599#1 157553231 48955689#0 48955689#1 -36950525 37088256 48956586#0 48956586#1 -157555050#5 -157555050#4 -157555050#3 -157555050#2 -157555050#1 -157555050#0,3.8765523086485207,3
65,59,165172642#0 165172642#1 165172642#2 -165170684#0 -698024152#1 -698024152#0 1371061470#0 1371061470#1 1371061468 36936590#0 36936590#1 36936590#2 36936590#3 36936590#4 36936590#5 36936590#6 36936590#7 36936590#8 1239117013#1 1239117013#2 36936494#0 36936494#1 36936655#0 36936655#1 153732960#0 153732960#1 394443153#1 202422660#0 202422660#1 202422660#2 319779156#0 319779156#1 319058636 319058644 698026761 37088673#0 37088673#1 1239117016#0 1239117016#1 1239117016#2 -36950447#1 -36950447#0 36950586 -319058589#3 -319058589#2 -319058589#1 -319058589#0 394456356#0 394456356#1 859784039#2 -319058602#1 -319058602#0 -1119245061,3.486757752449111,0
65,59,165172642#0 165172642#1 165172642#2 -165170684#0 -698024152#1 -698024152#0 1371061470#0 1371061470#1 1371061468 36936590#0 36936590#1 36936590#2 36936590#3 36936590#4 36936590#5 36936590#6 36936590#7 36936590#8 1239117013#1 1239117013#2 36936494#0 36936494#1 36936655#0 36936655#1 36936655#2 36936655#3 36936655#4 36936655#5 36936655#6 319779156#0 319779156#1 319058636 319058644 698026761 37088673#0 37088673#1 1239117016#0 1239117016#1 1239117016#2 -36950447#1 -36950447#0 36950586 -319058589#3 -319058589#2 -319058589#1 -319058589#0 394456356#0 394456356#1 859784039#2 -319058602#1 -319058602#0 -1119245061,3.112494418988335,1
65,59,165172642#0 165172642#1 165172642#2 165170684#1 1238426242 165172166 165172165#0 165172165#1 165172165#2 1238426243 698024160 -1239117045 -36936749#5 -153730008#2 -153730008#1 -153730008#0 -36936749#3 -36936749#2 -36936749#1 -36936749#0 319058644 698026761 37088673#0 37088673#1 1239117016#0 1239117016#1 1239117016#2 -36950447#1 -36950447#0 36950586 -319058589#3 -319058589#2 -319058589#1 -319058589#0 394456356#0 394456356#1 859784039#2 -319058602#1 -319058602#0 -1119245061,3.3398447512137817,2
65,59,-165172642#0 165172642#0 165172642#1 165172642#2 165170684#1 1238426242 165172166 165172165#0 165172165#1 165172165#2 1238426243 698024160 -1239117045 -36936749#5 -153730008#2 -153730020#3 153730014#0 153730017 -153730013#0 -153730008#0 -36936749#3 -36936749#2 -36936749#1 -36936749#0 319058644 698026761 37088673#0 37088673#1 1239117016#0 1239117016#1 1239117016#2 -36950447#1 -36950447#0 36950586 -319058589#3 -319058589#2 -319058589#1 -319058589#0 394456356#0 394456356#1 859784039#2 -319058602#1 -319058602#0 -1119245061,3.46137102911155,3
66,60,-153730008#2 -153730020#3 153730014#0 153730014#1 -153730013#1 -153730013#0 -153730008#0 36936749#4 36936749#5 319779134 36936867 -165172165#2 -165172165#1 -165172165#0 165172163 -165170684#1 -165172642#2 -165172642#1 -165172642#0,1.399847268744153,0
66,60,-153730008#2 -153730020#3 153730014#0 153730017 -153730013#0 -153730008#0 36936749#4 36936749#5 319779134 36936867 -165172165#2 -165172165#1 -165172165#0 165172163 -165170684#1 -165172642#2 -165172642#1 -165172642#0,1.387560251705516,1
66,60,153730008#2 36936749#5 319779134 36936867 -165172165#2 -165172165#1 -165172165#0 165172163 -165170684#1 -165172642#2 -165172642#1 -165172642#0,1.139831623551124,2
66,60,153730008#2 36936749#5 319779134 36936867 -165172165#2 -165172165#1 -165172165#0 165172163 1238426242 698024153 165170686 1238426236 165170681#0 165170681#1 -165171783#2 -165171783#1 -165171783#0 165170684#0 -165172642#2 -165172642#1 -165172642#0,2.110253989761828,3
67,61,36950657#0 -36950657#0 -1339510610 319058608#0 319058608#1 36289599#0 36289599#1 -878854448 -878854447 878854446 48955689#0 48955689#1 -36950525 37088256 48956586#0 48956586#1 48956586#2 48956586#3 48956586#4 48956586#5,2.0852840898863727,0
67,61,36950657#0 -36950657#0 -1339510610 319058608#0 319058608#1 36289599#0 36289599#1 157553231 48955689#0 48955689#1 -36950525 37088256 48956586#0 48956586#1 48956586#2 48956586#3 48956586#4 48956586#5,2.0893794994273267,1
67,61,-36950657#0 -1339510610 319058608#0 -37088332#3 -37088332#2 -37088332#1 -37088332#0 48956586#0 48956586#1 48956586#2 48956586#3 48956586#4 48956586#5,0.9344471291217566,2
67,61,36950657#0 36950657#1 157555050#0 157555050#1 157555050#2 157555050#3 157555050#4 157555050#5 48956586#2 48956586#3 48956586#4 48956586#5,0.7438974522325984,3
68,62,48956586#5 -37088258#1 -37088258#0 36950439#0 36950439#1 394456379 394456356#0 394456356#1 859784039#2 36294383#0 36294383#1 36294383#2 36294383#3 36294383#4 36294383#5 36294383#6 36294383#7 36294383#8 36294383#9 36294383#10 406210870 36295293#0 37066008 -37055563#2 -37055563#1 332885734#0 332885734#1 332885734#2 37055217#1 -859785184 36950447#0 36950447#1 -1239117016#2 -1239117016#1 -1239117016#0 -37088673#1 -37088673#0 39820658#0 39820658#1 39820658#2 -508751758#2 -508751758#1 -508751758#0 -1162674260 37088542 710476024#1 157574536#0 157574536#1 153733877 1339510611 157553237#1 -319058608#1 -319058608#0 1339510610 36950657#0,4.680486147306402,0
68,62,48956586#5 -37088258#1 -37088258#0 36950439#0 36950439#1 607473249#0 607473249#1 -36950657#1 -36950657#0,0.391397422019188,1
68,62,48956586#5 -37088258#1 -37088258#0 36950439#0 36950439#1 394456379 394456356#0 394456356#1 859784039#2 36294383#0 37055563#0 332885734#0 332885734#1 332885734#2 37055217#1 -859785184 36950506#0 36950506#1 36950506#2 36950506#3 319058611 328471844 328471845#1 1339510609#0 1339510609#1 36950657#0,2.224477774390518,2
68,62,48956586#5 -37088258#1 -37088258#0 36950439#0 36950439#1 607473249#0 607473250 1119245066#1 269702545 394456356#0 394456356#1 859784039#2 36294383#0 36294383#1 36294383#2 36294383#3 36294383#4 36294383#5 36294383#6 36294383#7 36294383#8 36294383#9 36294383#10 406210870 36295293#0 37066008 -37055563#2 -37055563#1 332885734#0 332885734#1 332885734#2 37055217#1 -859785184 36950506#0 36950506#1 36950506#2 36950506#3 319058611 328471844 328471845#1 1339510609#0 1339510609#1 36950657#0,4.186122842785047,3
69,63,37088256 48956586#0 48956586#1 48956586#2 48956586#3 48956586#4 48956586#5 -37088258#1 -37088258#0 36950439#0 36950439#1 394456379 394456356#0 394456356#1 -859784039#1 -859784039#0 -36950518#1 37051441#0 37051441#1 37051441#2 -37051625#2 -37051625#1 37052277#4 1237352048 1119245070 319058612#0 319058612#1 36288941#0 36288941#1 36288941#2 36289159#0 36289159#1 36289159#2 36289295#0 153730939#0 -153730935 878854448 -36289599#1 -36289599#0,3.2386378695283646,0
69,63,37088256 48956586#0 48956586#1 48956586#2 48956586#3 48956586#4 48956586#5 -37088258#1 -37088258#0 36950439#0 36950439#1 607473249#0 607473249#1 -36950657#1 -36950657#0 -1339510610 319058608#0 319058608#1 36289599#0,2.0599000281416338,1
69,63,37088256 48956586#0 48956586#1 48956586#2 48956586#3 48956586#4 48956586#5 -37088258#1 -37088258#0 36950518#0 36950518#1 36950518#2 859784039#1 -394456356#1 -394456356#0 -394456379 607473249#0 607473249#1 -36950657#1 -36950657#0 -1339510610 319058608#0 319058608#1 36289599#0,2.4616338894327305,2
69,63,37088256 48956586#0 48956586#1 -157555050#5 -157555050#4 -157555050#3 -157555050#2 -157555050#1 -157555050#0 -36950657#1 -36950657#0 -1339510610 319058608#0 319058608#1 36289599#0,1.630664669128628,3
70,3,270968317#0 270968317#1 48955998 313248247 313248248 48955996 48956015 37050033#1 37055902#0 37055902#1 37055902#2 156460671 1119245064 156460680#1 1119245061 319058602#0 319058602#1 -270968314 -394456356#1 -394456356#0 319058589#0 319058589#1 319058589#2 319058589#3 -859785184 36950447#0 36950447#1 -1239117016#2 -1239117016#1 -1239117016#0 -37088673#1 -153730010#2,2.4113205651018665,0
70,3,270968317#0 270968317#1 36936396#0 -394456375 36935232 36289159#2 36935235#0 36935235#1 36935235#2 36935235#3 36289394#0 36289394#1 36289394#2 1339510611 -157553237#0 -157553234 -157574536#1 -157574536#0 -710476024#1 -710476024#0 1162674260 508751758#0 508751758#1 508751758#2 508751757#0 508751757#1 508751757#2 36936541 697740912 319058636 319058644 698026761 37088673#0 -153730010#2,0.8362419881296985,1
70,3,270968317#0 270968317#1 36936396#0 -394456375 36935232 36289159#2 36289295#0 153730939#0 153730939#1 153730941#1 -36289599#0 -319058608#1 -37088332#3 -37088332#2 371455497 36950657#1 1119245066#0 1119245066#1 269702545 319058589#0 319058589#1 319058589#2 319058589#3 -859785184 36950447#0 36950447#1 -1239117016#2 -1239117016#1 -1239117016#0 -37088673#1 -153730010#2,2.361506966031376,2
70,3,270968317#0 270968317#1 48955998 313248247 313248248 48955996 48956015 37050033#1 37055902#0 37055902#1 37055902#2 156460671 1119245064 -1024000539#0 319058602#1 36294383#0 37055563#0 332885734#0 332885734#1 332885734#2 37055217#1 -859785184 36950447#0 36950447#1 -1239117016#2 -1239117016#1 -1239117016#0 -37088673#1 -153730010#2,2.50049143143256,3
70,66,270968317#0 270968317#1 48955998 48955999 319058612#1 36936407#0 36936407#1 36936380 -36936392#1 -36936392#0 36288941#1 36288941#2 36936373#0 36936373#1 36936373#2 36936373#3 36936373#4 201772610 157574535 -36933126#2 -36933126#1 -36933126#0 -1239117024 -394443151#2 -394443151#1 -394443151#0 394443143#0 394443143#1 394443143#2 1238948418#0 1238948418#1 509025806#1 509025806#2 1338884372 1338884371#4 1338884374 1338884375 1338884371#6 165170683#0 165170683#1 165170683#2 165170683#3 -319058613#2 -319058613#1 -165171782,3.073425427534491,0
70,66,270968317#0 270968317#1 48955998 48955999 319058612#1 36288941#0 36288941#1 36288941#2 36936373#0 36936373#1 36936373#2 36936373#3 36936373#4 201772610 157574535 -36933126#2 -36933126#1 -36933126#0 -1239117024 -394443151#2 -394443151#1 -394443151#0 394443143#0 394443143#1 394443143#2 1238948418#0 1238948418#1 509025806#1 509025806#2 1338884372 1338884371#4 1338884371#5 1338884371#6 165170683#0 165170683#1 165170683#2 165170683#3 -319058613#2 -319058613#1 -165171782,2.643408617060306,1
70,66,270968317#0 270968317#1 36936396#0 -394456375 36935232 36289159#2 36935235#0 36935235#1 -153730934 -269702565#0 -153730933#1 -153730933#0 36936373#3 36936373#4 201772610 157574535 -36933126#2 -36933126#1 -36933126#0 -1239117024 -394443151#2 -394443151#1 -394443151#0 394443143#0 394443143#1 394443143#2 1238948418#0 1238948418#1 509025806#1 509025806#2 1338884372 1338884371#4 1338884371#5 1338884371#6 165170683#0 165170683#1 165170683#2 165170683#3 -319058613#2 -319058613#1 -165171782,2.730862794443487,2
70,66,270968317#0 270968317#1 36936396#0 -394456375 36935232 36289159#2 36935235#0 36935235#1 -153730934 -269702565#0 -153730938 36936373#2 36936373#3 36936373#4 201772610 157574535 -36933126#2 -36933126#1 -36933126#0 -1239117024 -394443151#2 196288048 -394443151#0 394443143#0 394443143#1 394443143#2 1238948418#0 1238948418#1 509025806#1 509025806#2 1338884372 1338884371#4 1338884371#5 1338884371#6 165170683#0 165170683#1 165170683#2 165170683#3 -319058613#2 -319058613#1 -165171782,2.849504738373878,3
71,48,37055902#2 156460671 1119245064 -1024000539#0 319058602#1 36294383#0 36294383#1 36294383#2 36294383#3 36294383#4 36294383#5 36294383#6 36294383#7 36294383#8 36294383#9 36294383#10 406210870 36295293#0 37066008 -37055563#2 -37055563#1 332885734#0 332885734#1 332885734#2 37055217#1 -859785184 36950506#0 36950506#1 36950506#2,3.4011999040076795,0
71,48,37055902#2 156460671 1119245064 156460680#1 1119245061 319058602#0 319058602#1 -270968314 -394456356#1 -394456356#0 319058589#0 319058589#1 319058589#2 319058589#3 -859785184 36950506#0 36950506#1 36950506#2,1.519918406527478,1
71,48,37055902#2 156460671 1119245064 -1024000539#0 319058602#1 -270968314 -394456356#1 -394456356#0 -394456379 607473249#0 607473249#1 -36950657#1 -36950657#0 -269702562 -1339510609#0 -328471845#1 -328471845#0 -319058611 -36950506#3 -36950506#2,1.349111869369778,2
71,48,37055902#2 156460671 1119245064 -1024000539#0 319058602#1 36294383#0 37055563#0 37055563#1 37055563#2 37066011 36295293#2 37066019 37066023 37066065#0 599886773#1 1339510606#0 1339510606#1 243957897#0 243957897#1 243957897#2 243957897#3 243957897#4 37055217#1 -859785184 36950506#0 36950506#1 36950506#2,3.775048185164089,3
72,64,-36950506#0 36950447#0 36950447#1 -1239117016#2 -1239117016#1 -1239117016#0 -37088673#1 -37088673#0 39820658#0 39820658#1 39820658#2 -508751758#2 -508751758#1 -508751758#0 -319058587#2 -319058587#1 -319058587#0 -319058586 -1088466838#1 -1088466838#0 -37088447#2 -37088447#1 -37088447#0 -36933126#2 -36933126#1 -36933126#0 -269702559 -36933151#0 36933113 39820664#9 36933223 36933282#0 36933282#1 36288851#3 36933307#0 36933307#1 153730928 36284386#3 36284386#4 36284386#5 36284386#6 36936236#0 36936236#1 36934860#0 36934860#1 36934860#2 36934860#3 1339510612#0 1339510612#1 1339510612#2 36936373#0 36936373#1 153730938 153730933#2 153730934 36935235#2 36935235#3 36289394#0 36289394#1 36289394#2 -157553238 -157574536#1 -157574536#0 -710476024#1 -710476024#0 39820659#0,3.2958496335594685,0
72,64,-36950506#0 36950586 -319058589#3 -319058589#2 -319058589#1 -319058589#0 -394456379 607473249#0 607473249#1 -36950657#1 -36950657#0 -1339510610 319058608#0 319058608#1 -157553237#1 -157553237#0 -157553234 -157574536#1 -157574536#0 -710476024#1 -710476024#0 39820659#0,1.38689238254279,1
72,64,36950506#0 36950506#1 36950506#2 36950506#3 319058611 328471844 328471845#1 1339510609#0 1339510609#1 -1339510610 319058608#0 319058608#1 -157553237#1 -157553237#0 -157553234 -157574536#1 -157574536#0 -710476024#1 -710476024#0 39820659#0,0.8407910694473572,2
72,68,36950506#0 36950506#1 36950506#2 36950506#3 319058611 328471844 328471845#1 1339510609#0 1339510609#1 -1339510610 319058608#0 -37088332#3 -37088332#2 371455497 36950657#1 1119245066#0 1119245066#1 269702545 -394456379 -36950439#1 -36950439#0 37088258#0 37088258#1 394456378 36950525 1119245069 406210869#0 406210869#1 319058612#0 319058612#1 270968317#0 270968317#1 48955998 313248247 313248248 48955996,1.814253329280252,0
72,68,36950506#0 36950506#1 36950506#2 36950506#3 319058611 328471844 328471845#1 1339510609#0 1339510609#1 -1339510610 319058608#0 319058608#1 36289599#0 36289599#1 -878854448 -878854447 878854446 48955689#0 48955997 159922990 48955996,0.8642372585587089,1
72,68,36950506#0 36950506#1 36950506#2 36950506#3 319058611 328471844 328471845#1 1339510609#0 1339510609#1 -1339510610 319058608#0 319058608#1 36289599#0 36289599#1 157553231 48955689#0 48955997 159922990 48955996,0.868332668099663,2
72,68,-36950506#0 36950506#0 36950506#1 36950506#2 36950506#3 319058611 328471844 328471845#1 1339510609#0 1339510609#1 36950657#0 36950657#1 1119245066#0 1119245066#1 269702545 -394456379 -36950439#1 -36950439#0 36950518#0 37051441#0 37051441#1 37051441#2 -37051625#2 -37051625#1 37052277#4 1237352048 1119245070 319058612#0 319058612#1 270968317#0 270968317#1 48955998 313248247 313248248 48955996,1.944808884835808,3
73,2,1339510609#0 1339510609#1 36950657#0 36950657#1 1119245066#0 1119245066#1 269702545 394456356#0 394456356#1 859784039#2 -319058602#1 1024000539#0 1024000539#1 1024000539#2 1024000539#3 37052381#0 37052381#1 37052381#2 -36293459#8 -36293459#7 -36293459#6 -36293459#5 -36293459#4 -36293459#3 -36293459#2 -36293459#1 -36293459#0 -156460681#2 -156460681#1 37054132 -156460683#5,1.9708903287736976,0
73,2,1339510609#0 1339510609#1 36950657#0 36950657#1 1119245066#0 1119245066#1 269702545 394456356#0 394456356#1 859784039#2 -319058602#1 -319058602#0 -1119245061 -1119245060#2 -1119245060#1 -1119245060#0 -36293459#10 -36293459#9 -36293459#8 -36293459#7 -36293459#6 -36293459#5 -36293459#4 -36293459#3 -36293459#2 -36293459#1 -36293459#0 -156460683#8 -156460683#7 -156460683#6 -156460683#5,1.5895428365730744,1
73,2,1339510609#0 1339510609#1 36950657#0 36950657#1 1119245066#0 1119245066#1 269702545 394456356#0 394456356#1 859784039#2 -319058602#1 1024000539#0 156460680#1 -1119245060#2 -1119245060#1 -1119245060#0 37049908 1024000539#3 37052381#0 37052381#1 37052381#2 -36293459#8 -36293459#7 -36293459#6 -36293459#5 -36293459#4 -36293459#3 -36293459#2 -36293459#1 -36293459#0 -156460683#8 -156460683#7 -156460683#6 -156460683#5,2.100503959683225,2
73,2,1339510609#0 1339510609#1 36950657#0 36950657#1 1119245066#0 1119245066#1 269702545 394456356#0 394456356#1 859784039#2 -319058602#1 -319058602#0 -1119245061 -1119245060#2 1119245057#0 1119245057#1 -476687231#3 -476687231#2 -476687231#1 -476687231#0 -1119245056 -37054066 -36293459#2 -36293459#1 -36293459#0 -156460681#2 -156460681#1 37054132 -156460683#5,2.1565034797216223,3
74,48,269702561#0 269702561#1 270968317#1 36936396#0 -394456375 36935232 36289159#2 36289295#0 153730939#0 153730939#1 153730941#1 -36289599#0 -319058608#1 -319058608#0 1339510610 36950657#0 36950657#1 1119245066#0 1119245066#1 269702545 319058589#0 319058589#1 319058589#2 319058589#3 -859785184 36950506#0 36950506#1 36950506#2,2.086066846425463,0
74,48,269702561#0 269702561#1 270968317#1 36936396#0 36936396#1 36936396#2 36936396#3 36936396#4 878854447 878854448 -36289599#1 -36289599#0 -319058608#1 -319058608#0 1339510610 -269702562 -1339510609#0 -328471845#1 -328471845#0 -319058611 -36950506#3 -36950506#2,0.7676095560714937,1
74,48,269702561#0 269702561#1 270968317#1 36936396#0 -394456375 36935232 36289159#2 36289295#0 153730939#0 -153730935 878854448 -36289599#1 -36289599#0 -319058608#1 -319058608#0 1339510610 -269702562 -1339510609#0 -328471845#1 -328471845#0 -319058611 -36950506#3 -36950506#2,1.1900324679091137,2
74,48,269702561#0 269702561#1 270968317#1 36936396#0 36936396#1 36936396#2 36936396#3 36936396#4 878854447 153730935 153730939#1 153730941#1 -36289599#0 -157553237#1 -157553237#0 -157553234 -157574536#1 -157574536#0 -710476024#1 -710476024#0 39820659#0 39820659#1 39820659#2 39820659#3 153733879 -36950506#3 -36950506#2,1.1567338213302971,3
74,200,269702561#0 269702561#1 270968317#1 36936396#0 -394456375 36935232 36289159#2 36935235#0 36935235#1 36935235#2 36935235#3 -157553230 -157574537#0 153730936#0 153730936#1 153730936#2 153730936#3 201772610 157574535 37088447#0 37088447#1 37088447#2 1088466838#0 1088466838#1 319058586 319058587#0 319058587#1 319058587#2 508751758#0 508751758#1 508751758#2 508751757#0 508751757#1 508751757#2 36936541 697740912 319058636 36936749#0 36936749#1 36936749#2 36936749#3 36936749#4 36936749#5 319779134 36936867 319058601 -201772616#3 -201772616#2 -201772616#1,2.0872681058602622,0
74,200,269702561#0 269702561#1 270968317#1 36936396#0 36936396#1 36936396#2 36936396#3 36936396#4 878854447 878854448 -36289599#1 -36289599#0 -157553237#1 -157553237#0 -157553234 -157574536#1 -157574536#0 -710476024#1 -710476024#0 1162674260 508751758#0 508751758#1 508751758#2 508751757#0 508751757#1 508751757#2 36936541 697740912 319058636 36936749#0 36936749#1 36936749#2 36936749#3 36936749#4 36936749#5 319779134 36936867 319058601 -201772616#3 -201772616#2 -201772616#1,1.4268178707719583,1
74,200,269702561#0 269702561#1 270968317#1 36936396#0 -394456375 36935232 36289159#2 36289295#0 153730939#0 153730939#1 153730941#1 -36289599#0 -157553237#1 -157553237#0 -157553234 -157574536#1 -157574536#0 -710476024#1 -710476024#0 1162674260 508751758#0 508751758#1 508751758#2 508751757#0 508751757#1 508751757#2 36936541 697740912 319058636 36936749#0 36936749#1 36936749#2 36936749#3 153730008#0 153730008#1 153730008#2 36936749#5 319779134 36936867 319058601 -201772616#3 -201772616#2 -201772616#1,1.8598933435460168,2
75,65,-710476024#1 -710476024#0 1162674260 -319058587#2 -319058587#1 -319058587#0 -319058586 -1088466838#1 -1088466838#0 -37088447#2 -37088447#1 -37088447#0 -36933126#2 -36933126#1 -36933126#0 -269702559 -36933151#0 36933113 39820664#9 36933223 36933282#0 36933282#1 36288851#3 36933307#0 36933307#1 153730928 36284386#3 36284386#4 36936288 36936236#1 36934860#0 36934860#1 36934860#2 36934860#3 1339510612#0 1339510612#1 1339510612#2 36289159#0 36289159#1 36289159#2 36289295#0 153730939#0 -153730935 878854448 157553231,2.3089240619526312,0
75,65,710476024#1 157574536#0 157574536#1 157574536#2 157553237#0 157553237#1 36289599#0 36289599#1 157553231,0.2255741016866265,1
75,65,710476024#1 1239117022#0 1239117022#1 157574537#0 157574537#1 36289394#0 36289394#1 36289394#2 1339510611 157553237#1 36289599#0 36289599#1 157553231,0.4506088405816823,2
76,2,36935232 36289159#2 36289295#0 36289295#1 36936396#3 36936396#4 878854446 48955689#0 48955689#1 -36950525 157555049 1119245067 37055902#0 -37051625#2 -37051625#1 -37052277#3 -37052277#2 -37052277#1 -37052277#0 1024000539#3 37052381#0 37052381#1 37052381#2 36293459#9 37051872#0 37051872#1 -476687231#2 -476687231#1 -476687231#0 -1119245056 -37054066 -36293459#2 -36293459#1 -36293459#0 -156460681#2 -156460681#1 37054132 -156460683#5,2.3432409439648074,0
76,2,36935232 36289159#2 36289295#0 36289295#1 -777654407 1119245693 159922990 48955996 48956015 37050033#1 37055902#0 -37051625#2 -37051625#1 -37052277#3 -37052277#2 -37052277#1 -37052277#0 -37049908 -36293459#10 -36293459#9 -36293459#8 -36293459#7 -36293459#6 -36293459#5 -36293459#4 -36293459#3 -36293459#2 -36293459#1 -36293459#0 -156460683#8 -156460683#7 -156460683#6 -156460683#5,1.724184065274778,1
76,2,36935232 36289159#2 36289295#0 36289295#1 -777654407 1119245693 159922990 48955996 406210869#0 406210869#1 -1119245070 -1119245071 -1299820133 -37052277#3 -37052277#2 -37052277#1 -37052277#0 -37049908 1119245060#0 1119245060#1 1119245057#0 1119245057#1 -476687231#3 -476687231#2 -476687231#1 -476687231#0 -1119245056 -37054066 -36293459#2 -36293459#1 -36293459#0 -156460681#2 -156460681#1 37054132 -156460683#5,2.4164146868250542,2
76,2,36935232 36289159#2 36289295#0 36289295#1 -777654407 1119245693 159922990 48955996 48956015 37050033#1 37055902#0 37055902#1 37055902#2 156460671 1119245064 156460680#1 -1119245060#2 1119245057#0 1119245057#1 -476687231#3 -476687231#2 -476687231#1 -476687231#0 -1119245056 -37054066 -36293459#2 -36293459#1 -36293459#0 -156460681#2 -156460681#1 37054132 -156460683#5,2.1827813774898,3
76,12,36935232 36289159#2 36935235#0 -269702565#1 153730934 36935235#2 36935235#3 36289394#0 36289394#1 36289394#2 -157553238 -157574536#1 -157574536#0 1239117022#0 1239117022#1 153730936#0 153730936#1 153730936#2 -153730925#1 -153730925#0 153730933#1 -153730938 36936373#2 36936373#3,1.0444389741349946,0
76,12,36935232 36289159#2 36935235#0 -269702565#1 -269702565#0 -153730933#1 -153730933#0 36936373#3,0.4490040796736261,1
76,12,36935232 36289159#2 36935235#0 -269702565#1 153730934 36935235#2 36935235#3 -157553230 -157574537#0 153730936#0 153730936#1 -270968323#1 -270968324 -153730925#0 153730933#1 -153730938 36936373#2 36936373#3,0.8080869804043039,2
76,12,36935232 36289159#2 36935235#0 -269702565#1 153730934 36935235#2 36935235#3 -157553230 -157574537#0 153730936#0 153730936#1 153730936#2 -153730925#1 -153730925#0 153730933#1 -153730938 36936373#2 36936373#3,0.8172062508626672,3
76,57,36935232 36289159#2 36935235#0 -269702565#1 153730934 36935235#2 36935235#3 -157553230 -157574537#0 153730936#0 153730936#1 153730936#2 153730936#3 201772610 157574535 37088447#0 37088447#1 37088447#2 1088466838#0 1088466838#1 319058586 319058587#0 319058587#1 319058587#2 508751758#0 508751758#1 508751758#2 508751757#0 508751757#1 508751757#2 36936541 36936727#0 36936727#1 36936727#2 36936727#3 36936727#4 36936727#5 36936727#6 -650145324#2 -650145324#1,1.2593580092350485,0
76,57,36935232 36289159#2 36935235#0 36935235#1 36935235#2 36935235#3 36289394#0 36289394#1 36289394#2 1339510611 -157553237#0 -157553234 -157574536#1 -157574536#0 -710476024#1 -710476024#0 1162674260 508751758#0 508751758#1 508751758#2 508751757#0 508751757#1 508751757#2 36936541 36936727#0 36936727#1 36936727#2 36936727#3 36936727#4 36936727#5 36936727#6 -650145324#2 -650145324#1,0.7449265552905183,1
76,57,36935232 36289159#2 36935235#0 -269702565#1 153730934 36935235#2 36935235#3 36289394#0 153730941#0 153730941#1 -36289599#0 -157553237#1 -157553237#0 -157553234 -157574536#1 -157574536#0 -710476024#1 -710476024#0 1162674260 508751758#0 508751758#1 508751758#2 508751757#0 508751757#1 508751757#2 36936541 36936727#0 36936727#1 36936727#2 36936727#3 36936727#4 36936727#5 36936727#6 -650145324#2 -650145324#1,1.0493423046408312,2
76,57,36935232 36289159#2 36935235#0 36935235#1 -153730934 -269702565#0 -153730933#1 -153730933#0 36936373#3 36936373#4 201772610 157574535 37088447#0 37088447#1 37088447#2 1088466838#0 1088466838#1 319058586 319058587#0 319058587#1 319058587#2 508751758#0 508751758#1 508751758#2 508751757#0 508751757#1 508751757#2 36936541 36936727#0 36936727#1 36936727#2 36936727#3 36936727#4 36936727#5 36936727#6 -650145324#2 -650145324#1,1.140933326593998,3
76,86,36935232 36289159#2 36935235#0 36935235#1 -153730934 -269702565#0 -153730933#1 -153730933#0 36936373#3 36936373#4 201772610 157574535 37088447#0 37088447#1 37088447#2 1088466838#0 1088466838#1 319058586 319058587#0 319058587#1 319058587#2 -1162674260 37088542 710476024#1 1239117022#0 1239117022#1 157574537#0 157574537#1,1.0004253611106249,1
76,86,36935232 36289159#2 36935235#0 36935235#1 36935235#2 36935235#3 -157553230,0.3032397408207343,2
76,86,36935232 36289159#2 36935235#0 36935235#1 -153730934 -269702565#0 -153730938 36936373#2 153730933#0 153730925#0 270968324 270968323#1 153730936#2 153730936#3 201772610 157574535 37088447#0 37088447#1 37088447#2 1088466838#0 1088466838#1 319058586 319058587#0 319058587#1 319058587#2 -1162674260 37088542 710476024#1 1239117022#0 1239117022#1 157574537#0 157574537#1,1.4105103382908486,3
77,48,153730941#1 -36289599#0 -319058608#1 -319058608#0 1339510610 36950657#0 36950657#1 157555050#0 157555050#1 157555050#2 157555050#3 157555050#4 157555050#5 48956586#2 48956586#3 48956586#4 48956586#5 -37088258#1 -37088258#0 36950439#0 36950439#1 607473249#0 607473250 1119245066#1 269702545 319058589#0 319058589#1 319058589#2 319058589#3 -859785184 36950506#0 36950506#1 36950506#2,2.160732941816642,0
77,48,153730941#1 -36289599#0 -319058608#1 -319058608#0 1339510610 -269702562 -1339510609#0 -328471845#1 -328471845#0 -319058611 -36950506#3 -36950506#2,0.5146987250315862,1
77,48,153730941#1 36289599#1 -878854448 153730935 -153730939#0 36289295#1 36936396#3 36936396#4 878854446 48955689#0 48955689#1 -36950525 37088256 48956586#0 48956586#1 -157555050#5 -157555050#4 -157555050#3 -157555050#2 -157555050#1 -157555050#0 -36950657#1 -36950657#0 -269702562 -1339510609#0 -328471845#1 -328471845#0 -319058611 -36950506#3 -36950506#2,2.263112404482413,2
77,48,153730941#1 -36289599#0 -319058608#1 -319058608#0 1339510610 36950657#0 36950657#1 1119245066#0 1119245066#1 269702545 394456356#0 394456356#1 859784039#2 36294383#0 37055563#0 332885734#0 332885734#1 332885734#2 37055217#1 -859785184 36950506#0 36950506#1 36950506#2,2.343418629119931,3
77,67,153730941#1 -36289599#0 -319058608#1 -319058608#0 1339510610 36950657#0 36950657#1 1119245066#0 1119245066#1 269702545 -394456379 -36950439#1 -36950439#0 36950518#0 36950518#1 36950518#2 859784039#1 859784039#2 36294383#0 37055563#0 332885734#0 332885734#1 332885734#2 37055217#1 -859785184 36950447#0 36950447#1 -1239117016#2 -1239117016#1 -1239117016#0 -37088673#1 -37088673#0 39820658#0 39820658#1 39820658#2 394446871#0 394446871#1,2.8389703819194017,0
77,67,153730941#1 -36289599#0 -319058608#1 -319058608#0 1339510610 -269702562 -1339510609#0 -328471845#1 -328471845#0 -319058611 -36950506#3 -36950506#2 -36950506#1 -36950506#0 36950447#0 36950447#1 -1239117016#2 -1239117016#1 -1239117016#0 -37088673#1 -37088673#0 39820658#0 39820658#1 39820658#2 394446871#0 394446871#1,1.5493733480014429,1
77,67,153730941#1 -36289599#0 -157553237#1 -157553237#0 -157553234 -157574536#1 -157574536#0 -710476024#1 -710476024#0 1162674260 508751758#0 508751758#1 508751758#2 394446871#0 394446871#1,0.2744799263943672,2
77,67,153730941#1 -36289599#0 -319058608#1 -37088332#3 -37088332#2 371455497 36950657#1 1119245066#0 1119245066#1 269702545 319058589#0 319058589#1 319058589#2 319058589#3 -859785184 36950447#0 36950447#1 -1239117016#2 -1239117016#1 -1239117016#0 -37088673#1 -37088673#0 39820658#0 39820658#1 39820658#2 394446871#0 394446871#1,2.091190204333609,3
77,107,153730941#1 36289599#1 -878854448 -878854447 878854446 48955689#0 48955689#1 -36950525 157555049 1119245067 37055902#0 -37051625#2 -37051625#1 37052277#4 1237352048 1119245070 319058612#0 319058612#1 36288941#0 36936392#0 36936392#1 1109771198#0,1.1449298061555615,0
77,107,153730941#1 36289599#1 -878854448 -878854447 878854446 48955689#0 48955689#1 1119245069 406210869#0 406210869#1 319058612#0 319058612#1 36288941#0 36936392#0 36936392#1 1109771198#0,0.6035091198104692,1
77,107,153730941#1 36289599#1 157553231 48955689#0 48955997 159922990 48955996 406210869#0 406210869#1 319058612#0 319058612#1 36288941#0 36936392#0 36936392#1 1109771198#0,0.6394325555665717,2
77,107,153730941#1 36289599#1 157553231 48955689#0 48955689#1 1119245069 48956015 37050033#1 37055902#0 -37051625#2 -37051625#1 37052277#4 1237352048 1119245070 319058612#0 319058612#1 36288941#0 36936392#0 36936392#1 1109771198#0,1.1000091369828129,3
78,47,332885734#2 -37055217#0 -243957897#3 -243957897#2 394459769#0 394459769#1 139832421#1 -243957897#0 -1339510606#1 -1339510606#0 243957902#0 243957902#1 191799405 -37066023 406210871 36295293#4 36295293#5 36295293#6 36295293#7 36295293#8 36294993 406210870 36295293#0 37066008 -37055563#2 -37055563#1 37055477 -36294383#1 -36294383#0 -270968314 -394456356#1 -394456356#0 -394456379 607473249#0 607473249#1 -36950657#1 -36950657#0 -269702562 -1339510609#0 -328471845#1 -328471845#0,4.214155214970004,0
78,47,332885734#2 37055217#1 -319058589#3 -319058589#2 -319058589#1 -319058589#0 -394456379 607473249#0 607473249#1 -36950657#1 -36950657#0 -269702562 -1339510609#0 -328471845#1 -328471845#0,1.1594610846498423,2
78,47,332885734#2 -37055217#0 -243957897#3 -243957897#2 394459769#0 394459769#1 139832421#1 -243957897#0 -1339510606#1 -1339510606#0 243957902#0 243957902#1 191799405 -37066023 406210871 36295293#4 36295293#5 36295293#6 36295293#7 36295293#8 36295293#9 36295293#0 37066008 -37055563#2 -37055563#1 37055477 -36294383#1 -36294383#0 -270968314 -394456356#1 -394456356#0 -394456379 607473249#0 607473249#1 -36950657#1 -36950657#0 -269702562 -1339510609#0 -328471845#1 -328471845#0,4.1795919800288,3
78,95,332885734#2 37055217#1 -859785184 36950506#0 36950506#1 36950506#2 36950506#3 319058611 328471844 328471845#1 1339510609#0 1339510609#1 -1339510610 319058608#0 319058608#1 36289599#0 36289599#1 157553231 48955689#0 48955689#1 1119245069 406210869#0 406210869#1 319058612#0 319058612#1,1.9384604854170315,0
78,95,332885734#2 37055217#1 -319058589#3 -319058589#2 -319058589#1 -319058589#0 -394456379 -36950439#1 -36950439#0 37088258#0 37088258#1 394456378 36950525 1119245069 406210869#0 406210869#1 319058612#0 319058612#1,0.9851751859851212,1
78,95,332885734#2 37055217#1 -319058589#3 -319058589#2 -319058589#1 -319058589#0 394456356#0 394456356#1 -859784039#1 -859784039#0 -36950518#1 -36950518#0 37088258#0 37088258#1 394456378 36950525 1119245069 406210869#0 406210869#1 319058612#0 319058612#1,1.3566114710823136,2
78,95,332885734#2 37055217#1 -319058589#3 -319058589#2 -319058589#1 -319058589#0 394456356#0 394456356#1 859784039#2 -319058602#1 1024000539#0 1024000539#1 1024000539#2 156460679 37052277#1 37052277#2 37052277#3 37052277#4 1237352048 1119245070 319058612#0 319058612#1,1.751481881449484,3
79,3,36289599#0 36289599#1 -878854448 -878854447 878854446 48955689#0 48955689#1 1119245069 48956015 37050033#1 37055902#0 37055902#1 37055902#2 156460671 1119245064 -1024000539#0 319058602#1 -270968314 -394456356#1 -394456356#0 319058589#0 319058589#1 319058589#2 319058589#3 -859785184 36950447#0 36950447#1 -1239117016#2 -1239117016#1 -1239117016#0 -37088673#1 -153730010#2,2.330520384651856,0
79,3,-36289599#0 -157553237#1 -157553237#0 -157553234 -157574536#1 -157574536#0 -710476024#1 -710476024#0 1162674260 508751758#0 508751758#1 508751758#2 508751757#0 508751757#1 508751757#2 36936541 697740912 319058636 319058644 698026761 37088673#0 -153730010#2,0.4743392589798936,1
79,3,-36289599#0 -319058608#1 -319058608#0 1339510610 36950657#0 36950657#1 1119245066#0 1119245066#1 269702545 319058589#0 319058589#1 319058589#2 319058589#3 -859785184 36950447#0 36950447#1 -1239117016#2 -1239117016#1 -1239117016#0 -37088673#1 -153730010#2,1.7265059821316908,2
79,3,-36289599#0 -319058608#1 -37088332#3 -37088332#2 371455497 36950657#1 1119245066#0 1119245066#1 269702545 319058589#0 319058589#1 319058589#2 319058589#3 -859785184 36950447#0 36950447#1 -1239117016#2 -1239117016#1 -1239117016#0 -37088673#1 -153730010#2,1.7785098218245154,3
79,31,36289599#0 -36289599#0 -319058608#1 -319058608#0 1339510610 -269702562 -1339510609#0 -328471845#1 -328471845#0 -319058611 -36950506#3 -36950506#2 -36950506#1 -36950506#0 36950447#0 36950447#1 -1239117016#2 -1239117016#1 -1239117016#0 -37088673#1 -37088673#0 39820658#0 39820658#1 39820658#2 508751757#0 508751757#1 508751757#2 36936541 697740912 319058636 36936749#0 36936749#1 36936749#2 36936749#3 36936749#4 36936749#5 319779134 36936867 319058601 698024155#0 698024155#1 698024155#2 319779133#0 319779133#1 610135150#5 610135150#6 610135150#7 610135149 88525123 610135150#9 610135150#0 610135150#1 610135150#2 610135150#3 610135147#0 610135147#1,2.7490497897276884,0
79,31,-36289599#0 -157553237#1 -157553237#0 -157553234 -157574536#1 -157574536#0 -710476024#1 -710476024#0 1162674260 508751758#0 508751758#1 508751758#2 508751757#0 508751757#1 508751757#2 36936541 697740912 319058636 36936749#0 36936749#1 36936749#2 36936749#3 36936749#4 36936749#5 319779134 36936867 319058601 698024155#0 698024155#1 698024155#2 319779133#0 319779133#1 610135150#5 610135150#6 610135150#7 610135150#8 610135150#9 610135150#0 610135150#1 610135150#2 610135150#3 610135147#0 610135147#1,1.409752152321064,1
79,31,-36289599#0 -157553237#1 -157553237#0 -157553234 -157574536#1 -157574536#0 -710476024#1 -710476024#0 1162674260 508751758#0 508751758#1 508751758#2 508751757#0 508751757#1 508751757#2 36936541 697740912 319058636 36936749#0 36936749#1 36936749#2 36936749#3 36936749#4 36936749#5 319779134 36936867 319058601 698024155#0 698024155#1 698024155#2 319779133#0 319779133#1 610135150#5 610135150#6 610135150#7 610135149 88525123 610135150#9 1057740878 1057740881 610135150#1 610135150#2 610135150#3 610135147#0 610135147#1,1.4897776926720756,2
79,73,36289599#0 -36289599#0 -319058608#1 -319058608#0 1339510610 36950657#0 36950657#1 1119245066#0 1119245066#1 269702545 -394456379 -36950439#1 -36950439#0 37088258#0 37088258#1 394456378 36950525 1119245069 406210869#0 406210869#1 319058612#0 319058612#1 270968317#0 270968317#1 36936396#0 36936396#1 394456381 777654407 36936396#3 36936396#4 878854446 48955689#0 48955997,1.2452479967219183,0
79,73,36289599#0 36289599#1 -878854448 -878854447 878854446 48955689#0 48955997,0.0994374437443744,1
79,73,36289599#0 36289599#1 -878854448 153730935 -153730939#0 36289295#1 36936396#3 36936396#4 878854446 48955689#0 48955997,0.3591417997091286,2
79,73,-36289599#0 -157553237#1 -157553237#0 -157553234 -157574536#1 -157574536#0 1239117022#0 1239117022#1 157574537#0 157574537#1 36289394#0 153730941#0 -153730939#1 -153730935 878854448 157553231 48955689#0 48955997,0.6914530491926084,3
79,202,-36289599#0 -319058608#1 -319058608#0 1339510610 -269702562 -1339510609#0 -328471845#1 -328471845#0 -319058611 -36950506#3 -36950506#2 -36950506#1 -36950506#0 36950447#0 36950447#1 -1239117016#2 -1239117016#1 -1239117016#0 -37088673#1 -37088673#0 39820658#0 39820658#1 39820658#2 508751757#0 508751757#1 508751757#2 36936541 697740912 319058636 36936749#0 36936749#1 36936749#2 36936749#3 36936749#4 36936749#5 319779134 36936867 -165172165#2 -165172165#1 319058646#0 319058629,2.6152097048552707,0
79,202,-36289599#0 -157553237#1 -157553237#0 -157553234 -157574536#1 -157574536#0 -710476024#1 -710476024#0 1162674260 508751758#0 508751758#1 508751758#2 508751757#0 508751757#1 508751757#2 36936541 697740912 319058636 36936749#0 36936749#1 36936749#2 36936749#3 36936749#4 36936749#5 319779134 36936867 -165172165#2 -165172165#1 319058646#0 319058629,1.3403162832481952,1
79,202,36289599#0 -36289599#0 -319058608#1 -37088332#3 -37088332#2 371455497 -36950657#0 -269702562 -1339510609#0 -328471845#1 -328471845#0 -319058611 -36950506#3 -36950506#2 -36950506#1 -36950506#0 36950447#0 36950447#1 -1239117016#2 -1239117016#1 -1239117016#0 -37088673#1 -37088673#0 39820658#0 39820658#1 39820658#2 508751757#0 508751757#1 508751757#2 36936541 697740912 319058636 36936749#0 36936749#1 36936749#2 36936749#3 36936749#4 36936749#5 319779134 36936867 -165172165#2 -165172165#1 319058646#0 319058629,3.082765726116145,2
79,202,-36289599#0 -157553237#1 -157553237#0 -157553234 -157574536#1 -157574536#0 -710476024#1 -710476024#0 1162674260 -319058587#2 -319058587#1 -319058587#0 -319058586 -1088466838#1 -1088466838#0 -37088447#2 -37088447#1 -37088447#0 -36933126#2 -36933126#1 -36933126#0 -1239117024 -394443151#2 196288048 -394443151#0 394443143#0 394443143#1 394443143#2 1238948418#0 1238948418#1 509025806#1 509025806#2 1338884372 1338884371#4 1338884371#5 1338884371#6 165170683#0 165170683#1 165170683#2 165170683#3 -319058613#2 -319058613#1 -319058613#0 -1371061454 -165170681#1 -165170681#0 -1238426236 165170685#0 165170685#1 -698024153 165172166 165172165#0 319058646#0 319058629,3.0504640081669496,3
80,70,35801597#4 -698018295#3 -698018295#2 -698018295#1 -698018295#0 -1339478328#0 -319058604#1 -36285797#2 36284751 -394446867#0 36288851#0 36288851#1 36288851#2 36288851#3 275506498 269702543 269702544 201772610 157574535 37088447#0 37088447#1 37088447#2 1088466838#0 1088466838#1 319058586 319058587#0 319058587#1 319058587#2 -1162674260 37088542 710476024#1 157574536#0 157574536#1 157574536#2 157553237#0 157553237#1 -319058608#1 -319058608#0 1339510610 -269702562 -1339510609#0,1.9216182471378889,0
80,70,35801597#4 -698018295#3 -698018295#2 -698018295#1 -698018295#0 -1339478328#0 -319058604#1 -319058604#0 332885552 710476653#0 710476653#1 710476654 -36934835#1 -36934835#0 39820661#0 39820661#1 36936236#0 36936236#1 36934860#0 36934860#1 36934860#2 36934860#3 1339510612#0 1339510612#1 1339510612#2 36289159#0 36289159#1 36289159#2 36289295#0 153730939#0 153730939#1 153730941#1 -36289599#0 -319058608#1 -319058608#0 1339510610 -269702562 -1339510609#0,1.6725702969865024,1
80,70,35801597#4 -698018295#3 -698018295#2 215094374 -698018295#0 -339940214 -36284844 394446867#0 394446867#1 710476653#0 710476653#1 710476654 -36934835#1 -36934835#0 39820661#0 39820661#1 36934854#0 -156480752 -1109771198#1 -1109771198#0 -36936392#1 -36936392#0 36288941#1 36288941#2 36289159#0 36289159#1 36289159#2 36289295#0 153730939#0 153730939#1 153730941#1 -36289599#0 -319058608#1 -319058608#0 1339510610 -269702562 -1339510609#0,2.038505022208484,2
80,70,-35801597#4 -35801597#3 339700984 35801699#1 -698018295#2 -698018295#1 -698018295#0 -339940214 -36284844 394446867#0 394446867#1 710476653#0 710476653#1 710476654 -36934835#1 -36934835#0 39820661#0 39820661#1 36936236#0 36936236#1 36934860#0 36934860#1 36934860#2 36934860#3 1339510612#0 1339510612#1 1339510612#2 36289159#0 36289159#1 36289159#2 36289295#0 153730939#0 153730939#1 153730941#1 -36289599#0 -319058608#1 -319058608#0 1339510610 -269702562 -1339510609#0,2.132937467612851,3
80,152,35801597#4 35802097#0 35802097#1 35802097#2 35802097#3 35802097#4 35802097#5 314422857 710476923 319058591 697627694#0 697627694#1 187827289 187827288 168924812 697624157#0 156456329 36292047#3 156466997#0 156466997#1 156466997#2 156466997#3 -36290738#2 -36290738#1 -36290738#0 187827279 36286792#0 156467000#0,1.567889070675066,0
80,152,35801597#4 35802097#0 35802097#1 35802097#2 35802097#3 35802097#4 35802097#5 314422857 710476923 319058591 697627694#0 697627694#1 187827289 187827288 168924812 697624157#0 697624157#1 187827280#0 187827280#1 187827280#2 187827280#3 187827279 36286792#0 156467000#0,1.464601333694025,2
80,152,35801597#4 35802097#0 35802097#1 35802097#2 35802097#3 35802097#4 35802097#5 314422857 710476923 319058591 697627694#0 697627694#1 187827289 187827288 168924812 697624157#0 156456329 36292047#3 -36291828#1 156466988#0 -156466990 187827280#1 187827280#2 187827280#3 187827279 36286792#0 156467000#0,1.5753164764826015,3
81,71,-394446873#2 -394446873#1 394446869 394446872#1 35802343#1 35802343#2 35802343#3 918828156#0 918828156#1 1238426234#0 1238426234#1 319058600#0 35801699#0 35801699#1 698018295#3 35802097#0 35802097#1,1.372402207823374,0
81,71,394446873#2 406203418#0 406203418#1 35802343#7 35802343#1 35802343#2 35802343#3 918828156#0 918828156#1 1238426234#0 1238426234#1 35801597#0 35801597#1 35801597#2 35801597#3 35801597#4 35802097#0 35802097#1,0.7694504439644828,1
81,71,394446873#2 -394446873#2 -394446873#1 394446869 394446872#1 35802343#1 35802343#2 35802343#3 918828156#0 918828156#1 1238426234#0 1238426234#1 35801597#0 35801597#1 35801597#2 35801597#3 35801597#4 35802097#0 35802097#1,1.311567074634029,2
81,71,394446873#2 -394446873#2 -394446873#1 394446869 394446872#1 35802343#1 35802343#2 35802343#3 918828156#0 918828156#1 1238426234#0 1238426234#1 35801597#0 35801597#1 35801597#2 339700984 35801699#1 698018295#3 35802097#0 35802097#1,1.5811615070794336,3
82,58,610135147#1 610135147#2 319058592#0 319058592#1 319058592#2 319058592#3 698024160 -1239117045 -36936749#5 -36936749#4 -36936749#3 -36936749#2 -36936749#1 -36936749#0 319058644 698026761 37088673#0 37088673#1 1239117016#0 1239117016#1 1239117016#2 -36950447#1 -36950447#0 36950586 -319058589#3 -319058589#2 -319058589#1 -319058589#0 394456356#0 394456356#1 -859784039#1 -859784039#0 -36950518#1 -36950518#0,2.870446709897771,0
82,58,610135147#1 610135147#2 319058592#0 319058592#1 319058592#2 319058592#3 698024160 -1239117045 -36936749#5 -36936749#4 -36936749#3 -36936749#2 -36936749#1 -36936749#0 319058644 698026761 37088673#0 37088673#1 1239117016#0 1239117016#1 1239117016#2 -36950447#1 -36950447#0 36950586 -319058589#3 -319058589#2 -319058589#1 -319058589#0 -394456379 -36950439#1 -36950439#0 36950518#0,2.5470725798281766,1
82,58,610135147#1 610135147#2 319058592#0 319058592#1 319058592#2 319058592#3 698024160 -1239117045 -36936749#5 -153730008#2 -153730008#1 -153730008#0 -36936749#3 -36936749#2 -36936749#1 -36936749#0 319058644 698026761 37088673#0 37088673#1 1239117016#0 1239117016#1 1239117016#2 -36950447#1 -36950447#0 36950586 -319058589#3 -319058589#2 -319058589#1 -319058589#0 394456356#0 394456356#1 -859784039#1 -859784039#0 -36950518#1 -36950518#0,2.9118664404237395,2
82,58,610135147#1 610135147#2 319058592#0 319058592#1 319058592#2 319058592#3 -1238426243 -165172165#2 -165172165#1 -165172165#0 165172163 -165170684#1 -165170684#0 -698024152#1 -698024152#0 1371061470#0 1371061470#1 1371061468 36936590#0 36936590#1 36936590#2 36936590#3 36936590#4 36936590#5 36936590#6 36936590#7 36936590#8 1239117013#1 1239117013#2 36936494#0 36936494#1 36936655#0 36936655#1 36936655#2 36936655#3 36936655#4 36936655#5 36936655#6 319779156#0 319779156#1 319058636 319058644 698026761 37088673#0 37088673#1 1239117016#0 1239117016#1 1239117016#2 -36950447#1 -36950447#0 36950586 -319058589#3 -319058589#2 -319058589#1 -319058589#0 -394456379 -36950439#1 -36950439#0 36950518#0,3.4807844067344105,3
82,143,610135147#1 610135147#2 319058592#0 319058592#1 319058592#2 319058592#3 698024160 -1239117045 -36936749#5 -36936749#4 -36936749#3 -36936749#2 -36936749#1 -36936749#0 319058644 698026761 37088673#0 37088673#1 1239117016#0 1239117016#1 1239117016#2 -36950447#1 -36950447#0 36950586 -319058589#3 -319058589#2 -319058589#1 -319058589#0 -394456379 -36950439#1 -36950439#0 37088258#0 37050051 1119245067 37055902#0 -37051625#2 -37051625#1 -37051625#0 -156480737#2 -156480737#1 394456380 37056002 1119245115 37056017 -159922662#1 -159922662#0 -156460682#0 -37054319 -270968320 37052930 698018294#0 698018294#1 1238956370 36935056 36935040#0 36935040#1 36935040#2 36935040#3 1238956371 187827287 1119245264#0 1119245264#1 36936423#0 36936423#1 36936423#2 36936423#3 36936423#4,5.283604291144812,0
82,143,610135147#1 610135147#2 319058592#0 319058592#1 319058592#2 319058592#3 698024160 -1239117045 -36936749#5 -36936749#4 -36936749#3 -36936749#2 -36936749#1 -36936749#0 319058644 698026761 37088673#0 37088673#1 1239117016#0 1239117016#1 1239117016#2 -36950447#1 -36950447#0 36950586 -319058589#3 -319058589#2 -319058589#1 -319058589#0 -394456379 -36950439#1 -36950439#0 36950518#0 37051441#0 37051441#1 37051441#2 -37051625#2 -37051625#1 -37051625#0 -156480737#2 -156480737#1 394456380 37050590 918716574#1 918716574#2 37051113#0 37051113#1 1119245072 37056055#1 319058606 37052930 698018294#0 698018294#1 1238956370 36935056 36935040#0 36935040#1 36935040#2 36935040#3 1238956371 187827287 1119245264#0 1119245264#1 36936423#0 36936423#1 36936423#2 36936423#3 36936423#4,4.982311639688076,1
82,143,610135147#1 610135147#2 319058592#0 319058592#1 319058592#2 319058592#3 698024160 -1239117045 -36936749#5 -36936749#4 -36936749#3 -36936749#2 -36936749#1 -36936749#0 319058644 698026761 37088673#0 37088673#1 1239117016#0 1239117016#1 1239117016#2 -36950447#1 -36950447#0 36950586 -319058589#3 -319058589#2 -319058589#1 -319058589#0 394456356#0 394456356#1 -859784039#1 -859784039#0 -36950518#1 37051441#0 37051441#1 37051441#2 -37051625#2 -37051625#1 -37051625#0 -156480737#2 -156480737#1 394456380 37050590 918716574#1 918716574#2 37051113#0 37051113#1 1119245072 37056055#1 319058606 37052930 698018294#0 698018294#1 1238956370 36935056 36935040#0 36935040#1 36935040#2 36935040#3 1238956371 187827287 1119245264#0 1119245264#1 36936423#0 156467657 -156467656#0 36936423#2 36936423#3 36936423#4,5.295810559774469,2
82,143,610135147#1 610135147#2 319058592#0 319058592#1 319058592#2 319058592#3 698024160 -1239117045 -36936749#5 -153730008#2 -153730008#1 -153730008#0 -36936749#3 -36936749#2 -36936749#1 -36936749#0 319058644 698026761 37088673#0 37088673#1 1239117016#0 1239117016#1 1239117016#2 -36950447#1 -36950447#0 36950586 -319058589#3 -319058589#2 -319058589#1 -319058589#0 -394456379 -36950439#1 -36950439#0 37088258#0 37050051 1119245067 37055902#0 -37051625#2 -37051625#1 -37051625#0 -156480737#2 -156480755 37050515#2 156480737#0 394456380 37056002 1119245115 37056017 -159922662#1 37054401 37056055#1 319058606 37052930 698018294#0 698018294#1 1238956370 36935056 36935040#0 36935040#1 36935040#2 36935040#3 1238956371 187827287 1119245264#0 1119245264#1 36936423#0 36936423#1 36936423#2 36936423#3 36936423#4,5.402973747277366,3
82,196,610135147#1 610135147#2 319058592#0 319058592#1 319058592#2 319058592#3 698024160 -1239117045 -36936749#5 -36936749#4 -36936749#3 -36936749#2 -36936749#1 -36936749#0 319058644 698026761 39820658#0 39820658#1 39820658#2 -508751758#2 -508751758#1 -508751758#0 -319058587#2 -319058587#1 -319058587#0 -319058586 -1088466838#1 -1088466838#0 -37088447#2 -37088447#1 -37088447#0 -36933126#2 -36933126#1 -36933126#0 -1239117024 -394443151#2 -394443151#1 -394443151#0 -648178450#1 -648178450#0 648178453#0 648178452#0 648178452#1 648178452#2 599886761#1 394446873#0 394446869 394446872#1 35802343#1 35802343#2 35802343#3 918828156#0 918828156#1 1238426234#0 1238426234#1 35801597#0 35801597#1 35801597#2 35801597#3 327343082,4.792654497371879,0
82,196,610135147#1 610135147#2 319058592#0 319058592#1 319058592#2 319058592#3 698024160 -1239117045 -36936749#5 -36936749#4 -36936749#3 -36936749#2 -36936749#1 -36936749#0 319058644 698026761 39820658#0 39820658#1 39820658#2 -508751758#2 -508751758#1 -508751758#0 -319058587#2 -319058587#1 -319058587#0 -319058586 -1088466838#1 -1088466838#0 -37088447#2 -37088447#1 -37088447#0 -36933126#2 -36933126#1 -36933126#0 -269702559 -36933151#0 36933113 39820664#9 39820664#10 39820664#1 243836885 243836889 56080983 35801882#4 35801882#1 -319058600#1 35801699#0 -339700984 35801597#3 327343082,2.501928054576516,1
82,196,610135147#1 610135147#2 319058592#0 319058592#1 319058592#2 319058592#3 698024160 -1239117045 -36936749#5 -36936749#4 -36936749#3 -36936749#2 -36936749#1 -36936749#0 319058644 698026761 39820658#0 39820658#1 39820658#2 -508751758#2 -508751758#1 -508751758#0 -319058587#2 -319058587#1 -319058587#0 -319058586 -1088466838#1 -1088466838#0 -37088447#2 -37088447#1 -37088447#0 -36933126#2 -36933126#1 -36933126#0 -269702559 -36933151#0 36933113 39820664#9 36933223 36933050 39820664#1 243836885 243836889 56080983 35801882#4 35801882#1 -319058600#1 35801699#0 35801699#1 698018295#3 -35801597#4 327343082,2.761773266959525,2
82,196,610135147#1 610135147#2 319058592#0 319058592#1 319058592#2 319058592#3 -1238426243 -165172165#2 -165172165#1 -165172165#0 165172163 1238426242 698024153 165170686 1238426236 165170681#0 165170681#1 1371061454 319058613#0 319058613#1 319058613#2 165170673#0 165170673#1 165170673#2 1338884371#8 1338884371#0 1338884371#1 1338884371#2 1338884373 -509025806#2 -509025806#1 -509025806#0 -1238948418#0 509033674#0 509033674#1 394443151#0 394443151#1 394443151#2 153732964 -269702559 -36933151#0 36933113 39820664#9 39820664#10 39820664#1 243836885 243836889 56080983 35801882#4 35801882#1 -319058600#1 35801699#0 -339700984 35801597#3 327343082,3.849436521978992,3
83,48,37055217#1 -319058589#3 -319058589#2 -319058589#1 -319058589#0 -394456379 607473249#0 607473249#1 -36950657#1 -36950657#0 -269702562 -1339510609#0 -328471845#1 -328471845#0 -319058611 -36950506#3 -36950506#2,0.955489359170594,0
83,48,37055217#1 -859785184 36950506#0 36950506#1 36950506#2,0.7573314134869209,1
83,48,37055217#1 -859785184 36950447#0 36950447#1 -1239117016#2 -1239117016#1 -1239117016#0 -37088673#1 -37088673#0 39820658#0 39820658#1 39820658#2 -508751758#2 -508751758#1 -508751758#0 -1162674260 39820659#0 39820659#1 39820659#2 39820659#3 153733879 -36950506#3 -36950506#2,1.8417905019443628,2
84,63,48955997 -1119245693 -1119245692 36936396#2 36936396#3 36936396#4 878854447 153730935 153730939#1 153730941#1 -36289599#0,0.3562114688790693,0
84,63,48955997 -1119245693 777654407 36936396#3 36936396#4 878854447 878854448 -36289599#1 -36289599#0,0.1545509626556608,1
84,63,48955997 -1119245693 777654407 36936396#3 36936396#4 878854447 153730935 153730939#1 153730941#1 -36289599#0,0.3172278080939843,2
84,63,48955997 -1119245693 777654407 36936396#3 36936396#4 878854446 48955689#0 48955689#1 1119245069 406210869#0 406210869#1 319058612#0 319058612#1 36288941#0 36288941#1 36288941#2 36289159#0 36289159#1 36289159#2 36289295#0 153730939#0 153730939#1 153730941#1 -36289599#0,1.033221745500684,3
84,126,48955997 159922990 48955996 406210869#0 406210869#1 -1119245070 -1119245071 -1299820133 -37051625#0 -156480737#2 -156480755 37050515#2 156480737#0 394456380 37050590 918716574#1 918716574#2 -36936220 36934835#0 36934835#1 36934835#2 332885553 332885552 -394446867#1 -394446867#0 -35802071#2 -35802071#1 -35802071#0 35801882#1 35801882#2 56080984 -550211682 319058640 39820664#3 39820664#4 39820664#5 39820664#6 39820664#7 36933156 36933151#0 -610220874#1,2.3977889826367846,0
84,126,48955997 159922990 48955996 406210869#0 406210869#1 319058612#0 319058612#1 36288941#0 36288941#1 36288941#2 36936373#0 36936373#1 36936373#2 36936373#3 36936373#4 201772610 157574535 -36933126#2 -36933126#1 -36933126#0 -269702559 -610220874#1,1.3000438866780846,1
84,126,48955997 159922990 48955996 406210869#0 406210869#1 319058612#0 319058612#1 36288941#0 36288941#1 36288941#2 36936373#0 36936373#1 36936373#2 153730933#0 153730925#0 153730925#1 153730936#3 201772610 157574535 -36933126#2 -36933126#1 -36933126#0 -269702559 -610220874#1,1.4764599300102794,2
84,126,48955997 159922990 48955996 48956015 37050033#1 37055902#0 -37051625#2 -37051625#1 37052277#4 1237352048 1119245070 319058612#0 319058612#1 36288941#0 36288941#1 36288941#2 36936373#0 36936373#1 153730938 153730933#2 269702565#1 36935235#1 36935235#2 36935235#3 -157553230 -157574537#0 153730936#0 153730936#1 153730936#2 153730936#3 201772610 157574535 -36933126#2 -36933126#1 -36933126#0 -269702559 -610220874#1,2.4171970436784496,3
85,74,-697624157#1 697624157#1 36291828#0 36291828#1 156466997#0 156466997#1 156466996#0 156466994#2 -187827282#0 -156466987 187827274 1119243207 36291218 36292768#0 36292768#1 -394456359#1 -394456359#0 36292830#1 36292830#2 697704135 156460681#0 37054132 156460683#6 156460683#7 156460683#8 36293459#0 36293459#1 36293459#2 36293459#3 36293459#4 36293459#5 36293459#6 36293459#7 36293459#8 36293459#9 36293459#10 37049908 156460679 37052277#1 37052277#2 37052277#3 37052277#4 1237352048 37050033#0 37050033#1,3.635427165826735,0
85,74,697624157#1 -697624157#1 -697624157#0 -168924811 -187827288 1119245073 155153634#0 155153634#1 155153634#2 1119243206 36292768#0 36292768#1 36292768#2 36292830#1 36292830#2 697704135 156460681#0 156460681#1 156460681#2 36293459#0 36293459#1 36293459#2 36293459#3 36293459#4 36293459#5 36293459#6 36293459#7 36293459#8 36293459#9 36293459#10 37049908 156460679 37052277#1 37052277#2 37052277#3 37052277#4 1237352048 37050033#0 37050033#1,3.4020545655267145,1
85,74,697624157#1 187827280#0 187827280#1 187827280#2 187827280#3 187827279 36286792#0 36286792#1 187827271 36936423#0 36936423#1 36936423#2 36936423#3 36936423#4 36936423#5 36936423#6 36936423#7 698018294#0 698018294#1 1238956370 698018293 -36936220 39820661#0 39820661#1 36934854#0 36934854#1 -918716575 918716573 156480737#0 156480737#1 156480737#2 37051625#0 37052277#4 1237352048 37050033#0 37050033#1,2.153925816795633,2
85,74,697624157#1 -697624157#1 156456329 36292047#3 36292142#0 -156466994#0 187827283#1 187827283#2 36292142#2 36292142#3 187827281 36291218 36292768#0 36292768#1 36292768#2 36292830#1 36292830#2 697704135 156460681#0 156460681#1 156460681#2 36293459#0 36293459#1 36293459#2 37054066 1119245056 476687231#0 476687231#1 476687231#2 -37051872#1 -37051872#0 36293459#10 37049908 156460679 37052277#1 37052277#2 37052277#3 37052277#4 1237352048 37050033#0 37050033#1,3.68267338612911,3
85,165,-697624157#1 -697624157#0 -168924811 -187827288 -187827289 -697627694#1 -697627694#0 -319058591 -710476923 -314422857 -35802097#5 -35802097#4 -35802097#3 -35802097#2 -35802097#1 -35802097#0 -698018295#3 -35801699#1 -339700984 -35801597#2 -35801597#1 -35801597#0 319058600#0 319058600#1 35801882#2 56080984 56080983 35801882#4 35802071#0 36285797#0 -36284844 36288851#0 36288851#1 36284386#0 -36933306 -36933307#0 275506498 269702543 269702544 201772610 157574535 37088447#0 37088447#1 37088447#2 1088466838#0 1088466838#1 319058586 319058587#0 319058587#1 319058587#2 508751758#0 508751758#1 508751758#2 508751757#0 508751757#1 508751757#2 36936541 36936727#0 36936727#1 36936727#2 357228242 -202422660#2 -202422660#1 153732963#1 -394446875,3.6970138274694673,0
85,165,-697624157#1 -697624157#0 -168924811 -187827288 -187827289 -697627694#1 -697627694#0 -319058591 -710476923 -314422857 -35802097#5 -35802097#4 -35802097#3 -35802097#2 -35802097#1 -35802097#0 -698018295#3 -698018295#2 215094374 -698018295#0 -339940214 -36284844 36288851#0 36288851#1 36288851#2 36288851#3 275506498 269702543 269702544 201772610 157574535 37088447#0 37088447#1 37088447#2 1088466838#0 1088466838#1 319058586 319058587#0 319058587#1 319058587#2 508751758#0 508751758#1 508751758#2 508751757#0 508751757#1 508751757#2 36936541 36936727#0 36936727#1 36936727#2 357228242 -202422660#2 -202422660#1 153732963#1 -394446875,2.891932233996945,1
85,165,697624157#1 -697624157#1 -697624157#0 -168924811 -187827288 -187827289 -697627696 -707542552 319058623#0 319058623#1 1165362990#1 1165362990#2 -710476923 -314422857 -35802097#5 -35802097#4 -35802097#3 -35802097#2 -35802097#1 -35802097#0 -698018295#3 -698018295#2 215094374 -698018295#0 -339940214 -36284844 36288851#0 36288851#1 36288851#2 36288851#3 275506498 269702543 269702544 201772610 157574535 37088447#0 37088447#1 37088447#2 1088466838#0 1088466838#1 319058586 319058587#0 319058587#1 319058587#2 508751758#0 508751758#1 508751758#2 508751757#0 508751757#1 508751757#2 36936541 36936727#0 36936727#1 36936727#2 357228242 -202422660#2 -202422660#1 153732963#1 -394446875,3.191007530994768,2
85,165,697624157#1 -697624157#1 -697624157#0 -168924811 -187827288 -187827289 -697627694#1 -697627694#0 -319058591 -710476923 -314422857 -35802097#5 -35802097#4 -35802097#3 -35802097#2 -35802097#1 -35802097#0 -35801597#4 -35801597#3 339700984 35801699#1 -698018295#2 -698018295#1 -698018295#0 -339940214 36285797#1 36284751 -394446867#0 36288851#0 36288851#1 36284386#0 -36933306 -36933307#0 275506498 269702543 269702544 201772610 157574535 37088447#0 37088447#1 37088447#2 1088466838#0 1088466838#1 319058586 319058587#0 319058587#1 319058587#2 508751758#0 508751758#1 508751758#2 508751757#0 508751757#1 508751757#2 36936541 36936727#0 36936727#1 36936727#2 357228242 -202422660#2 -202422660#1 153732963#1 -394446875,3.6694340338529567,3
86,5,-156480737#3 37051625#0 -37052277#3 -37052277#2 -37052277#1 -37052277#0 -1024000539#2 -1024000539#1 -1024000539#0 -319058602#0 -1119245061 -1119245060#2 -1119245060#1 -1119245060#0,0.8378809695224382,0
86,5,156480737#3 -156480737#3 37051625#0 -37052277#3 -37052277#2 -37052277#1 -37052277#0 -1024000539#2 -1024000539#1 156460680#1 -1119245060#2 -1119245060#1 -1119245060#0,0.7467242620590353,1
86,5,-156480737#3 37051625#0 -37052277#3 -37052277#2 -37052277#1 -37052277#0 -37049908 1119245060#0,0.4979721622270218,2
86,5,-156480737#3 37051625#0 37052277#4 1237352048 37050033#0 37050033#1 37055902#0 37055902#1 37055902#2 156460671 1119245064 156460680#1 -1119245060#2 -1119245060#1 -1119245060#0,1.1387808975281977,3
86,33,-156480737#3 37051625#0 -37052277#3 -37052277#2 -37052277#1 -37052277#0 -1024000539#2 -1024000539#1 -1024000539#0 319058602#1 36294383#0 36294383#1 36294383#2 36294383#3 36294383#4 36294383#5 36294383#6 36294383#7 36294383#8 36294383#9 36294383#10 406210870 36295293#0 37066008 -37055563#2 -37055563#1 332885734#0 332885734#1 332885734#2 37055217#1 -319058589#3 -319058589#2 -319058589#1 -319058589#0 -394456379 -36950439#1 -36950439#0 37088258#0 37050051 1119245067,3.527555795536357,0
86,33,-156480737#3 37051625#0 -37052277#3 -37052277#2 -37052277#1 -37052277#0 -1024000539#2 -1024000539#1 -1024000539#0 319058602#1 -270968314 -859784039#1 -859784039#0 -36950518#1 -36950518#0 37088258#0 37050051 1119245067,0.9254319654427646,1
86,33,-156480737#3 37051625#0 -37052277#3 -37052277#2 -37052277#1 -37052277#0 -37049908 1119245060#0 1119245060#1 1119245060#2 -156460680#1 -1024000539#0 319058602#1 -270968314 -394456356#1 -394456356#0 -394456379 -36950439#1 -36950439#0 37088258#0 37050051 1119245067,1.4588192944564435,2
86,33,156480737#3 -156480737#3 37051625#0 37051625#1 37051625#2 37055902#1 37055902#2 156460671 1119245064 -1024000539#0 319058602#1 -270968314 -394456356#1 -394456356#0 -394456379 -36950439#1 -36950439#0 37088258#0 37050051 1119245067,1.4612311015118788,3
87,75,37050033#1 37055902#0 -37051625#2 -37051625#1 37052277#4 1237352048 37050033#0 -48956015 406210869#0 406210869#1 319058612#0 319058612#1 36936407#0 36936407#1 36936407#2 918716575 918716574#0 918716574#1 918716574#2 -36936220 36934835#0 36934835#1 36934835#2 332885553 1339478330 319058604#1 319058604#2 -339940214 -36284844 394446867#0,2.779063660518669,0
87,75,37050033#1 37055902#0 -37051625#2 -37051625#1 -37051625#0 -156480737#2 -156480737#1 394456380 37050590 918716574#1 918716574#2 -36936220 36934835#0 36934835#1 36934835#2 -710476653#1 -710476653#0 -394446867#1 -394446867#0,1.3958151405441523,1
87,75,37050033#1 37055902#0 -37051625#2 -37051625#1 -37051625#0 -156480737#2 -156480737#1 394456380 37050590 918716574#1 918716574#2 -36936220 36934835#0 36934835#1 36934835#2 332885553 1339478330 -36285797#2 -36285797#1 -36284844 394446867#0,1.5986349149621988,2
87,75,37050033#1 37055902#0 -37051625#2 -37051625#1 -37051625#0 -156480737#2 -156480755 37050515#2 156480737#0 394456380 37056002 1119245115 37056017 -159922662#1 37054401 37056055#1 319058606 37052930 698018294#0 698018294#1 1238956370 698018293 -36936220 36934835#0 36934835#1 36934835#2 332885553 332885552 -394446867#1 -394446867#0,2.4855998122791227,3
87,83,37050033#1 37055902#0 -37051625#2 -37051625#1 -37052277#3 -37052277#2,0.3817254619630429,1
87,83,37050033#1 37055902#0 37055902#1 37055902#2 156460671 1119245064 1024000539#1 1024000539#2 156460679 37052277#1 37052277#2,0.5091192704583634,3
88,74,-394446867#0 394446867#0 394446867#1 710476653#0 710476653#1 710476654 -36934835#1 -36934835#0 39820661#0 39820661#1 36934854#0 -156480752 -1109771198#1 -1109771198#0 -36936392#1 -36936392#0 -36288941#0 270968317#0 270968317#1 48955998 313248247 313248248 48955996 48956015 37050033#1,1.036962513745975,1
88,74,394446867#0 394446867#1 710476653#0 710476653#1 710476654 -36934835#1 -36934835#0 39820661#0 39820661#1 36934854#0 -156480752 -1109771198#1 -1109771198#0 -36936392#1 -36936392#0 -36288941#0 270968317#0 270968317#1 48955998 313248247 313248248 48955996 48956015 37050033#1,0.9914981508950031,2
88,74,-394446867#0 36288851#0 36288851#1 36284386#0 36284386#1 36284386#2 36284386#3 36284386#4 36284386#5 36284386#6 36934854#0 36934854#1 -918716575 918716573 156480737#0 156480737#1 156480737#2 37051625#0 37052277#4 1237352048 37050033#0 37050033#1,1.5994610359228816,3
89,54,36936373#4 201772610 157574535 -36933126#2 -36933126#1 -36933126#0 -269702559 -36933151#0 36933113 39820664#9 39820664#10 39820664#1 243836885 243836889 56080983 35801882#4 35801882#1 -319058600#1 -319058600#0 35801597#0 35801597#1 35801597#2 35801597#3 35801597#4 35802097#0 35802097#1 35802097#2 35802097#3 35802097#4 35802097#5 710478629#0 710478629#1 710478296,2.1884565778392093,0
89,54,36936373#4 201772610 157574535 -36933126#2 -36933126#1 -36933126#0 -269702559 -36933151#0 36933113 39820664#9 39820664#10 39820664#1 243836885 243836889 56080983 35801882#4 35801882#1 -319058600#1 35801699#0 35801699#1 698018295#3 35802097#0 35802097#1 35802097#2 35802097#3 35802097#4 35802097#5 710478629#0 710478629#1 710478296,1.967818228907124,1
89,54,36936373#4 201772610 157574535 -36933126#2 -36933126#1 -36933126#0 -269702559 -36933151#0 36933113 39820664#9 39820664#10 39820664#1 243836885 243836889 56080983 35801882#4 35801882#1 -319058600#1 35801699#0 35801699#1 698018295#3 35802097#0 35802097#1 35802097#2 35802097#3 35802097#4 35802097#5 314422857 -13937774#1 -13937774#0 -36287006 710478296,2.171225956288933,2
89,54,36936373#4 201772610 157574535 -36933126#2 -36933126#1 -36933126#0 -269702559 -36933151#0 36933113 39820664#9 36933223 36933282#0 36933282#1 -36288851#2 -36288851#1 -36288851#0 36284844 339940214 1339478328#1 698018295#1 698018295#2 698018295#3 35802097#0 35802097#1 35802097#2 35802097#3 35802097#4 35802097#5 314422857 -13937774#1 -13937774#0 -1237369283 -710478296,2.523937739346289,3
89,76,36936373#4 201772610 157574535 -36933126#2 -36933126#1 -36933126#0 -269702559 -36933151#0 36933113 39820664#9 39820664#10 39820664#1 243836885 243836889 56080983 35801882#4 35801882#1 -319058600#1 35801699#0 35801699#1 698018295#3 35802097#0 35802097#1 35802097#2 35802097#3 35802097#4 35802097#5 314422857 710476923 319058591 697627694#0 697627694#1 187827289 187827288 168924812 36292047#0 36292047#1 36292047#2 -156456329 697624157#1 187827280#0 187827280#1 187827280#2 187827280#3 187827279 36286792#0 36286792#1 187827271 36936423#0 36936423#1 36936423#2 36936423#3 36936423#4 36936423#5 36936423#6,3.1015100353633285,0
89,76,36936373#4 201772610 157574535 -36933126#2 -36933126#1 -36933126#0 -269702559 -36933151#0 36933113 39820664#9 36933223 36933282#0 36933282#1 -36288851#2 -36288851#1 -36288851#0 394446867#0 394446867#1 710476653#0 710476653#1 710476654 -36934835#1 -36934835#0 36936220 37051113#0 37051113#1 1119245072 37056055#1 319058606 37052930 698018294#0 698018294#1 1238956370 36935056 36935040#0 36935040#1 36935040#2 36935040#3 1238956371 187827287 1119245264#0 1119245264#1 36936423#0 156467657 -156467656#0 36936423#2 36936423#3 36936423#4 36936423#5 36936423#6,3.315641476276628,1
89,76,36936373#4 201772610 157574535 -36933126#2 -36933126#1 -36933126#0 -269702559 -36933151#0 36933113 39820664#9 36933223 36933282#0 36933282#1 -36288851#2 36284386#0 36284386#1 36933240 394446867#1 710476653#0 710476653#1 710476654 -36934835#1 -36934835#0 36936220 37051113#0 37051113#1 1119245072 37056055#1 319058606 37052930 698018294#0 698018294#1 1238956370 36935056 36935040#0 36935040#1 36935040#2 36935040#3 1238956371 187827287 1119245264#0 1119245264#1 36936423#0 156467657 -156467656#0 36936423#2 36936423#3 36936423#4 36936423#5 36936423#6,3.3155334849159366,2
89,76,36936373#4 201772610 157574535 -36933126#2 -36933126#1 -36933126#0 -269702559 -36933151#0 36933113 39820664#9 36933223 36933282#0 36933282#1 36288851#3 36933307#0 36933306 36284386#1 36933240 394446867#1 710476653#0 710476653#1 710476654 -36934835#1 -36934835#0 36936220 37051113#0 37051113#1 1119245072 37056055#1 319058606 37052930 698018294#0 698018294#1 1238956370 36935056 36935040#0 36935040#1 36935040#2 36935040#3 1238956371 187827287 1119245264#0 1119245264#1 36936423#0 36936423#1 36936423#2 36936423#3 36936423#4 36936423#5 36936423#6,3.3642735857078727,3
89,200,36936373#4 201772610 157574535 37088447#0 37088447#1 37088447#2 1088466838#0 1088466838#1 319058586 319058587#0 319058587#1 319058587#2 -1162674260 37088542 710476024#1 157574536#0 157574536#1 157574536#2 157553237#0 157553237#1 -319058608#1 -319058608#0 1339510610 36950657#0 36950657#1 1119245066#0 1119245066#1 269702545 319058589#0 319058589#1 319058589#2 319058589#3 -859785184 36950447#0 36950447#1 -1239117016#2 -1239117016#1 -1239117016#0 -37088673#1 -37088673#0 39820658#0 39820658#1 39820658#2 508751757#0 508751757#1 508751757#2 36936541 697740912 319058636 36936749#0 36936749#1 36936749#2 36936749#3 36936749#4 36936749#5 319779134 36936867 319058601 -201772616#3 -201772616#2 -201772616#1,3.3607751595893927,0
89,200,36936373#4 201772610 157574535 37088447#0 37088447#1 37088447#2 1088466838#0 1088466838#1 319058586 319058587#0 319058587#1 319058587#2 508751758#0 508751758#1 508751758#2 508751757#0 508751757#1 508751757#2 36936541 697740912 319058636 36936749#0 36936749#1 36936749#2 36936749#3 36936749#4 36936749#5 319779134 36936867 319058601 -201772616#3 -201772616#2 -201772616#1,1.258765503980204,1
89,200,36936373#4 201772610 157574535 37088447#0 37088447#1 37088447#2 1088466838#0 1088466838#1 319058586 319058587#0 319058587#1 319058587#2 508751758#0 508751758#1 508751758#2 508751757#0 508751757#1 508751757#2 36936541 36936727#0 36936727#1 36936727#2 357228242 319779156#0 319779156#1 319058636 36936749#0 36936749#1 36936749#2 36936749#3 153730008#0 153730008#1 153730008#2 36936749#5 319779134 36936867 319058601 -201772616#3 -201772616#2 -201772616#1,1.4878791928868913,2
89,200,36936373#4 201772610 157574535 -36933126#2 -36933126#1 -36933126#0 -1239117024 -394443151#2 196288048 -394443151#0 394443143#0 394443143#1 394443143#2 1238948418#0 1238948418#1 509025806#1 509025806#2 1338884372 1338884371#4 1338884371#5 1338884371#6 165170683#0 165170683#1 165170683#2 165170683#3 -319058613#2 -319058613#1 -319058613#0 -1371061454 -165170681#1 -165170681#0 -1238426236 165170685#0 165170685#1 -698024153 165172166 165172165#0 165172165#1 165172165#2 319058601 -201772616#3 -201772616#2 -201772616#1,3.4113647256685047,3
90,77,-394443151#0 394443151#0 394443151#1 394443151#2 153732964 -269702559 -36933151#0 36933113 39820664#9 39820664#10 39820664#1 243836885 243836889 56080983 35801882#4 35801882#1 -319058600#1 -319058600#0 35801597#0 35801597#1 35801597#2 35801597#3 327343082 327343097#2,3.0774525721015547,0
90,77,394443151#0 394443151#1 394443151#2 153732964 -269702559 -36933151#0 36933113 39820664#9 39820664#10 39820664#1 243836885 243836889 56080983 35801882#4 35801882#1 -319058600#1 35801699#0 -339700984 35801597#3 327343082 327343097#2,2.4590287879010493,1
90,77,394443151#0 -196288048 394443151#2 153732964 -269702559 -36933151#0 36933113 39820664#9 36933223 36933050 39820664#1 243836885 243836889 56080983 35801882#4 35801882#1 -319058600#1 35801699#0 -339700984 35801597#3 327343082 327343097#2,2.513914204990851,2
90,77,-394443151#0 394443151#0 394443151#1 394443151#2 153732964 -269702559 -36933151#0 36933113 39820664#9 39820664#10 39820664#1 243836885 243836889 56080983 35801882#4 35801882#1 -319058600#1 35801699#0 -339700984 35801597#3 327343082 327343097#2,2.928316502987084,3
91,10,-37054132 -156460681#0 -697704135 -1024000548 -36292830#1 -36292830#0 -36292768#1 -36292768#0 -36291218 -1119243207 -187827274 156466987 -1119245074 -36290738#2 -156466988#3 -156466992#0 187827280#3 187827279 36286792#0 36286792#1 187827271 319058598 37640683 187827276,2.1764638828893688,1
91,10,-37054132 -156460681#0 -697704135 -1024000548 -36292830#1 -36292830#0 -36292768#1 -36292768#0 -36291218 -187827281 -187827282#2 -187827282#1 -187827282#0 -1119245074 -36290738#2 -36290738#1 -36290738#0 187827279 36286792#0 36286792#1 187827271 319058598 37640683 187827276,1.9923866090712736,2
91,10,37054132 -37054132 -156460681#0 -697704135 -1024000548 -36292830#1 -36292830#0 -36292768#1 -36292768#0 -36291218 -187827281 -187827282#2 -187827282#1 -156466994#2 -156466996#0 156466997#2 -156466992#1 156466988#3 -36290738#1 -36290738#0 187827279 36286792#0 36286792#1 187827271 319058598 37640683 187827276,2.246478281737461,3
91,78,-37054132 37054132 156460683#6 156460683#7 156460683#8 36293459#0 36293459#1 36293459#2 37054066,0.7980621550275978,1
91,78,-37054132 156460681#1 156460681#2 36293459#0 36293459#1 36293459#2 37054066,0.4742800575953924,2
91,78,-37054132 -156460681#0 -319058626 -319058625 -156460677 -394456402#1 -394456402#0 319058645#0 319058645#1 156460683#1 156460683#2 156460683#3 156460683#4 156460683#5 156460683#6 156460683#7 156460683#8 36293459#0 36293459#1 36293459#2 37054066,1.5956863450923926,3
92,79,-697704135 -319058593 156460691 394456402#0 394456402#1 1238948417 319058625 319058626 156460681#0 156460681#1 156460681#2 36293459#0 36293459#1 36293459#2 37054066 1119245056 476687231#0 476687231#1 476687231#2 476687231#3 1119245057#2,1.45235781137509,0
92,79,697704135 156460681#0 156460681#1 156460681#2 36293459#0 36293459#1 36293459#2 36293459#3 36293459#4 36293459#5 36293459#6 36293459#7 36293459#8 36293459#9 37051872#0 37051872#1 476687231#3 1119245057#2,0.8679625629949604,1
92,79,697704135 156460681#0 37054132 156460683#6 156460683#7 156460683#8 36293459#0 36293459#1 36293459#2 37054066 1119245056 476687231#0 476687231#1 476687231#2 476687231#3 1119245057#2,1.248806095512359,2
92,79,-697704135 -319058593 156460691 394456402#0 394456402#1 156460677 319058625 319058626 156460681#0 37054132 156460683#6 156460683#7 156460683#8 36293459#0 36293459#1 36293459#2 37054066 1119245056 476687231#0 476687231#1 476687231#2 476687231#3 1119245057#2,1.7538816894648428,3
93,28,39820659#0 39820659#1 39820659#2 39820659#3 153733879 -36950506#3 -36950506#2 -36950506#1 -36950506#0 36950586 -319058589#3 -319058589#2 -319058589#1 -319058589#0 394456356#0 394456356#1 859784039#2 -319058602#1 1024000539#0 1024000539#1 1024000539#2 156460679 37052277#1 37052277#2 37052277#3,2.1490220782337404,0
93,28,39820659#0 39820659#1 39820659#2 39820659#3 153733879 -36950506#3 -36950506#2 -36950506#1 -36950506#0 36950586 -319058589#3 -319058589#2 -319058589#1 -319058589#0 -394456379 -36950439#1 -36950439#0 37088258#0 37050051 1119245067 37055902#0 -37051625#2 -37051625#1 -37052277#3,1.913816894648428,1
93,28,39820659#0 39820659#1 39820659#2 39820659#3 153733879 319058611 328471844 328471845#1 1339510609#0 1339510609#1 -1339510610 319058608#0 319058608#1 36289599#0 36289599#1 157553231 48955689#0 48955689#1 -36950525 157555049 1119245067 37055902#0 -37051625#2 -37051625#1 -37052277#3,1.5098667729140327,2
93,28,39820659#0 39820659#1 39820659#2 39820659#3 153733879 -36950506#3 -36950506#2 -36950506#1 -36950506#0 36950586 -319058589#3 -319058589#2 -319058589#1 -319058589#0 394456356#0 394456356#1 859784039#2 -319058602#1 1024000539#0 -156460680#0 -156460671 -37055902#2 -37055902#1 -37051625#2 -37051625#1 -37052277#3,2.276523878089752,3
93,57,39820659#0 39820659#1 39820659#2 39820659#3 153733879 -36950506#3 -36950506#2 -36950506#1 -36950506#0 36950447#0 36950447#1 -1239117016#2 -1239117016#1 -1239117016#0 -37088673#1 -37088673#0 39820658#0 39820658#1 39820658#2 508751757#0 508751757#1 508751757#2 36936541 36936727#0 36936727#1 36936727#2 36936727#3 36936727#4 36936727#5 36936727#6 -650145324#2 -650145324#1,1.820648112327432,0
93,57,39820659#0 39820659#1 39820659#2 39820659#3 153733879 319058611 328471844 328471845#1 1339510609#0 1339510609#1 -1339510610 319058608#0 319058608#1 -157553237#1 -157553237#0 -157553234 -157574536#1 -157574536#0 -710476024#1 -710476024#0 1162674260 508751758#0 508751758#1 508751758#2 508751757#0 508751757#1 508751757#2 36936541 36936727#0 36936727#1 36936727#2 36936727#3 36936727#4 36936727#5 36936727#6 -650145324#2 -650145324#1,1.3601703345876943,1
93,80,39820659#0 39820659#1 39820659#2 39820659#3 153733879 319058611 328471844 328471845#1 1339510609#0 1339510609#1 -1339510610 319058608#0 319058608#1 36289599#0 36289599#1 -878854448 -878854447 878854446 48955689#0 48955689#1 -36950525 157555049 1119245067 37055902#0 -37051625#2 -37051625#1 37052277#4 1237352048 1119245070 319058612#0 319058612#1 36288941#0 36288941#1 36288941#2 36289159#0 36935200 269702561#0 269702561#1,2.193316359773366,0
93,80,39820659#0 39820659#1 39820659#2 39820659#3 153733879 319058611 328471844 328471845#1 1339510609#0 1339510609#1 -1339510610 319058608#0 319058608#1 36289599#0 36289599#1 -878854448 -878854447 878854446 48955689#0 48955689#1 1119245069 406210869#0 406210869#1 319058612#0 319058612#1 36288941#0 36288941#1 36288941#2 36289159#0 36935200 269702561#0 269702561#1,1.6518956734282737,1
93,80,39820659#0 39820659#1 39820659#2 39820659#3 153733879 319058611 328471844 328471845#1 1339510609#0 1339510609#1 -1339510610 319058608#0 319058608#1 36289599#0 36289599#1 -878854448 -878854447 878854446 48955689#0 48955997 159922990 48955996 406210869#0 406210869#1 319058612#0 319058612#1 36288941#0 36288941#1 36288941#2 36289159#0 36935200 269702561#0 269702561#1,1.683723699643422,2
93,80,39820659#0 39820659#1 39820659#2 39820659#3 153733879 319058611 328471844 328471845#1 1339510609#0 1339510609#1 -1339510610 319058608#0 319058608#1 36289599#0 36289599#1 157553231 48955689#0 48955689#1 -36950525 157555049 1119245067 37055902#0 -37051625#2 -37051625#1 37052277#4 1237352048 1119245070 319058612#0 319058612#1 36288941#0 36288941#1 36288941#2 36289159#0 36935200 269702561#0 269702561#1,2.1974117693143205,3
94,31,156460683#5 -37054132 156460681#1 156460681#2 36293459#0 36293459#1 36293459#2 37054066 1119245056 476687231#0 476687231#1 476687231#2 476687231#3 -1119245057#1 -1119245057#0 1119245060#2 1119245061 319058602#0 319058602#1 36294383#0 37055563#0 332885734#0 332885734#1 332885734#2 37055217#1 -859785184 36950447#0 36950447#1 -1239117016#2 -1239117016#1 -1239117016#0 -37088673#1 -37088673#0 39820658#0 39820658#1 39820658#2 508751757#0 508751757#1 508751757#2 36936541 697740912 319058636 36936749#0 36936749#1 36936749#2 36936749#3 36936749#4 36936749#5 319779134 36936867 319058601 698024155#0 698024155#1 698024155#2 319779133#0 319779133#1 610135150#5 610135150#6 610135150#7 610135149 88525123 610135150#9 1057740878 1057740881 610135150#1 610135150#2 610135150#3 610135147#0 610135147#1,4.619086860089897,0
94,31,156460683#5 -37054132 156460681#1 156460681#2 36293459#0 36293459#1 36293459#2 36293459#3 36293459#4 36293459#5 36293459#6 36293459#7 36293459#8 36293459#9 36293459#10 37049908 -1024000539#2 -1024000539#1 -1024000539#0 319058602#1 -270968314 -394456356#1 -394456356#0 -394456379 607473249#0 607473249#1 -36950657#1 -36950657#0 -1339510610 319058608#0 319058608#1 -157553237#1 -157553237#0 -157553234 -157574536#1 -157574536#0 -710476024#1 -710476024#0 1162674260 508751758#0 508751758#1 508751758#2 508751757#0 508751757#1 508751757#2 36936541 697740912 319058636 36936749#0 36936749#1 36936749#2 36936749#3 36936749#4 36936749#5 319779134 36936867 319058601 698024155#0 698024155#1 698024155#2 319779133#0 319779133#1 610135150#5 610135150#6 610135150#7 610135150#8 610135150#9 610135150#0 610135150#1 1239117050 1239117049 610135150#3 610135147#0 610135147#1,3.588675735824121,1
94,31,156460683#5 156460683#6 156460683#7 156460683#8 36293459#0 36293459#1 36293459#2 37054066 1119245056 476687231#0 476687231#1 476687231#2 476687231#3 -1119245057#1 -1119245057#0 1119245060#2 1119245061 319058602#0 319058602#1 -270968314 -394456356#1 -394456356#0 319058589#0 319058589#1 319058589#2 319058589#3 -859785184 36950447#0 36950447#1 -1239117016#2 -1239117016#1 -1239117016#0 -37088673#1 -37088673#0 39820658#0 39820658#1 39820658#2 508751757#0 508751757#1 508751757#2 36936541 697740912 319058636 36936749#0 36936749#1 36936749#2 36936749#3 36936749#4 36936749#5 319779134 36936867 319058601 698024155#0 698024155#1 698024155#2 319779133#0 319779133#1 610135150#5 610135150#6 610135150#7 610135149 88525123 610135150#9 610135150#0 610135150#1 1239117050 1239117049 610135150#3 610135147#0 610135147#1,4.38902326517749,2
94,31,156460683#5 -37054132 156460681#1 156460681#2 36293459#0 36293459#1 36293459#2 37054066 1119245056 476687231#0 476687231#1 476687231#2 -37051872#1 -37051872#0 36293459#10 1119245060#0 1119245060#1 1119245060#2 -156460680#1 -1024000539#0 319058602#1 36294383#0 37055563#0 332885734#0 332885734#1 332885734#2 37055217#1 -859785184 36950447#0 36950447#1 -1239117016#2 -1239117016#1 -1239117016#0 -37088673#1 -37088673#0 39820658#0 39820658#1 39820658#2 508751757#0 508751757#1 508751757#2 36936541 697740912 319058636 36936749#0 36936749#1 36936749#2 36936749#3 36936749#4 36936749#5 319779134 36936867 319058601 698024155#0 698024155#1 698024155#2 319779133#0 319779133#1 610135150#5 610135150#6 610135150#7 610135150#8 610135150#9 610135150#0 610135150#1 610135150#2 610135150#3 610135147#0 610135147#1,4.715849176710328,3
94,81,156460683#5 -37054132 156460681#1 156460681#2 36293459#0 36293459#1 36293459#2 37054066 1119245056 476687231#0 476687231#1 476687231#2 476687231#3 -1119245057#1 -1119245057#0 1119245060#2 1119245061 319058602#0 1024000539#0 -156460680#0 -156460671 -37055902#2 -37055902#1 -37051625#2 -37051625#1 37052277#4 1237352048 1119245070 319058612#0 319058612#1 36288941#0 36288941#1 36288941#2 36936373#0 36936373#1 36936373#2 36936373#3 36936373#4 201772610 157574535 -36933126#2 -36933126#1 -36933126#0 -1239117024 -394443151#2 196288048 -394443151#0 -648178450#1 -648178450#0 648178453#0 648178452#0 648178452#1 1057740876,5.0322828163976645,0
94,81,156460683#5 -37054132 156460681#1 156460681#2 36293459#0 36293459#1 36293459#2 36293459#3 36293459#4 36293459#5 36293459#6 36293459#7 36293459#8 36293459#9 36293459#10 37049908 156460679 37052277#1 37052277#2 37052277#3 37052277#4 1237352048 1119245070 319058612#0 319058612#1 36288941#0 36288941#1 36288941#2 36936373#0 36936373#1 36936373#2 36936373#3 36936373#4 201772610 157574535 -36933126#2 -36933126#1 -36933126#0 -1239117024 -394443151#2 -394443151#1 -394443151#0 -648178450#1 -648178450#0 648178453#0 648178452#0 648178452#1 1057740876,4.063160538256745,1
94,81,156460683#5 156460683#6 156460683#7 156460683#8 36293459#0 36293459#1 36293459#2 37054066 1119245056 476687231#0 476687231#1 476687231#2 -37051872#1 -37051872#0 36293459#10 37049908 156460679 37052277#1 37052277#2 37052277#3 37052277#4 1237352048 1119245070 319058612#0 319058612#1 36288941#0 36288941#1 36288941#2 36936373#0 36936373#1 36936373#2 36936373#3 36936373#4 201772610 157574535 -36933126#2 -36933126#1 -36933126#0 -1239117024 -394443151#2 -394443151#1 -394443151#0 -648178450#1 -648178450#0 648178453#0 648178452#0 648178452#1 1057740876,4.482532988460729,2
94,81,156460683#5 156460683#6 156460683#7 156460683#8 36293459#0 36293459#1 36293459#2 37054066 1119245056 476687231#0 476687231#1 476687231#2 -37051872#1 -37051872#0 36293459#10 37049908 156460679 37052277#1 37052277#2 37052277#3 37052277#4 1237352048 1119245070 319058612#0 319058612#1 36288941#0 36288941#1 36288941#2 36936373#0 36936373#1 36936373#2 36936373#3 36936373#4 201772610 157574535 -36933126#2 -36933126#1 -36933126#0 -1239117024 -394443151#2 196288048 -394443151#0 -648178450#1 -648178450#0 648178453#0 648178452#0 648178452#1 1057740876,4.515358170369346,3
94,89,156460683#5 -37054132 156460681#1 156460681#2 36293459#0 36293459#1 36293459#2 37054066 1119245056 476687231#0 476687231#1 476687231#2 476687231#3 1119245057#2 1119245057#3 1119245058 36294081#0 36294081#1 36294081#2 36294081#3 36294081#4 243957899#0 243957899#1 -617837421#0 35573922 36295293#8 36294993 -36294383#10 -36294383#9 -36294383#8 -36294383#7 -36294383#6,3.363775967229552,0
94,89,156460683#5 156460683#6 156460683#7 156460683#8 36293459#0 36293459#1 36293459#2 36293459#3 36293459#4 36293459#5 36293459#6 36293459#7 36293459#8 36293459#9 36293459#10 1119245060#0 1119245060#1 1119245060#2 1119245061 319058602#0 319058602#1 36294383#0 36294383#1 36294383#2 36294383#3 36294383#4 36294383#5 36294383#6,0.995224382049436,1
94,89,156460683#5 156460683#6 156460683#7 156460683#8 36293459#0 36293459#1 36293459#2 37054066 1119245056 476687231#0 476687231#1 476687231#2 476687231#3 -1119245057#1 -1119245057#0 1119245060#2 -156460680#1 -1024000539#0 319058602#1 36294383#0 37055563#0 37055477 36294383#2 36294383#3 36294383#4 36294383#5 36294383#6,1.7177345812335014,2
94,93,156460683#5 -37054132 156460681#1 156460681#2 36293459#0 36293459#1 36293459#2 37054066 1119245056 476687231#0 476687231#1 476687231#2 476687231#3 -1119245057#1 -1119245057#0 1119245060#2 -156460680#1 -1024000539#0 319058602#1 36294383#0 36294383#1 36294383#2 36294383#3 36294383#4 36294383#5 36294383#6 36294383#7 36294383#8 36294383#9 36294383#10 406210870 36295293#0 37066008 -37055563#2 -37055563#1 332885734#0 332885734#1 332885734#2 37055217#1 -859785184 36950506#0 36950506#1 36950506#2 36950506#3 319058611 328471844 328471845#1 1339510609#0 1339510609#1 -1339510610 319058608#0 -37088332#3,5.188083952083353,0
94,93,156460683#5 156460683#6 156460683#7 156460683#8 36293459#0 36293459#1 36293459#2 36293459#3 36293459#4 36293459#5 36293459#6 36293459#7 36293459#8 36293459#9 36293459#10 1119245060#0 1119245060#1 1119245060#2 1119245061 319058602#0 319058602#1 -270968314 -394456356#1 -394456356#0 -394456379 607473249#0 607473249#1 -36950657#1 -36950657#0 -1339510610 319058608#0 -37088332#3,1.763564914806815,1
94,93,156460683#5 -37054132 156460681#1 156460681#2 36293459#0 36293459#1 36293459#2 37054066 1119245056 476687231#0 476687231#1 476687231#2 -37051872#1 -37051872#0 36293459#10 1119245060#0 1119245060#1 1119245060#2 -156460680#1 -1024000539#0 319058602#1 -270968314 -394456356#1 -394456356#0 -394456379 607473249#0 607473249#1 -36950657#1 -36950657#0 -1339510610 319058608#0 -37088332#3,2.5108951283897287,2
94,93,156460683#5 -37054132 156460681#1 156460681#2 36293459#0 36293459#1 36293459#2 37054066 1119245056 476687231#0 476687231#1 476687231#2 -37051872#1 -37051872#0 36293459#10 37049908 -1024000539#2 -1024000539#1 -1024000539#0 319058602#1 -270968314 -394456356#1 -394456356#0 -394456379 607473249#0 607473249#1 -36950657#1 -36950657#0 -1339510610 319058608#0 -37088332#3,2.625953923686106,3
95,82,153730020#1 153730020#2 153730014#0 153730017 -153730013#0 153730008#1 153730008#2 -36936749#4 -36936749#3 -36936749#2 -36936749#1 -36936749#0 319058644 319058627 36936541 36936727#0 36936727#1 36936727#2 36936727#3 36936727#4 36936727#5 36936727#6 36936727#7 319058652 1239117012#0 1239117012#1,1.0366879020515445,0
95,82,153730020#1 153730020#2 153730020#3 -153730008#1 -153730008#0 -36936749#3 -36936749#2 -36936749#1 -36936749#0 319058644 319058627 36936541 36936727#0 36936727#1 36936727#2 36936727#3 36936727#4 36936727#5 36936727#6 36936727#7 319058652 1239117012#0 1239117012#1,0.8331952255700734,1
96,4,319058602#0 -319058602#0 -1119245061 -156460680#1 -156460680#0 -156460671 -37055902#2 -37055902#1 -37051625#2 -37051625#1 37052277#4 1237352048 1119245070 319058612#0 319058612#1 36288941#0 36288941#1 36288941#2 36936373#0 36936373#1 153730938 -153730933#1 153730925#0 153730925#1 153730936#3 201772610 157574535 -36933126#2 -36933126#1 -36933126#0 -1239117024 -394443151#2,2.8270422560614588,0
96,4,-319058602#0 -1119245061 -1119245060#2 -1119245060#1 -1119245060#0 37049908 156460679 37052277#1 37052277#2 37052277#3 37052277#4 1237352048 1119245070 319058612#0 319058612#1 36288941#0 36288941#1 36288941#2 36936373#0 36936373#1 36936373#2 36936373#3 36936373#4 201772610 157574535 -36933126#2 -36933126#1 -36933126#0 -1239117024 -394443151#2,2.358983171535296,1
96,4,-319058602#0 -1119245061 -156460680#1 1024000539#1 1024000539#2 156460679 37052277#1 37052277#2 37052277#3 37052277#4 1237352048 1119245070 319058612#0 319058612#1 36288941#0 36288941#1 36288941#2 36936373#0 36936373#1 153730938 -153730933#1 -153730933#0 36936373#3 36936373#4 201772610 157574535 -36933126#2 -36933126#1 -36933126#0 -1239117024 -394443151#2,2.6345654975864754,2
96,4,319058602#0 1024000539#0 1024000539#1 1024000539#2 156460679 37052277#1 37052277#2 37052277#3 37052277#4 1237352048 1119245070 319058612#0 319058612#1 36288941#0 36288941#1 36288941#2 36936373#0 36936373#1 153730938 -153730933#1 -153730933#0 36936373#3 36936373#4 201772610 157574535 -36933126#2 -36933126#1 -36933126#0 -1239117024 -394443151#2,2.662889231687747,3
96,83,319058602#0 319058602#1 -270968314 -859784039#1 -859784039#0 -36950518#1 37051441#0 37051441#1 37051441#2 -37051625#2 -37051625#1 -37052277#3 -37052277#2,0.5565034797216222,0
96,83,-319058602#0 -1119245061 -1119245060#2 -1119245060#1 -1119245060#0 37049908 156460679 37052277#1 37052277#2,0.3357811375089992,1
96,83,-319058602#0 -1119245061 -1119245060#2 1119245057#0 1119245057#1 -476687231#3 -37051872#1 -37051872#0 36293459#10 37049908 156460679 37052277#1 37052277#2,0.8151487880969522,2
96,83,-319058602#0 -1119245061 -156460680#1 -156460680#0 -156460671 -37055902#2 -37055902#1 -37051625#2 -37051625#1 -37052277#3 -37052277#2,0.6760019198464122,3
97,74,37052277#2 37052277#3 -37051625#0 -156480737#2 -156480755 37050515#2 156480737#0 394456380 37050590 918716574#1 918716574#2 -36936220 39820661#0 39820661#1 36934854#0 -156480752 -1109771198#1 -1109771198#0 -36936392#1 -36936392#0 -36288941#0 270968317#0 270968317#1 36936396#0 36936396#1 394456381 1119245693 159922990 48955996 48956015 37050033#1,1.6634608413993346,0
97,74,37052277#2 37052277#3 37052277#4 1237352048 1119245070 319058612#0 319058612#1 270968317#0 270968317#1 36936396#0 36936396#1 394456381 1119245693 159922990 48955996 48956015 37050033#1,0.7269449569146981,1
97,74,37052277#2 37052277#3 37052277#4 1237352048 1119245070 319058612#0 319058612#1 36288941#0 36288941#1 36288941#2 36289159#0 36935200 269702561#0 269702561#1 270968317#1 48955998 313248247 313248248 48955996 48956015 37050033#1,1.0779970761655,2
97,74,37052277#2 37052277#3 37052277#4 1237352048 37050033#0 37050033#1,0.5562395008399329,3
97,84,-37052277#2 -37052277#1 -37052277#0 -37049908 1119245060#0 1119245060#1 1119245060#2 1119245061 319058602#0,0.3123290136789056,1
97,84,-37052277#2 -37052277#1 -37052277#0 -37049908 -36293459#10 37051872#0 37051872#1 476687231#3 -1119245057#1 -1119245057#0 1119245060#2 1119245061 319058602#0,0.7883849292056635,2
97,84,37052277#2 37052277#3 37051625#1 37051625#2 37055902#1 37055902#2 156460671 1119245064 -1024000539#0 -319058602#0,0.6854091672666186,3
97,100,-37052277#2 -37052277#1 -37052277#0 -1024000539#2 -1024000539#1 -1024000539#0 319058602#1 36294383#0 36294383#1 36294383#2 36294383#3 36294383#4 36294383#5 36294383#6 36294383#7 36294383#8 36294383#9 36294383#10 406210870 36295293#0 37066008 -37055563#2 -37055563#1 332885734#0 332885734#1 332885734#2 37055217#1 -319058589#3 -319058589#2 -319058589#1 -319058589#0 -394456379 -36950439#1 -36950439#0 37088258#0 37088258#1 394456378 36950525 1119245069,3.269228461723062,0
97,100,-37052277#2 -37052277#1 -37052277#0 -1024000539#2 -1024000539#1 -1024000539#0 319058602#1 -270968314 -859784039#1 -859784039#0 -36950518#1 -36950518#0 37088258#0 37088258#1 394456378 36950525 1119245069,0.6671046316294696,1
97,100,37052277#2 37052277#3 37052277#4 1237352048 1119245070 319058612#0 319058612#1 270968317#0 270968317#1 36936396#0 36936396#1 394456381 777654407 36936396#3 36936396#4 878854446 48955689#0 48955689#1 1119245069,0.7384844369966156,2
97,100,37052277#2 37052277#3 37052277#4 1237352048 37050033#0 -48956015 406210869#0 406210869#1 319058612#0 319058612#1 270968317#0 270968317#1 36936396#0 36936396#1 394456381 777654407 36936396#3 36936396#4 878854446 48955689#0 48955689#1 1119245069,1.085604667378185,3
98,3,157574537#1 36289394#0 153730941#0 153730941#1 36289599#1 -878854448 153730935 -153730939#0 36289295#1 36936396#3 36936396#4 878854446 48955689#0 48955689#1 1119245069 48956015 37050033#1 37055902#0 37055902#1 37055902#2 156460671 1119245064 -1024000539#0 319058602#1 36294383#0 37055563#0 332885734#0 332885734#1 332885734#2 37055217#1 -859785184 36950447#0 36950447#1 -1239117016#2 -1239117016#1 -1239117016#0 -37088673#1 -153730010#2,2.9805220910859984,0
98,3,157574537#1 36289394#0 36289394#1 36289394#2 1339510611 -157553237#0 -157553234 -157574536#1 -157574536#0 -710476024#1 -710476024#0 1162674260 508751758#0 508751758#1 508751758#2 508751757#0 508751757#1 508751757#2 36936541 697740912 319058636 319058644 698026761 37088673#0 -153730010#2,0.4581044551539386,1
98,3,157574537#1 36289394#0 36289394#1 36289394#2 -157553238 -157574536#1 -157574536#0 -710476024#1 -710476024#0 39820659#0 39820659#1 39820659#2 39820659#3 153733879 -36950506#3 -36950506#2 -36950506#1 -36950506#0 36950447#0 36950447#1 -1239117016#2 -1239117016#1 -1239117016#0 -37088673#1 -153730010#2,1.4929844874336249,2
98,4,-157553230 -157574537#0 153730936#0 153730936#1 -270968323#1 -270968324 -153730925#0 -153730933#0 36936373#3 36936373#4 201772610 157574535 -36933126#2 -36933126#1 -36933126#0 -1239117024 -394443151#2,1.6792004146418962,0
98,4,-157553230 -157574537#0 153730936#0 153730936#1 153730936#2 -153730925#1 -153730925#0 -153730933#0 36936373#3 36936373#4 201772610 157574535 -36933126#2 -36933126#1 -36933126#0 -1239117024 -394443151#2,1.6883196851002595,1
98,4,-157553230 -157574537#0 153730936#0 153730936#1 153730936#2 153730936#3 201772610 157574535 -36933126#2 -36933126#1 -36933126#0 -1239117024 -394443151#2,1.5347621263206233,2
98,4,157574537#1 -157553230 -157574537#0 153730936#0 153730936#1 -270968323#1 -270968324 -153730925#0 -153730933#0 36936373#3 36936373#4 201772610 157574535 -36933126#2 -36933126#1 -36933126#0 -1239117024 -394443151#2,1.7349959509989874,3
98,45,157574537#1 36289394#0 153730941#0 153730941#1 -36289599#0 -319058608#1 -319058608#0 1339510610 36950657#0 36950657#1 1119245066#0 1119245066#1 269702545 -394456379 -36950439#1 -36950439#0 37088258#0 37088258#1 394456378 36950525 1119245069 406210869#0 406210869#1 319058612#0 319058612#1 36288941#0 36288941#1 36288941#2 36936373#0 36936373#1,1.537257397446008,0
98,45,157574537#1 36289394#0 36289394#1 36289394#2 1339510611 157553237#1 36289599#0 36289599#1 157553231 48955689#0 48955689#1 1119245069 406210869#0 406210869#1 319058612#0 319058612#1 36288941#0 36288941#1 36288941#2 36936373#0 36936373#1,0.8894516827492684,1
98,45,157574537#1 36289394#0 153730941#0 -153730939#1 -153730939#0 36289295#1 36936396#3 36936396#4 878854446 48955689#0 48955997 159922990 48955996 406210869#0 406210869#1 319058612#0 319058612#1 36288941#0 36288941#1 36288941#2 36936373#0 36936373#1,1.030588804020791,2
98,45,157574537#1 36289394#0 153730941#0 -153730939#1 -153730939#0 36289295#1 -777654407 1119245693 159922990 48955996 48956015 37050033#1 37055902#0 -37051625#2 -37051625#1 37052277#4 1237352048 1119245070 319058612#0 319058612#1 36936407#0 36936407#1 36936380 -36936392#1 -36936392#0 36288941#1 36288941#2 36936373#0 36936373#1,1.8788676350814844,3
99,87,48955996 48956015 37050033#1 37055902#0 37055902#1 37055902#2 156460671 1119245064 -1024000539#0 319058602#1 -270968314 -394456356#1 -394456356#0 319058589#0 319058589#1 319058589#2 319058589#3 -859785184 36950447#0 36950447#1 -1239117016#2 -1239117016#1 -1239117016#0 -37088673#1 -37088673#0 39820658#0 39820658#1 39820658#2 508751757#0 508751757#1 508751757#2 36936541 697740912 319058636 36936749#0 36936749#1 153730015#0 153730015#1,2.4977521996260097,0
99,87,48955996 406210869#0 406210869#1 319058612#0 319058612#1 36288941#0 36288941#1 36288941#2 36289159#0 36289159#1 36289159#2 36289295#0 153730939#0 153730939#1 153730941#1 -36289599#0 -157553237#1 -157553237#0 -157553234 -157574536#1 -157574536#0 -710476024#1 -710476024#0 1162674260 508751758#0 508751758#1 508751758#2 508751757#0 508751757#1 508751757#2 36936541 697740912 319058636 36936749#0 36936749#1 153730015#0 153730015#1,1.1507564471349945,1
99,87,48955996 406210869#0 406210869#1 319058612#0 319058612#1 270968317#0 270968317#1 36936396#0 36936396#1 394456381 777654407 36936396#3 36936396#4 878854447 878854448 -36289599#1 -36289599#0 -157553237#1 -157553237#0 -157553234 -157574536#1 -157574536#0 -710476024#1 -710476024#0 1162674260 508751758#0 508751758#1 508751758#2 508751757#0 508751757#1 508751757#2 36936541 697740912 319058636 36936749#0 36936749#1 153730015#0 153730015#1,0.7918875958870186,2
99,87,48955996 48956015 37050033#1 37055902#0 37055902#1 37055902#2 156460671 1119245064 -1024000539#0 319058602#1 36294383#0 37055563#0 332885734#0 332885734#1 332885734#2 37055217#1 -859785184 36950447#0 36950447#1 -1239117016#2 -1239117016#1 -1239117016#0 -37088673#1 -37088673#0 39820658#0 39820658#1 39820658#2 508751757#0 508751757#1 508751757#2 36936541 697740912 319058636 36936749#0 36936749#1 153730015#0 153730015#1,2.6474582231441284,3
100,4,-36950518#1 -36950518#0 37088258#0 37088258#1 394456378 36950525 1119245069 406210869#0 406210869#1 -1119245070 -1119245071 -1299820133 -37051625#0 -156480737#2 -156480755 37050515#2 156480737#0 394456380 37056002 1119245115 37056017 -159922662#1 -159922662#0 -156460682#0 -37054319 -270968320 37052930 698018294#0 698018294#1 1238956370 698018293 -36936220 36934835#0 36934835#1 36934835#2 332885553 332885552 -394446867#1 -394446867#0 36288851#0 36288851#1 36284386#0 -36933306 -36933307#0 275506498 269702543 269702544 201772610 157574535 -36933126#2 -36933126#1 -36933126#0 -1239117024 -394443151#2,4.81441961891734,0
100,4,-36950518#1 -36950518#0 37088258#0 37088258#1 394456378 36950525 1119245069 406210869#0 406210869#1 319058612#0 319058612#1 36288941#0 36288941#1 36288941#2 36936373#0 36936373#1 36936373#2 36936373#3 36936373#4 201772610 157574535 -36933126#2 -36933126#1 -36933126#0 -1239117024 -394443151#2,1.9457362312905155,1
100,4,-36950518#1 -36950518#0 37088258#0 37088258#1 394456378 36950525 1119245069 406210869#0 406210869#1 -1119245070 -1119245071 -1299820133 -37051625#0 -156480737#2 -156480755 37050515#2 156480737#0 394456380 37050590 918716574#1 918716574#2 -36936220 36934835#0 36934835#1 36934835#2 -710476653#1 -710476653#0 -394446867#1 -394446867#0 36288851#0 36288851#1 36288851#2 36288851#3 275506498 269702543 269702544 201772610 157574535 -36933126#2 -36933126#1 -36933126#0 -1239117024 -394443151#2,3.6865899523665866,2
100,4,-36950518#1 -36950518#0 37088258#0 37050051 1119245067 37055902#0 -37051625#2 -37051625#1 -37051625#0 -156480737#2 -156480755 37050515#2 156480737#0 394456380 37050590 918716574#1 918716574#2 -36936220 36934835#0 36934835#1 36934835#2 -710476653#1 -710476653#0 -394446867#1 -394446867#0 36288851#0 36288851#1 36288851#2 36288851#3 275506498 269702543 269702544 201772610 157574535 -36933126#2 -36933126#1 -36933126#0 -1239117024 -394443151#2,3.6070963118578274,3
100,122,-36950518#1 -36950518#0 36950439#0 36950439#1 394456379 319058589#0 319058589#1 319058589#2 319058589#3 -859785184 36950447#0 36950447#1 -1239117016#2 -1239117016#1 -1239117016#0 -37088673#1 -37088673#0 39820658#0 39820658#1 39820658#2 508751757#0 508751757#1 508751757#2 36936541 697740912 319058636 36936749#0 36936749#1 36936749#2 36936749#3 36936749#4 36936749#5 319779134 36936867 -165172165#2 -165172165#1 -165172165#0 165172163 1238426242 698024153 165170686 1238426236 165170681#0 165170681#1 -165171783#2 -165171783#1 -165171783#0 -698024152#1 -698024152#0 1371061470#0 1371061470#1 1371061468 36936590#0 36936590#1 36936590#2 36936590#3 36936590#4 36936590#5,3.83732541180684,0
100,122,-36950518#1 -36950518#0 36950439#0 36950439#1 607473249#0 607473249#1 1119245066#0 1119245066#1 269702545 319058589#0 319058589#1 319058589#2 319058589#3 -859785184 36950447#0 36950447#1 -1239117016#2 -1239117016#1 -1239117016#0 -37088673#1 -37088673#0 39820658#0 39820658#1 39820658#2 508751757#0 508751757#1 508751757#2 36936541 697740912 319058636 36936749#0 36936749#1 36936749#2 36936749#3 36936749#4 36936749#5 319779134 36936867 -165172165#2 -165172165#1 -165172165#0 165172163 -165170684#1 -165170684#0 -698024152#1 -698024152#0 1371061470#0 1371061470#1 1371061468 36936590#0 36936590#1 36936590#2 36936590#3 36936590#4 36936590#5,3.248160544996184,1
100,122,-36950518#1 -36950518#0 37088258#0 37088258#1 394456378 36950525 1119245069 406210869#0 406210869#1 319058612#0 319058612#1 36288941#0 36288941#1 36288941#2 36936373#0 36936373#1 36936373#2 153730933#0 153730933#1 153730933#2 153730934 36935235#2 36935235#3 36289394#0 36289394#1 36289394#2 -157553238 -157574536#1 -157574536#0 -710476024#1 -710476024#0 1162674260 508751758#0 508751758#1 508751758#2 508751757#0 508751757#1 508751757#2 36936541 697740912 319058636 36936749#0 36936749#1 36936749#2 36936749#3 36936749#4 36936749#5 319779134 36936867 -165172165#2 -165172165#1 -165172165#0 165172163 -165170684#1 -165170684#0 -698024152#1 -698024152#0 1371061470#0 1371061470#1 1371061468 36936590#0 36936590#1 36936590#2 36936590#3 36936590#4 36936590#5,2.63658958768447,2
100,122,36950518#1 36950518#2 859784039#1 859784039#2 36294383#0 37055563#0 332885734#0 332885734#1 332885734#2 37055217#1 -859785184 36950447#0 36950447#1 -1239117016#2 -1239117016#1 -1239117016#0 -37088673#1 -37088673#0 39820658#0 39820658#1 39820658#2 508751757#0 508751757#1 508751757#2 36936541 697740912 319058636 36936749#0 36936749#1 36936749#2 36936749#3 36936749#4 36936749#5 319779134 36936867 -165172165#2 -165172165#1 -165172165#0 165172163 -165170684#1 -165170684#0 -698024152#1 -698024152#0 1371061470#0 1371061470#1 1371061468 36936590#0 36936590#1 36936590#2 36936590#3 36936590#4 36936590#5,3.488639306695248,3
101,3,-36936288 36284386#5 36284386#6 36934854#0 36934854#1 -918716575 918716573 156480737#0 156480737#1 156480737#2 37051625#0 -37052277#3 -37052277#2 -37052277#1 -37052277#0 -1024000539#2 -1024000539#1 156460680#1 1119245061 319058602#0 319058602#1 36294383#0 37055563#0 332885734#0 332885734#1 332885734#2 37055217#1 -859785184 36950447#0 36950447#1 -1239117016#2 -1239117016#1 -1239117016#0 -37088673#1 -153730010#2,3.171353284542992,0
101,3,36936288 -36936288 36284386#5 36284386#6 36934854#0 -156480752 -1109771198#1 -1109771198#0 -36936392#1 -36936392#0 36288941#1 36288941#2 36289159#0 36289159#1 36289159#2 36289295#0 153730939#0 153730939#1 153730941#1 -36289599#0 -319058608#1 -319058608#0 1339510610 -269702562 -1339510609#0 -328471845#1 -328471845#0 -319058611 -36950506#3 -36950506#2 -36950506#1 -36950506#0 36950447#0 36950447#1 -1239117016#2 -1239117016#1 -1239117016#0 -37088673#1 -153730010#2,2.6069473451419776,1
101,3,-36936288 36284386#5 36284386#6 36934854#0 -156480752 -1109771198#1 -1109771198#0 -36936392#1 -36936392#0 36288941#1 36288941#2 36289159#0 36289159#1 36289159#2 36289295#0 153730939#0 153730939#1 153730941#1 -36289599#0 -319058608#1 -319058608#0 1339510610 -269702562 -1339510609#0 -328471845#1 -328471845#0 -319058611 -36950506#3 -36950506#2 -36950506#1 -36950506#0 36950447#0 36950447#1 -1239117016#2 -1239117016#1 -1239117016#0 -37088673#1 -153730010#2,2.374345953253329,2
101,3,-36936288 36284386#5 36284386#6 36934854#0 36934854#1 -918716575 918716573 156480737#0 156480737#1 156480737#2 37051625#0 37051625#1 37051625#2 37055902#1 37055902#2 156460671 1119245064 -1024000539#0 319058602#1 36294383#0 37055563#0 332885734#0 332885734#1 332885734#2 37055217#1 -859785184 36950447#0 36950447#1 -1239117016#2 -1239117016#1 -1239117016#0 -37088673#1 -153730010#2,3.186280090398524,3
101,116,-36936288 36284386#5 36284386#6 36934854#0 -156480752 -1109771198#1 -1109771198#0 -36936392#1 -36936392#0 -36288941#0 270968317#0 270968317#1 36936396#0 36936396#1 394456381 777654407 36936396#3,0.8220013524030589,0
101,116,36936288 36936236#1 36934860#0 36934860#1 36934860#2 36934860#3 1339510612#0 1339510612#1 1339510612#2 36289159#0 36935200 269702561#0 269702561#1 270968317#1 36936396#0 36936396#1 36936396#2 36936396#3,0.6212780349309229,1
101,116,36936288 36936236#1 36934860#0 36934860#1 36934860#2 36934860#3 1339510612#0 1339510612#1 1339510612#2 36289159#0 36289159#1 36289159#2 36289295#0 153730939#0 -153730935 -878854447 878854446 48955689#0 48955997 -1119245693 -1119245692 36936396#2 36936396#3,0.8606837681608334,2
101,116,-36936288 36936288 36936236#1 36934860#0 36934860#1 36934860#2 36934860#3 1339510612#0 1339510612#1 1339510612#2 36289159#0 36289159#1 36289159#2 36289295#0 36289295#1 36936396#3,0.906695464362851,3
102,57,-36294383#4 -36294383#3 -36294383#2 -36294383#1 37055563#0 37055563#1 37055563#2 37066011 36295293#2 37066019 37066023 37066065#0 599886773#1 1339510606#0 1339510606#1 243957897#0 -139832421#1 -394459769#1 -394459769#0 243957897#2 243957897#3 243957897#4 37055217#1 -859785184 36950447#0 36950447#1 -1239117016#2 -1239117016#1 -1239117016#0 -37088673#1 -37088673#0 39820658#0 39820658#1 39820658#2 508751757#0 508751757#1 508751757#2 36936541 36936727#0 36936727#1 36936727#2 36936727#3 36936727#4 36936727#5 36936727#6 -650145324#2 -650145324#1,4.619124423241459,0
102,57,-36294383#4 -36294383#3 -36294383#2 -36294383#1 -36294383#0 -270968314 -394456356#1 -394456356#0 319058589#0 319058589#1 319058589#2 319058589#3 -859785184 36950447#0 36950447#1 -1239117016#2 -1239117016#1 -1239117016#0 -37088673#1 -37088673#0 39820658#0 39820658#1 39820658#2 508751757#0 508751757#1 508751757#2 36936541 36936727#0 36936727#1 36936727#2 36936727#3 36936727#4 36936727#5 36936727#6 -650145324#2 -650145324#1,2.177265582929784,1
102,57,-36294383#4 -36294383#3 -36294383#2 -36294383#1 -36294383#0 -270968314 -394456356#1 -394456356#0 -394456379 607473249#0 607473249#1 -36950657#1 -36950657#0 -1339510610 319058608#0 319058608#1 -157553237#1 -157553237#0 -157553234 -157574536#1 -157574536#0 -710476024#1 -710476024#0 1162674260 508751758#0 508751758#1 508751758#2 508751757#0 508751757#1 508751757#2 36936541 36936727#0 36936727#1 36936727#2 36936727#3 36936727#4 36936727#5 36936727#6 -650145324#2 -650145324#1,1.5442606085662562,2
102,57,-36294383#4 -36294383#3 -36294383#2 -36294383#1 37055563#0 37055563#1 37055563#2 37066011 36295293#2 37066019 37066023 37066065#0 599886773#1 1339510606#0 1339510606#1 243957897#0 243957897#1 243957897#2 243957897#3 243957897#4 37055217#1 -859785184 36950447#0 36950447#1 -1239117016#2 -1239117016#1 -1239117016#0 -37088673#1 -37088673#0 39820658#0 39820658#1 39820658#2 508751757#0 508751757#1 508751757#2 36936541 36936727#0 36936727#1 36936727#2 36936727#3 36936727#4 36936727#5 36936727#6 -650145324#2 -650145324#1,4.467048589308175,3
103,69,-36293752#1 -36293752#0 36293459#6 36293459#7 36293459#8 36293459#9 36293459#10 37049908 -1024000539#2 -1024000539#1 156460680#1 1119245061 319058602#0 319058602#1 -270968314 -394456356#1 -394456356#0 -394456379 -36950439#1 -36950439#0 37088258#0 37050051,1.1586393088552915,0
103,69,-36293752#1 -36293752#0 36293459#6 36293459#7 36293459#8 36293459#9 36293459#10 1119245060#0 1119245060#1 1119245060#2 1119245061 319058602#0 319058602#1 -270968314 -859784039#1 -859784039#0 -36950518#1 -36950518#0 37088258#0 37050051,0.4207763378929685,1
103,69,-36293752#1 -36293752#0 36293459#6 36293459#7 36293459#8 -37052381#2 -37052381#1 -37052381#0 -1024000539#3 -37049908 1119245060#0 1119245060#1 1119245060#2 -156460680#1 -1024000539#0 319058602#1 -270968314 -859784039#1 -859784039#0 -36950518#1 -36950518#0 37088258#0 37050051,0.9365610751139908,2
103,69,-36293752#1 -36293752#0 36293459#6 36293459#7 36293459#8 36293459#9 37051872#0 37051872#1 476687231#3 -1119245057#1 -1119245057#0 1119245060#2 -156460680#1 -1024000539#0 319058602#1 -270968314 -859784039#1 -859784039#0 -36950518#1 -36950518#0 37088258#0 37050051,1.0858651307895368,3
103,97,-36293752#1 -36293752#0 36293459#6 36293459#7 36293459#8 36293459#9 36293459#10 37049908 156460679 37052277#1 37052277#2 37052277#3 37052277#4 1237352048 1119245070 319058612#0 319058612#1 36936407#0 36936407#1 36936407#2 918716575 918716574#0 918716574#1 918716574#2 -36936220 39820661#0 36936262#0 36936262#1,1.890822719793928,0
103,97,-36293752#1 -36293752#0 36293459#6 36293459#7 36293459#8 36293459#9 36293459#10 37049908 156460679 37052277#1 37052277#2 37052277#3 37052277#4 37050515#0 37050515#1 156480755 -156480737#1 394456380 37050590 918716574#1 918716574#2 -36936220 39820661#0 36936262#0 36936262#1,1.467773383884685,1
103,97,-36293752#1 -36293752#0 36293459#6 36293459#7 36293459#8 36293459#9 36293459#10 37049908 156460679 37052277#1 37052277#2 37052277#3 -37051625#0 -156480737#2 -156480737#1 394456380 37050590 918716574#1 918716574#2 -36936220 39820661#0 36936262#0 36936262#1,1.295107197179621,2
103,97,-36293752#1 -36293752#0 36293459#6 36293459#7 36293459#8 -37052381#2 -37052381#1 -37052381#0 -1024000539#3 156460679 37052277#1 37052277#2 37052277#3 37052277#4 37050515#0 37050515#1 156480755 -156480737#1 394456380 37050590 918716574#1 918716574#2 -36936220 39820661#0 36936262#0 36936262#1,1.4765986778611668,3
104,3,-153732963#2 -394446875 -153732962#2 327342937 -394443153#0 -153732960#0 36936655#2 36936655#3 36936655#4 36936655#5 36936655#6 319779156#0 319779156#1 319058636 319058644 698026761 37088673#0 -153730010#2,0.9304304703635352,0
104,3,-153732963#2 -153732963#1 -202422660#0 -394443153#1 -394443153#0 -153732960#0 36936655#2 36936655#3 36936655#4 36936655#5 36936655#6 319779156#0 319779156#1 319058636 319058644 698026761 37088673#0 -153730010#2,0.9515210808337852,1
104,3,-153732963#2 -153732963#1 202422660#1 202422660#2 319779156#0 319779156#1 319058636 319058644 698026761 37088673#0 -153730010#2,0.6120335143665554,2
104,3,-153732963#2 -394446875 -153732962#2 -153732962#1 -153732962#0 153732960#1 394443153#1 202422660#0 202422660#1 202422660#2 319779156#0 319779156#1 319058636 319058644 698026761 37088673#0 -153730010#2,0.949014555883234,3
104,182,-153732963#2 -153732963#1 -202422660#0 -394443153#1 -394443153#0 -153732960#0 36936655#2 36936655#3 36936655#4 36936655#5 36936655#6 319779156#0 319779156#1 319058636 36936749#0 36936749#1 153730015#0 -153730022#3 -153730022#2 -153730022#1,0.896668770548761,0
104,182,-153732963#2 -153732963#1 202422660#1 202422660#2 319779156#0 319779156#1 319058636 36936749#0 36936749#1 153730015#0 -153730022#3 -153730022#2 -153730022#1,0.5571812040815312,2
104,182,-153732963#2 -394446875 -153732962#2 -153732962#1 -153732962#0 153732960#1 394443153#1 202422660#0 202422660#1 202422660#2 319779156#0 319779156#1 319058636 36936749#0 36936749#1 153730015#0 -153730022#3 -153730022#2 -153730022#1,0.8941622455982099,3
105,60,-394443146 394443147#1 165170818#6 165170818#7 394443152#0 394443152#1 -394443149#0 165170685#1 -698024153 165172166 165172163 -165170684#1 -165172642#2 -165172642#1 -165172642#0,0.90347972162227,0
105,60,-394443146 394443147#1 165170818#6 165170818#7 165170818#8 165170817 165170685#0 165170685#1 -698024153 -1238426242 -165170684#1 -165172642#2 -165172642#1 -165172642#0,0.8312455003599712,1
105,60,394443146 -394443146 394443147#1 165170818#6 165170818#7 165170818#8 165170817 165170685#0 165170685#1 -698024153 165172166 165172163 -165170684#1 -165172642#2 -165172642#1 -165172642#0,0.9995440364770816,2
105,60,394443146 -394443146 394443147#1 165170818#6 165170818#7 394443152#0 394443152#1 -394443149#0 165170685#1 -698024153 165172166 165172163 -165170684#1 -165172642#2 -165172642#1 -165172642#0,1.015238780897528,3
105,90,394443146 -394443146 394443147#1 165170818#6 165170818#7 165170818#8 165170817 165170685#0 165170685#1 -698024153 165172166 165172165#0 165172165#1 165172165#2 319058601 932857453 319058592#3 698024160 -1239117045 -36936749#5 -36936749#4 -36936749#3 -36936749#2 -36936749#1 -36936749#0 319058644 698026761 39820658#0 39820658#1 39820658#2 -508751758#2 -508751758#1 -508751758#0 -1162674260 39820659#0 39820659#1,2.3094949181743227,0
105,90,-394443146 394443147#1 165170818#6 165170818#7 165170818#8 165170817 165170685#0 165170685#1 -698024153 -1238426242 -165170684#1 -165170684#0 -698024152#1 -698024152#0 1371061470#0 1371061470#1 1371061468 36936590#0 36936590#1 36936590#2 36936590#3 36936590#4 36936590#5 36936590#6 36936590#7 36936590#8 1239117013#1 1239117013#2 36936494#0 36936494#1 36936655#0 36936655#1 36936655#2 36936655#3 36936655#4 36936655#5 36936655#6 319779156#0 319779156#1 319058636 319058644 698026761 39820658#0 39820658#1 39820658#2 -508751758#2 -508751758#1 -508751758#0 -1162674260 39820659#0 39820659#1,1.6038289574097802,1
105,90,-394443146 394443147#1 165170818#6 165170818#7 165170818#8 165170817 165170685#0 165170685#1 -698024153 165172166 165172165#0 165172165#1 165172165#2 1238426243 698024160 -1239117045 -36936749#5 -36936749#4 -36936749#3 -36936749#2 -36936749#1 -36936749#0 319058644 698026761 39820658#0 39820658#1 39820658#2 -508751758#2 -508751758#1 -508751758#0 -1162674260 39820659#0 39820659#1,1.7064142267358486,2
105,90,394443146 -394443146 394443147#1 165170818#6 165170818#7 394443152#0 394443152#1 -394443149#0 165170685#1 -698024153 165172166 165172165#0 165172165#1 165172165#2 1238426243 698024160 -1239117045 -36936749#5 -36936749#4 -36936749#3 -36936749#2 -36936749#1 -36936749#0 319058644 698026761 39820658#0 39820658#1 39820658#2 -508751758#2 -508751758#1 -508751758#0 -1162674260 39820659#0 39820659#1,1.8338680304315529,3
105,132,-394443146 394443147#1 165170818#6 165170818#7 165170818#8 165170817 1238426236 165170681#0 165170681#1 1371061454 -165170994#6 165171448#0 165171448#1 165170815#1 319058613#2 165170673#0 165170673#1 165170673#2 1338884371#8 1338884377 243836884#0 243836884#1 243836884#2 243836884#3 243836884#4 243836884#5 39820657#0 39820657#1 719004331 1371061469#0 1371061469#1 698024152#0 698024152#1 165170684#0 165170684#1 1238426242 698024153,1.1880829119629026,0
105,132,-394443146 394443147#1 165170818#6 165170818#7 165170818#8 165170817 165170685#0 165170685#1 -698024153,0.4922486201103911,1
105,132,-394443146 394443147#1 165170818#6 165170818#7 165170818#8 165170817 1238426236 165170681#0 165170681#1 -165171783#2 -165171783#1 -165171783#0 165170684#0 165170684#1 1238426242 698024153,1.0309935205183585,3
105,148,-394443146 394443147#1 165170818#6 165170818#7 165170818#8 165170817 1238426236 165170681#0 165170681#1 -165171783#2 -165171783#1 -165171783#0 -698024152#1 -698024152#0 1371061470#0 1371061470#1 1371061468 36936590#0 36936590#1 36936590#2 36936590#3 36936590#4 36936590#5 36936590#6 36936590#7 36936590#8 1239117013#1 1239117013#2,1.2789454431404264,0
105,148,-394443146 394443147#1 165170818#6 165170818#7 165170818#8 165170817 165170685#0 165170685#1 -698024153 -1238426242 -165170684#1 -165170684#0 -698024152#1 -698024152#0 1371061470#0 1371061470#1 1371061468 36936590#0 36936590#1 36936590#2 36936590#3 36936590#4 36936590#5 36936590#6 36936590#7 36936590#8 1239117013#1 1239117013#2,1.100783696080191,1
105,148,394443146 -394443146 394443147#1 165170818#6 165170818#7 394443152#0 394443152#1 -394443149#0 165170685#1 -698024153 165172166 165172163 -165170684#1 -165170684#0 -698024152#1 -698024152#0 1371061470#0 1371061470#1 1371061468 36936590#0 36936590#1 36936590#2 36936590#3 36936590#4 36936590#5 36936590#6 36936590#7 36936590#8 1239117013#1 1239117013#2,1.2847769766177484,3
106,2,1119245069 48956015 37050033#1 37055902#0 37055902#1 37055902#2 156460671 1119245064 156460680#1 -1119245060#2 -1119245060#1 -1119245060#0 -36293459#10 37051872#0 37051872#1 -476687231#2 -476687231#1 -476687231#0 -1119245056 -37054066 -36293459#2 -36293459#1 -36293459#0 -156460681#2 -156460681#1 37054132 -156460683#5,1.677027837772978,0
106,2,1119245069 48956015 37050033#1 37055902#0 -37051625#2 -37051625#1 -37052277#3 -37052277#2 -37052277#1 -37052277#0 1024000539#3 37052381#0 37052381#1 37052381#2 -36293459#8 -36293459#7 -36293459#6 -36293459#5 -36293459#4 -36293459#3 -36293459#2 -36293459#1 -36293459#0 -156460683#8 -156460683#7 -156460683#6 -156460683#5,1.264134869210463,1
106,2,1119245069 406210869#0 406210869#1 -1119245070 -1119245071 -1299820133 -37052277#3 -37052277#2 -37052277#1 -37052277#0 -37049908 -36293459#10 37051872#0 37051872#1 -476687231#2 -476687231#1 -476687231#0 -1119245056 -37054066 -36293459#2 -36293459#1 -36293459#0 -156460683#8 -156460683#7 -156460683#6 -156460683#5,1.7998980081593468,2
106,2,1119245069 48956015 37050033#1 37055902#0 37055902#1 37055902#2 156460671 1119245064 -1024000539#0 -319058602#0 -1119245061 -1119245060#2 1119245057#0 1119245057#1 -476687231#3 -476687231#2 -476687231#1 -476687231#0 -1119245056 -37054066 -36293459#2 -36293459#1 -36293459#0 -156460683#8 -156460683#7 -156460683#6 -156460683#5,1.8619030477561795,3
107,92,-36934835#1 -36934835#0 39820661#0 39820661#1 36934854#0 36934854#1 -918716575 918716573 156480737#0 156480737#1 156480737#2 37051625#0 37051625#1 37051625#2 37055902#1 37055902#2 156460671 1119245064 156460680#1 1119245061 319058602#0 319058602#1 36294383#0 36294383#1 36294383#2 36294383#3 36294383#4 36294383#5 36294383#6 36294383#7 36294383#8,1.7886079041734215,0
107,92,-36934835#1 -36934835#0 39820661#0 39820661#1 36934854#0 36934854#1 -918716575 918716573 156480737#0 156480737#1 156480737#2 37051625#0 -37052277#3 -37052277#2 -37052277#1 -37052277#0 -37049908 1119245060#0 1119245060#1 1119245060#2 1119245061 319058602#0 319058602#1 36294383#0 36294383#1 36294383#2 36294383#3 36294383#4 36294383#5 36294383#6 36294383#7 36294383#8,1.6237290944781977,1
107,92,-36934835#1 -36934835#0 39820661#0 39820661#1 36934854#0 36934854#1 -918716575 918716573 156480737#0 156480737#1 156480737#2 37051625#0 -37052277#3 -37052277#2 -37052277#1 -37052277#0 -1024000539#2 -1024000539#1 -1024000539#0 319058602#1 36294383#0 37055563#0 37055477 36294383#2 36294383#3 36294383#4 36294383#5 36294383#6 36294383#7 36294383#8,1.6529707551453436,2
107,92,36934835#1 36934835#2 -710476653#1 -710476653#0 -394446867#1 -394446867#0 36288851#0 36288851#1 36284386#0 36284386#1 36284386#2 36284386#3 36284386#4 36284386#5 36284386#6 36934854#0 36934854#1 -918716575 918716573 156480737#0 156480737#1 156480737#2 37051625#0 -37052277#3 -37052277#2 -37052277#1 -37052277#0 -1024000539#2 -1024000539#1 -1024000539#0 319058602#1 36294383#0 36294383#1 36294383#2 36294383#3 36294383#4 36294383#5 36294383#6 36294383#7 36294383#8,2.233436317900324,3
108,27,-37051625#0 37051625#0 -37052277#3 -37052277#2 -37052277#1 -37052277#0 -37049908 -36293459#10 37051872#0 37051872#1 -476687231#2 -476687231#1 -476687231#0 -1119245056 -37054066 36293459#3 36293459#4 36293459#5 36293459#6 36293459#7 36293459#8,1.2100131989440843,0
108,27,37051625#0 -37052277#3 -37052277#2 -37052277#1 -37052277#0 -37049908 -36293459#10 -36293459#9 -36293459#8,0.4003899688024958,1
108,27,37051625#0 -37052277#3 -37052277#2 -37052277#1 -37052277#0 1024000539#3 37052381#0 37052381#1 37052381#2 -36293459#8,0.4091792656587473,2
108,27,37051625#0 37051625#1 37051625#2 37055902#1 37055902#2 156460671 1119245064 1024000539#1 1024000539#2 -37049908 -36293459#10 -36293459#9 -36293459#8,0.7451463882889369,3
109,1,156460683#7 156460683#8 36293459#0 36293459#1 36293459#2 36293459#3 36293459#4 36293459#5 36293459#6 36293459#7 36293459#8 -37052381#2 -37052381#1 -37052381#0 -1024000539#3 156460679 37052277#1 37052277#2 37052277#3 37052277#4 37050515#0 37050515#1 37050515#2 156480737#0 394456380 37056002 1119245115 37056017 -159922662#1 -159922662#0 -156460682#0 -37054319 -270968320 37052930,1.896465843356781,0
109,1,156460683#7 156460683#8 36293459#0 36293459#1 36293459#2 36293459#3 36293459#4 36293459#5 36293459#6 36293459#7 36293459#8 36293459#9 36293459#10 37049908 156460679 37052277#1 37052277#2 37052277#3 -37051625#0 -156480737#2 -156480737#1 394456380 37050590 918716574#1 918716574#2 37051113#0 37051113#1 1119245072 37056055#1 319058606 37052930,1.6761547133783257,1
109,1,156460683#7 156460683#8 36293459#0 36293459#1 36293459#2 36293459#3 36293459#4 36293459#5 36293459#6 36293459#7 36293459#8 -37052381#2 -37052381#1 -37052381#0 -1024000539#3 156460679 37052277#1 37052277#2 37052277#3 37052277#4 37050515#0 37050515#1 156480755 -156480737#1 394456380 37056002 1119245115 37056017 -159922662#1 37054401 37056055#1 319058606 37052930,2.000765460972006,3
109,27,-156460683#7 -156460683#6 -37054132 156460681#1 156460681#2 36293459#0 36293459#1 36293459#2 37054066 1119245056 476687231#0 476687231#1 476687231#2 -37051872#1 -37051872#0 36293459#10 37049908 1024000539#3 37052381#0 37052381#1 37052381#2 -36293459#8,1.5935805135589154,0
109,27,156460683#7 156460683#8 36293459#0 36293459#1 36293459#2 36293459#3 36293459#4 36293459#5 36293459#6 36293459#7 36293459#8,0.339026877849772,1
109,27,156460683#7 156460683#8 36293459#0 36293459#1 36293459#2 37054066 1119245056 476687231#0 476687231#1 476687231#2 476687231#3 -1119245057#1 -1119245057#0 1119245060#2 -156460680#1 1024000539#1 1024000539#2 -37049908 -36293459#10 -36293459#9 -36293459#8,1.3548716102711782,2
109,27,156460683#7 156460683#8 36293459#0 36293459#1 36293459#2 37054066 1119245056 476687231#0 476687231#1 476687231#2 476687231#3 -1119245057#1 -1119245057#0 1119245060#2 1119245061 319058602#0 1024000539#0 1024000539#1 1024000539#2 1024000539#3 37052381#0 37052381#1 37052381#2 -36293459#8,1.5584893208543316,3
110,65,37051872#0 37051872#1 476687231#3 -1119245057#1 -1119245057#0 1119245060#2 1119245061 319058602#0 319058602#1 -270968314 -394456356#1 -394456356#0 -394456379 607473249#0 607473249#1 -36950657#1 -36950657#0 -1339510610 319058608#0 319058608#1 36289599#0 36289599#1 157553231,1.6619059098134432,0
110,65,-37051872#0 36293459#10 37049908 156460679 37052277#1 37052277#2 37052277#3 37052277#4 1237352048 1119245070 319058612#0 319058612#1 270968317#0 270968317#1 36936396#0 36936396#1 36936396#2 36936396#3 36936396#4 878854447 878854448 157553231,0.9308362909725096,1
110,65,-37051872#0 -36293459#9 -37052381#2 -37052381#1 -37052381#0 -1024000539#3 -1024000539#2 -1024000539#1 156460680#1 1119245061 319058602#0 319058602#1 -270968314 -394456356#1 -394456356#0 -394456379 607473249#0 607473249#1 -36950657#1 -36950657#0 -1339510610 319058608#0 319058608#1 36289599#0 36289599#1 157553231,1.7734729844474724,2
110,65,37051872#0 37051872#1 476687231#3 -1119245057#1 -1119245057#0 1119245060#2 -156460680#1 -1024000539#0 319058602#1 -270968314 -394456356#1 -394456356#0 -394456379 607473249#0 607473249#1 -36950657#1 -36950657#0 -1339510610 319058608#0 319058608#1 36289599#0 36289599#1 157553231,1.8722970785199464,3
111,27,37050515#2 156480737#0 156480737#1 156480737#2 37051625#0 37051625#1 37051625#2 37055902#1 37055902#2 156460671 1119245064 -1024000539#0 -319058602#0 -1119245061 -1119245060#2 1119245057#0 1119245057#1 -476687231#3 -37051872#1 -37051872#0 -36293459#9 -36293459#8,1.5543076553875692,0
111,27,37050515#2 156480737#0 156480737#1 156480737#2 37051625#0 -37052277#3 -37052277#2 -37052277#1 -37052277#0 -37049908 -36293459#10 -36293459#9 -36293459#8,0.6672246220302376,1
111,27,37050515#2 156480737#0 156480737#1 156480737#2 37051625#0 37052277#4 1237352048 1119245070 319058612#0 319058612#1 270968317#0 270968317#1 48955998 313248247 313248248 48955996 48956015 37050033#1 37055902#0 37055902#1 37055902#2 156460671 1119245064 1024000539#1 1024000539#2 -37049908 -36293459#10 -36293459#9 -36293459#8,1.597287687732056,2
111,27,37050515#2 156480737#0 156480737#1 156480737#2 37051625#0 37052277#4 1237352048 37050033#0 37050033#1 37055902#0 37055902#1 37055902#2 156460671 1119245064 1024000539#1 1024000539#2 1024000539#3 37052381#0 37052381#1 37052381#2 -36293459#8,1.4458243340532757,3
112,94,36293752#6 36293752#7 -476687231#0 -1119245056 -37054066 36293459#3 36293459#4 36293459#5 36293459#6 36293459#7 36293459#8 36293459#9 36293459#10 37049908 156460679 37052277#1 37052277#2 37052277#3 -37051625#0 -156480737#2 -156480737#1 394456380 37056002 1119245115 37056017 -159922662#1 37054401 37056055#1 319058606 37052930 698018294#0 698018294#1 1238956370 36935056 36935040#0 36935040#1 36935040#2,2.369023073592288,0
112,94,36293752#6 36293752#7 476687231#1 476687231#2 476687231#3 -1119245057#1 -1119245057#0 -1119245060#1 -1119245060#0 37049908 156460679 37052277#1 37052277#2 37052277#3 -37051625#0 -156480737#2 -156480737#1 394456380 37056002 1119245115 37056017 -159922662#1 37054401 37056055#1 319058606 37052930 698018294#0 698018294#1 1238956370 36935056 36935040#0 36935040#1 36935040#2,2.2909453198125904,1
112,94,36293752#6 36293752#7 476687231#1 476687231#2 -37051872#1 -37051872#0 36293459#10 37049908 156460679 37052277#1 37052277#2 37052277#3 -37051625#0 -156480737#2 -156480737#1 394456380 37050590 918716574#1 918716574#2 37051113#0 37051113#1 1119245072 37056055#1 319058606 37052930 698018294#0 698018294#1 1238956370 36935056 36935040#0 36935040#1 36935040#2,2.055115469747108,2
112,94,36293752#6 36293752#7 476687231#1 476687231#2 -37051872#1 -37051872#0 36293459#10 37049908 156460679 37052277#1 37052277#2 37052277#3 -37051625#0 -156480737#2 -156480755 37050515#2 156480737#0 394456380 37056002 1119245115 37056017 -159922662#1 37054401 37056055#1 319058606 37052930 698018294#0 698018294#1 1238956370 36935056 36935040#0 36935040#1 36935040#2,2.32564054419464,3
113,2,-1119245070 1119245070 319058612#0 319058612#1 36936407#0 36936407#1 36936407#2 918716573 156480737#0 156480737#1 156480737#2 37051625#0 -37052277#3 -37052277#2 -37052277#1 -37052277#0 -37049908 -36293459#10 -36293459#9 -36293459#8 -36293459#7 -36293459#6 -36293459#5 -36293459#4 -36293459#3 -36293459#2 -36293459#1 -36293459#0 -156460683#8 -156460683#7 -156460683#6 -156460683#5,1.736958985727185,0
113,2,-1119245070 -1119245071 -1299820133 -37052277#3 -37052277#2 -37052277#1 -37052277#0 -37049908 -36293459#10 -36293459#9 -36293459#8 -36293459#7 -36293459#6 -36293459#5 -36293459#4 -36293459#3 -36293459#2 -36293459#1 -36293459#0 -156460683#8 -156460683#7 -156460683#6 -156460683#5,1.1379469642428606,1
113,2,1119245070 -1119245070 37050033#0 37050033#1 37055902#0 37055902#1 37055902#2 156460671 1119245064 156460680#1 -1119245060#2 -1119245060#1 -1119245060#0 -36293459#10 37051872#0 37051872#1 -476687231#2 -476687231#1 -476687231#0 -1119245056 -37054066 -36293459#2 -36293459#1 -36293459#0 -156460683#8 -156460683#7 -156460683#6 -156460683#5,1.723812095032397,3
114,96,36936262#1 918716574#2 -36936220 39820661#0 39820661#1 36936236#0 36936236#1 36934860#0 36934860#1 36934860#2 36934860#3 1339510612#0 1339510612#1 1339510612#2 36936373#0 36936373#1 153730938 153730933#2 153730934 36935235#2 36935235#3 36289394#0 153730941#0 153730941#1,1.0245932856955535,0
114,96,36936262#1 918716574#2 -36936220 39820661#0 39820661#1 36936236#0 36936236#1 36934860#0 36934860#1 36934860#2 36934860#3 1339510612#0 1339510612#1 1339510612#2 36289159#0 36289159#1 36289159#2 36289295#0 153730939#0 153730939#1 153730941#1,0.7838790306847394,1
114,96,36936262#1 918716574#2 -36936220 39820661#0 39820661#1 36934854#0 -156480752 -1109771198#1 -1109771198#0 -36936392#1 -36936392#0 36288941#1 36288941#2 36289159#0 36289159#1 36289159#2 36289295#0 153730939#0 153730939#1 153730941#1,0.98833067455323,2
114,96,36936262#1 918716574#2 -36936220 39820661#0 39820661#1 36934854#0 -156480752 -1109771198#1 -1109771198#0 -36936392#1 -36936392#0 36288941#1 36288941#2 36289159#0 36289159#1 36289159#2 36935235#0 36935235#1 36935235#2 36935235#3 36289394#0 153730941#0 153730941#1,1.0486498490192726,3
114,142,36936262#1 918716574#2 37051113#0 37051113#1,0.190250520965517,2
115,33,-36288941#1 -36288941#0 270968317#0 270968317#1 36936396#0 -394456375 36935232 36289159#2 36289295#0 153730939#0 -153730935 -878854447 878854446 48955689#0 48955689#1 -36950525 157555049 1119245067,0.8284487790031703,0
115,33,-36288941#1 36288941#1 36288941#2 36289159#0 36289159#1 36289159#2 36289295#0 36289295#1 36936396#3 36936396#4 878854446 48955689#0 48955689#1 -36950525 157555049 1119245067,0.6983765331176746,1
115,33,-36288941#1 -36288941#0 270968317#0 270968317#1 36936396#0 36936396#1 394456381 777654407 36936396#3 36936396#4 878854446 48955689#0 48955689#1 -36950525 157555049 1119245067,0.4652422963678657,2
115,33,36288941#1 36288941#2 36289159#0 36289159#1 36289159#2 36289295#0 153730939#0 153730939#1 153730941#1 36289599#1 157553231 48955689#0 48955689#1 -36950525 157555049 1119245067,0.7812066411824767,3
115,57,-36288941#1 36288941#1 36288941#2 36289159#0 36289159#1 36289159#2 36935235#0 36935235#1 -153730934 -269702565#0 -153730938 36936373#2 36936373#3 36936373#4 201772610 157574535 37088447#0 37088447#1 37088447#2 1088466838#0 1088466838#1 319058586 319058587#0 319058587#1 319058587#2 508751758#0 508751758#1 508751758#2 508751757#0 508751757#1 508751757#2 36936541 36936727#0 36936727#1 36936727#2 36936727#3 36936727#4 36936727#5 36936727#6 -650145324#2 -650145324#1,1.358631538099814,0
115,57,36288941#1 36288941#2 36289159#0 36289159#1 36289159#2 36935235#0 36935235#1 36935235#2 36935235#3 36289394#0 36289394#1 36289394#2 1339510611 -157553237#0 -157553234 -157574536#1 -157574536#0 -710476024#1 -710476024#0 1162674260 508751758#0 508751758#1 508751758#2 508751757#0 508751757#1 508751757#2 36936541 36936727#0 36936727#1 36936727#2 36936727#3 36936727#4 36936727#5 36936727#6 -650145324#2 -650145324#1,0.839706972857113,1
115,57,36288941#1 36288941#2 36289159#0 36289159#1 36289159#2 36935235#0 -269702565#1 153730934 36935235#2 36935235#3 36289394#0 36289394#1 36289394#2 -157553238 -157574536#1 -157574536#0 -710476024#1 -710476024#0 1162674260 508751758#0 508751758#1 508751758#2 508751757#0 508751757#1 508751757#2 36936541 36936727#0 36936727#1 36936727#2 36936727#3 36936727#4 36936727#5 36936727#6 -650145324#2 -650145324#1,0.908788038631077,2
115,57,36288941#1 36288941#2 36936373#0 36936373#1 36936373#2 36936373#3 36936373#4 201772610 157574535 37088447#0 37088447#1 37088447#2 1088466838#0 1088466838#1 319058586 319058587#0 319058587#1 319058587#2 508751758#0 508751758#1 508751758#2 508751757#0 508751757#1 508751757#2 36936541 36936727#0 36936727#1 36936727#2 36936727#3 36936727#4 36936727#5 36936727#6 -650145324#2 -650145324#1,0.9161564482582168,3
116,99,37050515#1 156480755 156480737#2 37051625#0 37051625#1 37051625#2 37055902#1 37055902#2 156460671 1119245064 156460680#1 1119245061 319058602#0 319058602#1 -270968314 -394456356#1 -394456356#0 -394456379 -36950439#1,1.392992560595152,0
116,99,37050515#1 156480755 156480737#2 37051625#0 -37052277#3 -37052277#2 -37052277#1 -37052277#0 -1024000539#2 -1024000539#1 -1024000539#0 319058602#1 -270968314 -859784039#1 -859784039#0 -36950518#1 -36950518#0 36950439#0 36950439#1,1.1152327813774898,1
116,99,37050515#1 156480755 156480737#2 37051625#0 -37052277#3 -37052277#2 -37052277#1 -37052277#0 -37049908 1119245060#0 1119245060#1 1119245060#2 -156460680#1 -1024000539#0 319058602#1 -270968314 -394456356#1 -394456356#0 -394456379 -36950439#1,1.4385049196064312,2
116,99,37050515#1 156480755 156480737#2 37051625#0 37052277#4 1237352048 37050033#0 37050033#1 37055902#0 37055902#1 37055902#2 156460671 1119245064 -1024000539#0 319058602#1 -270968314 -394456356#1 -394456356#0 -394456379 -36950439#1,1.7575113990880726,3
116,135,37050515#1 37050515#2 156480737#0 394456380 37056002 1119245115 37056017 -159922662#1 37054401 37056055#1 319058606 37052930 698018294#0 698018294#1 1238956370 698018293 -36936220 36934835#0 36934835#1 36934835#2 332885553 332885554 -710476653#0 -394446867#1 -394446867#0 36288851#0,1.893543176809961,0
116,135,37050515#1 156480755 -156480737#1 394456380 37050590 918716574#1 918716574#2 -36936220 36934835#0 36934835#1 36934835#2 332885553 332885554 -710476653#0 -394446867#1 -394446867#0 36288851#0,1.1219250517512558,1
116,135,37050515#1 37050515#2 156480737#0 394456380 37050590 918716574#1 918716574#2 -36936220 36934835#0 36934835#1 36934835#2 -710476653#1 -710476653#0 -394446867#1 -394446867#0 36288851#0,0.9050903985235138,2
116,135,37050515#1 156480755 -156480737#1 394456380 37050590 918716574#1 918716574#2 -36936220 36934835#0 36934835#1 36934835#2 332885553 1339478330 319058604#1 319058604#2 -339940214 -36284844 36288851#0,1.45379450219522,3
117,2,-36293459#0 -156460681#2 -156460681#1 -156460681#0 -697704135 -319058593 156460691 319058645#0 319058645#1 156460683#1 156460683#2 156460683#3 156460683#4 156460683#5,1.0013258939284857,1
117,2,-36293459#0 -156460683#8 -156460683#7 -156460683#6 -156460683#5,0.38585313174946,2
117,2,-36293459#0 -156460681#2 -156460681#1 -156460681#0 -319058626 -319058625 -156460688 -394456402#1 -394456402#0 319058645#0 319058645#1 156460683#1 156460683#2 156460683#3 156460683#4 156460683#5,1.139512838972882,3
117,71,-36293459#0 36293459#0 36293459#1 36293459#2 37054066 1119245056 476687231#0 476687231#1 476687231#2 -37051872#1 -37051872#0 -36293459#9 -37052381#2 -37052381#1 -37052381#0 -1024000539#3 -37049908 1119245060#0 1119245060#1 1119245060#2 -156460680#1 -156460680#0 -156460671 -37055902#2 -37055902#1 -37051625#2 -37051625#1 37052277#4 37050515#0 37050515#1 156480755 -156480737#1 394456380 37050590 918716574#1 918716574#2 -36936220 36934835#0 36934835#1 36934835#2 332885553 1339478330 319058604#1 319058604#2 1339478328#1 698018295#1 698018295#2 698018295#3 35802097#0 35802097#1,3.286893854247056,0
117,71,-36293459#0 -156460681#2 -156460681#1 -156460681#0 -697704135 -1024000548 -36292830#1 -36292830#0 -36292768#1 -36292768#0 -36291218 -187827281 -187827282#2 -187827283#4 -156466996#1 -156466994#1 -156466994#0 -187827283#0 -36292047#3 -156456329 -697624157#0 -168924811 -187827288 -187827289 -697627694#1 -697627694#0 -319058591 -710476923 -314422857 -35802097#5 -35802097#4 -35802097#3 -35802097#2 -35802097#1,3.091549398737176,1
117,71,-36293459#0 -156460681#2 -156460681#1 -156460681#0 -697704135 -1024000548 -36292830#1 394456359#0 394456359#1 -36292768#1 -36292768#0 -36291218 -187827281 -187827282#2 -187827283#4 -156466996#1 -156466994#1 -36292142#0 -36292047#3 -36292047#2 -36292047#1 -36292047#0 -168924811 -187827288 -187827289 -697627694#1 -697627694#0 -319058591 -710476923 -314422857 -35802097#5 -35802097#4 -35802097#3 -35802097#2 -35802097#1,3.032658110040272,2
117,71,-36293459#0 -156460681#2 -156460681#1 -156460681#0 -697704135 -1024000548 -36292830#1 394456359#0 394456359#1 -36292768#1 -36292768#0 -36291218 -187827281 -187827282#2 -187827283#4 -187827283#3 -36292142#1 -36292142#0 -36291828#1 -36291828#0 -697624157#1 -697624157#0 -168924811 -187827288 -187827289 -697627694#1 -697627694#0 -319058591 -710476923 -314422857 -35802097#5 -35802097#4 -35802097#3 -35802097#2 -35802097#1,3.099936727750855,3
117,132,36293459#0 36293459#1 36293459#2 36293459#3 36293459#4 36293459#5 36293459#6 36293459#7 36293459#8 36293459#9 36293459#10 37049908 -1024000539#2 -1024000539#1 -1024000539#0 319058602#1 -270968314 -394456356#1 -394456356#0 319058589#0 319058589#1 319058589#2 319058589#3 -859785184 36950447#0 36950447#1 -1239117016#2 -1239117016#1 -1239117016#0 -37088673#1 -37088673#0 39820658#0 39820658#1 39820658#2 508751757#0 508751757#1 508751757#2 36936541 697740912 319058636 36936749#0 36936749#1 36936749#2 36936749#3 36936749#4 36936749#5 319779134 36936867 -165172165#2 -165172165#1 -165172165#0 165172163 1238426242 698024153,3.68525420036604,1
117,132,36293459#0 36293459#1 36293459#2 37054066 1119245056 476687231#0 476687231#1 476687231#2 476687231#3 -1119245057#1 -1119245057#0 1119245060#2 1119245061 319058602#0 319058602#1 -270968314 -394456356#1 -394456356#0 319058589#0 319058589#1 319058589#2 319058589#3 -859785184 36950447#0 36950447#1 -1239117016#2 -1239117016#1 -1239117016#0 -37088673#1 -37088673#0 39820658#0 39820658#1 39820658#2 508751757#0 508751757#1 508751757#2 36936541 697740912 319058636 36936749#0 36936749#1 36936749#2 36936749#3 36936749#4 36936749#5 319779134 36936867 -165172165#2 -165172165#1 -165172165#0 165172163 1238426242 698024153,3.8715632956384174,2
117,132,36293459#0 36293459#1 36293459#2 37054066 1119245056 476687231#0 476687231#1 476687231#2 476687231#3 -1119245057#1 -1119245057#0 -1119245060#1 -1119245060#0 37049908 -1024000539#2 -1024000539#1 -1024000539#0 319058602#1 36294383#0 37055563#0 332885734#0 332885734#1 332885734#2 37055217#1 -859785184 36950447#0 36950447#1 -1239117016#2 -1239117016#1 -1239117016#0 -37088673#1 -37088673#0 39820658#0 39820658#1 39820658#2 508751757#0 508751757#1 508751757#2 36936541 697740912 319058636 36936749#0 36936749#1 36936749#2 36936749#3 36936749#4 36936749#5 319779134 36936867 -165172165#2 -165172165#1 -165172165#0 165172163 1238426242 698024153,4.405826554577704,3
117,141,-36293459#0 -156460681#2 -156460681#1 -156460681#0 -697704135 -1024000548 -36292830#1 -36292830#0 -36292768#1 -36292768#0 -36291218 -1119243207 -187827274 156466987 -1119245074 -36290738#2 -36290738#1 -36290738#0 187827279 36286792#0 36286792#1 187827271 36936423#0 36936423#1 36936423#2,2.233567314614831,0
117,141,-36293459#0 -156460681#2 -156460681#1 -156460681#0 -697704135 -1024000548 -36292830#1 -36292830#0 -36292768#1 -36292768#0 -36291218 -187827281 -187827282#2 -187827282#1 -187827282#0 -1119245074 -156466997#3 -156466992#1 -156466992#0 187827280#3 187827279 36286792#0 36286792#1 187827271 36936423#0 36936423#1 36936423#2,2.050569954403647,1
117,141,-36293459#0 -156460681#2 -156460681#1 -156460681#0 -697704135 -1024000548 -36292830#1 394456359#0 394456359#1 -36292768#1 -36292768#0 -36291218 -187827281 -187827282#2 -187827282#1 -187827282#0 -1119245074 -36290738#2 -36290738#1 -36290738#0 187827279 36286792#0 36286792#1 187827271 36936423#0 36936423#1 36936423#2,2.062604991600672,2
117,141,-36293459#0 -156460681#2 -156460681#1 -156460681#0 -697704135 -1024000548 -36292830#1 394456359#0 394456359#1 -36292768#1 -36292768#0 -36291218 -1119243207 -187827274 156466987 187827282#0 187827282#1 -187827283#4 -156466996#1 -156466996#0 156466997#2 -156466992#1 -156466992#0 187827280#3 187827279 36286792#0 36286792#1 187827271 36936423#0 36936423#1 36936423#2,2.4957103431725463,3
117,160,36293459#0 36293459#1 36293459#2 36293459#3 36293459#4 36293459#5 36293459#6 36293459#7 36293459#8 36293459#9 36293459#10 37049908 156460679 37052277#1 37052277#2 37052277#3 -37051625#0 -156480737#2 -156480737#1 394456380 37056002 1119245115 37056017 -159922662#1 37054401 37056055#1 319058606 37052930 698018294#0 698018294#1 1238956370 698018293 -36936220 36934835#0 36934835#1 36934835#2 332885553 1339478330 -36285797#2 -36285797#1 -36284844 -35802071#2 -35802071#1 -35802071#0 35801882#1 35801882#2 56080984 -550211682 319058640 39820664#3 243836888#0 -243836890#2 -243836890#1 -243836890#0,3.235263839156973,0
117,160,-36293459#0 36293459#0 36293459#1 36293459#2 36293459#3 36293459#4 36293459#5 36293459#6 36293459#7 36293459#8 36293459#9 36293459#10 37049908 156460679 37052277#1 37052277#2 37052277#3 -37051625#0 -156480737#2 -156480737#1 394456380 37050590 918716574#1 918716574#2 -36936220 36934835#0 36934835#1 36934835#2 332885553 1339478330 319058604#1 319058604#2 -339940214 -36285797#0 -35802071#0 35801882#1 35801882#2 56080984 -550211682 319058640 39820664#3 243836888#0 -243836890#2 -243836890#1 -243836890#0,2.6215890786291056,1
117,160,36293459#0 36293459#1 36293459#2 36293459#3 36293459#4 36293459#5 36293459#6 36293459#7 36293459#8 36293459#9 36293459#10 37049908 156460679 37052277#1 37052277#2 37052277#3 37052277#4 1237352048 1119245070 319058612#0 319058612#1 36288941#0 36288941#1 36288941#2 36936373#0 36936373#1 36936373#2 36936373#3 36936373#4 201772610 157574535 -36933126#2 -36933126#1 -36933126#0 -269702559 -36933151#0 36933113 39820664#9 36933223 36933050 39820664#1 243836885 319058640 39820664#3 243836888#0 -243836890#2 -243836890#1 -243836890#0,2.1700942826464065,2
117,160,36293459#0 36293459#1 36293459#2 36293459#3 36293459#4 36293459#5 36293459#6 36293459#7 36293459#8 -37052381#2 -37052381#1 -37052381#0 -1024000539#3 156460679 37052277#1 37052277#2 37052277#3 -37051625#0 -156480737#2 -156480737#1 394456380 37056002 1119245115 37056017 -159922662#1 37054401 37056055#1 319058606 37052930 698018294#0 698018294#1 1238956370 698018293 -36936220 36934835#0 36934835#1 36934835#2 332885553 1339478330 -36285797#2 -36285797#1 -36285797#0 -35802071#0 35801882#1 35801882#2 56080984 -550211682 319058640 39820664#3 243836888#0 -243836890#2 -243836890#1 -243836890#0,3.22097898194555,3
118,101,36294383#9 36294383#10 406210870 36295293#0 37066008 -37055563#2 -37055563#1 37055477 -36294383#1 -36294383#0 -270968314 -394456356#1 -394456356#0 -394456379 -36950439#1 -36950439#0 37088258#0 37088258#1 394456378 36950525 1119245069 48956015 37050033#1 37055902#0 -37051625#2 -37051625#1 37052277#4 1237352048 1119245070 319058612#0 319058612#1 36288941#0 36288941#1 36288941#2 36936373#0 36936373#1 36936373#2 153730933#0 153730925#0 153730925#1 153730936#3,3.235134328767652,0
118,101,36294383#9 -36294383#9 -36294383#8 -36294383#7 -36294383#6 -36294383#5 -36294383#4 -36294383#3 -36294383#2 -36294383#1 -36294383#0 -270968314 -394456356#1 -394456356#0 -394456379 607473249#0 607473249#1 -36950657#1 -36950657#0 -1339510610 319058608#0 319058608#1 -157553237#1 -157553237#0 -157553234 -157574536#1 -157574536#0 1239117022#0 1239117022#1 153730936#0 153730936#1 153730936#2 153730936#3,2.5199527134138897,1
118,101,-36294383#9 -36294383#8 -36294383#7 -36294383#6 -36294383#5 -36294383#4 -36294383#3 -36294383#2 -36294383#1 -36294383#0 -270968314 -394456356#1 -394456356#0 -394456379 607473249#0 607473249#1 -36950657#1 -36950657#0 -1339510610 319058608#0 319058608#1 -157553237#1 -157553237#0 -157553234 -157574536#1 -157574536#0 1239117022#0 1239117022#1 153730936#0 153730936#1 153730936#2 153730936#3,2.132545705974485,2
118,101,36294383#9 36294383#10 406210870 36295293#0 37066008 -37055563#2 -37055563#1 37055477 -36294383#1 -36294383#0 -319058602#1 1024000539#0 -156460680#0 -156460671 -37055902#2 -37055902#1 -37051625#2 -37051625#1 37052277#4 1237352048 1119245070 319058612#0 319058612#1 36288941#0 36288941#1 36288941#2 36936373#0 36936373#1 36936373#2 153730933#0 153730925#0 153730925#1 153730936#3,2.8338384324393573,3
119,102,-1119245061 1119245061 319058602#0 1024000539#0 -156460680#0 -156460671 -37055902#2 -37055902#1 -37051625#2 -37051625#1 37052277#4 1237352048 1119245070 319058612#0 319058612#1 36936407#0,1.0426745860331172,0
119,102,-1119245061 1119245061 319058602#0 1024000539#0 1024000539#1 1024000539#2 156460679 37052277#1 37052277#2 37052277#3 37052277#4 1237352048 1119245070 319058612#0 319058612#1 36936407#0,0.967200623950084,1
119,102,-1119245061 -1119245060#2 -1119245060#1 -1119245060#0 37049908 156460679 37052277#1 37052277#2 37052277#3 37052277#4 1237352048 1119245070 319058612#0 319058612#1 36936407#0,0.6827153827693784,2
119,102,-1119245061 -156460680#1 1024000539#1 1024000539#2 156460679 37052277#1 37052277#2 37052277#3 37052277#4 1237352048 37050033#0 -48956015 406210869#0 406210869#1 319058612#0 319058612#1 36936407#0,1.1194924406047515,3
120,42,157553231 48955689#0 48955997 -1119245693 777654407 36936396#3 36936396#4 878854447 878854448 -36289599#1 -36289599#0 -319058608#1 -319058608#0 1339510610 36950657#0 36950657#1 1119245066#0 1119245066#1 269702545 394456356#0 394456356#1 -859784039#1 -859784039#0 -36950518#1 37051441#0 37051441#1 37051441#2 -37051625#2 -37051625#1 37052277#4 1237352048 37050033#0,1.7902684814917775,0
120,42,157553231 48955689#0 48955689#1 1119245069 406210869#0 406210869#1 -1119245070 37050033#0,0.296959944374567,1
120,42,157553231 48955689#0 48955997 -1119245693 777654407 36936396#3 36936396#4 878854447 878854448 -36289599#1 -36289599#0 -319058608#1 -319058608#0 1339510610 36950657#0 36950657#1 1119245066#0 1119245066#1 269702545 -394456379 -36950439#1 -36950439#0 36950518#0 37051441#0 37051441#1 37051441#2 -37051625#2 -37051625#1 37052277#4 1237352048 37050033#0,1.514986504049973,2
120,42,157553231 48955689#0 48955689#1 -36950525 157555049 1119245068 168924807 168924808 1057740851 37051441#1 37051441#2 -37051625#2 -37051625#1 37052277#4 1237352048 37050033#0,0.8176222913868059,3
120,103,157553231 48955689#0 48955689#1 1119245069 48956015 37050033#1 37055902#0 37055902#1 37055902#2 156460671 1119245064 -1024000539#0 -319058602#0 -1119245061 -1119245060#2 1119245057#0 1119245057#1 -476687231#3 -476687231#2 -476687231#1 -476687231#0 -1119245056 -37054066 -36293459#2 -36293459#1 -36293459#0 -156460681#2 -156460681#1 -156460681#0 -697704135 -319058593 156460691 394456402#0 394456402#1 156460677 319058625 -156460672,2.4408464334554405,0
120,103,157553231 48955689#0 48955689#1 -36950525 157555049 1119245067 37055902#0 -37051625#2 -37051625#1 -37052277#3 -37052277#2 -37052277#1 -37052277#0 -37049908 -36293459#10 -36293459#9 -36293459#8 -36293459#7 -36293459#6 -36293459#5 -36293459#4 -36293459#3 -36293459#2 -36293459#1 -36293459#0 -156460681#2 -156460681#1 -156460681#0 -319058626 -156460672,1.3640645760040366,1
120,103,157553231 48955689#0 48955689#1 -36950525 157555049 1119245067 37055902#0 37055902#1 37055902#2 156460671 1119245064 156460680#1 -1119245060#2 1119245057#0 1119245057#1 -476687231#3 -476687231#2 -476687231#1 -476687231#0 -1119245056 -37054066 -36293459#2 -36293459#1 -36293459#0 -156460681#2 -156460681#1 -156460681#0 -319058626 -156460672,1.7710060206884617,2
120,103,157553231 48955689#0 48955689#1 -36950525 157555049 1119245067 37055902#0 37055902#1 37055902#2 156460671 1119245064 156460680#1 -1119245060#2 1119245057#0 1119245057#1 -476687231#3 -476687231#2 -476687231#1 -476687231#0 -1119245056 -37054066 -36293459#2 -36293459#1 -36293459#0 -156460681#2 -156460681#1 37054132 -156460683#5 -156460683#4 -156460683#3 -156460683#2 -156460683#1 -319058645#1 -319058645#0 394456402#0 394456402#1 156460677 319058625 -156460672,2.775925627119947,3
121,104,-476687231#1 476687231#1 476687231#2 -37051872#1 -37051872#0 36293459#10 37049908 156460679 37052277#1 37052277#2 37052277#3 -37051625#0 -156480737#2 -156480737#1 394456380 37050590 918716574#1 918716574#2 -36936220 39820661#0 39820661#1 36934854#0 36934854#1 918716574#0,1.6687633046910204,0
121,104,476687231#1 476687231#2 -37051872#1 -37051872#0 36293459#10 37049908 156460679 37052277#1 37052277#2 37052277#3 37052277#4 1237352048 1119245070 319058612#0 319058612#1 36936407#0 36936407#1 36936407#2 918716575 918716574#0,1.3508068707021426,1
121,104,476687231#1 476687231#2 -37051872#1 -37051872#0 -36293459#9 -37052381#2 -37052381#1 -37052381#0 -1024000539#3 156460679 37052277#1 37052277#2 37052277#3 37052277#4 1237352048 1119245070 319058612#0 319058612#1 36936407#0 36936407#1 36936407#2 918716575 918716574#0,1.35987214548016,2
121,104,-476687231#1 476687231#1 476687231#2 476687231#3 -1119245057#1 -1119245057#0 1119245060#2 -156460680#1 -156460680#0 -156460671 -37055902#2 -37055902#1 -37051625#2 -37051625#1 37052277#4 1237352048 1119245070 319058612#0 319058612#1 36936407#0 36936407#1 36936407#2 918716575 918716574#0,1.6870379722140216,3
121,172,476687231#1 476687231#2 -37051872#1 -37051872#0 -36293459#9 -37052381#2 -37052381#1 -37052381#0 -1024000539#3 -1024000539#2 -1024000539#1 -1024000539#0 319058602#1 36294383#0 37055563#0 332885734#0 332885734#1 332885734#2 37055217#1 -859785184 36950447#0 36950447#1 -1239117016#2 -1239117016#1 -1239117016#0 -37088673#1 -37088673#0 39820658#0 39820658#1 39820658#2 508751757#0 508751757#1 508751757#2 36936541 697740912 319058636 36936749#0 36936749#1 36936749#2 36936749#3 36936749#4 36936749#5 319779134 36936867 -165172165#2 -165172165#1 -165172165#0 165172163 -165170684#1 -165170684#0 165171783#0 165171783#1 165171783#2 1371061454 -165170994#6 -165170994#5 -165170994#4,4.473939105573623,0
121,172,476687231#1 476687231#2 -37051872#1 -37051872#0 36293459#10 37049908 156460679 37052277#1 37052277#2 37052277#3 37052277#4 1237352048 1119245070 319058612#0 319058612#1 36288941#0 36288941#1 36288941#2 36936373#0 36936373#1 36936373#2 36936373#3 36936373#4 201772610 157574535 -36933126#2 -36933126#1 -36933126#0 -1239117024 -394443151#2 196288048 -394443151#0 394443143#0 394443143#1 394443143#2 1238948418#0 1238948418#1 509025806#1 509025806#2 1338884372 1338884371#4 1338884371#5 1338884371#6 165170683#0 165170683#1 165170683#2 165170683#3 -319058613#2 -319058613#1 -319058613#0 -165170994#6 -165170994#5 -165170994#4,3.4582477671043965,1
121,172,476687231#1 476687231#2 -37051872#1 -37051872#0 -36293459#9 -37052381#2 -37052381#1 -37052381#0 -1024000539#3 156460679 37052277#1 37052277#2 37052277#3 37052277#4 1237352048 1119245070 319058612#0 319058612#1 36288941#0 36288941#1 36288941#2 36936373#0 36936373#1 36936373#2 36936373#3 36936373#4 201772610 157574535 -36933126#2 -36933126#1 -36933126#0 -1239117024 -394443151#2 196288048 -394443151#0 394443143#0 394443143#1 394443143#2 1238948418#0 1238948418#1 509025806#1 509025806#2 1338884372 1338884371#4 1338884371#5 1338884371#6 165170683#0 165170683#1 165170683#2 165170683#3 -319058613#2 -319058613#1 -319058613#0 -165170994#6 -165170994#5 -165170994#4,3.4673130418824143,2
121,172,476687231#1 476687231#2 -37051872#1 -37051872#0 36293459#10 37049908 156460679 37052277#1 37052277#2 37052277#3 37052277#4 1237352048 1119245070 319058612#0 319058612#1 36288941#0 36288941#1 36288941#2 36936373#0 36936373#1 36936373#2 36936373#3 36936373#4 201772610 157574535 -36933126#2 -36933126#1 -36933126#0 -1239117024 -394443151#2 -394443151#1 -394443151#0 394443143#0 394443143#1 394443143#2 1238948418#0 1238948418#1 509025806#1 509025806#2 1338884372 1338884371#4 1338884371#5 1338884371#6 165170683#0 165170683#1 165170683#2 165170683#3 -319058613#2 -165170815#1 -165170815#0 165170994#0 165170994#1 165170994#2 165170994#3 165170994#4,3.836965661749656,3
122,33,-36293459#3 36293459#3 36293459#4 36293459#5 36293459#6 36293459#7 36293459#8 -37052381#2 -37052381#1 -37052381#0 -1024000539#3 -1024000539#2 -1024000539#1 -1024000539#0 319058602#1 -270968314 -394456356#1 -394456356#0 -394456379 -36950439#1 -36950439#0 37088258#0 37050051 1119245067,1.2767638588912888,0
122,33,36293459#3 36293459#4 36293459#5 36293459#6 36293459#7 36293459#8 36293459#9 36293459#10 1119245060#0 1119245060#1 1119245060#2 1119245061 319058602#0 319058602#1 -270968314 -859784039#1 -859784039#0 -36950518#1 -36950518#0 37088258#0 37050051 1119245067,0.5439584833213343,1
122,33,36293459#3 36293459#4 36293459#5 36293459#6 36293459#7 36293459#8 36293459#9 36293459#10 37049908 -1024000539#2 -1024000539#1 -1024000539#0 319058602#1 -270968314 -394456356#1 -394456356#0 -394456379 -36950439#1 -36950439#0 37088258#0 37050051 1119245067,1.2212862970962324,2
122,33,-36293459#3 37054066 1119245056 476687231#0 476687231#1 476687231#2 -37051872#1 -37051872#0 36293459#10 37049908 -1024000539#2 -1024000539#1 156460680#1 1119245061 319058602#0 319058602#1 -270968314 -859784039#1 -859784039#0 -36950518#1 -36950518#0 37088258#0 37050051 1119245067,1.4547516198704105,3
123,83,-394456379 394456379 394456356#0 394456356#1 859784039#2 -319058602#1 -319058602#0 -1119245061 -1119245060#2 -1119245060#1 -1119245060#0 37049908 156460679 37052277#1 37052277#2,0.7594672426205903,0
123,83,-394456379 -36950439#1 -36950439#0 36950518#0 37051441#0 37051441#1 37051441#2 -37051625#2 -37051625#1 -37052277#3 -37052277#2,0.528023758099352,1
123,83,-394456379 394456379 394456356#0 394456356#1 -859784039#1 -859784039#0 -36950518#1 37051441#0 37051441#1 37051441#2 -37051625#2 -37051625#1 -37052277#3 -37052277#2,0.8382229421646267,2
123,83,394456379 394456356#0 394456356#1 -859784039#1 -859784039#0 -36950518#1 37051441#0 37051441#1 37051441#2 -37051625#2 -37051625#1 -37052277#3 -37052277#2,0.8207643388528917,3
123,141,394456379 -394456379 -36950439#1 -36950439#0 37088258#0 37088258#1 394456378 157555049 1119245067 37055902#0 -37051625#2 -37051625#1 -37051625#0 -156480737#2 -156480755 37050515#2 156480737#0 394456380 37056002 1119245115 37056017 -159922662#1 37054401 37056055#1 319058606 37052930 698018294#0 698018294#1 1238956370 36935056 36935040#0 36935040#1 36935040#2 36935040#3 1238956371 187827287 1119245264#0 1119245264#1 36936423#0 36936423#1 36936423#2,2.757995955761714,0
123,141,394456379 -394456379 -36950439#1 -36950439#0 37088258#0 37050051 1119245067 37055902#0 -37051625#2 -37051625#1 -37051625#0 -156480737#2 -156480737#1 394456380 37050590 918716574#1 918716574#2 37051113#0 37051113#1 1119245072 37056055#1 319058606 37052930 698018294#0 698018294#1 1238956370 36935056 36935040#0 36935040#1 36935040#2 36935040#3 1238956371 187827287 1119245264#0 1119245264#1 36936423#0 36936423#1 36936423#2,2.4929424435892003,1
123,141,394456379 -394456379 -36950439#1 -36950439#0 36950518#0 37051441#0 37051441#1 37051441#2 -37051625#2 -37051625#1 -37051625#0 -156480737#2 -156480737#1 394456380 37050590 918716574#1 918716574#2 37051113#0 37051113#1 1119245072 37056055#1 319058606 37052930 698018294#0 698018294#1 1238956370 36935056 36935040#0 36935040#1 36935040#2 36935040#3 1238956371 187827287 1119245264#0 1119245264#1 36936423#0 36936423#1 36936423#2,2.3842251409734097,2
123,141,-394456379 -36950439#1 -36950439#0 37088258#0 37050051 1119245067 37055902#0 -37051625#2 -37051625#1 -37051625#0 -156480737#2 -156480755 37050515#2 156480737#0 394456380 37056002 1119245115 37056017 -159922662#1 -159922662#0 -156460682#0 -37054319 -270968320 37052930 698018294#0 698018294#1 1238956370 36935056 36935040#0 36935040#1 36935040#2 36935040#3 1238956371 187827287 1119245264#0 1119245264#1 36936423#0 36936423#1 36936423#2,2.795464996653809,3
124,31,36934854#1 918716574#0 918716574#1 918716574#2 -36936220 36934835#0 36934835#1 36934835#2 332885553 1339478330 -36285797#2 -36285797#1 -36284844 36288851#0 36288851#1 36288851#2 36288851#3 275506498 269702543 269702544 201772610 157574535 37088447#0 37088447#1 37088447#2 1088466838#0 1088466838#1 319058586 319058587#0 319058587#1 319058587#2 508751758#0 508751758#1 508751758#2 508751757#0 508751757#1 508751757#2 36936541 697740912 319058636 36936749#0 36936749#1 36936749#2 36936749#3 36936749#4 36936749#5 319779134 36936867 319058601 698024155#0 698024155#1 698024155#2 319779133#0 319779133#1 610135150#5 610135150#6 610135150#7 610135149 88525123 610135150#9 610135150#0 610135150#1 1239117050 1239117049 610135150#3 610135147#0 610135147#1,3.4261615046940617,0
124,31,36934854#1 918716574#0 918716574#1 918716574#2 -36936220 39820661#0 39820661#1 36936236#0 36936236#1 36934860#0 36934860#1 36934860#2 36934860#3 1339510612#0 1339510612#1 1339510612#2 36936373#0 36936373#1 153730938 153730933#2 153730934 36935235#2 36935235#3 36289394#0 36289394#1 36289394#2 1339510611 -157553237#0 -157553234 -157574536#1 -157574536#0 -710476024#1 -710476024#0 1162674260 508751758#0 508751758#1 508751758#2 508751757#0 508751757#1 508751757#2 36936541 697740912 319058636 36936749#0 36936749#1 36936749#2 36936749#3 36936749#4 36936749#5 319779134 36936867 319058601 698024155#0 698024155#1 698024155#2 319779133#0 319779133#1 610135150#5 610135150#6 610135150#7 610135150#8 610135150#9 610135150#0 610135150#1 610135150#2 610135150#3 610135147#0 610135147#1,2.7357125353910847,1
124,31,36934854#1 918716574#0 918716574#1 918716574#2 -36936220 39820661#0 39820661#1 36934854#0 -156480752 -1109771198#1 -1109771198#0 -36936392#1 -36936392#0 36288941#1 36288941#2 36289159#0 36289159#1 36289159#2 36935235#0 -269702565#1 153730934 36935235#2 36935235#3 36289394#0 36289394#1 36289394#2 -157553238 -157574536#1 -157574536#0 -710476024#1 -710476024#0 1162674260 508751758#0 508751758#1 508751758#2 508751757#0 508751757#1 508751757#2 36936541 697740912 319058636 36936749#0 36936749#1 36936749#2 36936749#3 36936749#4 36936749#5 319779134 36936867 319058601 698024155#0 698024155#1 698024155#2 319779133#0 319779133#1 610135150#5 610135150#6 610135150#7 610135150#8 610135150#9 1057740878 1057740881 610135150#1 610135150#2 610135150#3 610135147#0 610135147#1,2.869058947786104,2
124,31,36934854#1 -918716575 918716573 156480737#0 156480737#1 156480737#2 37051625#0 37051625#1 37051625#2 37055902#1 37055902#2 156460671 1119245064 -1024000539#0 319058602#1 36294383#0 37055563#0 332885734#0 332885734#1 332885734#2 37055217#1 -859785184 36950447#0 36950447#1 -1239117016#2 -1239117016#1 -1239117016#0 -37088673#1 -37088673#0 39820658#0 39820658#1 39820658#2 508751757#0 508751757#1 508751757#2 36936541 697740912 319058636 36936749#0 36936749#1 36936749#2 36936749#3 153730008#0 153730008#1 153730008#2 36936749#5 319779134 36936867 319058601 698024155#0 698024155#1 698024155#2 319779133#0 319779133#1 610135150#5 610135150#6 610135150#7 610135149 88525123 610135150#9 610135150#0 610135150#1 610135150#2 610135150#3 610135147#0 610135147#1,4.309714156267313,3
124,47,36934854#1 -918716575 918716573 156480737#0 156480737#1 156480737#2 37051625#0 -37052277#3 -37052277#2 -37052277#1 -37052277#0 -1024000539#2 -1024000539#1 156460680#1 1119245061 319058602#0 319058602#1 -270968314 -394456356#1 -394456356#0 -394456379 607473249#0 607473249#1 -36950657#1 -36950657#0 -269702562 -1339510609#0 -328471845#1 -328471845#0,2.05272461637306,0
124,47,36934854#1 918716574#0 918716574#1 918716574#2 -36936220 39820661#0 39820661#1 36934854#0 -156480752 -1109771198#1 -1109771198#0 -36936392#1 -36936392#0 36288941#1 36288941#2 36289159#0 36289159#1 36289159#2 36289295#0 153730939#0 153730939#1 153730941#1 -36289599#0 -319058608#1 -319058608#0 1339510610 -269702562 -1339510609#0 -328471845#1 -328471845#0,1.9179195609417128,1
124,47,36934854#1 -918716575 918716573 156480737#0 156480737#1 156480737#2 37051625#0 -37052277#3 -37052277#2 -37052277#1 -37052277#0 -1024000539#2 -1024000539#1 -1024000539#0 319058602#1 -270968314 -394456356#1 -394456356#0 -394456379 607473249#0 607473249#1 -36950657#1 -36950657#0 -269702562 -1339510609#0 -328471845#1 -328471845#0,1.9921894591856348,2
124,47,36934854#1 -918716575 918716573 156480737#0 156480737#1 156480737#2 37051625#0 37052277#4 1237352048 37050033#0 37050033#1 37055902#0 37055902#1 37055902#2 156460671 1119245064 -1024000539#0 319058602#1 -270968314 -394456356#1 -394456356#0 -394456379 607473249#0 607473249#1 -36950657#1 -36950657#0 -269702562 -1339510609#0 -328471845#1 -328471845#0,2.492705417908937,3
125,105,153730934 36935235#2 36935235#3 36289394#0 153730941#0 153730941#1 36289599#1 157553231 48955689#0 48955689#1 -36950525 157555049 1119245067 37055902#0 -37051625#2 -37051625#1 37052277#4 1237352048 37050033#0 -48956015 406210869#0 406210869#1 319058612#0 319058612#1 36936407#0 36936407#1 36936407#2 918716573 156480737#0 156480737#1 156480737#2,2.200233061514893,0
125,105,153730934 36935235#2 36935235#3 36289394#0 153730941#0 153730941#1 36289599#1 157553231 48955689#0 48955689#1 1119245069 48956015 37050033#1 37055902#0 -37051625#2 -37051625#1 -37051625#0 -156480737#2,0.9599923383267052,1
125,105,153730934 36935235#2 36935235#3 36289394#0 153730941#0 153730941#1 36289599#1 157553231 48955689#0 48955997 159922990 48955996 406210869#0 406210869#1 -1119245070 -1119245071 -1299820133 -37051625#0 -156480737#2,1.057983071525295,2
125,105,153730934 36935235#2 36935235#3 36289394#0 153730941#0 153730941#1 36289599#1 157553231 48955689#0 48955689#1 1119245069 48956015 37050033#1 37055902#0 -37051625#2 -37051625#1 37052277#4 37050515#0 37050515#1 156480755 156480737#2,1.2494451820992034,3
125,121,153730934 36935235#2 36935235#3 36289394#0 153730941#0 153730941#1 36289599#1 157553231 48955689#0 48955689#1 -36950525 157555049 1119245067 37055902#0 -37051625#2 -37051625#1 37052277#4 1237352048 1119245070 319058612#0 319058612#1 36288941#0,1.2325625327111545,0
125,121,153730934 36935235#2 36935235#3 36289394#0 153730941#0 153730941#1 36289599#1 -878854448 -878854447 878854446 48955689#0 48955689#1 1119245069 406210869#0 406210869#1 319058612#0 319058612#1 36288941#0,0.6870464368251079,1
125,121,153730934 36935235#2 36935235#3 36289394#0 153730941#0 153730941#1 36289599#1 157553231 48955689#0 48955997 159922990 48955996 406210869#0 406210869#1 319058612#0 319058612#1 36288941#0,0.7229698725812105,2
125,121,153730934 36935235#2 36935235#3 36289394#0 153730941#0 -153730939#1 -153730939#0 36289295#1 -777654407 1119245693 159922990 48955996 48956015 37050033#1 37055902#0 -37051625#2 -37051625#1 37052277#4 1237352048 1119245070 319058612#0 319058612#1 36288941#0,1.2359971202303814,3
126,49,36288941#0 36288941#1 36288941#2 36936373#0 36936373#1 36936373#2 153730933#0 153730933#1 153730933#2 269702565#1 36935235#1 36935235#2 36935235#3 36289394#0 153730941#0 153730941#1 -36289599#0 -319058608#1 -319058608#0,0.9132121851494004,0
126,49,36288941#0 36288941#1 36288941#2 36289159#0 36289159#1 36289159#2 36289295#0 153730939#0 -153730935 878854448 -36289599#1 -36289599#0 -319058608#1 -319058608#0,0.7078176176148933,1
126,49,36288941#0 36288941#1 36288941#2 36289159#0 36289159#1 36289159#2 36289295#0 153730939#0 153730939#1 153730941#1 -36289599#0 -319058608#1 -319058608#0,0.6755100618053166,2
126,49,-36288941#0 270968317#0 270968317#1 36936396#0 -394456375 36935232 36289159#2 36935235#0 -269702565#1 153730934 36935235#2 36935235#3 36289394#0 36289394#1 36289394#2 -157553238 157574536#2 157553237#0 157553237#1 -319058608#1 -319058608#0,0.8023384033867749,3
127,106,710478296 1237369283 13937774#0 13937774#1 710476923 -1165362989 -1165362990#1 -1165362990#0 -319058623#0 707542552 697627696 187827289 1119245073 155153634#0 155153634#1 155153634#2 1119243206 36292768#0 36292768#1 36292768#2 36292830#1 36292830#2 697704135 156460681#0 156460681#1 156460681#2 36293459#0 36293459#1 36293459#2 37054066 1119245056 476687231#0 -36293752#7 -36293752#6 -36293752#5 -36293752#4 -36293752#3 -36293752#2 -36293752#1,3.5428795645651805,0
127,106,-710478296 -710478629#1 -710478629#0 314422857 710476923 319058591 697627694#0 697627694#1 187827289 1119245073 155153634#0 155153634#1 155153634#2 1119243206 36292768#0 36292768#1 36292768#2 36292830#1 36292830#2 697704135 156460681#0 156460681#1 156460681#2 36293459#0 36293459#1 36293459#2 37054066 1119245056 476687231#0 -36293752#7 -36293752#6 -36293752#5 -36293752#4 -36293752#3 -36293752#2 -36293752#1,3.2889446563362563,1
127,106,-710478296 36287006 13937774#0 13937774#1 710476923 319058591 697627694#0 697627694#1 187827289 1119245073 155153634#0 155153634#1 155153634#2 1119243206 36292768#0 36292768#1 -394456359#1 -394456359#0 36292830#1 36292830#2 697704135 156460681#0 156460681#1 156460681#2 36293459#0 36293459#1 36293459#2 37054066 1119245056 476687231#0 -36293752#7 -36293752#6 -36293752#5 -36293752#4 -36293752#3 -36293752#2 -36293752#1,3.30685922317091,2
127,106,710478296 1237369283 13937774#0 13937774#1 710476923 319058591 697627694#0 697627694#1 187827289 1119245073 155153634#0 155153634#1 155153634#2 1119243206 36292768#0 36292768#1 36292768#2 36292830#1 36292830#2 697704135 156460681#0 37054132 156460683#6 156460683#7 156460683#8 36293459#0 36293459#1 36293459#2 37054066 1119245056 476687231#0 -36293752#7 -36293752#6 -36293752#5 -36293752#4 -36293752#3 -36293752#2 -36293752#1,3.680713314843577,3
128,83,36936727#4 36936727#5 36936727#6 650145324#3 36936655#1 153732960#0 153732962#0 327342936 153732962#3 -153732963#1 202422660#1 202422660#2 319779156#0 319779156#1 319058636 319058644 698026761 37088673#0 37088673#1 1239117016#0 1239117016#1 1239117016#2 -36950447#1 -36950447#0 36950586 -319058589#3 -319058589#2 -319058589#1 -319058589#0 -394456379 -36950439#1 -36950439#0 37088258#0 37050051 1119245067 37055902#0 -37051625#2 -37051625#1 -37052277#3 -37052277#2,3.028988355964452,0
128,83,36936727#4 36936727#5 36936727#6 650145324#3 36936655#1 36936655#2 36936655#3 36936655#4 36936655#5 36936655#6 319779156#0 319779156#1 319058636 319058644 698026761 37088673#0 37088673#1 1239117016#0 1239117016#1 1239117016#2 -36950447#1 -36950447#0 36950586 -319058589#3 -319058589#2 -319058589#1 -319058589#0 394456356#0 394456356#1 -859784039#1 -859784039#0 -36950518#1 37051441#0 37051441#1 37051441#2 -37051625#2 -37051625#1 -37052277#3 -37052277#2,2.6649783174861765,1
128,83,36936727#4 36936727#5 36936727#6 650145324#3 36936655#1 36936655#2 36936655#3 36936655#4 36936655#5 36936655#6 319779156#0 319779156#1 319058636 319058644 698026761 39820658#0 39820658#1 39820658#2 -508751758#2 -508751758#1 -508751758#0 -1162674260 37088542 710476024#1 157574536#0 157574536#1 153733877 1339510611 157553237#1 36289599#0 36289599#1 157553231 48955689#0 48955997 159922990 48955996 48956015 37050033#1 37055902#0 -37051625#2 -37051625#1 -37052277#3 -37052277#2,1.3923371170810384,2
128,83,36936727#4 36936727#5 36936727#6 650145324#3 36936655#1 153732960#0 153732960#1 394443153#1 202422660#0 202422660#1 202422660#2 319779156#0 319779156#1 319058636 319058644 698026761 37088673#0 37088673#1 1239117016#0 1239117016#1 1239117016#2 -36950447#1 -36950447#0 36950586 -319058589#3 -319058589#2 -319058589#1 -319058589#0 394456356#0 394456356#1 -859784039#1 -859784039#0 -36950518#1 37051441#0 37051441#1 37051441#2 -37051625#2 -37051625#1 -37052277#3 -37052277#2,3.039241650946952,3
129,109,-36293459#8 -36293459#7 -36293459#6 -36293459#5 -36293459#4 -36293459#3 37054066 1119245056 476687231#0 476687231#1 476687231#2 -37051872#1 -37051872#0 36293459#10 37049908 156460679 37052277#1 37052277#2 37052277#3 37052277#4 1237352048 1119245070 319058612#0 319058612#1 270968317#0 270968317#1 36936396#0 -394456375 36935232 36289159#2 36289295#0 153730939#0,1.783555099570432,0
129,109,36293459#8 36293459#9 36293459#10 37049908 156460679 37052277#1 37052277#2 37052277#3 37052277#4 1237352048 1119245070 319058612#0 319058612#1 270968317#0 270968317#1 36936396#0 36936396#1 36936396#2 36936396#3 36936396#4 878854447 153730935 -153730939#0,0.8886519861489388,1
129,109,36293459#8 36293459#9 36293459#10 37049908 156460679 37052277#1 37052277#2 37052277#3 37052277#4 1237352048 1119245070 319058612#0 319058612#1 270968317#0 270968317#1 36936396#0 -394456375 36935232 36289159#2 36289295#0 153730939#0,1.06874228459563,2
129,109,36293459#8 -37052381#2 -37052381#1 -37052381#0 -1024000539#3 156460679 37052277#1 37052277#2 37052277#3 37052277#4 1237352048 1119245070 319058612#0 319058612#1 270968317#0 270968317#1 36936396#0 -394456375 36935232 36289159#2 36289295#0 153730939#0,1.077567578572112,3
130,110,-394446871#1 -394446871#0 508751757#0 508751757#1 508751757#2 36936541 697740912 319058636 36936749#0 36936749#1 36936749#2 36936749#3 36936749#4 36936749#5 319779134 36936867 -165172165#2 -165172165#1 -165172165#0 165172163 1238426242 698024153 165170686 1238426236 165170681#0 165170681#1 1371061454 319058613#0 319058613#1 319058613#2 165170673#0 165170673#1 165170673#2 1338884371#8 1338884377 243836884#0 243836884#1 243836884#2 243836884#3 243836884#4 243836884#5 39820657#0 39820657#1 719004331 1371061467 1371061468 36936590#0 36936590#1 36936590#2 36936590#3 36936590#4 36936590#5 36936590#6,2.2254224720528204,0
130,110,-394446871#1 -394446871#0 508751757#0 508751757#1 508751757#2 36936541 36936727#0 36936727#1 36936727#2 36936727#3 36936727#4 36936727#5 36936727#6 -650145324#2 -650145324#1 -650145324#0 650145330#2 650145330#3 650145327 243704191#2 1239117012#4 1239117012#5 36936616#1 36936616#2 36936616#3 36936616#4 36936616#5 36936616#6 36936480#0 36936480#1 36936480#2 719004327 719004331 1371061467 1371061468 36936590#0 36936590#1 36936590#2 36936590#3 36936590#4 36936590#5 36936590#6,1.3336205596801582,1
130,110,-394446871#1 -394446871#0 508751757#0 508751757#1 508751757#2 36936541 697740912 319058636 36936749#0 36936749#1 36936749#2 36936749#3 153730008#0 153730013#0 -153730017 -153730014#0 153730020#3 153730008#2 36936749#5 319779134 36936867 -165172165#2 -165172165#1 -165172165#0 165172163 -165170684#1 -165170684#0 -698024152#1 -698024152#0 1371061470#0 1371061470#1 1371061468 36936590#0 36936590#1 36936590#2 36936590#3 36936590#4 36936590#5 36936590#6,1.6937132644149948,2
130,110,-394446871#1 -394446871#0 508751757#0 508751757#1 508751757#2 36936541 697740912 319058636 36936749#0 36936749#1 36936749#2 36936749#3 36936749#4 36936749#5 319779134 36936867 -165172165#2 -165172165#1 -165172165#0 165172163 1238426242 698024153 165170686 1238426236 165170681#0 165170681#1 -165171783#2 -165171783#1 -165171783#0 -698024152#1 -698024152#0 1371061470#0 1371061470#1 1371061468 36936590#0 36936590#1 36936590#2 36936590#3 36936590#4 36936590#5 36936590#6,2.371151515799528,3
131,12,-153732960#0 36936655#2 36936655#3 36936655#4 36936655#5 36936655#6 319779156#0 319779156#1 319058636 319058644 698026761 39820658#0 39820658#1 39820658#2 -508751758#2 -508751758#1 -508751758#0 -1162674260 37088542 710476024#1 1239117022#0 1239117022#1 153730936#0 153730936#1 -270968323#1 -270968324 -153730925#0 -153730933#0 36936373#3,0.8429291687268079,2
131,12,153732960#0 153732962#0 327342936 153732962#3 -153732963#1 202422660#1 202422660#2 319779156#0 319779156#1 319058636 319058644 698026761 39820658#0 39820658#1 39820658#2 -508751758#2 -508751758#1 -508751758#0 -1162674260 37088542 710476024#1 1239117022#0 1239117022#1 153730936#0 153730936#1 153730936#2 -153730925#1 -153730925#0 -153730933#0 36936373#3,1.3086130732957966,3
131,111,153732960#0 153732960#1 394443153#1 202422660#0 202422660#1 202422660#2 319779156#0 319779156#1 319058636 319058644 698026761 37088673#0 37088673#1 1239117016#0 1239117016#1 1239117016#2 -36950447#1 -36950447#0 36950586 -319058589#3 -319058589#2 -319058589#1 -319058589#0 394456356#0 394456356#1 859784039#2 -319058602#1 -319058602#0 -1119245061 -1119245060#2 -1119245060#1 -1119245060#0 37049908 -1024000539#2 -1024000539#1,2.732017915614455,0
131,111,-153732960#0 36936655#2 36936655#3 36936655#4 36936655#5 36936655#6 319779156#0 319779156#1 319058636 319058644 698026761 37088673#0 37088673#1 1239117016#0 1239117016#1 1239117016#2 -36950447#1 -36950447#0 36950586 -319058589#3 -319058589#2 -319058589#1 -319058589#0 -394456379 -36950439#1 -36950439#0 36950518#0 36950518#1 36950518#2 859784039#1 859784039#2 -319058602#1 1024000539#0 1024000539#1,2.1974294081675985,1
131,111,153732960#0 153732962#0 153732962#1 153732962#2 153732962#3 -153732963#1 202422660#1 202422660#2 319779156#0 319779156#1 319058636 319058644 698026761 37088673#0 37088673#1 1239117016#0 1239117016#1 1239117016#2 -36950447#1 -36950447#0 36950586 -319058589#3 -319058589#2 -319058589#1 -319058589#0 394456356#0 394456356#1 859784039#2 -319058602#1 1024000539#0 1024000539#1,2.488641385736845,2
131,111,153732960#0 153732962#0 327342936 153732962#3 -153732963#1 202422660#1 202422660#2 319779156#0 319779156#1 319058636 319058644 698026761 37088673#0 37088673#1 1239117016#0 1239117016#1 1239117016#2 -36950447#1 -36950447#0 36950586 -319058589#3 -319058589#2 -319058589#1 -319058589#0 394456356#0 394456356#1 859784039#2 -319058602#1 1024000539#0 1024000539#1,2.7545879947620246,3
132,31,153730935 153730939#1 153730941#1 -36289599#0 -157553237#1 -157553237#0 -157553234 -157574536#1 -157574536#0 -710476024#1 -710476024#0 1162674260 508751758#0 508751758#1 508751758#2 508751757#0 508751757#1 508751757#2 36936541 697740912 319058636 36936749#0 36936749#1 36936749#2 36936749#3 36936749#4 36936749#5 319779134 36936867 319058601 698024155#0 698024155#1 698024155#2 319779133#0 319779133#1 610135150#5 610135150#6 610135150#7 610135149 88525123 610135150#9 610135150#0 610135150#1 1239117050 1239117049 610135150#3 610135147#0 610135147#1,1.689993675393458,0
132,31,-153730935 878854448 -36289599#1 -36289599#0 -157553237#1 -157553237#0 -157553234 -157574536#1 -157574536#0 -710476024#1 -710476024#0 1162674260 508751758#0 508751758#1 508751758#2 508751757#0 508751757#1 508751757#2 36936541 697740912 319058636 36936749#0 36936749#1 36936749#2 36936749#3 36936749#4 36936749#5 319779134 36936867 319058601 698024155#0 698024155#1 698024155#2 319779133#0 319779133#1 610135150#5 610135150#6 610135150#7 610135150#8 610135150#9 610135150#0 610135150#1 610135150#2 610135150#3 610135147#0 610135147#1,1.565625822841464,1
132,31,-153730935 878854448 -36289599#1 -36289599#0 -157553237#1 -157553237#0 -157553234 -157574536#1 -157574536#0 -710476024#1 -710476024#0 1162674260 508751758#0 508751758#1 508751758#2 508751757#0 508751757#1 508751757#2 36936541 697740912 319058636 36936749#0 36936749#1 36936749#2 36936749#3 36936749#4 36936749#5 319779134 36936867 319058601 698024155#0 698024155#1 698024155#2 319779133#0 319779133#1 610135150#5 610135150#6 610135150#7 610135150#8 610135150#9 1057740878 1057740881 610135150#1 610135150#2 610135150#3 610135147#0 610135147#1,1.6058346061388002,2
132,31,153730935 -153730939#0 36289295#1 36936396#3 36936396#4 878854447 878854448 -36289599#1 -36289599#0 -157553237#1 -157553237#0 -157553234 -157574536#1 -157574536#0 -710476024#1 -710476024#0 1162674260 508751758#0 508751758#1 508751758#2 508751757#0 508751757#1 508751757#2 36936541 697740912 319058636 36936749#0 36936749#1 36936749#2 36936749#3 36936749#4 36936749#5 319779134 36936867 319058601 698024155#0 698024155#1 698024155#2 319779133#0 319779133#1 610135150#5 610135150#6 610135150#7 610135150#8 610135150#9 610135150#0 610135150#1 610135150#2 610135150#3 610135147#0 610135147#1,1.7288699496299529,3
132,112,-153730935 -878854447 878854446 48955689#0 48955689#1 -36950525 157555049 1119245067 37055902#0 -37051625#2 -37051625#1 37052277#4 1237352048 1119245070 319058612#0 319058612#1 270968317#0 270968317#1 48955998 313248247 313248248 48955996 48956015,1.2019485857873042,0
132,112,-153730935 -878854447 878854446 48955689#0 48955689#1 1119245069 48956015,0.2298048865361698,1
132,112,-153730935 878854448 157553231 48955689#0 48955997 159922990 48955996 48956015,0.2677985293129745,2
132,112,-153730935 -878854447 878854446 48955689#0 48955689#1 -36950525 157555049 1119245067 37055902#0 -37051625#2 -37051625#1 37052277#4 1237352048 37050033#0 -48956015,1.080020869257552,3
133,33,37050033#0 37050033#1 37055902#0 37055902#1 37055902#2 156460671 1119245064 156460680#1 1119245061 319058602#0 319058602#1 -270968314 -394456356#1 -394456356#0 -394456379 -36950439#1 -36950439#0 37088258#0 37088258#1 394456378 157555049 1119245067,1.3555435565154788,0
133,33,37050033#0 -48956015 406210869#0 406210869#1 319058612#0 319058612#1 270968317#0 270968317#1 36936396#0 36936396#1 36936396#2 36936396#3 36936396#4 878854447 878854448 157553231 48955689#0 48955689#1 -36950525 157555049 1119245067,0.7007923956542523,1
133,33,37050033#0 -48956015 406210869#0 406210869#1 319058612#0 319058612#1 270968317#0 270968317#1 36936396#0 36936396#1 36936396#2 36936396#3 36936396#4 878854446 48955689#0 48955689#1 -36950525 157555049 1119245067,0.6943267490895958,2
133,33,37050033#0 37050033#1 37055902#0 37055902#1 37055902#2 156460671 1119245064 1024000539#1 1024000539#2 -37049908 1119245060#0 1119245060#1 1119245060#2 1119245061 319058602#0 319058602#1 -270968314 -394456356#1 -394456356#0 -394456379 -36950439#1 -36950439#0 37088258#0 37050051 1119245067,1.5408927285817131,3
133,65,37050033#0 -48956015 406210869#0 406210869#1 319058612#0 319058612#1 270968317#0 270968317#1 36936396#0 -394456375 36935232 36289159#2 36289295#0 153730939#0 153730939#1 153730941#1 36289599#1 157553231,1.030862751501932,0
133,65,37050033#0 -48956015 406210869#0 406210869#1 319058612#0 319058612#1 270968317#0 270968317#1 36936396#0 36936396#1 36936396#2 36936396#3 36936396#4 878854447 878854448 157553231,0.5246507858129226,1
133,65,37050033#0 -48956015 406210869#0 406210869#1 319058612#0 319058612#1 36288941#0 36288941#1 36288941#2 36289159#0 36935200 269702561#0 269702561#1 270968317#1 36936396#0 36936396#1 394456381 777654407 36936396#3 36936396#4 878854447 878854448 157553231,0.9456721698087736,2
133,65,37050033#0 37050033#1 37055902#0 -37051625#2 -37051625#1 37052277#4 1237352048 1119245070 319058612#0 319058612#1 270968317#0 270968317#1 36936396#0 36936396#1 394456381 777654407 36936396#3 36936396#4 878854447 878854448 157553231,0.9999219846390688,3
134,57,153730017 153730013#1 -153730014#1 -153730014#0 153730020#3 153730008#2 -36936749#4 -36936749#3 -36936749#2 -36936749#1 -36936749#0 319058644 319058627 36936541 36936727#0 36936727#1 36936727#2 36936727#3 36936727#4 36936727#5 36936727#6 -650145324#2 -650145324#1,0.7715411875960816,0
134,57,153730017 -153730013#0 -153730008#0 -36936749#3 -36936749#2 -36936749#1 -36936749#0 319058644 319058627 36936541 36936727#0 36936727#1 36936727#2 36936727#3 36936727#4 36936727#5 36936727#6 -650145324#2 -650145324#1,0.5836832603346729,1
134,57,-153730017 -153730014#0 153730020#3 -153730008#1 -153730008#0 -36936749#3 -36936749#2 -36936749#1 -36936749#0 319058644 319058627 36936541 36936727#0 36936727#1 36936727#2 36936727#3 36936727#4 36936727#5 36936727#6 -650145324#2 -650145324#1,0.6496539826768855,2
134,57,-153730017 153730017 -153730013#0 153730008#1 153730008#2 -36936749#4 -36936749#3 -36936749#2 -36936749#1 -36936749#0 319058644 319058627 36936541 36936727#0 36936727#1 36936727#2 36936727#3 36936727#4 36936727#5 36936727#6 -650145324#2 -650145324#1,0.8088462031948338,3
134,78,-153730017 -153730014#0 153730020#3 153730008#2 -36936749#4 -36936749#3 -36936749#2 -36936749#1 -36936749#0 319058644 698026761 37088673#0 37088673#1 1239117016#0 1239117016#1 1239117016#2 -36950447#1 -36950447#0 36950586 -319058589#3 -319058589#2 -319058589#1 -319058589#0 394456356#0 394456356#1 859784039#2 -319058602#1 -319058602#0 -1119245061 -156460680#1 1024000539#1 1024000539#2 -37049908 -36293459#10 37051872#0 37051872#1 -476687231#2 -476687231#1 -476687231#0 -1119245056 -37054066,3.116376005851125,0
134,78,153730017 -153730013#0 -153730008#0 -36936749#3 -36936749#2 -36936749#1 -36936749#0 319058644 698026761 37088673#0 37088673#1 1239117016#0 1239117016#1 1239117016#2 -36950447#1 -36950447#0 36950586 -319058589#3 -319058589#2 -319058589#1 -319058589#0 394456356#0 394456356#1 859784039#2 -319058602#1 -319058602#0 -1119245061 -1119245060#2 1119245057#0 1119245057#1 -476687231#3 -476687231#2 -476687231#1 -476687231#0 -1119245056 -37054066,2.6513822494560464,1
134,78,153730017 -153730013#0 -153730008#0 -36936749#3 -36936749#2 -36936749#1 -36936749#0 319058644 698026761 37088673#0 37088673#1 1239117016#0 1239117016#1 1239117016#2 -36950447#1 -36950447#0 36950586 -319058589#3 -319058589#2 -319058589#1 -319058589#0 394456356#0 394456356#1 859784039#2 -319058602#1 -319058602#0 -1119245061 -156460680#1 1024000539#1 1024000539#2 -37049908 -36293459#10 37051872#0 37051872#1 -476687231#2 -476687231#1 -476687231#0 -1119245056 -37054066,3.0006923046516314,2
134,78,-153730017 153730017 -153730013#0 153730008#1 153730008#2 -36936749#4 -36936749#3 -36936749#2 -36936749#1 -36936749#0 319058644 698026761 37088673#0 37088673#1 1239117016#0 1239117016#1 1239117016#2 -36950447#1 -36950447#0 36950586 -319058589#3 -319058589#2 -319058589#1 -319058589#0 394456356#0 394456356#1 859784039#2 -319058602#1 1024000539#0 1024000539#1 1024000539#2 -37049908 -36293459#10 37051872#0 37051872#1 -476687231#2 -476687231#1 -476687231#0 -1119245056 -37054066,3.1605324733337263,3
134,144,-153730017 153730017 -153730013#0 -153730008#0 -36936749#3 -36936749#2 -36936749#1 -36936749#0 319058644 698026761 37088673#0 37088673#1 1239117016#0 1239117016#1 1239117016#2 -36950447#1 -36950447#0 36950586 -319058589#3 -319058589#2 -319058589#1 -319058589#0 394456356#0 394456356#1 859784039#2 -319058602#1 -319058602#0 -1119245061 -1119245060#2 -1119245060#1 -1119245060#0 -36293459#10 37051872#0 37051872#1 -476687231#2 -476687231#1 -476687231#0 -1119245056 -37054066 -36293459#2 -36293459#1 -36293459#0 -156460681#2 -156460681#1,3.075836293132553,0
134,144,153730017 -153730013#0 -153730008#0 -36936749#3 -36936749#2 -36936749#1 -36936749#0 319058644 698026761 37088673#0 37088673#1 1239117016#0 1239117016#1 1239117016#2 -36950447#1 -36950447#0 36950586 -319058589#3 -319058589#2 -319058589#1 -319058589#0 -394456379 -36950439#1 -36950439#0 36950518#0 36950518#1 36950518#2 859784039#1 859784039#2 -319058602#1 -319058602#0 -1119245061 -1119245060#2 1119245057#0 1119245057#1 -476687231#3 -476687231#2 -476687231#1 -476687231#0 -1119245056 -37054066 -36293459#2 -36293459#1 -36293459#0 -156460681#2 -156460681#1,2.955641908683309,1
134,144,-153730017 153730017 -153730013#0 -153730008#0 -36936749#3 -36936749#2 -36936749#1 -36936749#0 319058644 698026761 37088673#0 37088673#1 1239117016#0 1239117016#1 1239117016#2 -36950447#1 -36950447#0 36950586 -319058589#3 -319058589#2 -319058589#1 -319058589#0 394456356#0 394456356#1 859784039#2 -319058602#1 1024000539#0 156460680#1 -1119245060#2 1119245057#0 1119245057#1 -476687231#3 -476687231#2 -476687231#1 -476687231#0 -1119245056 -37054066 -36293459#2 -36293459#1 -36293459#0 -156460681#2 -156460681#1,3.318354891644672,2
134,144,153730017 -153730013#0 -153730008#0 -36936749#3 -36936749#2 -36936749#1 -36936749#0 319058644 698026761 37088673#0 37088673#1 1239117016#0 1239117016#1 1239117016#2 -36950447#1 -36950447#0 36950586 -319058589#3 -319058589#2 -319058589#1 -319058589#0 394456356#0 394456356#1 859784039#2 -319058602#1 -319058602#0 -1119245061 -1119245060#2 1119245057#0 1119245057#1 -476687231#3 -476687231#2 -476687231#1 -476687231#0 -1119245056 -37054066 -36293459#2 -36293459#1 -36293459#0 -156460683#8 -156460683#7 -156460683#6 -37054132 156460681#1,3.485615510795139,3
134,147,153730017 -153730013#0 153730008#1 153730008#2 -36936749#4 -36936749#3 -36936749#2 -36936749#1 -36936749#0 319058644 698026761 39820658#0 39820658#1 39820658#2 -508751758#2 -508751758#1 -508751758#0 -319058587#2 -319058587#1 -319058587#0 -319058586 -1088466838#1 -1088466838#0 -37088447#2 -37088447#1 -37088447#0 -36933126#2 -36933126#1 -36933126#0 -269702559 -36933151#0 36933113 39820664#9 36933223 36933282#0 36933282#1 -36288851#2 36284386#0 -36933306 36933307#1,1.925527136946956,0
134,147,153730017 -153730013#0 -153730008#0 -36936749#3 -36936749#2 -36936749#1 -36936749#0 319058644 698026761 39820658#0 39820658#1 39820658#2 -508751758#2 -508751758#1 -508751758#0 -319058587#2 -319058587#1 -319058587#0 -319058586 -1088466838#1 -1088466838#0 -37088447#2 -37088447#1 -37088447#0 -36933126#2 -36933126#1 -36933126#0 -269702559 -36933151#0 36933113 39820664#9 36933223 36933282#0 36933282#1 36288851#3 36933307#0 36933307#1,1.5366612903190966,1
134,147,-153730017 153730014#1 -153730013#1 -153730013#0 -153730008#0 -36936749#3 -36936749#2 -36936749#1 -36936749#0 319058644 698026761 39820658#0 39820658#1 39820658#2 -508751758#2 -508751758#1 -508751758#0 -319058587#2 -319058587#1 -319058587#0 -319058586 -1088466838#1 -1088466838#0 -37088447#2 -37088447#1 -37088447#0 -36933126#2 -36933126#1 -36933126#0 -269702559 -36933151#0 36933113 39820664#9 36933223 36933282#0 36933282#1 36288851#3 36933307#0 36933307#1,1.6054637861194323,2
134,147,-153730017 153730017 -153730013#0 -153730008#0 -36936749#3 -36936749#2 -36936749#1 -36936749#0 319058644 698026761 39820658#0 39820658#1 39820658#2 -508751758#2 -508751758#1 -508751758#0 -319058587#2 -319058587#1 -319058587#0 -319058586 -1088466838#1 -1088466838#0 -37088447#2 -37088447#1 -37088447#0 -36933126#2 -36933126#1 -36933126#0 -269702559 -36933151#0 36933113 39820664#9 36933223 36933282#0 36933282#1 -36288851#2 36284386#0 -36933306 36933307#1,1.8133951516101927,3
135,52,157555049 1119245067 37055902#0 -37051625#2 -37051625#1 -37051625#0 -156480737#2 -156480737#1 394456380 37050590 918716574#1 918716574#2 -36936220 39820661#0 39820661#1 36934854#0 -156480752 -1109771198#1 -1109771198#0 -36936392#1 -36936392#0 -36288941#0 270968317#0 270968317#1 36936396#0 -394456375 36935232,1.6698490018136485,0
135,52,157555049 1119245068 168924807 168924808 1057740851 37051441#1 37051441#2 -37051625#2 -37051625#1 37052277#4 1237352048 1119245070 319058612#0 319058612#1 270968317#0 270968317#1 36936396#0 -394456375 36935232,0.8477199663810873,1
135,52,157555049 1119245067 37055902#0 -37051625#2 -37051625#1 37052277#4 1237352048 1119245070 319058612#0 319058612#1 36936407#0 36936407#1 36936380 -36936392#1 -36936392#0 36288941#1 36288941#2 36289159#0 36935200 269702561#0 269702561#1 270968317#1 36936396#0 -394456375 36935232,1.640912025265643,2
135,52,157555049 1119245067 37055902#0 37055902#1 37055902#2 156460671 1119245064 1024000539#1 1024000539#2 156460679 37052277#1 37052277#2 37052277#3 37052277#4 1237352048 1119245070 319058612#0 319058612#1 270968317#0 270968317#1 36936396#0 -394456375 36935232,1.163222726160305,3
136,100,319058612#1 270968317#0 270968317#1 36936396#0 -394456375 36935232 36289159#2 36289295#0 153730939#0 153730939#1 153730941#1 36289599#1 157553231 48955689#0 48955689#1 1119245069,0.7717151844774109,0
136,100,319058612#1 270968317#0 270968317#1 36936396#0 36936396#1 36936396#2 36936396#3 36936396#4 878854446 48955689#0 48955689#1 1119245069,0.259037572223745,1
136,100,319058612#1 36288941#0 36288941#1 36288941#2 36289159#0 36289159#1 36289159#2 36289295#0 153730939#0 -153730935 -878854447 878854446 48955689#0 48955689#1 1119245069,0.7100304684896135,2
136,100,319058612#1 36288941#0 36288941#1 36288941#2 36289159#0 36289159#1 36289159#2 36289295#0 153730939#0 153730939#1 153730941#1 36289599#1 157553231 48955689#0 48955689#1 1119245069,0.799985138902659,3
137,48,1238956370 698018293 -36936220 39820661#0 39820661#1 36934854#0 -156480752 -1109771198#1 -1109771198#0 -36936392#1 -36936392#0 36288941#1 36288941#2 36289159#0 36289159#1 36289159#2 36289295#0 153730939#0 153730939#1 153730941#1 -36289599#0 -319058608#1 -319058608#0 1339510610 36950657#0 36950657#1 1119245066#0 1119245066#1 269702545 319058589#0 319058589#1 319058589#2 319058589#3 -859785184 36950506#0 36950506#1 36950506#2,2.558556556140992,0
137,48,1238956370 698018293 -36936220 39820661#0 39820661#1 36934854#0 -156480752 -1109771198#1 -1109771198#0 -36936392#1 -36936392#0 36288941#1 36288941#2 36289159#0 36289159#1 36289159#2 36289295#0 36289295#1 36936396#3 36936396#4 878854447 878854448 -36289599#1 -36289599#0 -319058608#1 -319058608#0 1339510610 -269702562 -1339510609#0 -328471845#1 -328471845#0 -319058611 -36950506#3 -36950506#2,1.6328457380584394,1
137,48,1238956370 698018293 -36936220 39820661#0 39820661#1 36934854#0 -156480752 1057740871#0 1057740871#1 36934860#0 36934860#1 36934860#2 36934860#3 1339510612#0 1339510612#1 1339510612#2 36289159#0 36289159#1 36289159#2 36289295#0 153730939#0 153730939#1 153730941#1 -36289599#0 -319058608#1 -319058608#0 1339510610 -269702562 -1339510609#0 -328471845#1 -328471845#0 -319058611 -36950506#3 -36950506#2,1.499281096497091,2
137,48,1238956370 698018293 -36936220 39820661#0 39820661#1 36936236#0 36936236#1 36934860#0 36934860#1 36934860#2 36934860#3 1339510612#0 1339510612#1 1339510612#2 36289159#0 36289159#1 36289159#2 36289295#0 153730939#0 153730939#1 153730941#1 -36289599#0 -157553237#1 -157553237#0 -157553234 -157574536#1 -157574536#0 -710476024#1 -710476024#0 39820659#0 39820659#1 39820659#2 39820659#3 153733879 -36950506#3 -36950506#2,1.652210397767055,3
138,94,-1299820133 -37051625#0 -156480737#2 -156480737#1 394456380 37056002 1119245115 37056017 -159922662#1 -159922662#0 -156460682#0 -37054319 -270968320 37052930 698018294#0 698018294#1 1238956370 36935056 36935040#0 36935040#1 36935040#2,1.7904253998215556,0
138,94,-1299820133 37052277#4 37050515#0 37050515#1 37050515#2 156480737#0 394456380 37056002 1119245115 37056017 -159922662#1 -159922662#0 -156460682#0 -37054319 -270968320 37052930 698018294#0 698018294#1 1238956370 36935056 36935040#0 36935040#1 36935040#2,1.8093358869825824,1
138,94,37052277#4 37050515#0 37050515#1 37050515#2 156480737#0 394456380 37050590 918716574#1 918716574#2 37051113#0 37051113#1 1119245072 37056055#1 319058606 37052930 698018294#0 698018294#1 1238956370 36935056 36935040#0 36935040#1 36935040#2,1.41431273396597,2
138,94,-1299820133 -37051625#0 -156480737#2 -156480737#1 394456380 37056002 1119245115 37056017 -159922662#1 37054401 37056055#1 319058606 37052930 698018294#0 698018294#1 1238956370 36935056 36935040#0 36935040#1 36935040#2,1.7409693178927437,3
138,113,-1299820133 -37051625#0 -156480737#2 -156480755 37050515#2 156480737#0 394456380 37050590 918716574#1 918716574#2 -36936220 39820661#0 39820661#1 36934854#0 -156480752 -1109771198#1 -1109771198#0 -36936392#1 -36936392#0 -36288941#0 270968317#0 270968317#1 36936396#0,1.5124872775202685,0
138,113,37052277#4 1237352048 1119245070 319058612#0 319058612#1 270968317#0 270968317#1 36936396#0,0.373523588859966,1
138,113,-1299820133 37052277#4 1237352048 1119245070 319058612#0 319058612#1 36288941#0 36288941#1 36288941#2 36289159#0 36935200 269702561#0 269702561#1 270968317#1 36936396#0,0.937476317826167,2
138,113,37052277#4 -1299820133 -37051625#0 -156480737#2 -156480755 37050515#2 156480737#0 394456380 37056002 1119245115 37056017 -159922662#1 37054401 37056055#1 319058606 37052930 698018294#0 698018294#1 1238956370 698018293 -36936220 39820661#0 39820661#1 36934854#0 -156480752 -1109771198#1 -1109771198#0 -36936392#1 -36936392#0 -36288941#0 270968317#0 270968317#1 36936396#0,2.6401769168578326,3
138,147,-1299820133 -37051625#0 -156480737#2 -156480737#1 394456380 37050590 918716574#1 918716574#2 -36936220 36934835#0 36934835#1 36934835#2 332885553 1339478330 319058604#1 319058604#2 -339940214 -36284844 36288851#0 36288851#1 36284386#0 -36933306 36933307#1,2.118709309010675,0
138,147,-1299820133 -37051625#0 -156480737#2 -156480737#1 394456380 37050590 918716574#1 918716574#2 -36936220 36934835#0 36934835#1 36934835#2 332885553 332885552 -394446867#1 -394446867#0 36288851#0 36288851#1 36284386#0 36284386#1 36284386#2 -153730928 -36933307#1,1.8092540654301608,1
138,147,-1299820133 -37051625#0 -156480737#2 -156480737#1 394456380 37050590 918716574#1 918716574#2 -36936220 36934835#0 36934835#1 36934835#2 -710476653#1 -710476653#0 -394446867#1 -394446867#0 36288851#0 36288851#1 36284386#0 -36933306 36933307#1,1.7237609048830052,2
138,147,-1299820133 37052277#4 37050515#0 37050515#1 156480755 -156480737#1 394456380 37050590 918716574#1 918716574#2 -36936220 36934835#0 36934835#1 36934835#2 -710476653#1 -710476653#0 -394446867#1 -394446867#0 36288851#0 36288851#1 36284386#0 -36933306 36933307#1,1.8964270915880688,3
139,33,36936373#1 153730938 -153730933#1 -153730933#0 36936373#3 36936373#4 201772610 157574535 37088447#0 37088447#1 37088447#2 1088466838#0 1088466838#1 319058586 319058587#0 319058587#1 319058587#2 -1162674260 37088542 710476024#1 157574536#0 157574536#1 153733877 1339510611 157553237#1 -319058608#1 -319058608#0 1339510610 36950657#0 36950657#1 1119245066#0 1119245066#1 269702545 -394456379 -36950439#1 -36950439#0 37088258#0 37050051 1119245067,1.5837203860774844,0
139,33,36936373#1 153730938 -153730933#1 -153730933#0 36936373#3 36936373#4 201772610 157574535 37088447#0 37088447#1 37088447#2 1088466838#0 1088466838#1 319058586 319058587#0 319058587#1 319058587#2 -1162674260 37088542 710476024#1 1239117022#0 1239117022#1 157574537#0 157574537#1 36289394#0 153730941#0 153730941#1 36289599#1 -878854448 -878854447 878854446 48955689#0 48955689#1 -36950525 157555049 1119245067,1.2607631713495322,1
139,33,36936373#1 36936373#2 153730933#0 153730933#1 153730933#2 153730934 36935235#2 36935235#3 36289394#0 153730941#0 -153730939#1 -153730935 878854448 157553231 48955689#0 48955689#1 -36950525 157555049 1119245067,0.8183807743625336,2
139,33,36936373#1 36936373#2 153730933#0 153730925#0 270968324 270968323#1 153730936#2 153730936#3 201772610 157574535 37088447#0 37088447#1 37088447#2 1088466838#0 1088466838#1 319058586 319058587#0 319058587#1 319058587#2 -1162674260 37088542 710476024#1 1239117022#0 1239117022#1 157574537#0 157574537#1 36289394#0 153730941#0 153730941#1 36289599#1 157553231 48955689#0 48955689#1 -36950525 157555049 1119245067,1.403201297451559,3
140,95,36936396#0 36936396#1 36936396#2 36936396#3 36936396#4 878854446 48955689#0 48955689#1 -36950525 157555049 1119245067 37055902#0 -37051625#2 -37051625#1 37052277#4 1237352048 1119245070 319058612#0 319058612#1,0.9250268223366612,0
140,95,36936396#0 36936396#1 394456381 777654407 36936396#3 36936396#4 878854446 48955689#0 48955689#1 1119245069 406210869#0 406210869#1 319058612#0 319058612#1,0.4431225951968847,1
140,95,36936396#0 36936396#1 36936396#2 -777654407 1119245693 159922990 48955996 406210869#0 406210869#1 319058612#0 319058612#1,0.3526402100253221,2
140,95,36936396#0 36936396#1 394456381 1119245693 159922990 48955996 48956015 37050033#1 37055902#0 -37051625#2 -37051625#1 37052277#4 1237352048 1119245070 319058612#0 319058612#1,0.8569010896770021,3
141,47,918716574#1 918716574#2 -36936220 39820661#0 39820661#1 36934854#0 -156480752 -1109771198#1 -1109771198#0 -36936392#1 -36936392#0 -36288941#0 270968317#0 270968317#1 36936396#0 -394456375 36935232 36289159#2 36289295#0 153730939#0 -153730935 878854448 -36289599#1 -36289599#0 -319058608#1 -319058608#0 1339510610 -269702562 -1339510609#0 -328471845#1 -328471845#0,1.5991327436752167,0
141,47,918716574#1 918716574#2 -36936220 39820661#0 39820661#1 36936236#0 36936236#1 36934860#0 36934860#1 36934860#2 36934860#3 1339510612#0 1339510612#1 1339510612#2 36289159#0 36289159#1 36289159#2 36289295#0 153730939#0 153730939#1 153730941#1 -36289599#0 -319058608#1 -319058608#0 1339510610 -269702562 -1339510609#0 -328471845#1 -328471845#0,1.262277767680857,1
141,47,918716574#1 918716574#2 -36936220 39820661#0 39820661#1 36936236#0 36936236#1 36934860#0 36934860#1 36934860#2 36934860#3 1339510612#0 1339510612#1 1339510612#2 36289159#0 36935200 269702561#0 269702561#1 270968317#1 36936396#0 -394456375 36935232 36289159#2 36289295#0 153730939#0 153730939#1 153730941#1 -36289599#0 -319058608#1 -319058608#0 1339510610 -269702562 -1339510609#0 -328471845#1 -328471845#0,1.595512738046144,2
141,47,918716574#1 918716574#2 -36936220 39820661#0 39820661#1 36934854#0 -156480752 -1109771198#1 -1109771198#0 -36936392#1 -36936392#0 36288941#1 36288941#2 36289159#0 36289159#1 36289159#2 36289295#0 153730939#0 153730939#1 153730941#1 -36289599#0 -319058608#1 -37088332#3 -37088332#2 371455497 -36950657#0 -269702562 -1339510609#0 -328471845#1 -328471845#0,1.9096979740643465,3
142,83,270968317#1 36936396#0 36936396#1 36936396#2 -777654407 1119245693 159922990 48955996 406210869#0 406210869#1 -1119245070 -1119245071 -1299820133 -37052277#3 -37052277#2,0.6681222873907262,0
142,83,270968317#1 36936396#0 36936396#1 394456381 1119245693 159922990 48955996 406210869#0 406210869#1 -1119245070 -1119245071 -1299820133 -37052277#3 -37052277#2,0.6799785594110167,1
142,83,270968317#1 48955998 313248247 48956000 406210869#1 -1119245070 -1119245071 -1299820133 -37052277#3 -37052277#2,0.5338166106027449,2
142,83,270968317#1 48955998 313248247 48956000 406210869#1 -1119245070 -1119245071 37050515#0 37050515#1 156480755 156480737#2 37051625#0 -37052277#3 -37052277#2,0.7242413766214635,3
143,47,-153730011 153730011 -36936749#2 -36936749#1 -36936749#0 319058644 698026761 37088673#0 37088673#1 1239117016#0 1239117016#1 1239117016#2 -36950447#1 -36950447#0 36950586 -319058589#3 -319058589#2 -319058589#1 -319058589#0 -394456379 607473249#0 607473249#1 -36950657#1 -36950657#0 -269702562 -1339510609#0 -328471845#1 -328471845#0,2.243104762192542,0
143,47,153730011 -36936749#2 -36936749#1 -36936749#0 319058644 698026761 39820658#0 39820658#1 39820658#2 -508751758#2 -508751758#1 -508751758#0 -1162674260 37088542 710476024#1 157574536#0 157574536#1 157574536#2 157553237#0 157553237#1 -319058608#1 -319058608#0 1339510610 -269702562 -1339510609#0 -328471845#1 -328471845#0,0.713959752659192,1
143,47,-153730011 153730011 -36936749#2 -36936749#1 -36936749#0 319058644 698026761 39820658#0 39820658#1 39820658#2 -508751758#2 -508751758#1 -508751758#0 -1162674260 37088542 710476024#1 157574536#0 157574536#1 153733877 1339510611 157553237#1 -319058608#1 -319058608#0 1339510610 -269702562 -1339510609#0 -328471845#1 -328471845#0,0.8455544186052684,2
143,47,-153730011 153730011 -36936749#2 -36936749#1 -36936749#0 319058644 698026761 39820658#0 39820658#1 39820658#2 -508751758#2 -508751758#1 -508751758#0 -1162674260 39820659#0 39820659#1 39820659#2 39820659#3 153733879 319058611 328471844,0.7891130851746082,3
143,63,153730011 -36936749#2 -36936749#1 -36936749#0 319058644 698026761 37088673#0 37088673#1 1239117016#0 1239117016#1 1239117016#2 -36950447#1 -36950447#0 36950586 -319058589#3 -319058589#2 -319058589#1 -319058589#0 -394456379 607473249#0 607473249#1 -36950657#1 -36950657#0 -1339510610 319058608#0 319058608#1 36289599#0,2.164283226378793,0
143,63,153730011 -36936749#2 -36936749#1 -36936749#0 319058644 698026761 39820658#0 39820658#1 39820658#2 -508751758#2 -508751758#1 -508751758#0 -1162674260 37088542 710476024#1 157574536#0 157574536#1 157574536#2 157553237#0 157553237#1 36289599#0,0.3927216101739763,1
143,63,153730011 -36936749#2 -36936749#1 -36936749#0 319058644 698026761 39820658#0 39820658#1 39820658#2 -508751758#2 -508751758#1 -508751758#0 -1162674260 37088542 710476024#1 1239117022#0 1239117022#1 157574537#0 157574537#1 36289394#0 153730941#0 153730941#1 -36289599#0,0.6682363106721039,2
143,116,153730011 -36936749#2 -36936749#1 -36936749#0 319058644 698026761 37088673#0 37088673#1 1239117016#0 1239117016#1 1239117016#2 -36950447#1 -36950447#0 36950586 -319058589#3 -319058589#2 -319058589#1 -319058589#0 -394456379 607473249#0 607473249#1 -36950657#1 -36950657#0 -1339510610 319058608#0 319058608#1 36289599#0 36289599#1 -878854448 153730935 -153730939#0 36289295#1 36936396#3,2.4818933729226047,0
143,116,153730011 -36936749#2 -36936749#1 -36936749#0 319058644 698026761 39820658#0 39820658#1 39820658#2 -508751758#2 -508751758#1 -508751758#0 -1162674260 37088542 710476024#1 157574536#0 157574536#1 153733877 1339510611 157553237#1 36289599#0 36289599#1 157553231 48955689#0 48955997 -1119245693 777654407 36936396#3,0.6260372743537852,1
143,116,153730011 -36936749#2 -36936749#1 -36936749#0 319058644 698026761 39820658#0 39820658#1 39820658#2 -508751758#2 -508751758#1 -508751758#0 -1162674260 37088542 710476024#1 1239117022#0 1239117022#1 157574537#0 157574537#1 36289394#0 153730941#0 -153730939#1 -153730935 878854448 157553231 48955689#0 48955997 -1119245693 777654407 36936396#3,0.8414464070597126,2
143,116,-153730011 153730011 -36936749#2 -36936749#1 -36936749#0 319058644 698026761 39820658#0 39820658#1 39820658#2 -508751758#2 -508751758#1 -508751758#0 -1162674260 37088542 710476024#1 1239117022#0 1239117022#1 157574537#0 157574537#1 36289394#0 153730941#0 -153730939#1 -153730939#0 36289295#1 36936396#3,0.8602809471011894,3
143,187,153730011 36936749#3 153730008#0 153730013#0 153730013#1 -153730014#1 -153730014#0 153730020#3 153730008#2 36936749#5 319779134 36936867 319058601 698024155#0 698024155#1,0.9279810378446054,0
143,187,153730011 36936749#3 36936749#4 36936749#5 319779134 36936867 319058601 698024155#0 698024155#1,0.8134946432008212,1
143,187,-153730011 153730011 36936749#3 153730008#0 153730008#1 153730008#2 36936749#5 319779134 36936867 319058601 698024155#0 698024155#1,0.9276690628026087,2
143,187,-153730011 153730011 36936749#3 153730008#0 153730013#0 153730013#1 -153730014#1 -153730014#0 153730020#3 153730008#2 36936749#5 319779134 36936867 319058601 698024155#0 698024155#1,0.9991953407003769,3
144,117,-878854448 878854448 157553231 48955689#0 48955689#1 1119245069 406210869#0 406210869#1 -1119245070 -1119245071 37050515#0 37050515#1 156480755 -156480737#1 394456380 37050590 918716574#1 918716574#2 -36936220 36934835#0 36934835#1 36934835#2 332885553 332885554 -710476653#0 -394446867#1 -394446867#0 36288851#0 36288851#1 36284386#0 36284386#1 36284386#2 -153730928 36933307#2,1.9752748575741703,0
144,117,-878854448 878854448 -36289599#1 -36289599#0 -157553237#1 -157553237#0 -157553234 -157574536#1 -157574536#0 1239117022#0 1239117022#1 153730936#0 153730936#1 153730936#2 153730936#3 201772610 157574535 -36933126#2 -36933126#1 -36933126#0 -269702559 -36933151#0 36933113 39820664#9 36933223 36933282#0 36933282#1 36288851#3 36933307#0 36933307#1 36933307#2,1.6824675556108526,1
144,117,878854448 -36289599#1 -36289599#0 -157553237#1 -157553237#0 -157553234 -157574536#1 -157574536#0 1239117022#0 1239117022#1 153730936#0 153730936#1 153730936#2 153730936#3 201772610 157574535 -36933126#2 -36933126#1 -36933126#0 -269702559 -36933151#0 36933113 39820664#9 36933223 36933282#0 36933282#1 36288851#3 36933307#0 36933307#1 36933307#2,1.6813949483501265,2
144,117,878854448 -36289599#1 -36289599#0 -157553237#1 -157553237#0 -157553234 -157574536#1 -157574536#0 1239117022#0 1239117022#1 153730936#0 153730936#1 -270968323#1 -270968324 153730925#1 153730936#3 201772610 157574535 -36933126#2 -36933126#1 -36933126#0 -269702559 -36933151#0 36933113 39820664#9 36933223 36933282#0 36933282#1 -36288851#2 36284386#0 -36933306 36933307#1 36933307#2,1.975671406233496,3
145,95,270968324 -270968324 -153730925#0 153730933#1 -153730938 36936373#2 36936373#3 36936373#4 201772610 157574535 37088447#0 37088447#1 37088447#2 1088466838#0 1088466838#1 319058586 319058587#0 319058587#1 319058587#2 -1162674260 37088542 710476024#1 1239117022#0 1239117022#1 157574537#0 157574537#1 36289394#0 153730941#0 -153730939#1 -153730935 -878854447 878854446 48955689#0 48955689#1 1119245069 406210869#0 406210869#1 319058612#0 319058612#1,1.5662389943097978,0
145,95,-270968324 -153730925#0 153730933#1 153730933#2 153730934 36935235#2 36935235#3 36289394#0 153730941#0 153730941#1 36289599#1 157553231 48955689#0 48955689#1 1119245069 406210869#0 406210869#1 319058612#0 319058612#1,0.9415618127687496,1
145,95,-270968324 -153730925#0 153730933#1 153730933#2 269702565#1 36935235#1 36935235#2 36935235#3 36289394#0 153730941#0 153730941#1 36289599#1 157553231 48955689#0 48955997 159922990 48955996 406210869#0 406210869#1 319058612#0 319058612#1,1.0027634890918895,2
145,95,-270968324 -153730925#0 153730933#1 153730933#2 269702565#1 36935235#1 36935235#2 36935235#3 36289394#0 153730941#0 153730941#1 36289599#1 157553231 48955689#0 48955689#1 -36950525 157555049 1119245067 37055902#0 -37051625#2 -37051625#1 37052277#4 1237352048 1119245070 319058612#0 319058612#1,1.5123561492218336,3
146,118,165172307#0 165172307#1 165172165#2 1238426243 698024160 -1239117045 -36936749#5 -36936749#4 -36936749#3 -36936749#2 -36936749#1 -36936749#0 319058644 698026761 37088673#0 37088673#1 1239117016#0 1239117016#1 1239117016#2 -36950447#1 -36950447#0 36950586 -319058589#3 -319058589#2 -319058589#1 -319058589#0 -394456379 -36950439#1 -36950439#0 37088258#0 37088258#1 394456378 157555049 1119245067 37055902#0 37055902#1 37055902#2 156460671 1119245064 -1024000539#0 319058602#1 36294383#0 36294383#1 36294383#2 36294383#3 36294383#4 36294383#5,3.2190573700998604,0
146,118,165172307#0 165172307#1 165172165#2 1238426243 698024160 -1239117045 -36936749#5 -36936749#4 -36936749#3 -36936749#2 -36936749#1 -36936749#0 319058644 698026761 37088673#0 37088673#1 1239117016#0 1239117016#1 1239117016#2 -36950447#1 -36950447#0 36950586 -319058589#3 -319058589#2 -319058589#1 -319058589#0 -394456379 -36950439#1 -36950439#0 36950518#0 36950518#1 36950518#2 859784039#1 859784039#2 36294383#0 36294383#1 36294383#2 36294383#3 36294383#4 36294383#5,2.682502294505908,1
146,118,165172307#0 165172307#1 165172165#2 319058601 932857453 319058592#3 698024160 -1239117045 -36936749#5 -36936749#4 -36936749#3 -36936749#2 -36936749#1 -36936749#0 319058644 698026761 37088673#0 37088673#1 1239117016#0 1239117016#1 1239117016#2 -36950447#1 -36950447#0 36950586 -319058589#3 -319058589#2 -319058589#1 -319058589#0 394456356#0 394456356#1 859784039#2 36294383#0 37055563#0 37055477 36294383#2 36294383#3 36294383#4 36294383#5,3.27477785035523,2
146,118,165172307#0 165172307#1 165172165#2 1238426243 698024160 -1239117045 -36936749#5 -36936749#4 -36936749#3 -36936749#2 -36936749#1 -36936749#0 319058644 698026761 37088673#0 37088673#1 1239117016#0 1239117016#1 1239117016#2 -36950447#1 -36950447#0 36950586 -859784611 -37055217#0 -243957897#3 -243957897#2 -243957897#1 -243957897#0 -1339510606#1 -1339510606#0 243957902#0 243957902#1 191799405 -37066023 406210871 36295293#4 243957906 406210872 36295293#6 36295293#7 36295293#8 36294993 -36294383#10 -36294383#9 -36294383#8 -36294383#7 -36294383#6 -36294383#5,4.903938104393592,3
147,119,-319058602#1 319058602#1 -270968314 -394456356#1 -394456356#0 319058589#0 319058589#1 319058589#2 319058589#3 -859785184 36950447#0 36950447#1 -1239117016#2 -1239117016#1 -1239117016#0 -37088673#1 -37088673#0 39820658#0 39820658#1 39820658#2 508751757#0 508751757#1 508751757#2 36936541 36936727#0 36936727#1 36936727#2 36936727#3 36936727#4 36936727#5 36936727#6 -650145324#2 -650145324#1 -650145324#0 650145330#2 650145330#3 650145327 243704191#2 1239117012#4 1239117012#5,2.5436112347735857,0
147,119,-319058602#1 319058602#1 36294383#0 37055563#0 332885734#0 332885734#1 332885734#2 37055217#1 -859785184 36950447#0 36950447#1 -1239117016#2 -1239117016#1 -1239117016#0 -37088673#1 -37088673#0 39820658#0 39820658#1 39820658#2 508751757#0 508751757#1 508751757#2 36936541 36936727#0 36936727#1 36936727#2 36936727#3 36936727#4 36936727#5 36936727#6 36936727#7 319058652 1239117012#0 1239117012#1 1239117012#2 1239117012#3 1239117012#4 1239117012#5,2.417007559287246,1
147,119,319058602#1 -270968314 -394456356#1 -394456356#0 -394456379 607473249#0 607473249#1 -36950657#1 -36950657#0 -1339510610 319058608#0 319058608#1 -157553237#1 -157553237#0 -157553234 -157574536#1 -157574536#0 -710476024#1 -710476024#0 1162674260 508751758#0 508751758#1 508751758#2 508751757#0 508751757#1 508751757#2 36936541 36936727#0 36936727#1 36936727#2 36936727#3 36936727#4 36936727#5 36936727#6 36936727#7 319058652 1239117012#0 1239117012#1 1239117012#2 243704191#1 243704191#2 1239117012#4 1239117012#5,1.6329400704649295,2
147,119,319058602#1 36294383#0 37055563#0 332885734#0 332885734#1 332885734#2 37055217#1 -859785184 36950447#0 36950447#1 -1239117016#2 -1239117016#1 -1239117016#0 -37088673#1 -37088673#0 39820658#0 39820658#1 39820658#2 508751757#0 508751757#1 508751757#2 36936541 36936727#0 36936727#1 36936727#2 36936727#3 36936727#4 36936727#5 36936727#6 -650145324#2 -650145324#1 -650145324#0 650145330#2 650145330#3 650145327 243704191#2 1239117012#4 1239117012#5,2.682530121262667,3
148,120,-394456385#0 394456385#0 394456385#1 -36933282#0 36933050 39820664#1 39820664#2 39820664#3 39820664#4 39820664#5 39820664#6 39820664#7 36933156 36933151#0 36933151#1 36933126#0 36933126#1 36933126#2 37088447#0 37088447#1 37088447#2 1088466838#0 1088466838#1 319058586 319058587#0 319058587#1 319058587#2 -1162674260 39820659#0 39820659#1 39820659#2 39820659#3 153733879 -36950506#3 -36950506#2 -36950506#1,1.739407936473993,0
148,120,394456385#0 394456385#1 36933282#1 36288851#3 275506498 269702543 269702544 201772610 157574535 37088447#0 37088447#1 37088447#2 1088466838#0 1088466838#1 319058586 319058587#0 319058587#1 319058587#2 -1162674260 39820659#0 39820659#1 39820659#2 39820659#3 153733879 -36950506#3 -36950506#2 -36950506#1,1.4183456952606706,1
148,120,-394456385#0 394456385#0 394456385#1 36933282#1 36288851#3 275506498 269702543 269702544 201772610 157574535 37088447#0 37088447#1 37088447#2 1088466838#0 1088466838#1 319058586 319058587#0 319058587#1 319058587#2 -1162674260 37088542 710476024#1 157574536#0 157574536#1 153733877 1339510611 157553237#1 -319058608#1 -319058608#0 1339510610 -269702562 -1339510609#0 -328471845#1 -328471845#0 -319058611 -36950506#3 -36950506#2 -36950506#1,1.5978131433848686,2
148,120,-394456385#0 394456385#0 394456385#1 36933282#1 -36288851#2 36284386#0 -36933306 -36933307#0 275506498 269702543 269702544 201772610 157574535 37088447#0 37088447#1 37088447#2 1088466838#0 1088466838#1 319058586 319058587#0 319058587#1 319058587#2 -1162674260 39820659#0 39820659#1 39820659#2 39820659#3 153733879 -36950506#3 -36950506#2 -36950506#1,1.7117942193787414,3
148,125,394456385#0 394456385#1 -36933282#0 36933050 39820664#1 243836885 319058640 39820664#3 243836888#0 243836888#1 39820664#5 39820664#6 39820664#7 36933156 36933151#0,0.31257499400048,0
148,125,394456385#0 394456385#1 -36933282#0 36933050 39820664#1 39820664#2 39820664#3 39820664#4 39820664#5 39820664#6 39820664#7 36933156 36933151#0,0.2604211663066955,1
148,125,-394456385#0 394456385#0 394456385#1 -36933282#0 36933050 39820664#1 39820664#2 39820664#3 243836888#0 243836888#1 39820664#5 39820664#6 39820664#7 36933156 36933151#0,0.2924946004319655,2
148,125,-394456385#0 394456385#0 394456385#1 36933282#1 36288851#3 275506498 269702543 269702544 201772610 157574535 -36933126#2 -36933126#1 -36933126#0 -269702559 -36933151#0,1.1793277275891736,3
149,31,-339700984 339700984 35801699#1 -698018295#2 215094374 -698018295#0 -339940214 -36284844 36288851#0 36288851#1 36288851#2 36288851#3 275506498 269702543 269702544 201772610 157574535 37088447#0 37088447#1 37088447#2 1088466838#0 1088466838#1 319058586 319058587#0 319058587#1 319058587#2 508751758#0 508751758#1 508751758#2 508751757#0 508751757#1 508751757#2 36936541 697740912 319058636 36936749#0 36936749#1 36936749#2 36936749#3 36936749#4 36936749#5 319779134 36936867 319058601 698024155#0 698024155#1 698024155#2 319779133#0 319779133#1 610135150#5 610135150#6 610135150#7 610135150#8 610135150#9 610135150#0 610135150#1 1239117050 1239117049 610135150#3 610135147#0 610135147#1,3.186819659287744,0
149,31,339700984 35801699#1 -698018295#2 215094374 -698018295#0 -339940214 -36284844 36288851#0 36288851#1 36288851#2 36288851#3 275506498 269702543 269702544 201772610 157574535 37088447#0 37088447#1 37088447#2 1088466838#0 1088466838#1 319058586 319058587#0 319058587#1 319058587#2 508751758#0 508751758#1 508751758#2 508751757#0 508751757#1 508751757#2 36936541 697740912 319058636 36936749#0 36936749#1 36936749#2 36936749#3 36936749#4 36936749#5 319779134 36936867 319058601 698024155#0 698024155#1 698024155#2 319779133#0 319779133#1 610135150#5 610135150#6 610135150#7 610135150#8 610135150#9 610135150#0 610135150#1 610135150#2 610135150#3 610135147#0 610135147#1,2.997726786717549,1
149,31,339700984 -35801699#0 319058600#1 35801882#2 56080984 -550211682 319058640 39820664#3 243836888#0 243836888#1 39820664#5 39820664#6 39820664#7 36933156 36933151#0 36933151#1 36933126#0 36933126#1 36933126#2 37088447#0 37088447#1 37088447#2 1088466838#0 1088466838#1 319058586 319058587#0 319058587#1 319058587#2 508751758#0 508751758#1 508751758#2 508751757#0 508751757#1 508751757#2 36936541 697740912 319058636 36936749#0 36936749#1 36936749#2 36936749#3 36936749#4 36936749#5 319779134 36936867 319058601 698024155#0 698024155#1 698024155#2 319779133#0 319779133#1 610135150#5 610135150#6 610135150#7 610135149 88525123 610135150#9 610135150#0 610135150#1 610135150#2 610135150#3 610135147#0 610135147#1,2.7209887943437967,2
149,31,339700984 35801699#1 -698018295#2 215094374 -698018295#0 -339940214 -36284844 36288851#0 36288851#1 36284386#0 -36933306 -36933307#0 275506498 269702543 269702544 201772610 157574535 37088447#0 37088447#1 37088447#2 1088466838#0 1088466838#1 319058586 319058587#0 319058587#1 319058587#2 508751758#0 508751758#1 508751758#2 508751757#0 508751757#1 508751757#2 36936541 697740912 319058636 36936749#0 36936749#1 36936749#2 36936749#3 36936749#4 36936749#5 319779134 36936867 319058601 698024155#0 698024155#1 698024155#2 319779133#0 319779133#1 610135150#5 610135150#6 610135150#7 610135150#8 610135150#9 610135150#0 610135150#1 610135150#2 610135150#3 610135147#0 610135147#1,3.113721507139915,3
150,95,36936749#4 -36936749#4 -36936749#3 -36936749#2 -36936749#1 -36936749#0 319058644 698026761 37088673#0 37088673#1 1239117016#0 1239117016#1 1239117016#2 -36950447#1 -36950447#0 36950586 -319058589#3 -319058589#2 -319058589#1 -319058589#0 -394456379 -36950439#1 -36950439#0 37088258#0 37088258#1 394456378 36950525 1119245069 406210869#0 406210869#1 319058612#0 319058612#1,2.143088315311013,0
150,95,-36936749#4 -36936749#3 -36936749#2 -36936749#1 -36936749#0 319058644 698026761 39820658#0 39820658#1 39820658#2 -508751758#2 -508751758#1 -508751758#0 -1162674260 37088542 710476024#1 157574536#0 157574536#1 157574536#2 157553237#0 157553237#1 36289599#0 36289599#1 -878854448 -878854447 878854446 48955689#0 48955689#1 1119245069 406210869#0 406210869#1 319058612#0 319058612#1,0.8304523648909166,1
150,95,36936749#4 -36936749#4 -36936749#3 -36936749#2 -36936749#1 -36936749#0 319058644 698026761 39820658#0 39820658#1 39820658#2 -508751758#2 -508751758#1 -508751758#0 -1162674260 37088542 710476024#1 157574536#0 157574536#1 157574536#2 157553237#0 157553237#1 36289599#0 36289599#1 157553231 48955689#0 48955997 159922990 48955996 406210869#0 406210869#1 319058612#0 319058612#1,0.963300493116266,2
150,95,-36936749#4 -36936749#3 -36936749#2 -36936749#1 -36936749#0 319058644 698026761 39820658#0 39820658#1 39820658#2 -508751758#2 -508751758#1 -508751758#0 -1162674260 37088542 710476024#1 157574536#0 157574536#1 157574536#2 157553237#0 157553237#1 36289599#0 36289599#1 157553231 48955689#0 48955689#1 -36950525 157555049 1119245067 37055902#0 -37051625#2 -37051625#1 37052277#4 1237352048 1119245070 319058612#0 319058612#1,1.375968460776963,3
150,189,-36936749#4 36936749#4 36936749#5 319779134 36936867 319058601 698024155#0 698024155#1 698024155#2 319779133#0 319779133#1 610135150#5 610135150#6 610135150#7 610135150#8 610135150#9 1057740878 1057740881 610135150#1 610135150#2 610135150#3 610135147#0 610135147#1 610135147#2 319058592#0,1.241532149975257,0
150,189,36936749#4 36936749#5 319779134 36936867 319058601 698024155#0 698024155#1 698024155#2 319779133#0 319779133#1 610135150#5 610135150#6 610135150#7 610135150#8 610135150#9 610135150#0 610135150#1 610135150#2 610135150#3 610135147#0 610135147#1 610135147#2 319058592#0,1.1043461689581486,1
150,189,36936749#4 36936749#5 319779134 36936867 319058601 698024155#0 698024155#1 698024155#2 319779133#0 319779133#1 610135150#5 610135150#6 610135150#7 610135150#8 610135150#9 1057740878 1057740881 610135150#1 610135150#2 610135150#3 610135147#0 610135147#1 610135147#2 319058592#0,1.1445549522554848,2
150,189,-36936749#4 36936749#4 36936749#5 319779134 36936867 319058601 698024155#0 698024155#1 698024155#2 319779133#0 319779133#1 610135150#5 610135150#6 610135150#7 610135149 88525123 610135150#9 610135150#0 610135150#1 610135150#2 610135150#3 610135147#0 610135147#1 610135147#2 319058592#0,1.2411401237315962,3
151,48,35801699#1 -698018295#2 -698018295#1 -698018295#0 -1339478328#0 -319058604#1 -319058604#0 332885554 -710476653#0 -394446867#1 -394446867#0 36288851#0 36288851#1 36288851#2 36288851#3 275506498 269702543 269702544 201772610 157574535 37088447#0 37088447#1 37088447#2 1088466838#0 1088466838#1 319058586 319058587#0 319058587#1 319058587#2 -1162674260 39820659#0 39820659#1 39820659#2 39820659#3 153733879 -36950506#3 -36950506#2,2.208002522714475,0
151,48,35801699#1 -698018295#2 215094374 -698018295#0 -339940214 -36284844 36288851#0 36288851#1 36288851#2 36288851#3 275506498 269702543 269702544 201772610 157574535 37088447#0 37088447#1 37088447#2 1088466838#0 1088466838#1 319058586 319058587#0 319058587#1 319058587#2 -1162674260 39820659#0 39820659#1 39820659#2 39820659#3 153733879 -36950506#3 -36950506#2,2.0897759808378247,1
151,48,35801699#1 -698018295#2 215094374 -698018295#0 -1339478328#0 -319058604#1 -36285797#2 36284751 -394446867#0 36288851#0 36288851#1 36288851#2 36288851#3 275506498 269702543 269702544 201772610 157574535 37088447#0 37088447#1 37088447#2 1088466838#0 1088466838#1 319058586 319058587#0 319058587#1 319058587#2 -1162674260 39820659#0 39820659#1 39820659#2 39820659#3 153733879 -36950506#3 -36950506#2,2.216257862287309,2
151,48,-35801699#1 35801699#1 -698018295#2 -698018295#1 -698018295#0 -339940214 -36285797#0 35802071#1 35802071#2 36288851#0 36288851#1 36288851#2 36288851#3 275506498 269702543 269702544 201772610 157574535 37088447#0 37088447#1 37088447#2 1088466838#0 1088466838#1 319058586 319058587#0 319058587#1 319058587#2 -1162674260 39820659#0 39820659#1 39820659#2 39820659#3 153733879 -36950506#3 -36950506#2,2.314577996676558,3
151,139,35801699#1 -698018295#2 215094374 -698018295#0 -1339478328#0 -319058604#1 -319058604#0 332885552 -394446867#1 -394446867#0 36284844 -36285797#0 -35802071#0 35801882#1 -319058600#1 35801699#0 -339700984 35801597#3,1.399124070074394,0
151,139,35801699#1 698018295#3 -35801597#4 -35801597#3,0.4062994960403168,2
151,139,35801699#1 -35801699#1 -35801699#0 -319058600#0 35801597#0 35801597#1 35801597#2 35801597#3,1.0156227501799855,3
152,57,36935235#3 -157553230 -157574537#0 153730936#0 153730936#1 -270968323#1 -270968324 153730925#1 153730936#3 201772610 157574535 37088447#0 37088447#1 37088447#2 1088466838#0 1088466838#1 319058586 319058587#0 319058587#1 319058587#2 508751758#0 508751758#1 508751758#2 508751757#0 508751757#1 508751757#2 36936541 36936727#0 36936727#1 36936727#2 36936727#3 36936727#4 36936727#5 36936727#6 -650145324#2 -650145324#1,1.0697131808213216,0
152,57,36935235#3 36289394#0 36289394#1 36289394#2 1339510611 -157553237#0 -157553234 -157574536#1 -157574536#0 -710476024#1 -710476024#0 1162674260 508751758#0 508751758#1 508751758#2 508751757#0 508751757#1 508751757#2 36936541 36936727#0 36936727#1 36936727#2 36936727#3 36936727#4 36936727#5 36936727#6 -650145324#2 -650145324#1,0.5042258113500334,1
152,57,36935235#3 36289394#0 153730941#0 -153730939#1 -153730935 878854448 -36289599#1 -36289599#0 -157553237#1 -157553237#0 -157553234 -157574536#1 -157574536#0 -710476024#1 -710476024#0 1162674260 508751758#0 508751758#1 508751758#2 508751757#0 508751757#1 508751757#2 36936541 36936727#0 36936727#1 36936727#2 36936727#3 36936727#4 36936727#5 36936727#6 -650145324#2 -650145324#1,0.9265982645780778,2
153,77,156467000#3 156467000#4 -697624157#1 -697624157#0 -168924811 -187827288 -187827289 -697627694#1 -697627694#0 -319058591 -710476923 -314422857 -35802097#5 -35802097#4 -35802097#3 -35802097#2 -35802097#1 -35802097#0 -698018295#3 -35801699#1 -35801699#0 -319058600#0 35801597#0 35801597#1 35801597#2 35801597#3 327343082 327343097#2,2.340703466411763,0
153,77,156467000#3 156467000#4 -697624157#1 -697624157#0 -168924811 -187827288 -187827289 -697627694#1 -697627694#0 -319058591 -710476923 -314422857 -35802097#5 -35802097#4 -35802097#3 -35802097#2 -35802097#1 -35802097#0 -35801597#4 327343082 327343097#2,1.6861558302226578,1
153,77,156467000#3 156467000#4 36291828#0 36291828#1 -36292047#3 -156456329 -697624157#0 -168924811 -187827288 -187827289 -697627696 -707542552 319058623#0 319058623#1 1165362990#1 1165362990#2 -710476923 -314422857 -35802097#5 -35802097#4 -35802097#3 -35802097#2 -35802097#1 -35802097#0 -35801597#4 327343082 327343097#2,2.010117136339751,2
153,77,156467000#3 156467000#4 -697624157#1 -697624157#0 -168924811 -187827288 -187827289 -697627694#1 -697627694#0 -319058591 -710476923 -314422857 -35802097#5 -35802097#4 -35802097#3 -35802097#2 -35802097#1 -35802097#0 -698018295#3 -35801699#1 -339700984 35801597#3 327343082 327343097#2,1.979220385058271,3
154,124,-159922662#1 -159922662#0 -156460682#0 -37054319 -270968320 37052930 698018294#0 698018294#1 1238956370 698018293 -36936220 36934835#0 36934835#1 36934835#2 332885553 332885554 -710476653#0 -394446867#1 -394446867#0 36288851#0 36288851#1 36288851#2 36288851#3 275506498 269702543 269702544 201772610 157574535 37088447#0 37088447#1 37088447#2 1088466838#0 1088466838#1 319058586 319058587#0 319058587#1 319058587#2 508751758#0 508751758#1 508751758#2 508751757#0 508751757#1 508751757#2 36936541 36936727#0 36936727#1 36936727#2 357228242 -202422660#2 -202422660#1 -202422660#0 -394443153#1 -327342938 -153732962#1 327342936 153732962#3 153732963#2,3.2283808811303847,0
154,124,-159922662#1 -159922662#0 -156460682#0 -37054319 -270968320 37052930 698018294#0 698018294#1 1238956370 698018293 -36936220 39820661#0 39820661#1 36936236#0 36936236#1 36934860#0 36934860#1 36934860#2 36934860#3 1339510612#0 1339510612#1 1339510612#2 36289159#0 36289159#1 36289159#2 36935235#0 36935235#1 36935235#2 36935235#3 36289394#0 36289394#1 36289394#2 -157553238 -157574536#1 -157574536#0 -710476024#1 -710476024#0 1162674260 508751758#0 508751758#1 508751758#2 508751757#0 508751757#1 508751757#2 36936541 36936727#0 36936727#1 36936727#2 357228242 -202422660#2 -202422660#1 153732963#1 153732963#2,1.9798339951281785,1
154,124,-159922662#1 37054401 37056055#1 319058606 37052930 698018294#0 698018294#1 1238956370 698018293 -36936220 36934835#0 36934835#1 36934835#2 332885553 332885554 -710476653#0 -394446867#1 -394446867#0 36288851#0 36288851#1 36288851#2 36288851#3 275506498 269702543 269702544 201772610 157574535 37088447#0 37088447#1 37088447#2 1088466838#0 1088466838#1 319058586 319058587#0 319058587#1 319058587#2 508751758#0 508751758#1 508751758#2 508751757#0 508751757#1 508751757#2 36936541 36936727#0 36936727#1 36936727#2 357228242 -202422660#2 -202422660#1 153732963#1 153732963#2,2.6024153329240614,2
154,124,159922662#1 -159922662#1 37054401 37056055#1 319058606 37052930 698018294#0 698018294#1 1238956370 698018293 -36936220 36934835#0 36934835#1 36934835#2 332885553 1339478330 -36285797#2 -36285797#1 -36284844 36288851#0 36288851#1 36288851#2 36288851#3 275506498 269702543 269702544 201772610 157574535 37088447#0 37088447#1 37088447#2 1088466838#0 1088466838#1 319058586 319058587#0 319058587#1 319058587#2 508751758#0 508751758#1 508751758#2 508751757#0 508751757#1 508751757#2 36936541 36936727#0 36936727#1 36936727#2 357228242 -202422660#2 -202422660#1 153732963#1 153732963#2,2.7581963926481667,3
155,125,1239117012#2 243704191#1 243704191#2 1239117012#4 1239117012#5 36936616#1 36936616#2 36936616#3 36936616#4 36936616#5 36936616#6 36936480#0 36936480#1 36936480#2 39820656#0 39820656#1 -243836884#5 -243836884#4 -243836884#3 -243836884#2 -243836884#1 -243836884#0 1338884376 1338884371#1 1338884371#2 1338884373 -509025806#2 -509025806#1 -509025806#0 -1238948418#0 509033674#0 509033674#1 394443151#0 394443151#1 394443151#2 153732964 -269702559 -36933151#0,2.318451663233939,0
155,125,1239117012#2 243704191#1 -650145327 650145330#4 650145330#5 650145330#1 650145324#0 650145324#1 650145324#2 650145324#3 36936655#1 36936655#2 36936655#3 36936655#4 36936655#5 36936655#6 319779156#0 319779156#1 319058636 319058644 698026761 39820658#0 39820658#1 39820658#2 -508751758#2 -508751758#1 -508751758#0 -319058587#2 -319058587#1 -319058587#0 -319058586 -1088466838#1 -1088466838#0 -37088447#2 -37088447#1 -37088447#0 -36933126#2 -36933126#1 -36933126#0 -269702559 -36933151#0,1.5886529203676307,1
155,125,1239117012#2 243704191#1 -650145327 -650145330#3 -650145330#2 650145324#0 650145324#1 650145324#2 650145324#3 36936655#1 153732960#0 153732960#1 394443153#1 202422660#0 202422660#1 202422660#2 319779156#0 319779156#1 319058636 319058644 698026761 39820658#0 39820658#1 39820658#2 -508751758#2 -508751758#1 -508751758#0 -319058587#2 -319058587#1 -319058587#0 -319058586 -1088466838#1 -1088466838#0 -37088447#2 -37088447#1 -37088447#0 -36933126#2 -36933126#1 -36933126#0 -269702559 -36933151#0,1.9653040628036884,2
155,125,1239117012#2 243704191#1 243704191#2 1239117012#4 1239117012#5 36936616#1 36936616#2 36936616#3 36936616#4 36936616#5 36936616#6 36936480#0 36936480#1 36936480#2 39820656#0 39820656#1 -243836884#5 -243836884#4 -243836884#3 -243836884#2 -243836884#1 -243836884#0 1338884376 1338884371#1 1338884371#2 1338884373 -509025806#2 -509025806#1 -509025806#0 -1238948418#0 509033674#0 509033674#1 394443151#0 -196288048 394443151#2 153732964 -269702559 -36933151#0,2.337129976892016,3
156,125,36284386#0 -36933306 -36933307#0 -36288851#3 -36288851#2 -36288851#1 -36288851#0 394446867#0 394446867#1 710476653#0 710476653#1 332885553 1339478330 -36285797#2 -36285797#1 339940214 1339478328#1 698018295#1 698018295#2 698018295#3 -35801597#4 -35801597#3 339700984 -35801699#0 319058600#1 35801882#2 56080984 -550211682 319058640 39820664#3 39820664#4 39820664#5 39820664#6 39820664#7 36933156 36933151#0,1.9953743700503968,0
156,125,36284386#0 -36933306 -36933307#0 -36288851#3 -36933282#1 -36933282#0 36933050 39820664#1 39820664#2 39820664#3 39820664#4 39820664#5 39820664#6 39820664#7 36933156 36933151#0,0.5661567074634027,1
156,125,36284386#0 36284386#1 36284386#2 -153730928 -36933307#1 -36933307#0 -36288851#3 -36933282#1 -36933282#0 36933050 39820664#1 243836885 319058640 39820664#3 243836888#0 243836888#1 39820664#5 39820664#6 39820664#7 36933156 36933151#0,0.6921286297096232,2
156,125,36284386#0 36284386#1 36284386#2 -153730928 -36933307#1 -36933307#0 275506498 269702543 269702544 201772610 157574535 -36933126#2 -36933126#1 -36933126#0 -269702559 -36933151#0,1.2028338470996127,3
156,127,36284386#0 -36933306 36933307#1 153730928 36284386#3 36284386#4 36936288 36936236#1 36934860#0 36934860#1 36934860#2 36934860#3 1339510612#0 1339510612#1 1339510612#2 36936373#0 36936373#1 153730938 153730933#2 153730934 36935235#2 36935235#3 36289394#0 153730941#0 153730941#1 -36289599#0 -319058608#1 -319058608#0 1339510610,1.6539013026572638,0
156,127,36284386#0 36284386#1 36284386#2 36284386#3 36284386#4 36936288 36936236#1 36934860#0 36934860#1 36934860#2 36934860#3 1339510612#0 1339510612#1 1339510612#2 36289159#0 36289159#1 36289159#2 36289295#0 153730939#0 153730939#1 153730941#1 -36289599#0 -319058608#1 -319058608#0 1339510610,1.0953684731324105,1
156,127,36284386#0 36284386#1 36284386#2 36284386#3 36284386#4 36284386#5 36284386#6 36936236#0 36936236#1 36934860#0 36934860#1 36934860#2 36934860#3 1339510612#0 1339510612#1 1339510612#2 36289159#0 36289159#1 36289159#2 36289295#0 153730939#0 153730939#1 153730941#1 -36289599#0 -319058608#1 -37088332#3 -37088332#2 371455497 -36950657#0 -1339510610,1.5216823680208196,2
156,127,36284386#0 36284386#1 36284386#2 36284386#3 36284386#4 36284386#5 36284386#6 36934854#0 -156480752 -1109771198#1 -1109771198#0 -36936392#1 -36936392#0 36288941#1 36288941#2 36289159#0 36289159#1 36289159#2 36289295#0 153730939#0 153730939#1 153730941#1 -36289599#0 -319058608#1 -37088332#3 -37088332#2 371455497 -36950657#0 -1339510610,1.7261340118893098,3
157,128,650145324#0 650145324#1 650145324#2 650145324#3 36936655#1 36936655#2 36936655#3 36936655#4 36936655#5 36936655#6 319779156#0 319779156#1 319058636 319058644 698026761 37088673#0 37088673#1 1239117016#0 1239117016#1 1239117016#2 -36950447#1 -36950447#0 36950586 -319058589#3 -319058589#2 -319058589#1 -319058589#0 -394456379 607473249#0 607473249#1 -36950657#1 -36950657#0 -1339510610 319058608#0 319058608#1 36289599#0 36289599#1,2.676929075196937,0
157,128,650145324#0 650145324#1 650145324#2 650145324#3 36936655#1 36936655#2 36936655#3 36936655#4 36936655#5 36936655#6 319779156#0 319779156#1 319058636 319058644 698026761 39820658#0 39820658#1 39820658#2 -508751758#2 -508751758#1 -508751758#0 -1162674260 37088542 710476024#1 157574536#0 157574536#1 157574536#2 157553237#0 157553237#1 36289599#0 36289599#1,0.9053674589921196,1
157,128,650145324#0 650145324#1 650145324#2 650145324#3 36936655#1 153732960#0 153732960#1 394443153#1 202422660#0 202422660#1 202422660#2 319779156#0 319779156#1 319058636 319058644 698026761 39820658#0 39820658#1 39820658#2 -508751758#2 -508751758#1 -508751758#0 -1162674260 37088542 710476024#1 157574536#0 157574536#1 153733877 1339510611 157553237#1 36289599#0 36289599#1,1.3400111555432,2
158,126,-36288941#2 -36288941#1 -36288941#0 270968317#0 270968317#1 36936396#0 -394456375 36935232 36289159#2 36935235#0 -269702565#1 -269702565#0 -153730938 36936373#2 36936373#3 36936373#4 201772610 157574535 -36933126#2 -36933126#1 -36933126#0 -269702559 -610220874#1,1.5070375990082807,0
158,126,36288941#2 36936373#0 36936373#1 36936373#2 36936373#3 36936373#4 201772610 157574535 -36933126#2 -36933126#1 -36933126#0 -269702559 -610220874#1,0.8559114172756368,1
158,126,36288941#2 36936373#0 36936373#1 36936373#2 153730933#0 153730933#1 153730933#2 153730934 36935235#2 36935235#3 -157553230 -157574537#0 153730936#0 153730936#1 153730936#2 153730936#3 201772610 157574535 -36933126#2 -36933126#1 -36933126#0 -269702559 -610220874#1,1.4189005347618993,2
158,126,36288941#2 36936373#0 36936373#1 153730938 -153730933#1 153730925#0 270968324 270968323#1 153730936#2 153730936#3 201772610 157574535 -36933126#2 -36933126#1 -36933126#0 -269702559 -610220874#1,1.213045375811879,3
158,129,36288941#2 36289159#0 36289159#1 36289159#2 36935235#0 36935235#1 -153730934 -269702565#0 -153730933#1 -153730933#0 36936373#3 36936373#4 201772610 157574535 37088447#0 37088447#1 37088447#2 1088466838#0 1088466838#1 319058586 319058587#0 319058587#1 319058587#2 508751758#0 508751758#1 508751758#2 508751757#0 508751757#1 508751757#2 36936541 36936727#0 36936727#1 36936727#2 36936727#3 36936727#4 36936727#5 36936727#6 36936727#7 319058652 719004329 36936494#0 319779150#0 319779150#1,1.28843574422237,0
158,129,36288941#2 36289159#0 36289159#1 36289159#2 36935235#0 36935235#1 36935235#2 36935235#3 36289394#0 36289394#1 36289394#2 1339510611 -157553237#0 -157553234 -157574536#1 -157574536#0 -710476024#1 -710476024#0 1162674260 508751758#0 508751758#1 508751758#2 508751757#0 508751757#1 508751757#2 36936541 36936727#0 36936727#1 36936727#2 36936727#3 36936727#4 36936727#5 36936727#6 36936727#7 319058652 719004329 36936494#0 319779150#0 319779150#1,0.8924289729188902,1
158,129,36288941#2 36936373#0 36936373#1 153730938 153730933#2 153730934 36935235#2 36935235#3 36289394#0 36289394#1 36289394#2 -157553238 -157574536#1 -157574536#0 -710476024#1 -710476024#0 1162674260 508751758#0 508751758#1 508751758#2 508751757#0 508751757#1 508751757#2 36936541 36936727#0 36936727#1 36936727#2 36936727#3 36936727#4 36936727#5 36936727#6 36936727#7 319058652 719004329 36936494#0 319779150#0 319779150#1,1.1189029594104118,2
159,126,36950518#0 -36950518#0 37088258#0 37088258#1 394456378 36950525 1119245069 406210869#0 406210869#1 -1119245070 37050033#0 37050033#1 37055902#0 -37051625#2 -37051625#1 -37051625#0 -156480737#2 -156480755 37050515#2 156480737#0 394456380 37050590 918716574#1 918716574#2 -36936220 39820661#0 39820661#1 36934854#0 -156480752 -1109771198#1 -1109771198#0 -36936392#1 -36936392#0 36288941#1 36288941#2 36936373#0 36936373#1 36936373#2 36936373#3 36936373#4 201772610 157574535 -36933126#2 -36933126#1 -36933126#0 -269702559 -610220874#1,2.9276564834257406,0
159,126,-36950518#0 37088258#0 37088258#1 394456378 36950525 1119245069 406210869#0 406210869#1 319058612#0 319058612#1 36288941#0 36288941#1 36288941#2 36936373#0 36936373#1 36936373#2 36936373#3 36936373#4 201772610 157574535 -36933126#2 -36933126#1 -36933126#0 -269702559 -610220874#1,1.3007998262029223,1
159,126,-36950518#0 37088258#0 37088258#1 394456378 36950525 1119245069 406210869#0 406210869#1 319058612#0 319058612#1 36288941#0 36288941#1 36288941#2 36936373#0 36936373#1 36936373#2 153730933#0 153730933#1 153730933#2 153730934 36935235#2 36935235#3 -157553230 -157574537#0 153730936#0 153730936#1 -270968323#1 -270968324 153730925#1 153730936#3 201772610 157574535 -36933126#2 -36933126#1 -36933126#0 -269702559 -610220874#1,1.9378470190431565,2
159,126,36950518#0 37051441#0 37051441#1 37051441#2 -37051625#2 -37051625#1 37052277#4 1237352048 1119245070 319058612#0 319058612#1 36288941#0 36288941#1 36288941#2 36936373#0 36936373#1 36936373#2 36936373#3 36936373#4 201772610 157574535 -36933126#2 -36933126#1 -36933126#0 -269702559 -610220874#1,1.623094042665605,3
159,172,36950518#0 -36950518#0 36950439#0 36950439#1 394456379 319058589#0 319058589#1 319058589#2 319058589#3 -859785184 36950447#0 36950447#1 -1239117016#2 -1239117016#1 -1239117016#0 -37088673#1 -37088673#0 39820658#0 39820658#1 39820658#2 508751757#0 508751757#1 508751757#2 36936541 697740912 319058636 36936749#0 36936749#1 36936749#2 36936749#3 36936749#4 36936749#5 319779134 36936867 -165172165#2 -165172165#1 -165172165#0 165172163 1238426242 698024153 165170686 1238426236 165170681#0 165170681#1 1371061454 -165170994#6 -165170994#5 -165170994#4,3.203126770560426,0
159,172,-36950518#0 36950439#0 36950439#1 394456379 319058589#0 319058589#1 319058589#2 319058589#3 -859785184 36950447#0 36950447#1 -1239117016#2 -1239117016#1 -1239117016#0 -37088673#1 -37088673#0 39820658#0 39820658#1 39820658#2 508751757#0 508751757#1 508751757#2 36936541 697740912 319058636 36936749#0 36936749#1 36936749#2 36936749#3 36936749#4 36936749#5 319779134 36936867 -165172165#2 -165172165#1 -165172165#0 165172163 1238426242 698024153 165170686 1238426236 165170681#0 165170681#1 1371061454 -165170994#6 -165170994#5 -165170994#4,3.155034617932636,1
159,172,-36950518#0 36950439#0 36950439#1 607473249#0 607473249#1 -36950657#1 -36950657#0 -1339510610 319058608#0 319058608#1 -157553237#1 -157553237#0 -157553234 -157574536#1 -157574536#0 -710476024#1 -710476024#0 1162674260 508751758#0 508751758#1 508751758#2 508751757#0 508751757#1 508751757#2 36936541 697740912 319058636 36936749#0 36936749#1 36936749#2 36936749#3 36936749#4 36936749#5 319779134 36936867 -165172165#2 -165172165#1 -165172165#0 165172163 -165170684#1 -165170684#0 165171783#0 165171783#1 165171783#2 1371061454 -165170994#6 -165170994#5 -165170994#4,2.6536951103317667,2
159,172,-36950518#0 36950518#0 37051441#0 37051441#1 37051441#2 -37051625#2 -37051625#1 37052277#4 1237352048 1119245070 319058612#0 319058612#1 36288941#0 36288941#1 36288941#2 36936373#0 36936373#1 36936373#2 36936373#3 36936373#4 201772610 157574535 -36933126#2 -36933126#1 -36933126#0 -1239117024 -394443151#2 -394443151#1 -394443151#0 394443143#0 394443143#1 394443143#2 1238948418#0 1238948418#1 509025806#1 509025806#2 1338884372 1338884371#4 1338884371#5 1338884371#6 165170683#0 165170683#1 165170683#2 165170683#3 -319058613#2 -165170815#1 -165171448#1 -165171448#0 -165170994#5 -165170994#4,3.2897014428871643,3
159,201,36950518#0 -36950518#0 37088258#0 37088258#1 394456378 36950525 1119245069 48956015 37050033#1 37055902#0 -37051625#2 -37051625#1 37052277#4 1237352048 1119245070 319058612#0 319058612#1 36288941#0 36288941#1 36288941#2 36936373#0 36936373#1 36936373#2 36936373#3 36936373#4 201772610 157574535 -36933126#2 -36933126#1 -36933126#0 -1239117024 -394443151#2 196288048 -394443151#0 394443143#0 394443143#1 394443143#2 1238948418#0 1238948418#1 509025806#1 509025806#2 1338884372 1338884371#4 1338884371#5 1338884371#6 165170683#0 165170683#1 165170683#2 165170683#3 -319058613#2 -165170815#1 -165170815#0,3.3927030106849108,0
159,201,-36950518#0 37088258#0 37088258#1 394456378 36950525 1119245069 406210869#0 406210869#1 319058612#0 319058612#1 36288941#0 36288941#1 36288941#2 36936373#0 36936373#1 36936373#2 36936373#3 36936373#4 201772610 157574535 -36933126#2 -36933126#1 -36933126#0 -1239117024 -394443151#2 -394443151#1 -394443151#0 394443143#0 394443143#1 394443143#2 1238948418#0 1238948418#1 509025806#1 509025806#2 1338884372 1338884371#4 1338884371#5 1338884371#6 165170683#0 165170683#1 165170683#2 165170683#3 -319058613#2 -165170815#1 -165170815#0,2.8193810685171146,1
159,201,-36950518#0 37088258#0 37088258#1 394456378 36950525 1119245069 406210869#0 406210869#1 319058612#0 319058612#1 36288941#0 36288941#1 36288941#2 36936373#0 36936373#1 36936373#2 153730933#0 153730925#0 153730925#1 153730936#3 201772610 157574535 -36933126#2 -36933126#1 -36933126#0 -1239117024 -394443151#2 196288048 -394443151#0 394443143#0 394443143#1 394443143#2 1238948418#0 1238948418#1 509025806#1 509025806#2 1338884372 1338884371#4 1338884374 1338884375 1338884371#6 165170683#0 165170683#1 165170683#2 165170683#3 -319058613#2 -165170815#1 -165170815#0,3.0399709286214134,2
159,201,-36950518#0 37088258#0 37088258#1 394456378 157555049 1119245067 37055902#0 -37051625#2 -37051625#1 37052277#4 1237352048 1119245070 319058612#0 319058612#1 36288941#0 36288941#1 36288941#2 36936373#0 36936373#1 36936373#2 36936373#3 36936373#4 201772610 157574535 -36933126#2 -36933126#1 -36933126#0 -1239117024 -394443151#2 196288048 -394443151#0 394443143#0 394443143#1 394443143#2 1238948418#0 1238948418#1 509025806#1 509025806#2 1338884372 1338884371#4 1338884371#5 1338884371#6 165170683#0 165170683#1 165170683#2 165170683#3 -319058613#2 -165170815#1 -165170815#0,3.325808362256785,3
160,130,156460672 319058626 156460681#0 156460681#1 156460681#2 36293459#0 36293459#1 36293459#2 37054066 1119245056 476687231#0 476687231#1 476687231#2 476687231#3 -1119245057#1 -1119245057#0 1119245060#2 -156460680#1 -1024000539#0 319058602#1 36294383#0 36294383#1 36294383#2 36294383#3 36294383#4 36294383#5 36294383#6 36294383#7 36294383#8 36294383#9 36294383#10 406210870 36295293#0 37066008 -37055563#2 -37055563#1 332885734#0 332885734#1 332885734#2 37055217#1 -859785184 36950447#0 36950447#1 -1239117016#2 -1239117016#1 -1239117016#0 -37088673#1 -37088673#0 39820658#0 39820658#1 39820658#2 508751757#0 508751757#1 508751757#2 36936541 697740912 319058636 36936749#0 36936749#1 36936749#2 36936749#3 36936749#4 36936749#5 319779134 36936867 319058601 698024155#0,6.051728326180351,0
160,130,156460672 319058626 156460681#0 156460681#1 156460681#2 36293459#0 36293459#1 36293459#2 36293459#3 36293459#4 36293459#5 36293459#6 36293459#7 36293459#8 36293459#9 36293459#10 1119245060#0 1119245060#1 1119245060#2 1119245061 319058602#0 319058602#1 36294383#0 37055563#0 332885734#0 332885734#1 332885734#2 37055217#1 -859785184 36950447#0 36950447#1 -1239117016#2 -1239117016#1 -1239117016#0 -37088673#1 -37088673#0 39820658#0 39820658#1 39820658#2 508751757#0 508751757#1 508751757#2 36936541 697740912 319058636 36936749#0 36936749#1 36936749#2 36936749#3 36936749#4 36936749#5 319779134 36936867 319058601 698024155#0,3.5374674670490807,1
160,130,156460672 319058626 156460681#0 156460681#1 156460681#2 36293459#0 36293459#1 36293459#2 37054066 1119245056 476687231#0 476687231#1 476687231#2 -37051872#1 -37051872#0 -36293459#9 -37052381#2 -37052381#1 -37052381#0 -1024000539#3 -1024000539#2 -1024000539#1 -1024000539#0 319058602#1 -270968314 -394456356#1 -394456356#0 319058589#0 319058589#1 319058589#2 319058589#3 -859785184 36950447#0 36950447#1 -1239117016#2 -1239117016#1 -1239117016#0 -37088673#1 -37088673#0 39820658#0 39820658#1 39820658#2 508751757#0 508751757#1 508751757#2 36936541 697740912 319058636 36936749#0 36936749#1 36936749#2 36936749#3 36936749#4 36936749#5 319779134 36936867 319058601 698024155#0,4.200432429852056,2
160,130,156460672 -319058625 -156460677 -394456402#1 -394456402#0 -156460691 319058593 697704135 156460681#0 156460681#1 156460681#2 36293459#0 36293459#1 36293459#2 37054066 1119245056 476687231#0 476687231#1 476687231#2 476687231#3 -1119245057#1 -1119245057#0 1119245060#2 -156460680#1 -1024000539#0 319058602#1 -270968314 -394456356#1 -394456356#0 319058589#0 319058589#1 319058589#2 319058589#3 -859785184 36950447#0 36950447#1 -1239117016#2 -1239117016#1 -1239117016#0 -37088673#1 -37088673#0 39820658#0 39820658#1 39820658#2 508751757#0 508751757#1 508751757#2 36936541 697740912 319058636 36936749#0 36936749#1 36936749#2 36936749#3 36936749#4 36936749#5 319779134 36936867 319058601 698024155#0,4.628024222508644,3
161,131,-37640679#2 -37640679#1 -37640679#0 -35802097#3 -35802097#2 -35802097#1 -35802097#0 -698018295#3 -698018295#2 215094374 -698018295#0 -339940214 -36284844 36288851#0 36288851#1 36288851#2 -36933282#1 -36933282#0 36933050 39820664#1 39820664#2 39820664#3 39820664#4 39820664#5 39820664#6 39820664#7 36933156 36933151#0 36933151#1 36933126#0 36933126#1 36933126#2 37088447#0 37088447#1 37088447#2 1088466838#0 1088466838#1 319058586 319058587#0 319058587#1 319058587#2 508751758#0 508751758#1 508751758#2 508751757#0 508751757#1 508751757#2 36936541 697740912 319058636 36936749#0 36936749#1 153730015#0 -153730022#3 -153730022#2 -153730022#1 -153730022#0,2.634259365461385,0
161,131,-37640679#2 -37640679#1 -37640679#0 -35802097#3 -35802097#2 -35802097#1 -35802097#0 -698018295#3 -698018295#2 -698018295#1 -698018295#0 -339940214 -36284844 36288851#0 36288851#1 36284386#0 -36933306 -36933307#0 275506498 269702543 269702544 201772610 157574535 37088447#0 37088447#1 37088447#2 1088466838#0 1088466838#1 319058586 319058587#0 319058587#1 319058587#2 508751758#0 508751758#1 508751758#2 508751757#0 508751757#1 508751757#2 36936541 697740912 319058636 36936749#0 36936749#1 153730015#0 -153730022#3 -153730022#2 -153730022#1 -153730022#0,2.052625969940407,1
161,131,-37640679#2 -37640679#1 -37640679#0 -35802097#3 -35802097#2 -35802097#1 -35802097#0 -698018295#3 -698018295#2 -698018295#1 -698018295#0 -339940214 36285797#1 36284751 -394446867#0 36288851#0 36288851#1 36288851#2 36288851#3 275506498 269702543 269702544 201772610 157574535 37088447#0 37088447#1 37088447#2 1088466838#0 1088466838#1 319058586 319058587#0 319058587#1 319058587#2 508751758#0 508751758#1 508751758#2 508751757#0 508751757#1 508751757#2 36936541 697740912 319058636 36936749#0 36936749#1 153730015#0 -153730022#3 -153730022#2 -153730022#1 -153730022#0,2.041802835791138,2
161,131,-37640679#2 -37640679#1 -37640679#0 -35802097#3 -35802097#2 -35802097#1 -35802097#0 -35801597#4 -35801597#3 339700984 35801699#1 -698018295#2 215094374 -698018295#0 -339940214 -36285797#0 35802071#1 35802071#2 36288851#0 36288851#1 36288851#2 36288851#3 275506498 269702543 269702544 201772610 157574535 37088447#0 37088447#1 37088447#2 1088466838#0 1088466838#1 319058586 319058587#0 319058587#1 319058587#2 508751758#0 508751758#1 508751758#2 508751757#0 508751757#1 508751757#2 36936541 697740912 319058636 36936749#0 36936749#1 153730015#0 -153730022#3 -153730022#2 -153730022#1 -153730022#0,2.6953785497340235,3
162,31,37053056#5 37053056#6 37053056#7 37053056#8 37053056#9 37054319 156460682#0 159922662#0 37054401 37056055#1 319058606 37052930 698018294#0 698018294#1 1238956370 698018293 -36936220 36934835#0 36934835#1 36934835#2 -710476653#1 -710476653#0 -394446867#1 -394446867#0 36288851#0 36288851#1 36284386#0 -36933306 -36933307#0 275506498 269702543 269702544 201772610 157574535 37088447#0 37088447#1 37088447#2 1088466838#0 1088466838#1 319058586 319058587#0 319058587#1 319058587#2 508751758#0 508751758#1 508751758#2 508751757#0 508751757#1 508751757#2 36936541 697740912 319058636 36936749#0 36936749#1 36936749#2 36936749#3 153730008#0 153730008#1 153730008#2 36936749#5 319779134 36936867 319058601 698024155#0 698024155#1 698024155#2 319779133#0 319779133#1 610135150#5 610135150#6 610135150#7 610135150#8 610135150#9 1057740878 1057740881 610135150#1 1239117050 1239117049 610135150#3 610135147#0 610135147#1,4.196467617477032,0
162,31,37053056#5 37053056#6 37053056#7 37053056#8 37053056#9 -270968320 37052930 698018294#0 698018294#1 1238956370 698018293 -36936220 39820661#0 39820661#1 36934854#0 -156480752 -1109771198#1 -1109771198#0 -36936392#1 -36936392#0 36288941#1 36288941#2 36936373#0 36936373#1 36936373#2 36936373#3 36936373#4 201772610 157574535 37088447#0 37088447#1 37088447#2 1088466838#0 1088466838#1 319058586 319058587#0 319058587#1 319058587#2 508751758#0 508751758#1 508751758#2 508751757#0 508751757#1 508751757#2 36936541 697740912 319058636 36936749#0 36936749#1 36936749#2 36936749#3 36936749#4 36936749#5 319779134 36936867 319058601 698024155#0 698024155#1 698024155#2 319779133#0 319779133#1 610135150#5 610135150#6 610135150#7 610135150#8 610135150#9 1057740878 1057740881 610135150#1 1239117050 1239117049 610135150#3 610135147#0 610135147#1,3.0049811608044825,1
162,31,37053056#5 37053056#6 37053056#7 37053056#8 37053056#9 -270968320 37052930 698018294#0 698018294#1 1238956370 698018293 -36936220 36934835#0 36934835#1 36934835#2 332885553 332885552 -394446867#1 -394446867#0 36288851#0 36288851#1 36288851#2 36288851#3 275506498 269702543 269702544 201772610 157574535 37088447#0 37088447#1 37088447#2 1088466838#0 1088466838#1 319058586 319058587#0 319058587#1 319058587#2 508751758#0 508751758#1 508751758#2 508751757#0 508751757#1 508751757#2 36936541 697740912 319058636 36936749#0 36936749#1 36936749#2 36936749#3 36936749#4 36936749#5 319779134 36936867 319058601 698024155#0 698024155#1 698024155#2 319779133#0 319779133#1 610135150#5 610135150#6 610135150#7 610135150#8 610135150#9 1057740878 1057740881 610135150#1 610135150#2 610135150#3 610135147#0 610135147#1,3.397487943880197,2
162,31,37053056#5 37053056#6 37053056#7 37053056#8 37053056#9 -270968320 37052930 698018294#0 698018294#1 1238956370 698018293 -36936220 36934835#0 36934835#1 36934835#2 332885553 332885552 -394446867#1 -394446867#0 36288851#0 36288851#1 36284386#0 -36933306 -36933307#0 275506498 269702543 269702544 201772610 157574535 37088447#0 37088447#1 37088447#2 1088466838#0 1088466838#1 319058586 319058587#0 319058587#1 319058587#2 508751758#0 508751758#1 508751758#2 508751757#0 508751757#1 508751757#2 36936541 697740912 319058636 36936749#0 36936749#1 36936749#2 36936749#3 36936749#4 36936749#5 319779134 36936867 319058601 698024155#0 698024155#1 698024155#2 319779133#0 319779133#1 610135150#5 610135150#6 610135150#7 610135150#8 610135150#9 1057740878 1057740881 610135150#1 610135150#2 610135150#3 610135147#0 610135147#1,3.5134826643025634,3
163,133,36934860#3 1339510612#0 1339510612#1 1339510612#2 36936373#0 36936373#1 36936373#2 36936373#3 36936373#4 201772610 157574535 -36933126#2 -36933126#1 -36933126#0 -1239117024 -394443151#2 196288048 -394443151#0 394443143#0 394443143#1 394443143#2 1238948418#0 1238948418#1 509025806#1 509025806#2 1338884372 1338884371#4 1338884374 1338884375 1338884371#6 165170683#0 165170683#1 165170683#2 165170683#3 -319058613#2 -165170815#1 -165170815#0 165170818#0 165170818#1 165170818#2 165170818#3 165170818#4 165170818#5 -394443147#1 -394443147#0,2.870418336213145,0
163,133,36934860#3 1339510612#0 1339510612#1 1339510612#2 36936373#0 36936373#1 36936373#2 36936373#3 36936373#4 201772610 157574535 -36933126#2 -36933126#1 -36933126#0 -1239117024 -394443151#2 -394443151#1 -394443151#0 394443143#0 394443143#1 394443143#2 1238948418#0 1238948418#1 509025806#1 509025806#2 1338884372 1338884371#4 1338884371#5 1338884371#6 165170683#0 165170683#1 165170683#2 165170683#3 -319058613#2 -319058613#1 -319058613#0 -1371061454 -165170681#1 -165170681#0 165170816 -165170818#8 -165170818#7 -165170818#6 -394443147#1 -394443147#0,2.6307441594698395,1
163,133,36934860#3 1339510612#0 1339510612#1 1339510612#2 36936373#0 36936373#1 36936373#2 153730933#0 153730925#0 153730925#1 153730936#3 201772610 157574535 -36933126#2 -36933126#1 -36933126#0 -1239117024 -394443151#2 -394443151#1 -394443151#0 394443143#0 394443143#1 394443143#2 1238948418#0 1238948418#1 509025806#1 509025806#2 1338884372 1338884371#4 1338884371#5 1338884371#6 165170683#0 165170683#1 165170683#2 165170683#3 -319058613#2 -319058613#1 -319058613#0 -1371061454 -165170681#1 -165170681#0 165170816 -165170818#8 -165170818#7 -165170818#6 -394443147#1 -394443147#0,2.807160202802035,2
163,133,36934860#3 1339510612#0 1339510612#1 1339510612#2 36936373#0 36936373#1 36936373#2 36936373#3 36936373#4 201772610 157574535 -36933126#2 -36933126#1 -36933126#0 -1239117024 -394443151#2 196288048 -394443151#0 394443143#0 394443143#1 394443143#2 1238948418#0 1238948418#1 509025806#1 509025806#2 1338884372 1338884371#4 1338884371#5 1338884371#6 165170683#0 165170683#1 165170683#2 165170683#3 -319058613#2 -165170815#1 -165171448#1 -165171448#0 165170994#6 -1371061454 -165170681#1 -165170681#0 165170816 -165170818#8 -165170818#7 -165170818#6 -394443147#1 -394443147#0,2.78275580646125,3
164,96,-319058604#0 332885552 710476653#0 710476653#1 710476654 -36934835#1 -36934835#0 39820661#0 39820661#1 36934854#0 -156480752 -1109771198#1 -1109771198#0 -36936392#1 -36936392#0 36288941#1 36288941#2 36289159#0 36289159#1 36289159#2 36289295#0 36289295#1 36936396#3 36936396#4 878854447 153730935 153730939#1 153730941#1,1.3139640691930965,0
164,96,-319058604#0 332885554 710476653#1 710476654 -36934835#1 -36934835#0 39820661#0 39820661#1 36936236#0 36936236#1 36934860#0 36934860#1 36934860#2 36934860#3 1339510612#0 1339510612#1 1339510612#2 36289159#0 36289159#1 36289159#2 36289295#0 153730939#0 153730939#1 153730941#1,0.9397768178545716,1
164,96,-319058604#0 332885554 710476653#1 710476654 -36934835#1 -36934835#0 39820661#0 39820661#1 36934854#0 -156480752 -1109771198#1 -1109771198#0 -36936392#1 -36936392#0 36288941#1 36288941#2 36289159#0 36289159#1 36289159#2 36289295#0 153730939#0 153730939#1 153730941#1,1.144228461723062,2
164,96,1339478330 -319058604#0 332885552 710476653#0 710476653#1 710476654 -36934835#1 -36934835#0 39820661#0 39820661#1 36934854#0 -156480752 -1109771198#1 -1109771198#0 -36936392#1 -36936392#0 36288941#1 36288941#2 36289159#0 36289159#1 36289159#2 36289295#0 153730939#0 153730939#1 153730941#1,1.2767338612910966,3
164,127,-319058604#0 332885552 710476653#0 710476653#1 710476654 -36934835#1 -36934835#0 39820661#0 39820661#1 36934854#0 -156480752 -1109771198#1 -1109771198#0 -36936392#1 -36936392#0 36288941#1 36288941#2 36289159#0 36935200 269702561#0 269702561#1 270968317#1 36936396#0 36936396#1 36936396#2 36936396#3 36936396#4 878854447 878854448 -36289599#1 -36289599#0 -319058608#1 -37088332#3 -37088332#2 371455497 -36950657#0 -1339510610,1.7870122055402085,0
164,127,-319058604#0 332885554 710476653#1 710476654 -36934835#1 -36934835#0 39820661#0 39820661#1 36936236#0 36936236#1 36934860#0 36934860#1 36934860#2 36934860#3 1339510612#0 1339510612#1 1339510612#2 36289159#0 36289159#1 36289159#2 36289295#0 153730939#0 -153730935 878854448 -36289599#1 -36289599#0 -319058608#1 -319058608#0 1339510610,1.1849954433888314,1
164,127,1339478330 -319058604#0 332885554 710476653#1 710476654 -36934835#1 -36934835#0 39820661#0 39820661#1 36936236#0 36936236#1 36934860#0 36934860#1 36934860#2 36934860#3 1339510612#0 1339510612#1 1339510612#2 36289159#0 36935200 269702561#0 269702561#1 270968317#1 36936396#0 -394456375 36935232 36289159#2 36289295#0 153730939#0 153730939#1 153730941#1 -36289599#0 -319058608#1 -319058608#0 1339510610,1.6140006117242394,2
164,127,-319058604#0 1339478330 -36285797#2 -36285797#1 -36284844 36288851#0 36288851#1 36288851#2 36288851#3 36933307#0 36933307#1 153730928 36284386#3 36284386#4 36936288 36936236#1 36934860#0 36934860#1 36934860#2 36934860#3 1339510612#0 1339510612#1 1339510612#2 36289159#0 36289159#1 36289159#2 36289295#0 153730939#0 153730939#1 153730941#1 -36289599#0 -319058608#1 -319058608#0 1339510610,1.960043299146329,3
165,134,36936327 36284386#4 36284386#5 36284386#6 36934854#0 -156480752 -1109771198#1 -1109771198#0 -36936392#1 -36936392#0 -36288941#0 36936407#0 36936407#1 36936407#2 918716575 918716574#0 918716574#1 918716574#2 -36936220 36934835#0 36934835#1 36934835#2 -710476653#1 -710476653#0 -394446867#1 -394446867#0 36288851#0 36288851#1 36284386#0 -36933306 -36933307#0 275506498 269702543 269702544,2.829364802943927,0
165,134,36936327 36284386#4 36284386#5 36284386#6 36936236#0 36936236#1 36934860#0 36934860#1 36934860#2 36934860#3 1339510612#0 1339510612#1 1339510612#2 36936373#0 36936373#1 36936373#2 36936373#3 36936373#4 201772610 157574535 -36933126#2 -36933126#1 -36933126#0 -269702559 -36933151#0 36933113 39820664#9 36933223 36933282#0 36933282#1 36288851#3 275506498 269702543 269702544,2.0239411414143573,1
165,134,36936327 36284386#4 36284386#5 36284386#6 36934854#0 36934854#1 918716574#0 918716574#1 918716574#2 -36936220 36934835#0 36934835#1 36934835#2 332885553 1339478330 -36285797#2 36284751 -394446867#0 36288851#0 36288851#1 36288851#2 36288851#3 275506498 269702543 269702544,2.3682927534560867,2
165,134,36936327 36284386#4 36284386#5 36284386#6 36934854#0 36934854#1 -918716575 918716573 156480737#0 394456380 37056002 1119245115 37056017 -159922662#1 37054401 37056055#1 319058606 37052930 698018294#0 698018294#1 1238956370 698018293 -36936220 36934835#0 36934835#1 36934835#2 332885553 332885552 -394446867#1 -394446867#0 36288851#0 36288851#1 36288851#2 36288851#3 275506498 269702543 269702544,3.114555655134101,3
165,167,36936327 36284386#4 36284386#5 36284386#6 36934854#0 -156480752 -1109771198#1 -1109771198#0 -36936392#1 -36936392#0 -36288941#0 36936407#0 36936407#1 36936407#2 918716573 156480737#0 394456380 37050590 918716574#1 918716574#2 -36936220 36934835#0 36934835#1 36934835#2 332885553 332885552 -394446867#1 -394446867#0 36288851#0 36288851#1,2.492235369371889,0
165,167,36936327 36284386#4 36284386#5 36284386#6 36934854#0 36934854#1 918716574#0 918716574#1 918716574#2 -36936220 36934835#0 36934835#1 36934835#2 -710476653#1 -710476653#0 -394446867#1 -394446867#0 36288851#0 36288851#1,1.9188555419163589,1
165,167,36936327 36284386#4 36284386#5 36284386#6 36934854#0 36934854#1 -918716575 918716573 156480737#0 394456380 37050590 918716574#1 918716574#2 -36936220 36934835#0 36934835#1 36934835#2 -710476653#1 -710476653#0 -394446867#1 -394446867#0 36288851#0 36288851#1,1.921734059836364,2
165,167,36936327 36284386#4 36936288 36936236#1 36934860#0 36934860#1 36934860#2 36934860#3 1339510612#0 1339510612#1 1339510612#2 36936373#0 36936373#1 153730938 -153730933#1 -153730933#0 36936373#3 36936373#4 201772610 157574535 -36933126#2 -36933126#1 -36933126#0 -269702559 -36933151#0 36933113 39820664#9 36933223 36933282#0 36933282#1 -36288851#2 -36288851#1,2.227492063461205,3
166,135,36936727#1 36936727#2 357228242 319779156#0 319779156#1 319058636 319058644 698026761 37088673#0 37088673#1 1239117016#0 1239117016#1 1239117016#2 -36950447#1 -36950447#0 36950586 -319058589#3 -319058589#2 -319058589#1 -319058589#0 -394456379 -36950439#1 -36950439#0 36950518#0 37051441#0 37051441#1 37051441#2 -37051625#2 -37051625#1 -37051625#0 -156480737#2 -156480737#1 394456380 37050590 918716574#1 918716574#2 -36936220 36934835#0 36934835#1 36934835#2 332885553 332885552 -394446867#1 -394446867#0 36288851#0,3.2046097565068266,0
166,135,36936727#1 36936727#2 357228242 319779156#0 319779156#1 319058636 319058644 698026761 39820658#0 39820658#1 39820658#2 -508751758#2 -508751758#1 -508751758#0 -319058587#2 -319058587#1 -319058587#0 -319058586 -1088466838#1 -1088466838#0 -37088447#2 -37088447#1 -37088447#0 -36933126#2 -36933126#1 -36933126#0 -269702559 -36933151#0 36933113 39820664#9 36933223 36933282#0 36933282#1 -36288851#2 -36288851#1 -36288851#0,1.4929277484983918,1
166,135,36936727#1 36936727#2 357228242 319779156#0 319779156#1 319058636 319058644 698026761 39820658#0 39820658#1 39820658#2 -508751758#2 -508751758#1 -508751758#0 -319058587#2 -319058587#1 -319058587#0 -319058586 -1088466838#1 -1088466838#0 -37088447#2 -37088447#1 -37088447#0 -36933126#2 -36933126#1 -36933126#0 -269702559 -36933151#0 36933113 39820664#9 36933223 36933050 39820664#1 243836885 243836889 56080983 35801882#4 35802071#0 36285797#0 -36284844 36288851#0,1.578222924884281,2
166,135,36936727#1 36936727#2 357228242 319779156#0 319779156#1 319058636 319058644 698026761 39820658#0 39820658#1 39820658#2 -508751758#2 -508751758#1 -508751758#0 -319058587#2 -319058587#1 -319058587#0 -319058586 -1088466838#1 -1088466838#0 -37088447#2 -37088447#1 -37088447#0 -36933126#2 -36933126#1 -36933126#0 -269702559 -36933151#0 36933113 39820664#9 36933223 36933282#0 36933282#1 36288851#3 36933307#0 36933306 36284386#1 36933240 394446867#1 710476653#0 710476653#1 332885553 1339478330 -36285797#2 -36285797#1 -36284844 36288851#0,2.231924628747972,3
166,187,36936727#1 36936727#2 357228242 319779156#0 319779156#1 319058636 36936749#0 36936749#1 36936749#2 36936749#3 153730008#0 153730013#0 153730013#1 -153730014#1 -153730014#0 153730020#3 153730008#2 36936749#5 319779134 36936867 319058601 698024155#0 698024155#1,1.181595562364012,0
166,187,36936727#1 36936727#2 357228242 319779156#0 319779156#1 319058636 36936749#0 36936749#1 36936749#2 36936749#3 36936749#4 36936749#5 319779134 36936867 319058601 698024155#0 698024155#1,1.0671091677202278,1
166,187,36936727#1 36936727#2 357228242 319779156#0 319779156#1 319058636 36936749#0 36936749#1 36936749#2 36936749#3 153730008#0 153730013#0 -153730017 -153730014#0 153730020#3 153730008#2 36936749#5 319779134 36936867 319058601 698024155#0 698024155#1,1.165936815063796,2
167,12,36935235#0 -269702565#1 153730934 36935235#2 36935235#3 -157553230 -157574537#0 153730936#0 153730936#1 -270968323#1 -270968324 -153730925#0 153730933#1 -153730938 36936373#2 36936373#3,0.601571501642605,0
167,12,36935235#0 36935235#1 36935235#2 36935235#3 -157553230 -157574537#0 153730936#0 153730936#1 -270968323#1 -270968324 -153730925#0 -153730933#0 36936373#3,0.4922726181905447,1
167,12,36935235#0 -269702565#1 -269702565#0 -153730933#1 -153730933#0 36936373#3,0.242488600911927,2
167,12,36935235#0 -269702565#1 153730934 36935235#2 36935235#3 -157553230 -157574537#0 153730936#0 153730936#1 153730936#2 -153730925#1 -153730925#0 -153730933#0 36936373#3,0.5243940484761219,3
168,57,153730938 153730933#2 269702565#1 36935235#1 36935235#2 36935235#3 36289394#0 153730941#0 153730941#1 -36289599#0 -157553237#1 -157553237#0 -157553234 -157574536#1 -157574536#0 -710476024#1 -710476024#0 1162674260 508751758#0 508751758#1 508751758#2 508751757#0 508751757#1 508751757#2 36936541 36936727#0 36936727#1 36936727#2 36936727#3 36936727#4 36936727#5 36936727#6 -650145324#2 -650145324#1,1.1196686785309198,0
168,57,153730938 153730933#2 153730934 36935235#2 36935235#3 36289394#0 36289394#1 36289394#2 1339510611 -157553237#0 -157553234 -157574536#1 -157574536#0 -710476024#1 -710476024#0 1162674260 508751758#0 508751758#1 508751758#2 508751757#0 508751757#1 508751757#2 36936541 36936727#0 36936727#1 36936727#2 36936727#3 36936727#4 36936727#5 36936727#6 -650145324#2 -650145324#1,0.8088814388998296,1
168,57,153730938 153730933#2 269702565#1 36935235#1 36935235#2 36935235#3 36289394#0 36289394#1 36289394#2 -157553238 -157574536#1 -157574536#0 -710476024#1 -710476024#0 1162674260 508751758#0 508751758#1 508751758#2 508751757#0 508751757#1 508751757#2 36936541 36936727#0 36936727#1 36936727#2 36936727#3 36936727#4 36936727#5 36936727#6 -650145324#2 -650145324#1,0.8843339949545711,2
168,57,153730938 -153730938 36936373#2 36936373#3 36936373#4 201772610 157574535 37088447#0 37088447#1 37088447#2 1088466838#0 1088466838#1 319058586 319058587#0 319058587#1 319058587#2 508751758#0 508751758#1 508751758#2 508751757#0 508751757#1 508751757#2 36936541 36936727#0 36936727#1 36936727#2 36936727#3 36936727#4 36936727#5 36936727#6 -650145324#2 -650145324#1,0.9766780943753124,3
169,83,394456385#1 -36933282#0 36933050 39820664#1 243836885 243836889 56080983 35801882#4 35802071#0 35802071#1 35802071#2 36288851#0 36288851#1 36288851#2 36288851#3 36933307#0 36933306 36284386#1 36284386#2 36284386#3 36284386#4 36284386#5 36284386#6 36934854#0 36934854#1 -918716575 918716573 156480737#0 156480737#1 156480737#2 37051625#0 -37052277#3 -37052277#2,1.95294675706519,0
169,83,394456385#1 36933282#1 36288851#3 36933307#0 36933307#1 153730928 36284386#3 36284386#4 36284386#5 36284386#6 36936236#0 36936236#1 36934860#0 36934860#1 36934860#2 36934860#3 1339510612#0 1339510612#1 1339510612#2 -36288941#2 -36288941#1 -36288941#0 36936407#0 36936407#1 36936407#2 918716573 156480737#0 156480737#1 156480737#2 37051625#0 -37052277#3 -37052277#2,1.949995942770622,1
169,83,394456385#1 36933282#1 -36288851#2 36284386#0 36284386#1 36284386#2 36284386#3 36284386#4 36284386#5 36284386#6 36934854#0 36934854#1 -918716575 918716573 156480737#0 156480737#1 156480737#2 37051625#0 -37052277#3 -37052277#2,1.2853861619128024,2
169,83,394456385#1 36933282#1 36288851#3 36933307#0 36933306 36284386#1 36284386#2 36284386#3 36284386#4 36284386#5 36284386#6 36934854#0 -156480752 -1109771198#1 -1109771198#0 -36936392#1 -36936392#0 -36288941#0 270968317#0 270968317#1 48955998 313248247 48956000 406210869#1 -1119245070 -1119245071 -1299820133 -37052277#3 -37052277#2,1.6095807042907313,3
169,136,394456385#1 -36933282#0 36933050 39820664#1 243836885 243836889 56080983 35801882#4 35802071#0 36285797#0 -36284844 36288851#0 36288851#1 36288851#2 36288851#3 36933307#0 36933307#1 153730928 36284386#3 36284386#4 36936288 36936236#1 36934860#0 36934860#1 36934860#2 36934860#3 1339510612#0 1339510612#1 1339510612#2 36289159#0 36935200,1.6006659467242617,0
169,136,394456385#1 36933282#1 -36288851#2 36284386#0 36284386#1 36284386#2 36284386#3 36284386#4 36936288 36936236#1 36934860#0 36934860#1 36934860#2 36934860#3 1339510612#0 1339510612#1 1339510612#2 36289159#0 36935200,0.8852891768658508,1
169,136,394456385#1 -36933282#0 36933050 39820664#1 243836885 243836889 56080983 35801882#4 35802071#0 36285797#0 -36284844 36288851#0 36288851#1 36284386#0 36284386#1 36284386#2 36284386#3 36284386#4 36284386#5 36284386#6 36936236#0 36936236#1 36934860#0 36934860#1 36934860#2 36934860#3 1339510612#0 1339510612#1 1339510612#2 36289159#0 36935200,1.2781317494600428,2
169,136,394456385#1 36933282#1 -36288851#2 36284386#0 36284386#1 36284386#2 36284386#3 36284386#4 36284386#5 36284386#6 36934854#0 -156480752 -1109771198#1 -1109771198#0 -36936392#1 -36936392#0 36288941#1 36288941#2 36289159#0 36935200,1.0337293016558675,3
169,149,394456385#1 -36933282#0 36933050 39820664#1 243836885 243836889 56080983 35801882#4 35801882#1 -319058600#1 35801699#0 35801699#1 698018295#3 35802097#0 35802097#1 35802097#2 35802097#3 35802097#4 35802097#5 314422857 710476923 319058591 697627694#0 697627694#1 187827289 1119245073 155153634#0 155153634#1 155153634#2 1119243206 36292768#0 36292768#1 36292768#2 36292830#1 36292830#2 697704135 156460681#0 156460681#1 156460681#2 -156460683#8,3.8062112750067625,0
169,149,394456385#1 36933282#1 36288851#3 36933307#0 36933306 36284386#1 36284386#2 36284386#3 36284386#4 36284386#5 36284386#6 36934854#0 36934854#1 -918716575 918716573 156480737#0 156480737#1 156480737#2 37051625#0 -37052277#3 -37052277#2 -37052277#1 -37052277#0 1024000539#3 37052381#0 37052381#1 37052381#2 -36293459#8 -36293459#7 -36293459#6 -36293459#5 -36293459#4 -36293459#3 -36293459#2 -36293459#1 -36293459#0 -156460683#8,1.8990290704801167,1
169,149,394456385#1 36933282#1 36288851#3 36933307#0 36933306 36284386#1 36284386#2 36284386#3 36284386#4 36284386#5 36284386#6 36934854#0 36934854#1 -918716575 918716573 156480737#0 156480737#1 156480737#2 37051625#0 -37052277#3 -37052277#2 -37052277#1 -37052277#0 -37049908 1119245060#0 1119245060#1 1119245057#0 1119245057#1 -476687231#3 -476687231#2 -476687231#1 -476687231#0 -1119245056 -37054066 -36293459#2 -36293459#1 -36293459#0 -156460683#8,2.464651820660103,2
169,149,394456385#1 36933282#1 36288851#3 36933307#0 36933307#1 153730928 36284386#3 36284386#4 36284386#5 36284386#6 36934854#0 36934854#1 -918716575 918716573 156480737#0 156480737#1 156480737#2 37051625#0 -37052277#3 -37052277#2 -37052277#1 -37052277#0 -37049908 1119245060#0 1119245060#1 1119245057#0 1119245057#1 -476687231#3 -476687231#2 -476687231#1 -476687231#0 -1119245056 -37054066 -36293459#2 -36293459#1 -36293459#0 -156460683#8,2.475294969208219,3
170,137,-269702560 36935200 269702561#0 269702561#1 270968317#1 48955998 48955999 319058612#1 36288941#0 36288941#1 36288941#2 36936373#0 36936373#1 153730938 -153730933#1 153730925#0 153730925#1 153730936#3 201772610 157574535 -36933126#2 -36933126#1 -36933126#0 -269702559 -36933151#0 36933113 39820664#9 36933223 36933282#0 -394456385#1,1.7382166780392938,0
170,137,36935200 -269702560 36289159#1 36289159#2 36935235#0 36935235#1 -153730934 -269702565#0 -153730933#1 -153730933#0 36936373#3 36936373#4 201772610 157574535 -36933126#2 -36933126#1 -36933126#0 -269702559 -36933151#0 36933113 39820664#9 36933223 36933282#0 -394456385#1,1.2886976548626785,1
170,137,36935200 -269702560 36289159#1 36289159#2 36935235#0 36935235#1 -153730934 -269702565#0 -153730933#1 153730925#0 153730925#1 153730936#3 201772610 157574535 -36933126#2 -36933126#1 -36933126#0 -269702559 -36933151#0 36933113 39820664#9 36933223 36933282#0 -394456385#1,1.3120539429752909,2
170,137,-269702560 36289159#1 36289159#2 36935235#0 36935235#1 36935235#2 36935235#3 -157553230 -157574537#0 153730936#0 153730936#1 153730936#2 153730936#3 201772610 157574535 -36933126#2 -36933126#1 -36933126#0 -269702559 -36933151#0 36933113 39820664#9 36933223 36933282#0 -394456385#1,1.378576621161036,3
171,138,36934835#2 332885553 1339478330 -36285797#2 -36285797#1 -36284844 36288851#0 36288851#1 36288851#2 36288851#3 275506498 269702543 269702544 201772610 157574535 37088447#0 37088447#1 37088447#2 1088466838#0 1088466838#1 319058586 319058587#0 319058587#1 319058587#2 508751758#0 508751758#1 508751758#2 508751757#0 508751757#1 508751757#2 36936541 697740912 319058636 36936749#0 36936749#1 36936749#2 36936749#3 153730008#0 153730008#1 153730008#2 36936749#5 319779134 36936867 319058601 698024155#0 698024155#1 698024155#2 319779133#0 319779133#1 610135150#5 610135150#6 610135150#7 610135150#8 610135150#9 610135150#0 610135150#1 1239117050 610135148#0 610135148#1 1102935203 1102935205 1239117048 302162779#5 302162779#6 302162779#1 302162780#0 302162780#1,2.724639164780408,0
171,138,36934835#2 -710476653#1 -710476653#0 -394446867#1 -394446867#0 36288851#0 36288851#1 36288851#2 36288851#3 275506498 269702543 269702544 201772610 157574535 37088447#0 37088447#1 37088447#2 1088466838#0 1088466838#1 319058586 319058587#0 319058587#1 319058587#2 508751758#0 508751758#1 508751758#2 508751757#0 508751757#1 508751757#2 36936541 697740912 319058636 36936749#0 36936749#1 36936749#2 36936749#3 36936749#4 36936749#5 319779134 36936867 319058601 698024155#0 698024155#1 698024155#2 319779133#0 319779133#1 610135150#5 610135150#6 610135150#7 610135150#8 610135150#9 610135150#0 610135150#1 1239117050 610135148#0 610135148#1 1102935203 1102935205 1239117048 302162779#5 302162779#6 302162779#1 302162780#0 302162780#1,2.524323636467318,1
171,138,36934835#2 -710476653#1 -710476653#0 -394446867#1 -394446867#0 36288851#0 36288851#1 36288851#2 36288851#3 275506498 269702543 269702544 201772610 157574535 37088447#0 37088447#1 37088447#2 1088466838#0 1088466838#1 319058586 319058587#0 319058587#1 319058587#2 508751758#0 508751758#1 508751758#2 508751757#0 508751757#1 508751757#2 36936541 697740912 319058636 36936749#0 36936749#1 36936749#2 36936749#3 36936749#4 36936749#5 319779134 36936867 319058601 698024155#0 698024155#1 698024155#2 319779133#0 319779133#1 610135150#5 610135150#6 610135150#7 610135150#8 610135150#9 1057740878 1057740881 610135150#1 1239117050 610135148#0 610135148#1 1102935203 1102935205 1239117048 302162779#5 302162779#6 302162779#1 302162780#0 302162780#1,2.564532419764654,2
171,138,36934835#2 332885553 332885552 -394446867#1 -394446867#0 36288851#0 36288851#1 36284386#0 -36933306 -36933307#0 275506498 269702543 269702544 201772610 157574535 37088447#0 37088447#1 37088447#2 1088466838#0 1088466838#1 319058586 319058587#0 319058587#1 319058587#2 508751758#0 508751758#1 508751758#2 508751757#0 508751757#1 508751757#2 36936541 697740912 319058636 36936749#0 36936749#1 36936749#2 36936749#3 36936749#4 36936749#5 319779134 36936867 319058601 698024155#0 698024155#1 698024155#2 319779133#0 319779133#1 610135150#5 610135150#6 610135150#7 610135149 88525123 610135150#9 610135150#0 610135150#1 1239117050 610135148#0 610135148#1 1102935203 1102935205 1239117048 302162779#5 302162779#6 302162779#1 302162780#0 302162780#1,2.717140153540192,3
172,40,36936655#6 319779156#0 319779156#1 319058636 319058644 698026761 37088673#0 37088673#1 1239117016#0 1239117016#1 1239117016#2 -36950447#1 -36950447#0 36950586 -319058589#3 -319058589#2 -319058589#1 -319058589#0 394456356#0 394456356#1 859784039#2 -319058602#1 -319058602#0 -1119245061 -1119245060#2 1119245057#0 1119245057#1 -476687231#3 -476687231#2 -476687231#1 -476687231#0 -1119245056 -37054066 -36293459#2 -36293459#1 -36293459#0 -156460681#2 -156460681#1 -156460681#0 -697704135 -1024000548 -36292830#1 -36292830#0 -36292768#1 -36292768#0 -36291218 -1119243207 -187827274 156466987 -1119245074 -36290738#2 -36290738#1 -36290738#0 187827279 -156466999#1 -156466999#0 156467000#2 156467000#3,4.888585219213065,0
172,40,36936655#6 319779156#0 319779156#1 319058636 319058644 698026761 37088673#0 37088673#1 1239117016#0 1239117016#1 1239117016#2 -36950447#1 -36950447#0 36950586 -319058589#3 -319058589#2 -319058589#1 -319058589#0 -394456379 -36950439#1 -36950439#0 37088258#0 37050051 1119245067 37055902#0 -37051625#2 -37051625#1 -37051625#0 -156480737#2 -156480737#1 394456380 37050590 918716574#1 918716574#2 37051113#0 37051113#1 1119245072 37056055#1 319058606 37052930 698018294#0 698018294#1 1238956370 36935056 36935040#0 36935040#1 36935040#2 36935040#3 1238956371 187827287 1119245264#0 1119245264#1 319058598 187827272 -156466999#1 -156466999#0 156467000#2 156467000#3,4.036069299471332,1
172,40,36936655#6 319779156#0 319779156#1 319058636 319058644 698026761 37088673#0 37088673#1 1239117016#0 1239117016#1 1239117016#2 -36950447#1 -36950447#0 36950586 -319058589#3 -319058589#2 -319058589#1 -319058589#0 394456356#0 394456356#1 -859784039#1 -859784039#0 -36950518#1 37051441#0 37051441#1 37051441#2 -37051625#2 -37051625#1 -37051625#0 -156480737#2 -156480737#1 394456380 37050590 918716574#1 918716574#2 37051113#0 37051113#1 1119245072 37056055#1 319058606 37052930 698018294#0 698018294#1 1238956370 36935056 36935040#0 36935040#1 36935040#2 36935040#3 1238956371 187827287 1119245264#0 1119245264#1 319058598 187827272 36286792#0 156467000#0 156467000#1 156467000#2 156467000#3,4.252621975257269,2
172,40,36936655#6 319779156#0 319779156#1 319058636 319058644 698026761 37088673#0 37088673#1 1239117016#0 1239117016#1 1239117016#2 -36950447#1 -36950447#0 36950586 -319058589#3 -319058589#2 -319058589#1 -319058589#0 394456356#0 394456356#1 -859784039#1 -859784039#0 -36950518#1 37051441#0 37051441#1 37051441#2 -37051625#2 -37051625#1 -37051625#0 -156480737#2 -156480737#1 394456380 37056002 1119245115 37056017 -159922662#1 37054401 37056055#1 319058606 37052930 698018294#0 698018294#1 1238956370 36935056 36935040#0 36935040#1 36935040#2 36935040#3 1238956371 187827287 1119245264#0 1119245264#1 319058598 187827272 36286792#0 156467000#0 156467000#1 156467000#2 156467000#3,4.395741242169404,3
173,140,-650145330#2 650145324#0 650145324#1 650145324#2 36936727#7 319058652 719004329 36936494#0 36936494#1 36936655#0 36936655#1 153732960#0 153732960#1 394443153#1 202422660#0 202422660#1 202422660#2 319779156#0 319779156#1 319058636 319058644 698026761 37088673#0,1.2013939244896414,0
173,140,-650145330#2 650145324#0 650145324#1 650145324#2 650145324#3 36936655#1 36936655#2 36936655#3 36936655#4 36936655#5 36936655#6 319779156#0 319779156#1 319058636 319058644 698026761 37088673#0,0.6998278175549736,1
173,140,-650145330#2 650145324#0 650145324#1 650145324#2 650145324#3 36936655#1 153732960#0 153732962#0 153732962#1 153732962#2 153732962#3 -153732963#1 202422660#1 202422660#2 319779156#0 319779156#1 319058636 319058644 698026761 37088673#0,0.964455921834084,2
173,140,-650145330#2 650145324#0 650145324#1 650145324#2 650145324#3 36936655#1 153732960#0 153732960#1 -327342938 153732962#2 153732962#3 -153732963#1 202422660#1 202422660#2 319779156#0 319779156#1 319058636 319058644 698026761 37088673#0,1.1793144354339085,3
174,55,36293459#7 36293459#8 36293459#9 36293459#10 37049908 156460679 37052277#1 37052277#2 37052277#3 -37051625#0 -156480737#2 -156480737#1 394456380 37056002 1119245115 37056017 -159922662#1 -159922662#0 -156460682#0 -37054319 -270968320 37052930 698018294#0 698018294#1 1238956370 698018293 -36936220 39820661#0 39820661#1 36936236#0 36936236#1,2.198668805175058,0
174,55,36293459#7 36293459#8 36293459#9 36293459#10 37049908 156460679 37052277#1 37052277#2 37052277#3 -37051625#0 -156480737#2 -156480737#1 394456380 37050590 918716574#1 918716574#2 -36936220 39820661#0 39820661#1 36936236#0 36936236#1,1.223838898643504,1
174,55,36293459#7 36293459#8 36293459#9 36293459#10 37049908 156460679 37052277#1 37052277#2 37052277#3 -37051625#0 -156480737#2 -156480737#1 394456380 37056002 1119245115 37056017 -159922662#1 37054401 37056055#1 319058606 37052930 698018294#0 698018294#1 1238956370 698018293 -36936220 39820661#0 39820661#1 36936236#0 36936236#1,2.1492127232462463,2
174,55,36293459#7 36293459#8 36293459#9 36293459#10 37049908 156460679 37052277#1 37052277#2 37052277#3 37052277#4 37050515#0 37050515#1 37050515#2 156480737#0 394456380 37056002 1119245115 37056017 -159922662#1 -159922662#0 -156460682#0 -37054319 -270968320 37052930 698018294#0 698018294#1 1238956370 698018293 -36936220 39820661#0 39820661#1 36936236#0 36936236#1,2.217579292336085,3
174,148,-36293459#7 -36293459#6 -36293459#5 -36293459#4 -36293459#3 37054066 1119245056 476687231#0 476687231#1 476687231#2 476687231#3 -1119245057#1 -1119245057#0 1119245060#2 -156460680#1 -1024000539#0 319058602#1 -270968314 -394456356#1 -394456356#0 319058589#0 319058589#1 319058589#2 319058589#3 -859785184 36950447#0 36950447#1 -1239117016#2 -1239117016#1 -1239117016#0 -37088673#1 -37088673#0 39820658#0 39820658#1 39820658#2 508751757#0 508751757#1 508751757#2 36936541 697740912 319058636 36936749#0 36936749#1 36936749#2 36936749#3 36936749#4 36936749#5 319779134 36936867 -165172165#2 -165172165#1 -165172165#0 165172163 -165170684#1 -165170684#0 -698024152#1 -698024152#0 1371061470#0 1371061470#1 1371061468 36936590#0 36936590#1 36936590#2 36936590#3 36936590#4 36936590#5 36936590#6 36936590#7 36936590#8 1239117013#1 1239117013#2,4.5346700058774765,0
174,148,36293459#7 36293459#8 36293459#9 36293459#10 1119245060#0 1119245060#1 1119245060#2 1119245061 319058602#0 319058602#1 36294383#0 37055563#0 332885734#0 332885734#1 332885734#2 37055217#1 -859785184 36950447#0 36950447#1 -1239117016#2 -1239117016#1 -1239117016#0 -37088673#1 -37088673#0 39820658#0 39820658#1 39820658#2 508751757#0 508751757#1 508751757#2 36936541 697740912 319058636 36936749#0 36936749#1 36936749#2 36936749#3 36936749#4 36936749#5 319779134 36936867 -165172165#2 -165172165#1 -165172165#0 165172163 -165170684#1 -165170684#0 -698024152#1 -698024152#0 1371061470#0 1371061470#1 1371061468 36936590#0 36936590#1 36936590#2 36936590#3 36936590#4 36936590#5 36936590#6 36936590#7 36936590#8 1239117013#1 1239117013#2,3.767385388646856,1
174,148,36293459#7 36293459#8 -37052381#2 -37052381#1 -37052381#0 -1024000539#3 -1024000539#2 -1024000539#1 -1024000539#0 319058602#1 -270968314 -394456356#1 -394456356#0 319058589#0 319058589#1 319058589#2 319058589#3 -859785184 36950447#0 36950447#1 -1239117016#2 -1239117016#1 -1239117016#0 -37088673#1 -37088673#0 39820658#0 39820658#1 39820658#2 508751757#0 508751757#1 508751757#2 36936541 697740912 319058636 36936749#0 36936749#1 36936749#2 36936749#3 36936749#4 36936749#5 319779134 36936867 -165172165#2 -165172165#1 -165172165#0 165172163 -165170684#1 -165170684#0 -698024152#1 -698024152#0 1371061470#0 1371061470#1 1371061468 36936590#0 36936590#1 36936590#2 36936590#3 36936590#4 36936590#5 36936590#6 36936590#7 36936590#8 1239117013#1 1239117013#2,3.951954623108099,2
174,148,36293459#7 36293459#8 -37052381#2 -37052381#1 -37052381#0 -1024000539#3 -1024000539#2 -1024000539#1 -1024000539#0 319058602#1 36294383#0 37055563#0 332885734#0 332885734#1 332885734#2 37055217#1 -859785184 36950447#0 36950447#1 -1239117016#2 -1239117016#1 -1239117016#0 -37088673#1 -37088673#0 39820658#0 39820658#1 39820658#2 508751757#0 508751757#1 508751757#2 36936541 697740912 319058636 36936749#0 36936749#1 36936749#2 36936749#3 36936749#4 36936749#5 319779134 36936867 -165172165#2 -165172165#1 -165172165#0 165172163 -165170684#1 -165170684#0 -698024152#1 -698024152#0 1371061470#0 1371061470#1 1371061468 36936590#0 36936590#1 36936590#2 36936590#3 36936590#4 36936590#5 36936590#6 36936590#7 36936590#8 1239117013#1 1239117013#2,4.101660646626217,3
175,47,36785117#1 187827278#0 156467655#0 156467655#1 187827271 36936423#0 36936423#1 36936423#2 36936423#3 36936423#4 36936423#5 36936423#6 36936423#7 698018294#0 698018294#1 1238956370 698018293 -36936220 39820661#0 39820661#1 36934854#0 -156480752 -1109771198#1 -1109771198#0 -36936392#1 -36936392#0 36288941#1 36288941#2 36289159#0 36289159#1 36289159#2 36935235#0 36935235#1 36935235#2 36935235#3 36289394#0 153730941#0 153730941#1 36289599#1 -878854448 153730935 -153730939#0 36289295#1 36936396#3 36936396#4 878854446 48955689#0 48955689#1 -36950525 37088256 48956586#0 48956586#1 -157555050#5 -157555050#4 -157555050#3 -157555050#2 -157555050#1 -157555050#0 -36950657#1 -36950657#0 -269702562 -1339510609#0 -328471845#1 -328471845#0,4.007930000347253,0
175,47,36785117#1 187827278#0 156467655#0 156467655#1 187827271 36936423#0 36936423#1 36936423#2 36936423#3 36936423#4 36936423#5 36936423#6 36936423#7 698018294#0 698018294#1 1238956370 698018293 -36936220 39820661#0 39820661#1 36936236#0 36936236#1 36934860#0 36934860#1 36934860#2 36934860#3 1339510612#0 1339510612#1 1339510612#2 36289159#0 36289159#1 36289159#2 36289295#0 153730939#0 153730939#1 153730941#1 -36289599#0 -319058608#1 -319058608#0 1339510610 -269702562 -1339510609#0 -328471845#1 -328471845#0,1.9947455025618923,1
175,47,36785117#1 187827278#0 156467655#0 156467655#1 187827271 36936423#0 36936423#1 36936423#2 36936423#3 36936423#4 36936423#5 36936423#6 36936423#7 698018294#0 698018294#1 1238956370 698018293 -36936220 39820661#0 39820661#1 36934854#0 -156480752 -1109771198#1 -1109771198#0 -36936392#1 -36936392#0 36288941#1 36288941#2 36289159#0 36289159#1 36289159#2 36289295#0 153730939#0 153730939#1 153730941#1 -36289599#0 -319058608#1 -319058608#0 1339510610 -269702562 -1339510609#0 -328471845#1 -328471845#0,2.199197146430383,2
175,47,36785117#1 187827278#0 156467655#0 156467655#1 187827271 36936423#0 36936423#1 36936423#2 36936423#3 36936423#4 36936423#5 36936423#6 36936423#7 698018294#0 698018294#1 1238956370 698018293 -36936220 39820661#0 39820661#1 36936236#0 36936236#1 36934860#0 36934860#1 36934860#2 36934860#3 1339510612#0 1339510612#1 1339510612#2 36289159#0 36289159#1 36289159#2 36289295#0 153730939#0 153730939#1 153730941#1 -36289599#0 -319058608#1 -37088332#3 -37088332#2 371455497 -36950657#0 -269702562 -1339510609#0 -328471845#1 -328471845#0,2.437714065076891,3
176,4,394456356#0 394456356#1 -859784039#1 -859784039#0 -36950518#1 -36950518#0 36950439#0 36950439#1 607473249#0 607473249#1 -36950657#1 -36950657#0 -1339510610 319058608#0 319058608#1 -157553237#1 -157553237#0 -157553234 -157574536#1 -157574536#0 1239117022#0 1239117022#1 153730936#0 153730936#1 153730936#2 153730936#3 201772610 157574535 -36933126#2 -36933126#1 -36933126#0 -1239117024 -394443151#2,2.923985298097844,0
176,4,-394456356#0 -394456379 -36950439#1 -36950439#0 37088258#0 37088258#1 394456378 36950525 1119245069 406210869#0 406210869#1 319058612#0 319058612#1 36288941#0 36288941#1 36288941#2 36936373#0 36936373#1 36936373#2 36936373#3 36936373#4 201772610 157574535 -36933126#2 -36933126#1 -36933126#0 -1239117024 -394443151#2,2.050271868439543,1
176,4,-394456356#0 -394456379 607473249#0 607473249#1 -36950657#1 -36950657#0 -1339510610 319058608#0 319058608#1 36289599#0 36289599#1 -878854448 153730935 -153730939#0 36289295#1 -777654407 1119245693 159922990 48955996 406210869#0 406210869#1 319058612#0 319058612#1 36288941#0 36288941#1 36288941#2 36936373#0 36936373#1 36936373#2 36936373#3 36936373#4 201772610 157574535 -36933126#2 -36933126#1 -36933126#0 -1239117024 -394443151#2,2.834860656692019,2
176,4,394456356#0 394456356#1 -859784039#1 -859784039#0 -36950518#1 37051441#0 37051441#1 37051441#2 -37051625#2 -37051625#1 37052277#4 1237352048 1119245070 319058612#0 319058612#1 36288941#0 36288941#1 36288941#2 36936373#0 36936373#1 36936373#2 36936373#3 36936373#4 201772610 157574535 -36933126#2 -36933126#1 -36933126#0 -1239117024 -394443151#2,2.651417776766877,3
177,146,153730013#0 153730013#1 -153730014#1 -153730014#0 153730020#3 153730008#2 -36936749#4 -36936749#3 -36936749#2 -36936749#1 -36936749#0 319058644 698026761 39820658#0 39820658#1 39820658#2 -508751758#2 -508751758#1 -508751758#0 -319058587#2 -319058587#1 -319058587#0 -319058586 -1088466838#1 -1088466838#0 -37088447#2 -37088447#1 -37088447#0 -36933126#2 -36933126#1 -36933126#0,1.0244652219001598,0
177,146,-153730013#0 -153730008#0 -36936749#3 -36936749#2 -36936749#1 -36936749#0 319058644 698026761 39820658#0 39820658#1 39820658#2 -508751758#2 -508751758#1 -508751758#0 -319058587#2 -319058587#1 -319058587#0 -319058586 -1088466838#1 -1088466838#0 -37088447#2 -37088447#1 -37088447#0 -36933126#2 -36933126#1 -36933126#0,0.8104493872713404,1
177,146,-153730013#0 -153730008#0 -36936749#3 -36936749#2 -36936749#1 -36936749#0 319058644 698026761 39820658#0 39820658#1 39820658#2 -508751758#2 -508751758#1 -508751758#0 -1162674260 37088542 710476024#1 1239117022#0 1239117022#1 153730936#0 153730936#1 153730936#2 153730936#3 201772610 157574535 -36933126#2 -36933126#1 -36933126#0,1.0192911245768204,2
178,57,36936655#4 36936655#5 36936655#6 319779156#0 319779156#1 319058636 36936749#0 36936749#1 36936749#2 36936749#3 153730008#0 153730008#1 153730008#2 36936749#5 319779134 36936867 -165172165#2 -165172165#1 -165172165#0 165172163 -165170684#1 -165170684#0 -698024152#1 -698024152#0 1371061470#0 1371061470#1 1371061468 36936590#0 36936590#1 36936590#2 36936590#3 36936590#4 36936590#5 36936590#6 36936590#7 36936590#8 1239117013#1 1239117013#2 36936494#0 36936494#1 36936655#0 -650145324#3 -650145324#2 -650145324#1,2.099699586589329,0
178,57,36936655#4 36936655#5 36936655#6 319779156#0 319779156#1 319058636 319058644 319058627 36936541 36936727#0 36936727#1 36936727#2 36936727#3 36936727#4 36936727#5 36936727#6 -650145324#2 -650145324#1,0.53803664383717,1
179,88,1057740871#0 1057740871#1 36934860#0 36934860#1 36934860#2 36936327 36284386#4 36284386#5 36284386#6 36934854#0 -156480752 -1109771198#1 -1109771198#0 -36936392#1 -36936392#0 36288941#1 36288941#2 36289159#0 36935200 269702561#0 269702561#1 270968317#1 48955998 48955999 319058612#1 36936407#0 36936407#1,1.6914535679914773,0
179,88,1057740871#0 1057740871#1 36934860#0 36934860#1 36934860#2 36934860#3 1339510612#0 1339510612#1 1339510612#2 -36288941#2 -36288941#1 -36288941#0 36936407#0 36936407#1,0.5715678429178903,1
179,88,1057740871#0 1057740871#1 36934860#0 36934860#1 36934860#2 36934860#3 1339510612#0 1339510612#1 1339510612#2 36289159#0 36935200 269702561#0 269702561#1 270968317#1 48955998 313248247 313248248 48955996 406210869#0 406210869#1 319058612#0 319058612#1 36936407#0 36936407#1,0.9974650870699512,2
179,88,1057740871#0 1057740871#1 36934860#0 36934860#1 36934860#2 36934860#3 1339510612#0 1339510612#1 1339510612#2 -36288941#2 -36288941#1 36936392#0 36936392#1 1109771198#0 1109771198#1 156480752 36934854#1 -918716575 918716573 156480737#0 156480737#1 156480737#2 37051625#0 37052277#4 1237352048 1119245070 319058612#0 319058612#1 36936407#0 36936407#1,1.5535942736091903,3
180,14,697627694#1 187827289 1119245073 155153634#0 155153634#1 155153634#2 1119243206 36292768#0 36292768#1 36292768#2 36292830#1 36292830#2 697704135 156460681#0 37054132 156460683#6 156460683#7 156460683#8 36293459#0 36293459#1 36293459#2 37054066 1119245056 476687231#0 476687231#1 476687231#2 476687231#3 -1119245057#1 -1119245057#0 1119245060#2 1119245061 319058602#0 319058602#1 36294383#0 36294383#1 36294383#2 36294383#3 36294383#4 36294383#5 36294383#6 36294383#7 36294383#8 36294383#9 36294383#10 406210870 36295293#0 37066008 -37055563#2 -37055563#1 332885734#0 332885734#1 332885734#2 37055217#1 -859785184 36950447#0 36950447#1 698026762,6.459151039825576,0
180,14,697627694#1 187827289 1119245073 155153634#0 155153634#1 155153634#2 1119243206 36292768#0 36292768#1 36292768#2 36292830#1 36292830#2 697704135 156460681#0 156460681#1 156460681#2 36293459#0 36293459#1 36293459#2 36293459#3 36293459#4 36293459#5 36293459#6 36293459#7 36293459#8 36293459#9 36293459#10 37049908 -1024000539#2 -1024000539#1 -1024000539#0 319058602#1 -270968314 -394456356#1 -394456356#0 319058589#0 319058589#1 319058589#2 319058589#3 -859785184 36950447#0 36950447#1 698026762,4.007243192453368,1
180,14,697627694#1 187827289 1119245073 155153634#0 155153634#1 155153634#2 1119243206 36292768#0 36292768#1 36292768#2 36292830#1 36292830#2 697704135 156460681#0 156460681#1 156460681#2 36293459#0 36293459#1 36293459#2 37054066 1119245056 476687231#0 476687231#1 476687231#2 476687231#3 -1119245057#1 -1119245057#0 1119245060#2 -156460680#1 -1024000539#0 319058602#1 -270968314 -394456356#1 -394456356#0 319058589#0 319058589#1 319058589#2 319058589#3 -859785184 36950447#0 36950447#1 698026762,4.403943456432248,2
180,14,697627694#1 187827289 1119245073 155153634#0 155153634#1 155153634#2 1119243206 36292768#0 36292768#1 36292768#2 36292830#1 36292830#2 697704135 156460681#0 156460681#1 156460681#2 36293459#0 36293459#1 36293459#2 37054066 1119245056 476687231#0 476687231#1 476687231#2 476687231#3 -1119245057#1 -1119245057#0 1119245060#2 1119245061 319058602#0 319058602#1 36294383#0 37055563#0 332885734#0 332885734#1 332885734#2 37055217#1 -859785184 36950447#0 36950447#1 698026762,4.343258311243864,3
181,150,-153730937 36935235#3 36289394#0 36289394#1 36289394#2 -157553238 -157574536#1 -157574536#0 -710476024#1 -710476024#0 1162674260 508751758#0 508751758#1 508751758#2 508751757#0 508751757#1 508751757#2 36936541 697740912 319058636 36936749#0 36936749#1 36936749#2 36936749#3 36936749#4 36936749#5 319779134 36936867 -165172165#2 -165172165#1 -165172165#0 165172163 1238426242 698024153 165170686 1238426236 165170681#0 165170681#1 -165171783#2 -165171783#1 -165171783#0 -698024152#1 -698024152#0 1371061470#0 1371061470#1 1371061468 36936590#0 36936590#1,2.470308585934187,0
181,150,-153730937 36935235#3 36289394#0 36289394#1 36289394#2 1339510611 -157553237#0 -157553234 -157574536#1 -157574536#0 -710476024#1 -710476024#0 1162674260 508751758#0 508751758#1 508751758#2 508751757#0 508751757#1 508751757#2 36936541 697740912 319058636 36936749#0 36936749#1 36936749#2 36936749#3 36936749#4 36936749#5 319779134 36936867 -165172165#2 -165172165#1 -165172165#0 165172163 -165170684#1 -165170684#0 -698024152#1 -698024152#0 1371061470#0 1371061470#1 1371061468 36936590#0 36936590#1,1.6479637812593353,1
181,150,153730937 -153730937 36935235#3 36289394#0 36289394#1 36289394#2 -157553238 -157574536#1 -157574536#0 -710476024#1 -710476024#0 1162674260 508751758#0 508751758#1 508751758#2 508751757#0 508751757#1 508751757#2 36936541 697740912 319058636 36936749#0 36936749#1 36936749#2 36936749#3 153730008#0 153730008#1 153730008#2 36936749#5 319779134 36936867 -165172165#2 -165172165#1 -165172165#0 165172163 -165170684#1 -165170684#0 -698024152#1 -698024152#0 1371061470#0 1371061470#1 1371061468 36936590#0 36936590#1,1.8326831495244555,2
181,150,153730937 -153730937 36935235#3 -157553230 -157574537#0 153730936#0 153730936#1 153730936#2 153730936#3 201772610 157574535 -36933126#2 -36933126#1 -36933126#0 -1239117024 -394443151#2 -394443151#1 -394443151#0 394443143#0 394443143#1 394443143#2 1238948418#0 1238948418#1 509025806#1 509025806#2 1338884372 1338884371#4 1338884371#5 1338884371#6 1338884371#7 1338884371#8 1338884377 243836884#0 243836884#1 243836884#2 243836884#3 243836884#4 243836884#5 39820657#0 39820657#1 719004331 1371061467 1371061468 36936590#0 36936590#1,2.8492944972249963,3
182,31,36936423#3 36936423#4 36936423#5 36936423#6 36936423#7 698018294#0 698018294#1 1238956370 698018293 -36936220 36934835#0 36934835#1 36934835#2 332885553 332885552 -394446867#1 -394446867#0 36288851#0 36288851#1 36284386#0 -36933306 -36933307#0 275506498 269702543 269702544 201772610 157574535 37088447#0 37088447#1 37088447#2 1088466838#0 1088466838#1 319058586 319058587#0 319058587#1 319058587#2 508751758#0 508751758#1 508751758#2 508751757#0 508751757#1 508751757#2 36936541 697740912 319058636 36936749#0 36936749#1 36936749#2 36936749#3 153730008#0 153730008#1 153730008#2 36936749#5 319779134 36936867 319058601 698024155#0 698024155#1 698024155#2 319779133#0 319779133#1 610135150#5 610135150#6 610135150#7 610135150#8 610135150#9 610135150#0 610135150#1 1239117050 1239117049 610135150#3 610135147#0 610135147#1,3.2389961767769218,0
182,31,36936423#3 36936423#4 36936423#5 36936423#6 36936423#7 698018294#0 698018294#1 1238956370 698018293 -36936220 36934835#0 36934835#1 36934835#2 -710476653#1 -710476653#0 -394446867#1 -394446867#0 36288851#0 36288851#1 36288851#2 36288851#3 275506498 269702543 269702544 201772610 157574535 37088447#0 37088447#1 37088447#2 1088466838#0 1088466838#1 319058586 319058587#0 319058587#1 319058587#2 508751758#0 508751758#1 508751758#2 508751757#0 508751757#1 508751757#2 36936541 697740912 319058636 36936749#0 36936749#1 36936749#2 36936749#3 36936749#4 36936749#5 319779134 36936867 319058601 698024155#0 698024155#1 698024155#2 319779133#0 319779133#1 610135150#5 610135150#6 610135150#7 610135150#8 610135150#9 610135150#0 610135150#1 610135150#2 610135150#3 610135147#0 610135147#1,3.0244017907724468,1
182,31,36936423#3 36936423#4 36936423#5 36936423#6 36936423#7 698018294#0 698018294#1 1238956370 698018293 -36936220 39820661#0 39820661#1 36936236#0 36936236#1 36934860#0 36934860#1 36934860#2 36934860#3 1339510612#0 1339510612#1 1339510612#2 36936373#0 36936373#1 153730938 153730933#2 153730934 36935235#2 36935235#3 36289394#0 36289394#1 36289394#2 -157553238 -157574536#1 -157574536#0 -710476024#1 -710476024#0 1162674260 508751758#0 508751758#1 508751758#2 508751757#0 508751757#1 508751757#2 36936541 697740912 319058636 36936749#0 36936749#1 36936749#2 36936749#3 36936749#4 36936749#5 319779134 36936867 319058601 698024155#0 698024155#1 698024155#2 319779133#0 319779133#1 610135150#5 610135150#6 610135150#7 610135149 88525123 610135150#9 610135150#0 610135150#1 610135150#2 610135150#3 610135147#0 610135147#1,2.635655162329904,2
182,31,36936423#3 36936423#4 36936423#5 36936423#6 36936423#7 698018294#0 698018294#1 1238956370 698018293 -36936220 36934835#0 36934835#1 36934835#2 332885553 1339478330 -36285797#2 36284751 -394446867#0 36288851#0 36288851#1 36284386#0 -36933306 -36933307#0 275506498 269702543 269702544 201772610 157574535 37088447#0 37088447#1 37088447#2 1088466838#0 1088466838#1 319058586 319058587#0 319058587#1 319058587#2 508751758#0 508751758#1 508751758#2 508751757#0 508751757#1 508751757#2 36936541 697740912 319058636 36936749#0 36936749#1 36936749#2 36936749#3 36936749#4 36936749#5 319779134 36936867 319058601 698024155#0 698024155#1 698024155#2 319779133#0 319779133#1 610135150#5 610135150#6 610135150#7 610135150#8 610135150#9 610135150#0 610135150#1 610135150#2 610135150#3 610135147#0 610135147#1,3.359390991636377,3
183,83,394443152#1 -394443149#0 165170685#1 -698024153 165172166 165172165#0 165172165#1 165172165#2 319058601 932857453 319058592#3 698024160 -1239117045 -36936749#5 -36936749#4 -36936749#3 -36936749#2 -36936749#1 -36936749#0 319058644 698026761 37088673#0 37088673#1 1239117016#0 1239117016#1 1239117016#2 -36950447#1 -36950447#0 36950586 -319058589#3 -319058589#2 -319058589#1 -319058589#0 394456356#0 394456356#1 -859784039#1 -859784039#0 -36950518#1 37051441#0 37051441#1 37051441#2 -37051625#2 -37051625#1 -37052277#3 -37052277#2,4.082439237444263,0
183,83,394443152#1 -394443149#0 165170685#1 -698024153 -1238426242 -165170684#1 -165170684#0 -698024152#1 -698024152#0 1371061470#0 1371061470#1 1371061468 36936590#0 36936590#1 36936590#2 36936590#3 36936590#4 36936590#5 36936590#6 36936590#7 36936590#8 1239117013#1 1239117013#2 36936494#0 36936494#1 36936655#0 36936655#1 36936655#2 36936655#3 36936655#4 36936655#5 36936655#6 319779156#0 319779156#1 319058636 319058644 698026761 37088673#0 37088673#1 1239117016#0 1239117016#1 1239117016#2 -36950447#1 -36950447#0 36950586 -319058589#3 -319058589#2 -319058589#1 -319058589#0 -394456379 -36950439#1 -36950439#0 36950518#0 37051441#0 37051441#1 37051441#2 -37051625#2 -37051625#1 -37052277#3 -37052277#2,3.213250358513174,1
183,83,394443152#1 -394443149#0 165170685#1 -698024153 165172166 165172165#0 165172165#1 165172165#2 1238426243 698024160 -1239117045 -36936749#5 -153730008#2 -153730020#3 153730014#0 153730017 -153730013#0 -153730008#0 -36936749#3 -36936749#2 -36936749#1 -36936749#0 319058644 698026761 37088673#0 37088673#1 1239117016#0 1239117016#1 1239117016#2 -36950447#1 -36950447#0 36950586 -319058589#3 -319058589#2 -319058589#1 -319058589#0 -394456379 -36950439#1 -36950439#0 36950518#0 37051441#0 37051441#1 37051441#2 -37051625#2 -37051625#1 -37052277#3 -37052277#2,3.414754758413207,2
183,83,394443152#1 -394443149#0 165170685#1 -698024153 165172166 165172165#0 165172165#1 165172165#2 1238426243 698024160 -1239117045 -36936749#5 -36936749#4 -36936749#3 -36936749#2 -36936749#1 -36936749#0 319058644 698026761 37088673#0 37088673#1 1239117016#0 1239117016#1 1239117016#2 -36950447#1 -36950447#0 36950586 -319058589#3 -319058589#2 -319058589#1 -319058589#0 394456356#0 394456356#1 -859784039#1 -859784039#0 -36950518#1 37051441#0 37051441#1 37051441#2 -37051625#2 -37051625#1 -37052277#3 -37052277#2,3.591117605281047,3
184,0,698024153 165170686 1238426236 165170681#0 165170681#1 1371061454 319058613#0 319058613#1 319058613#2 165170673#0 165170673#1 165170673#2 1338884371#8 1338884377 243836884#0 243836884#1 243836884#2 243836884#3 243836884#4 243836884#5,0.761511923330562,0
184,0,-698024153 -1238426242 -165170684#1 -165170684#0 -698024152#1 -698024152#0 1371061470#0 1371061470#1 1371061468 719004328 36936480#0 36936480#1 36936480#2 39820656#0 39820656#1 -243836884#5,0.3573274552077238,1
184,0,-698024153 -1238426242 -165170684#1 -165170684#0 165171783#0 165171783#1 165171783#2 1371061454 319058613#0 319058613#1 319058613#2 165170673#0 165170673#1 165170673#2 1338884371#8 1338884377 243836884#0 243836884#1 243836884#2 243836884#3 243836884#4 243836884#5,1.0572522641033002,2
184,0,-698024153 -1238426242 -165170684#1 -165170684#0 165171783#0 165171783#1 165171783#2 1371061454 -165170994#6 165171448#0 165171448#1 165170815#1 319058613#2 165170673#0 165170673#1 165170673#2 1338884371#8 1338884377 243836884#0 243836884#1 243836884#2 243836884#3 243836884#4 243836884#5,1.1731509922050518,3
184,126,698024153 165170686 1238426236 165170681#0 165170681#1 1371061454 -165170994#6 165171448#0 165171448#1 165170815#1 319058613#2 165170673#0 165170673#1 165170673#2 1338884371#8 1338884377 1338884376 1338884371#1 1338884371#2 1338884373 -509025806#2 -509025806#1 -509025806#0 -1238948418#0 509033674#0 509033674#1 394443151#0 394443151#1 394443151#2 153732964 -269702559 -610220874#1,2.3375042758386115,0
184,126,-698024153 698024153 165170686 1238426236 165170681#0 165170681#1 1371061454 319058613#0 319058613#1 319058613#2 165170673#0 165170673#1 165170673#2 1338884371#8 1338884371#0 1338884371#1 1338884371#2 1338884373 -509025806#2 -509025806#1 -509025806#0 -1238948418#0 509033674#0 509033674#1 394443151#0 -196288048 394443151#2 153732964 -269702559 -610220874#1,2.308086186983867,1
184,126,698024153 165170686 1238426236 165170681#0 165170681#1 1371061454 319058613#0 319058613#1 319058613#2 165170673#0 165170673#1 165170673#2 1338884371#8 1338884371#0 1338884371#1 1338884371#2 1338884373 -509025806#2 -509025806#1 -509025806#0 -1238948418#0 509033674#0 509033674#1 394443151#0 394443151#1 394443151#2 153732964 -269702559 -610220874#1,2.2063265198340694,2
184,126,698024153 165170686 1238426236 165170681#0 165170681#1 1371061454 -165170994#6 165171448#0 165171448#1 165170815#1 319058613#2 165170673#0 165170673#1 165170673#2 1338884371#8 1338884371#0 1338884371#1 1338884371#2 1338884373 -509025806#2 -509025806#1 -509025806#0 -1238948418#0 509033674#0 509033674#1 394443151#0 -196288048 394443151#2 153732964 -269702559 -610220874#1,2.340903561593898,3
184,130,-698024153 165172166 165172165#0 165172165#1 165172165#2 319058601 698024155#0,0.8564849249503783,2
184,135,-698024153 698024153 165170686 1238426236 165170681#0 165170681#1 1371061454 319058613#0 319058613#1 319058613#2 165170673#0 165170673#1 165170673#2 1338884371#8 1338884371#0 1338884371#1 1338884371#2 1338884373 -509025806#2 -509025806#1 -509025806#0 -1238948418#0 509033674#0 509033674#1 394443151#0 394443151#1 394443151#2 153732964 -269702559 -36933151#0 36933113 39820664#9 36933223 36933050 39820664#1 243836885 243836889 56080983 35801882#4 35802071#0 35802071#1 35802071#2 36288851#0,2.810622176181561,0
184,135,698024153 165170686 1238426236 165170681#0 165170681#1 1371061454 319058613#0 319058613#1 319058613#2 165170673#0 165170673#1 165170673#2 1338884371#8 1338884371#0 1338884371#1 1338884371#2 1338884373 -509025806#2 -509025806#1 -509025806#0 -1238948418#0 509033674#0 509033674#1 394443151#0 394443151#1 394443151#2 153732964 -269702559 -36933151#0 36933113 39820664#9 36933223 36933282#0 36933282#1 -36288851#2 -36288851#1 -36288851#0,2.6794186724618587,1
184,135,-698024153 698024153 165170686 1238426236 165170681#0 165170681#1 1371061454 319058613#0 319058613#1 319058613#2 165170673#0 165170673#1 165170673#2 1338884371#8 1338884377 1338884376 1338884371#1 1338884371#2 1338884373 -509025806#2 -509025806#1 -509025806#0 -1238948418#0 509033674#0 509033674#1 394443151#0 394443151#1 394443151#2 153732964 -269702559 -36933151#0 36933113 39820664#9 36933223 36933282#0 36933282#1 -36288851#2 36284386#0 36284386#1 36933240 -394446867#0 36288851#0,3.050541232882048,2
184,135,-698024153 165172166 165172163 -165170684#1 -165170684#0 165171783#0 165171783#1 165171783#2 1371061454 319058613#0 319058613#1 319058613#2 165170673#0 165170673#1 165170673#2 1338884371#8 1338884371#0 1338884371#1 1338884371#2 1338884373 -509025806#2 -509025806#1 -509025806#0 -1238948418#0 509033674#0 509033674#1 394443151#0 394443151#1 394443151#2 153732964 -269702559 -36933151#0 36933113 39820664#9 36933223 36933282#0 36933282#1 -36288851#2 -36288851#1 -36288851#0,3.0316984900764496,3
184,151,-698024153 165172166 165172165#0 165172165#1 165172165#2 1238426243 698024160 -1239117045 -36936749#5 -36936749#4 -36936749#3 -36936749#2 -36936749#1 -36936749#0 319058644 698026761 37088673#0 37088673#1 1239117016#0 1239117016#1 1239117016#2 -36950447#1 -36950447#0 36950586 -319058589#3 -319058589#2 -319058589#1 -319058589#0 -394456379 -36950439#1 -36950439#0 37088258#0 37050051 1119245067 37055902#0 -37051625#2 -37051625#1 37052277#4 37050515#0 37050515#1 156480755 -156480737#1 394456380,3.632940259468712,0
184,151,-698024153 165172166 165172165#0 165172165#1 165172165#2 1238426243 698024160 -1239117045 -36936749#5 -36936749#4 -36936749#3 -36936749#2 -36936749#1 -36936749#0 319058644 698026761 37088673#0 37088673#1 1239117016#0 1239117016#1 1239117016#2 -36950447#1 -36950447#0 36950586 -319058589#3 -319058589#2 -319058589#1 -319058589#0 -394456379 -36950439#1 -36950439#0 36950518#0 37051441#0 37051441#1 37051441#2 -37051625#2 -37051625#1 -37051625#0 -156480737#2 -156480737#1 394456380,3.351556770147857,1
184,151,-698024153 165172166 165172165#0 165172165#1 165172165#2 1238426243 698024160 -1239117045 -36936749#5 -153730008#2 -153730008#1 -153730008#0 -36936749#3 -36936749#2 -36936749#1 -36936749#0 319058644 698026761 37088673#0 37088673#1 1239117016#0 1239117016#1 1239117016#2 -36950447#1 -36950447#0 36950586 -319058589#3 -319058589#2 -319058589#1 -319058589#0 -394456379 -36950439#1 -36950439#0 37088258#0 37050051 1119245067 37055902#0 -37051625#2 -37051625#1 -37051625#0 -156480737#2 -156480737#1 394456380,3.501693803289616,2
184,151,-698024153 165172166 165172165#0 165172165#1 165172165#2 1238426243 698024160 -1239117045 -36936749#5 -36936749#4 -36936749#3 -36936749#2 -36936749#1 -36936749#0 319058644 698026761 37088673#0 37088673#1 1239117016#0 1239117016#1 1239117016#2 -36950447#1 -36950447#0 36950586 -319058589#3 -319058589#2 -319058589#1 -319058589#0 394456356#0 394456356#1 859784039#2 -319058602#1 1024000539#0 -156460680#0 -156460671 -37055902#2 -37055902#1 -37051625#2 -37051625#1 -37051625#0 -156480737#2 -156480737#1 394456380,3.822981056204972,3
184,155,698024153 165170686 1238426236 165170681#0 165170681#1 1371061454 319058613#0 319058613#1 319058613#2 165170673#0 165170673#1 165170673#2 1338884371#8 1338884377 1338884376 1338884371#1 1338884371#2 1338884373 -509025806#2 -509025806#1 -509025806#0 -1238948418#0 509033674#0 509033674#1 394443151#0 -196288048 394443151#2 153732964 -269702559 -36933151#0 36933113 39820664#9 39820664#10 39820664#1 243836885 243836889 56080983 35801882#4 35801882#1 -319058600#1 -319058600#0 -319058599 -1238426234#0 918828154#0 918828154#1 35802343#5 35802343#6 35802343#7 -394446872#1 -394446869,3.0715713583951767,0
184,155,698024153 165170686 1238426236 165170681#0 165170681#1 1371061454 319058613#0 319058613#1 319058613#2 165170673#0 165170673#1 165170673#2 1338884371#8 1338884371#0 1338884371#1 1338884371#2 1338884373 -509025806#2 -509025806#1 -509025806#0 -1238948418#0 509033674#0 509033674#1 -648178450#1 -648178450#0 648178453#0 648178452#0 648178452#1 648178452#2 599886761#1 394446873#0 394446869,1.3886129919687429,1
184,155,-698024153 -1238426242 -165170684#1 -165170684#0 165171783#0 165171783#1 165171783#2 1371061454 319058613#0 319058613#1 319058613#2 165170673#0 165170673#1 165170673#2 1338884371#8 1338884371#0 1338884371#1 1338884371#2 1338884373 -509025806#2 -509025806#1 -509025806#0 -1238948418#0 509033674#0 509033674#1 -648178450#1 -648178450#0 648178453#0 648178452#0 648178452#1 648178452#2 599886761#1 394446873#0 394446869,1.684353332741481,3
184,161,-698024153 -1238426242 -165170684#1 -165170684#0 -698024152#1 -698024152#0 1371061470#0 1371061470#1 1371061468 719004328 36936480#0 36936480#1 36936480#2 39820656#0 39820656#1 -243836884#5 -243836884#4 -243836884#3 -243836884#2 -243836884#1,0.4933010525674599,1
184,161,698024153 165170686 1238426236 165170681#0 165170681#1 1371061454 319058613#0 319058613#1 319058613#2 165170673#0 165170673#1 165170673#2 1338884371#8 1338884377 243836884#0 243836884#1,0.5761533874769765,2
184,161,-698024153 -1238426242 -165170684#1 -165170684#0 165171783#0 165171783#1 165171783#2 1371061454 319058613#0 319058613#1 319058613#2 165170673#0 165170673#1 165170673#2 1338884371#8 1338884377 243836884#0 243836884#1,0.8718937282497148,3
184,175,698024153 165170686 1238426236 165170681#0 165170681#1 1371061454 319058613#0 319058613#1 319058613#2 165170673#0 165170673#1 165170673#2 1338884371#8 1338884377 1338884376 1338884371#1 1338884371#2 1338884373 -509025806#2 -509025806#1 -509025806#0 -1238948418#0 509033674#0 509033674#1 394443151#0 394443151#1 394443151#2 153732964 -269702559 -36933151#0 36933113 39820664#9 39820664#10 39820664#1 243836885 243836889 56080983 35801882#4 35801882#1 -319058600#1 35801699#0 35801699#1 698018295#3 -35801597#4 327343082 327343097#2 327343096,3.3432458165153576,0
184,175,698024153 165170686 1238426236 165170681#0 165170681#1 1371061454 319058613#0 319058613#1 319058613#2 165170673#0 165170673#1 165170673#2 1338884371#8 1338884377 1338884376 1338884371#1 1338884371#2 1338884373 -509025806#2 -509025806#1 -509025806#0 -1238948418#0 509033674#0 509033674#1 394443151#0 394443151#1 394443151#2 153732964 -269702559 -36933151#0 36933113 39820664#9 39820664#10 39820664#1 243836885 243836889 56080983 35801882#4 35801882#1 -319058600#1 35801699#0 -339700984 35801597#3 327343082 327343097#2 327343096,3.1196077075640734,1
184,175,698024153 165170686 1238426236 165170681#0 165170681#1 1371061454 319058613#0 319058613#1 319058613#2 165170673#0 165170673#1 165170673#2 1338884371#8 1338884377 1338884376 1338884371#1 1338884371#2 1338884373 -509025806#2 -509025806#1 -509025806#0 -1238948418#0 509033674#0 509033674#1 -648178450#1 -648178450#0 648178453#0 648178452#0 648178452#1 648178452#2 599886761#1 394446873#0 394446869 394446872#1 35802343#1 35802343#2 35802343#3 918828156#0 918828156#1 1238426234#0 1238426234#1 35801597#0 35801597#1 35801597#2 35801597#3 327343082 327343097#2 327343096,2.568482852604914,2
184,175,-698024153 698024153 165170686 1238426236 165170681#0 165170681#1 1371061454 319058613#0 319058613#1 319058613#2 165170673#0 165170673#1 165170673#2 1338884371#8 1338884371#0 1338884371#1 1338884371#2 1338884373 -509025806#2 -509025806#1 -509025806#0 -1238948418#0 509033674#0 509033674#1 394443151#0 394443151#1 394443151#2 153732964 -269702559 -36933151#0 36933113 39820664#9 39820664#10 39820664#1 243836885 243836889 56080983 35801882#4 35801882#1 -319058600#1 35801699#0 35801699#1 698018295#3 -35801597#4 327343082 327343097#2 327343096,3.411048142104288,3
184,193,-698024153 -1238426242 -165170684#1 -165170684#0 165171783#0 165171783#1 165171783#2 -165170681#1 -165170681#0 -1238426236 165170685#0 394443149#0 -394443152#1 -394443152#0 -165170818#7 -165170818#6 -394443147#1,1.2277297816174704,0
184,193,698024153 165170686 1238426236 165170816 -165170818#8 -165170818#7 -165170818#6 -394443147#1,0.474502039836813,1
184,193,698024153 165170686 1238426236 165170681#0 165170681#1 1371061454 -165170994#6 165171448#0 165171448#1 -165170815#0 165170818#0 165170818#1 165170818#2 165170818#3 165170818#4 165170818#5 -394443147#1,0.9910607151427886,2
184,206,-698024153 165172166 165172163 -165170684#1 -165170684#0 165171783#0 165171783#1 165171783#2 -165170681#1 -165170681#0 165170816 -165170818#8 394443152#0 394443152#1,1.0435925125989922,0
184,206,-698024153 165172166 165172163 -165170684#1 -165170684#0 165171783#0 165171783#1 165171783#2 -165170681#1 -165170681#0 -1238426236 165170685#0 394443149#0 -394443152#1,1.032541396688265,1
184,206,698024153 165170686 165170685#0 394443149#0 -394443152#1,0.4401487880969522,2
184,206,-698024153 -1238426242 -165170684#1 -165170684#0 165171783#0 165171783#1 165171783#2 1371061454 -165170994#6 165171448#0 165171448#1 -165170815#0 165170818#0 165170818#1 165170818#2 165170818#3 165170818#4 165170818#5 165170818#6 165170818#7 394443152#0 394443152#1,1.47043436525078,3
185,47,39820659#2 39820659#3 153733879 -36950506#3 -36950506#2 -36950506#1 -36950506#0 36950586 -319058589#3 -319058589#2 -319058589#1 -319058589#0 -394456379 607473249#0 607473249#1 -36950657#1 -36950657#0 -269702562 -1339510609#0 -328471845#1 -328471845#0,1.7851630284943347,0
185,47,39820659#2 39820659#3 153733879 319058611 328471844,0.3726301895848332,3
185,152,39820659#2 39820659#3 153733879 -36950506#3 -36950506#2 -36950506#1 -36950506#0 36950586 -859784611 -37055217#0 -243957897#3 -243957897#2 394459769#0 394459769#1 139832421#1 -243957897#0 -1339510606#1 -1339510606#0 243957902#0 243957902#1 191799405 -37066023 406210871 36295293#4 36295293#5 36295293#6 36295293#7 36295293#8 36295293#9 36295293#0 37066008 -37055563#2 -37055563#1 37055477 -36294383#1 -36294383#0 -319058602#1 -319058602#0 -1119245061 -1119245060#2 1119245057#0 1119245057#1 -476687231#3 -476687231#2 -476687231#1 -476687231#0 -1119245056 -37054066 -36293459#2 -36293459#1 -36293459#0 -156460681#2 -156460681#1 -156460681#0 -697704135 -1024000548 -36292830#1 -36292830#0 -36292768#1 -36292768#0 -36291218 -1119243207 -187827274 156466987 -1119245074 -36290738#2 -36290738#1 -36290738#0 187827279 36286792#0 156467000#0,7.102096338143532,0
185,152,39820659#2 39820659#3 153733879 -36950506#3 -36950506#2 -36950506#1 -36950506#0 36950586 -319058589#3 -319058589#2 -319058589#1 -319058589#0 -394456379 -36950439#1 -36950439#0 36950518#0 37051441#0 37051441#1 37051441#2 -37051625#2 -37051625#1 -37051625#0 -156480737#2 -156480737#1 394456380 37056002 1119245115 37056017 -159922662#1 37054401 37056055#1 319058606 37052930 698018294#0 698018294#1 1238956370 36935056 36935040#0 36935040#1 36935040#2 36935040#3 1238956371 187827287 1119245264#0 1119245264#1 319058598 187827272 36286792#0 156467000#0,3.766191300134164,1
185,152,39820659#2 39820659#3 153733879 319058611 328471844 328471845#1 1339510609#0 1339510609#1 36950657#0 36950657#1 1119245066#0 1119245066#1 269702545 -394456379 -36950439#1 -36950439#0 36950518#0 37051441#0 37051441#1 37051441#2 -37051625#2 -37051625#1 -37051625#0 -156480737#2 -156480737#1 394456380 37056002 1119245115 37056017 -159922662#1 -159922662#0 -156460682#0 -37054319 -270968320 37052930 698018294#0 698018294#1 1238956370 36935056 36935040#0 36935040#1 36935040#2 36935040#3 1238956371 187827287 1119245264#0 1119245264#1 319058598 187827272 36286792#0 156467000#0,3.607475034650288,2
185,152,39820659#2 39820659#3 153733879 -36950506#3 -36950506#2 -36950506#1 -36950506#0 36950586 -319058589#3 -319058589#2 -319058589#1 -319058589#0 394456356#0 394456356#1 859784039#2 -319058602#1 1024000539#0 -156460680#0 -156460671 -37055902#2 -37055902#1 -37051625#2 -37051625#1 -37051625#0 -156480737#2 -156480737#1 394456380 37056002 1119245115 37056017 -159922662#1 -159922662#0 -156460682#0 -37054319 -270968320 37052930 698018294#0 698018294#1 1238956370 36935056 36935040#0 36935040#1 36935040#2 36935040#3 1238956371 187827287 1119245264#0 1119245264#1 319058598 187827272 36286792#0 156467000#0,4.287071668120091,3
186,5,165170818#3 165170818#4 165170818#5 165170818#6 165170818#7 165170818#8 165170817 1238426236 165170681#0 165170681#1 -165171783#2 -165171783#1 -165171783#0 165170684#0 165170684#1 1238426242 165172166 165172165#0 165172165#1 165172165#2 319058601 932857453 319058592#3 698024160 -1239117045 -36936749#5 -36936749#4 -36936749#3 -36936749#2 -36936749#1 -36936749#0 319058644 698026761 37088673#0 37088673#1 1239117016#0 1239117016#1 1239117016#2 -36950447#1 -36950447#0 36950586 -319058589#3 -319058589#2 -319058589#1 -319058589#0 394456356#0 394456356#1 859784039#2 -319058602#1 -319058602#0 -1119245061 -1119245060#2 -1119245060#1 -1119245060#0,4.546364123453381,0
186,5,165170818#3 165170818#4 165170818#5 165170818#6 165170818#7 394443152#0 394443152#1 -394443149#0 165170685#1 -698024153 165172166 165172163 -165170684#1 -165170684#0 -698024152#1 -698024152#0 1371061470#0 1371061470#1 1371061468 36936590#0 36936590#1 36936590#2 36936590#3 36936590#4 36936590#5 36936590#6 36936590#7 36936590#8 1239117013#1 1239117013#2 36936494#0 36936494#1 36936655#0 36936655#1 36936655#2 36936655#3 36936655#4 36936655#5 36936655#6 319779156#0 319779156#1 319058636 319058644 698026761 37088673#0 37088673#1 1239117016#0 1239117016#1 1239117016#2 -36950447#1 -36950447#0 36950586 -319058589#3 -319058589#2 -319058589#1 -319058589#0 394456356#0 394456356#1 859784039#2 -319058602#1 -319058602#0 -1119245061 -1119245060#2 -1119245060#1 -1119245060#0,3.569027896310149,1
186,5,165170818#3 165170818#4 165170818#5 165170818#6 165170818#7 165170818#8 165170817 165170685#0 165170685#1 -698024153 165172166 165172165#0 165172165#1 165172165#2 319058601 932857453 319058592#3 698024160 -1239117045 -36936749#5 -153730008#2 -153730008#1 -153730008#0 -36936749#3 -36936749#2 -36936749#1 -36936749#0 319058644 698026761 37088673#0 37088673#1 1239117016#0 1239117016#1 1239117016#2 -36950447#1 -36950447#0 36950586 -319058589#3 -319058589#2 -319058589#1 -319058589#0 394456356#0 394456356#1 859784039#2 -319058602#1 -319058602#0 -1119245061 -1119245060#2 -1119245060#1 -1119245060#0,4.132120307063103,2
186,5,165170818#3 165170818#4 165170818#5 165170818#6 165170818#7 394443152#0 394443152#1 -394443149#0 165170685#1 -698024153 165172166 165172165#0 165172165#1 165172165#2 1238426243 698024160 -1239117045 -36936749#5 -36936749#4 -36936749#3 -36936749#2 -36936749#1 -36936749#0 319058644 698026761 37088673#0 37088673#1 1239117016#0 1239117016#1 1239117016#2 -36950447#1 -36950447#0 36950586 -319058589#3 -319058589#2 -319058589#1 -319058589#0 394456356#0 394456356#1 859784039#2 -319058602#1 1024000539#0 1024000539#1 1024000539#2 -37049908 1119245060#0,3.949678920375839,3
186,66,-165170818#3 -165170818#2 -165170818#1 -165170818#0 165170994#0 165170994#1 165170994#2 165170994#3 165170994#4 165170994#5 165171448#0 165171448#1 165170815#1 -319058613#1 -165171782,0.6941444684425244,0
186,66,165170818#3 165170818#4 165170818#5 165170818#6 165170818#7 165170818#8 165170817 1238426236 165170681#0 165170681#1 1371061454 319058613#0 -165171782,0.4350251979841613,1
186,66,165170818#3 165170818#4 165170818#5 165170818#6 165170818#7 394443152#0 394443152#1 -394443149#0 165170685#1 -698024153 165172166 165172163 -165170684#1 -165170684#0 165171783#0 165171783#1 165171783#2 1371061454 319058613#0 -165171782,1.271946244300456,3
186,97,-165170818#3 -165170818#2 -165170818#1 -165170818#0 165170815#0 165170815#1 319058613#2 165170673#0 165170673#1 165170673#2 1338884371#8 1338884377 1338884376 1338884371#1 1338884371#2 1338884373 -509025806#2 -509025806#1 -509025806#0 -1238948418#0 509033674#0 509033674#1 394443151#0 -196288048 394443151#2 153732964 -269702559 -36933151#0 36933113 39820664#9 36933223 36933282#0 36933282#1 36288851#3 36933307#0 36933306 36284386#1 36933240 394446867#1 710476653#0 710476653#1 710476654 -36934835#1 -36934835#0 39820661#0 36936262#0 36936262#1,3.4865101632907844,0
186,97,-165170818#3 -165170818#2 -165170818#1 -165170818#0 165170815#0 165170815#1 319058613#2 165170673#0 165170673#1 165170673#2 1338884371#8 1338884371#0 1338884371#1 1338884371#2 1338884373 -509025806#2 -509025806#1 -509025806#0 -1238948418#0 509033674#0 509033674#1 394443151#0 394443151#1 394443151#2 153732964 -269702559 -36933151#0 36933113 39820664#9 39820664#10 39820664#1 243836885 243836889 56080983 35801882#4 35802071#0 35802071#1 35802071#2 394446867#0 394446867#1 710476653#0 710476653#1 710476654 -36934835#1 -36934835#0 39820661#0 36936262#0 36936262#1,3.1950174245616907,1
186,97,-165170818#3 -165170818#2 -165170818#1 -165170818#0 165170815#0 165170815#1 319058613#2 165170673#0 165170673#1 165170673#2 1338884371#8 1338884371#0 1338884371#1 1338884371#2 1338884373 -509025806#2 -509025806#1 -509025806#0 -1238948418#0 509033674#0 509033674#1 394443151#0 -196288048 394443151#2 153732964 -269702559 -36933151#0 36933113 39820664#9 36933223 36933282#0 36933282#1 -36288851#2 36284386#0 36284386#1 36933240 394446867#1 710476653#0 710476653#1 710476654 -36934835#1 -36934835#0 39820661#0 36936262#0 36936262#1,3.3842740919514687,2
186,97,-165170818#3 -165170818#2 -165170818#1 -165170818#0 165170815#0 165170815#1 319058613#2 165170673#0 165170673#1 165170673#2 1338884371#8 1338884371#0 1338884371#1 1338884371#2 1338884373 -509025806#2 -509025806#1 -509025806#0 -1238948418#0 509033674#0 509033674#1 394443151#0 -196288048 394443151#2 153732964 -269702559 -36933151#0 36933113 39820664#9 36933223 36933282#0 36933282#1 36288851#3 36933307#0 36933306 36284386#1 36933240 394446867#1 710476653#0 710476653#1 710476654 -36934835#1 -36934835#0 39820661#0 36936262#0 36936262#1,3.471231135387994,3
186,132,-165170818#3 -165170818#2 -165170818#1 -165170818#0 165170815#0 -165171448#1 -165171448#0 165170994#6 -1371061454 -165170681#1 -165170681#0 -1238426236 165170685#0 165170685#1 -698024153,0.8352411807055435,0
186,132,165170818#3 165170818#4 165170818#5 165170818#6 165170818#7 165170818#8 165170817 165170685#0 165170685#1 -698024153,0.4771058315334773,1
186,132,165170818#3 165170818#4 165170818#5 165170818#6 165170818#7 165170818#8 165170817 1238426236 165170681#0 165170681#1 -165171783#2 -165171783#1 -165171783#0 165170684#0 165170684#1 1238426242 698024153,1.0158507319414447,3
186,177,-165170818#3 -165170818#2 -165170818#1 -165170818#0 165170815#0 165170815#1 319058613#2 165170673#0 165170673#1 165170673#2 1338884371#8 1338884377 1338884376 1338884371#1 1338884371#2 1338884373 -509025806#2 -509025806#1 -509025806#0 -1238948418#0 509033674#0 509033674#1 394443151#0 394443151#1 394443151#2 153732964 -269702559 -36933151#0 36933113 39820664#9 36933223 36933282#0 36933282#1 -36288851#2 -36288851#1 -36288851#0 394446867#0 394446867#1 710476653#0 710476653#1 710476654 -36934835#1 -36934835#0 36936220 37051113#0 37051113#1 1119245072 37056055#1,3.6657680147394993,0
186,177,-165170818#3 -165170818#2 -165170818#1 -165170818#0 165170815#0 165170815#1 319058613#2 165170673#0 165170673#1 165170673#2 1338884371#8 1338884377 1338884376 1338884371#1 1338884371#2 1338884373 -509025806#2 -509025806#1 -509025806#0 -1238948418#0 509033674#0 509033674#1 394443151#0 -196288048 394443151#2 153732964 -269702559 -36933151#0 36933113 39820664#9 36933223 36933282#0 36933282#1 -36288851#2 36284386#0 36284386#1 36933240 394446867#1 710476653#0 710476653#1 710476654 -36934835#1 -36934835#0 36936220 37051113#0 37051113#1 1119245072 37056055#1,3.684338337036885,1
186,177,-165170818#3 -165170818#2 -165170818#1 -165170818#0 165170815#0 165170815#1 319058613#2 165170673#0 165170673#1 165170673#2 1338884371#8 1338884371#0 1338884371#1 1338884371#2 1338884373 -509025806#2 -509025806#1 -509025806#0 -1238948418#0 509033674#0 509033674#1 394443151#0 -196288048 394443151#2 153732964 -269702559 -36933151#0 36933113 39820664#9 39820664#10 39820664#1 243836885 243836889 56080983 35801882#4 35802071#0 36285797#0 36285797#1 36285797#2 -319058604#0 332885554 710476653#1 710476654 -36934835#1 -36934835#0 36936220 37051113#0 37051113#1 1119245072 37056055#1,3.6223710441952894,2
186,177,-165170818#3 -165170818#2 -165170818#1 -165170818#0 165170815#0 165170815#1 319058613#2 165170673#0 165170673#1 165170673#2 1338884371#8 1338884371#0 1338884371#1 1338884371#2 1338884373 -509025806#2 -509025806#1 -509025806#0 -1238948418#0 509033674#0 509033674#1 394443151#0 -196288048 394443151#2 153732964 -269702559 -36933151#0 36933113 39820664#9 36933223 36933282#0 36933282#1 36288851#3 36933307#0 36933306 36284386#1 36933240 394446867#1 710476653#0 710476653#1 710476654 -36934835#1 -36934835#0 36936220 37051113#0 37051113#1 1119245072 37056055#1,3.75601635257062,3
186,178,-165170818#3 -165170818#2 -165170818#1 -165170818#0 165170815#0 -165171448#1 -165171448#0 165170994#6 319058613#0 319058613#1 319058613#2 165170673#0 165170673#1 165170673#2 1338884371#8 1338884377 243836884#0 243836884#1 243836884#2 243836884#3 243836884#4 243836884#5 39820657#0 39820657#1 719004331 1371061469#0 1371061469#1 698024152#0 698024152#1 165171783#0 165171783#1 165171783#2,1.1160286763017555,0
186,178,165170818#3 165170818#4 165170818#5 165170818#6 165170818#7 165170818#8 165170817 1238426236 165170681#0 165170681#1 -165171783#2,0.4031557475401968,1
186,178,-165170818#3 -165170818#2 -165170818#1 -165170818#0 165170815#0 165170815#1 319058613#2 165170673#0 165170673#1 165170673#2 1338884371#8 1338884377 243836884#0 243836884#1 243836884#2 243836884#3 243836884#4 243836884#5 39820657#0 39820657#1 719004331 1371061469#0 1371061469#1 698024152#0 698024152#1 165170684#0 165170684#1 1238426242 698024153 165170686 1238426236 165170681#0 165170681#1 -165171783#2,1.4562134615189382,2
186,178,165170818#3 165170818#4 165170818#5 165170818#6 165170818#7 394443152#0 394443152#1 -394443149#0 165170685#1 -698024153 165172166 165172163 -165170684#1 -165170684#0 165171783#0 165171783#1 165171783#2,0.8537437005039596,3
187,147,-1119245071 -1299820133 -37051625#0 -156480737#2 -156480737#1 394456380 37056002 1119245115 37056017 -159922662#1 -159922662#0 -156460682#0 -37054319 -270968320 37052930 698018294#0 698018294#1 1238956370 698018293 -36936220 36934835#0 36934835#1 36934835#2 -710476653#1 -710476653#0 -394446867#1 -394446867#0 36288851#0 36288851#1 36284386#0 -36933306 36933307#1,2.771604970281849,0
187,147,-1119245071 37050515#0 37050515#1 156480755 -156480737#1 394456380 37050590 918716574#1 918716574#2 -36936220 36934835#0 36934835#1 36934835#2 -710476653#1 -710476653#0 -394446867#1 -394446867#0 36288851#0 36288851#1 36284386#0 36284386#1 36284386#2 -153730928 -36933307#1,1.6131657524951963,1
187,147,-1119245071 37050515#0 37050515#1 37050515#2 156480737#0 394456380 37050590 918716574#1 918716574#2 -36936220 36934835#0 36934835#1 36934835#2 -710476653#1 -710476653#0 -394446867#1 -394446867#0 36288851#0 36288851#1 36284386#0 -36933306 36933307#1,1.4109219320008357,2
187,147,-1119245071 -1299820133 -37051625#0 -156480737#2 -156480737#1 394456380 37050590 918716574#1 918716574#2 -36936220 36934835#0 36934835#1 36934835#2 -710476653#1 -710476653#0 -394446867#1 -394446867#0 36288851#0 36288851#1 36288851#2 36288851#3 36933307#0 36933307#1,1.745479167422002,3
188,57,394443147#0 394443147#1 165170818#6 165170818#7 165170818#8 165170817 165170685#0 165170685#1 -698024153 -1238426242 -165170684#1 -165170684#0 -698024152#1 -698024152#0 1371061470#0 1371061470#1 1371061468 36936590#0 36936590#1 36936590#2 36936590#3 36936590#4 36936590#5 36936590#6 36936590#7 36936590#8 1239117013#1 1239117013#2 36936494#0 36936494#1 719004330 319058652 1239117012#0 1239117012#1 1239117012#2 243704191#1 -650145327 -650145330#3 -650145330#2 650145324#0 650145324#1,1.711302253335485,0
188,57,394443147#0 394443147#1 165170818#6 165170818#7 165170818#8 165170817 1238426236 165170681#0 165170681#1 -165171783#2 -165171783#1 -165171783#0 -698024152#1 -698024152#0 1371061470#0 1371061470#1 1371061468 36936590#0 36936590#1 36936590#2 36936590#3 36936590#4 36936590#5 36936590#6 36936590#7 36936590#8 1239117013#1 1239117013#2 36936494#0 36936494#1 36936655#0 -650145324#3 -650145324#2 -650145324#1,1.5555631697078998,1
188,57,394443147#0 394443147#1 165170818#6 165170818#7 165170818#8 165170817 165170685#0 165170685#1 -698024153 -1238426242 -165170684#1 -165170684#0 -698024152#1 -698024152#0 1371061470#0 1371061470#1 1371061468 36936590#0 36936590#1 36936590#2 36936590#3 36936590#4 36936590#5 36936590#6 36936590#7 36936590#8 1239117013#1 1239117013#2 36936494#0 36936494#1 36936655#0 -650145324#3 -650145324#2 -650145324#1,1.3774014226476643,2
188,57,-394443147#0 394443147#0 394443147#1 165170818#6 165170818#7 165170818#8 165170817 1238426236 165170681#0 165170681#1 -165171783#2 -165171783#1 -165171783#0 -698024152#1 -698024152#0 1371061470#0 1371061470#1 1371061468 36936590#0 36936590#1 36936590#2 36936590#3 36936590#4 36936590#5 36936590#6 36936590#7 36936590#8 1239117013#1 1239117013#2 36936494#0 36936494#1 36936655#0 -650145324#3 -650145324#2 -650145324#1,1.7260575301590635,3
188,58,-394443147#0 394443147#0 394443147#1 165170818#6 165170818#7 394443152#0 394443152#1 -394443149#0 165170685#1 -698024153 165172166 165172165#0 165172165#1 165172165#2 319058601 932857453 319058592#3 698024160 -1239117045 -36936749#5 -36936749#4 -36936749#3 -36936749#2 -36936749#1 -36936749#0 319058644 698026761 37088673#0 37088673#1 1239117016#0 1239117016#1 1239117016#2 -36950447#1 -36950447#0 36950586 -319058589#3 -319058589#2 -319058589#1 -319058589#0 -394456379 -36950439#1 -36950439#0 36950518#0,3.947654020261637,0
188,58,394443147#0 394443147#1 165170818#6 165170818#7 165170818#8 165170817 165170685#0 165170685#1 -698024153 165172166 165172165#0 165172165#1 165172165#2 1238426243 698024160 -1239117045 -36936749#5 -36936749#4 -36936749#3 -36936749#2 -36936749#1 -36936749#0 319058644 698026761 37088673#0 37088673#1 1239117016#0 1239117016#1 1239117016#2 -36950447#1 -36950447#0 36950586 -319058589#3 -319058589#2 -319058589#1 -319058589#0 -394456379 -36950439#1 -36950439#0 36950518#0,3.270143283226811,1
188,58,394443147#0 394443147#1 165170818#6 165170818#7 394443152#0 394443152#1 -394443149#0 165170685#1 -698024153 165172166 165172165#0 165172165#1 165172165#2 1238426243 698024160 -1239117045 -36936749#5 -153730008#2 -153730008#1 -153730008#0 -36936749#3 -36936749#2 -36936749#1 -36936749#0 319058644 698026761 37088673#0 37088673#1 1239117016#0 1239117016#1 1239117016#2 -36950447#1 -36950447#0 36950586 -319058589#3 -319058589#2 -319058589#1 -319058589#0 -394456379 -36950439#1 -36950439#0 36950518#0,3.327257758173225,2
188,58,394443147#0 394443147#1 165170818#6 165170818#7 165170818#8 165170817 1238426236 165170681#0 165170681#1 -165171783#2 -165171783#1 -165171783#0 165170684#0 165170684#1 1238426242 165172166 165172165#0 165172165#1 165172165#2 319058601 932857453 319058592#3 698024160 -1239117045 -36936749#5 -36936749#4 -36936749#3 -36936749#2 -36936749#1 -36936749#0 319058644 698026761 37088673#0 37088673#1 1239117016#0 1239117016#1 1239117016#2 -36950447#1 -36950447#0 36950586 -319058589#3 -319058589#2 -319058589#1 -319058589#0 -394456379 -36950439#1 -36950439#0 36950518#0,4.217128462306273,3
188,132,394443147#0 394443147#1 165170818#6 165170818#7 165170818#8 165170817 1238426236 165170681#0 165170681#1 1371061454 319058613#0 319058613#1 319058613#2 165170673#0 165170673#1 165170673#2 1338884371#8 1338884377 243836884#0 243836884#1 243836884#2 243836884#3 243836884#4 243836884#5 39820657#0 39820657#1 719004331 1371061469#0 1371061469#1 698024152#0 698024152#1 165170684#0 165170684#1 1238426242 698024153,1.137362969558295,0
188,132,394443147#0 394443147#1 165170818#6 165170818#7 165170818#8 165170817 165170685#0 165170685#1 -698024153,0.5574274058075354,1
188,132,394443147#0 394443147#1 165170818#6 165170818#7 165170818#8 165170817 1238426236 165170681#0 165170681#1 -165171783#2 -165171783#1 -165171783#0 165170684#0 165170684#1 1238426242 698024153,1.0961723062155029,3
188,154,-394443147#0 394443147#0 394443147#1 165170818#6 165170818#7 165170818#8 165170817 1238426236 165170681#0 165170681#1 -165171783#2 -165171783#1 -165171783#0 165170684#0 165170684#1 1238426242 165172166 165172165#0 165172165#1 165172165#2 1238426243 698024160 -1239117045 -36936749#5 -36936749#4 -36936749#3 -36936749#2 -36936749#1 -36936749#0 319058644 319058627 36936541 36936727#0 36936727#1 36936727#2 36936727#3 36936727#4 36936727#5 36936727#6 650145324#3 36936655#1 36936655#2 36936655#3 36936655#4,2.7336495096593896,0
188,154,394443147#0 394443147#1 165170818#6 165170818#7 165170818#8 165170817 165170685#0 165170685#1 -698024153 -1238426242 -165170684#1 -165170684#0 -698024152#1 -698024152#0 1371061470#0 1371061470#1 1371061468 36936590#0 36936590#1 36936590#2 36936590#3 36936590#4 36936590#5 36936590#6 36936590#7 36936590#8 1239117013#1 1239117013#2 36936494#0 36936494#1 36936655#0 36936655#1 36936655#2 36936655#3 36936655#4,1.4218955750866666,1
188,154,-394443147#0 394443147#0 394443147#1 165170818#6 165170818#7 165170818#8 165170817 1238426236 165170681#0 165170681#1 -165171783#2 -165171783#1 -165171783#0 -698024152#1 -698024152#0 1371061470#0 1371061470#1 1371061468 36936590#0 36936590#1 36936590#2 36936590#3 36936590#4 36936590#5 36936590#6 36936590#7 36936590#8 1239117013#1 1239117013#2 36936494#0 36936494#1 36936655#0 36936655#1 36936655#2 36936655#3 36936655#4,1.7705516825980658,3
188,194,394443147#0 394443147#1 165170818#6 165170818#7 165170818#8 165170817 1238426236,0.3644828413726901,1
188,194,-394443147#0 394443147#0 394443147#1 165170818#6 165170818#7 165170818#8 165170817 1238426236,0.534977201823854,2
188,194,394443147#0 394443147#1 165170818#6 165170818#7 394443152#0 394443152#1 -394443149#0 165170685#1 -698024153 165172166 165172163 -165170684#1 -165170684#0 165171783#0 165171783#1 165171783#2 -165170681#1 -165170681#0 -1238426236,1.426709863210943,3
189,2,187827289 1119245073 155153634#0 155153634#1 155153634#2 1119243206 36292768#0 36292768#1 -394456359#1 -394456359#0 36292830#1 36292830#2 697704135 156460681#0 156460681#1 156460681#2 -156460683#8 -156460683#7 -156460683#6 -156460683#5,2.5551373609198893,0
189,2,187827289 1119245073 155153634#0 155153634#1 155153634#2 1119243206 36292768#0 36292768#1 36292768#2 36292830#1 36292830#2 697704135 156460681#0 37054132 -156460683#5,2.2931623189232497,1
189,2,187827289 1119245073 155153634#0 155153634#1 155153634#2 1119243206 36292768#0 36292768#1 -394456359#1 -394456359#0 36292830#1 36292830#2 -319058593 156460691 394456402#0 394456402#1 156460677 319058625 319058626 156460681#0 37054132 -156460683#5,2.7010036916134346,2
189,2,-187827289 187827289 1119245073 155153634#0 155153634#1 155153634#2 1119243206 36292768#0 36292768#1 -394456359#1 -394456359#0 36292830#1 36292830#2 -319058593 156460691 319058645#0 319058645#1 156460683#1 156460683#2 156460683#3 156460683#4 156460683#5,2.749083837998843,3
190,31,319058604#1 319058604#2 -339940214 -36284844 36288851#0 36288851#1 36288851#2 36288851#3 275506498 269702543 269702544 201772610 157574535 37088447#0 37088447#1 37088447#2 1088466838#0 1088466838#1 319058586 319058587#0 319058587#1 319058587#2 508751758#0 508751758#1 508751758#2 508751757#0 508751757#1 508751757#2 36936541 697740912 319058636 36936749#0 36936749#1 36936749#2 36936749#3 36936749#4 36936749#5 319779134 36936867 319058601 698024155#0 698024155#1 698024155#2 319779133#0 319779133#1 610135150#5 610135150#6 610135150#7 610135150#8 610135150#9 610135150#0 610135150#1 1239117050 1239117049 610135150#3 610135147#0 610135147#1,2.529296261159593,0
190,31,319058604#1 -319058604#1 -319058604#0 332885552 -394446867#1 -394446867#0 36288851#0 36288851#1 36288851#2 36288851#3 275506498 269702543 269702544 201772610 157574535 37088447#0 37088447#1 37088447#2 1088466838#0 1088466838#1 319058586 319058587#0 319058587#1 319058587#2 508751758#0 508751758#1 508751758#2 508751757#0 508751757#1 508751757#2 36936541 697740912 319058636 36936749#0 36936749#1 36936749#2 36936749#3 36936749#4 36936749#5 319779134 36936867 319058601 698024155#0 698024155#1 698024155#2 319779133#0 319779133#1 610135150#5 610135150#6 610135150#7 610135150#8 610135150#9 610135150#0 610135150#1 610135150#2 610135150#3 610135147#0 610135147#1,2.41048176631918,1
190,31,-319058604#1 -36285797#2 -36285797#1 -36284844 36288851#0 36288851#1 36288851#2 36288851#3 275506498 269702543 269702544 201772610 157574535 37088447#0 37088447#1 37088447#2 1088466838#0 1088466838#1 319058586 319058587#0 319058587#1 319058587#2 508751758#0 508751758#1 508751758#2 508751757#0 508751757#1 508751757#2 36936541 697740912 319058636 36936749#0 36936749#1 36936749#2 36936749#3 36936749#4 36936749#5 319779134 36936867 319058601 698024155#0 698024155#1 698024155#2 319779133#0 319779133#1 610135150#5 610135150#6 610135150#7 610135150#8 610135150#9 1057740878 1057740881 610135150#1 610135150#2 610135150#3 610135147#0 610135147#1,2.313517523458609,2
191,126,36935235#2 36935235#3 -157553230 -157574537#0 153730936#0 153730936#1 -270968323#1 -270968324 -153730925#0 153730933#1 -153730938 36936373#2 36936373#3 36936373#4 201772610 157574535 -36933126#2 -36933126#1 -36933126#0 -269702559 -610220874#1,1.216037095070198,0
191,126,36935235#2 36935235#3 -157553230 -157574537#0 153730936#0 153730936#1 153730936#2 -153730925#1 -153730925#0 -153730933#0 36936373#3 36936373#4 201772610 157574535 -36933126#2 -36933126#1 -36933126#0 -269702559 -610220874#1,1.1388596419037151,1
191,126,36935235#2 36935235#3 -157553230 -157574537#0 153730936#0 153730936#1 153730936#2 153730936#3 201772610 157574535 -36933126#2 -36933126#1 -36933126#0 -269702559 -610220874#1,0.9853020831240792,2
191,126,36935235#2 36935235#3 -157553230 -157574537#0 153730936#0 153730936#1 -270968323#1 -270968324 153730925#1 153730936#3 201772610 157574535 -36933126#2 -36933126#1 -36933126#0 -269702559 -610220874#1,1.0593601584780508,3
192,134,-650145330#0 -650145330#4 650145327 243704191#2 1239117012#4 1239117012#5 36936616#1 36936616#2 36936616#3 36936616#4 36936616#5 36936616#6 36936480#0 36936480#1 36936480#2 39820656#0 39820656#1 -243836884#5 -243836884#4 -243836884#3 -243836884#2 -243836884#1 -243836884#0 1338884376 1338884371#1 1338884371#2 1338884373 -509025806#2 -509025806#1 -509025806#0 -1238948418#0 509033674#0 509033674#1 394443151#0 -196288048 394443151#2 153732964 -269702559 -36933151#0 36933113 39820664#9 36933223 36933282#0 36933282#1 36288851#3 275506498 269702543 269702544,2.8048413808617854,0
192,134,650145330#5 650145330#1 650145324#0 650145324#1 650145324#2 650145324#3 36936655#1 36936655#2 36936655#3 36936655#4 36936655#5 36936655#6 319779156#0 319779156#1 319058636 319058644 698026761 39820658#0 39820658#1 39820658#2 -508751758#2 -508751758#1 -508751758#0 -319058587#2 -319058587#1 -319058587#0 -319058586 -1088466838#1 -1088466838#0 -37088447#2 -37088447#1 -37088447#0 -36933126#2 -36933126#1 -36933126#0 -269702559 -36933151#0 36933113 39820664#9 36933223 36933282#0 36933282#1 36288851#3 275506498 269702543 269702544,2.011715896211652,1
192,134,650145330#5 650145330#1 650145324#0 650145324#1 650145324#2 650145324#3 36936655#1 153732960#0 153732960#1 -327342938 153732962#2 153732962#3 -153732963#1 202422660#1 202422660#2 319779156#0 319779156#1 319058636 319058644 698026761 39820658#0 39820658#1 39820658#2 -508751758#2 -508751758#1 -508751758#0 -319058587#2 -319058587#1 -319058587#0 -319058586 -1088466838#1 -1088466838#0 -37088447#2 -37088447#1 -37088447#0 -36933126#2 -36933126#1 -36933126#0 -269702559 -36933151#0 36933113 39820664#9 36933223 36933282#0 36933282#1 36288851#3 275506498 269702543 269702544,2.491202514090585,2
192,134,650145330#5 650145330#1 650145324#0 650145324#1 650145324#2 650145324#3 36936655#1 36936655#2 36936655#3 36936655#4 36936655#5 36936655#6 319779156#0 319779156#1 319058636 319058644 698026761 39820658#0 39820658#1 39820658#2 -508751758#2 -508751758#1 -508751758#0 -1162674260 37088542 710476024#1 1239117022#0 1239117022#1 153730936#0 153730936#1 -270968323#1 -270968324 -153730925#0 -153730933#0 36936373#3 36936373#4 201772610 157574535 -36933126#2 -36933126#1 -36933126#0 -269702559 -36933151#0 36933113 39820664#9 36933223 36933282#0 36933282#1 -36288851#2 36284386#0 -36933306 -36933307#0 275506498 269702543 269702544,2.649913128461874,3
193,2,-156460691 319058593 697704135 -319058626 -319058625 -156460688 -394456402#1 -394456402#0 319058645#0 319058645#1 156460683#1 156460683#2 156460683#3 156460683#4 156460683#5,1.1027417806575472,0
193,2,-156460691 319058593 697704135 156460681#0 37054132 -156460683#5,0.4828293736501079,2
193,2,-156460691 156460691 394456402#0 394456402#1 1238948417 319058625 319058626 156460681#0 37054132 -156460683#5,0.8417746580273577,3
193,71,-156460691 156460691 319058645#0 319058645#1 156460683#1 156460683#2 156460683#3 156460683#4 156460683#5 -37054132 -156460681#0 -697704135 -1024000548 -36292830#1 -36292830#0 -36292768#1 -36292768#0 -36291218 -187827281 -36292324 -36292142#2 -187827283#2 -187827283#1 -187827283#0 -36291828#1 -36291828#0 -697624157#1 -697624157#0 -168924811 -187827288 -187827289 -697627694#1 -697627694#0 -319058591 -710476923 -314422857 -35802097#5 -35802097#4 -35802097#3 -35802097#2 -35802097#1,3.852228544405523,0
193,71,-156460691 319058593 -1024000548 -36292830#1 -36292830#0 -36292768#1 -36292768#0 -36291218 -187827281 -36292324 -36292142#2 -187827283#2 -187827283#1 -187827283#0 -36292047#3 -36292047#2 -36292047#1 -36292047#0 -168924811 -187827288 -187827289 -697627694#1 -697627694#0 -319058591 -710476923 -314422857 -35802097#5 -35802097#4 -35802097#3 -35802097#2 -35802097#1,2.783900010688221,1
193,71,-156460691 319058593 -1024000548 -36292830#1 394456359#0 394456359#1 -36292768#1 -36292768#0 -36291218 -187827281 -36292324 -36292142#2 -187827283#2 -187827283#1 -187827283#0 -36292047#3 -36292047#2 -36292047#1 -36292047#0 -168924811 -187827288 -187827289 -697627694#1 -697627694#0 -319058591 -710476923 -314422857 -35802097#5 -35802097#4 -35802097#3 -35802097#2 -35802097#1,2.798058877978838,2
193,71,156460691 -156460691 319058593 -1024000548 -36292830#1 394456359#0 394456359#1 -36292768#1 -36292768#0 -36291218 -187827281 -187827282#2 -187827283#4 -156466996#1 -156466994#1 -36292142#0 -36291828#1 -36291828#0 -697624157#1 -697624157#0 -168924811 -187827288 -187827289 -697627694#1 -697627694#0 -319058591 -710476923 -314422857 -35802097#5 -35802097#4 -35802097#3 -35802097#2 -35802097#1,2.950602674475117,3
193,83,-156460691 319058593 697704135 156460681#0 156460681#1 156460681#2 36293459#0 36293459#1 36293459#2 37054066 1119245056 476687231#0 476687231#1 476687231#2 476687231#3 -1119245057#1 -1119245057#0 1119245060#2 1119245061 319058602#0 1024000539#0 1024000539#1 1024000539#2 156460679 37052277#1 37052277#2,1.7537856971442285,0
193,83,-156460691 319058593 697704135 156460681#0 156460681#1 156460681#2 36293459#0 36293459#1 36293459#2 36293459#3 36293459#4 36293459#5 36293459#6 36293459#7 36293459#8 36293459#9 36293459#10 37049908 156460679 37052277#1 37052277#2,0.8929625629949606,1
193,83,156460691 -156460691 319058593 697704135 156460681#0 156460681#1 156460681#2 36293459#0 36293459#1 36293459#2 37054066 1119245056 476687231#0 476687231#1 476687231#2 -37051872#1 -37051872#0 -36293459#9 -37052381#2 -37052381#1 -37052381#0 -1024000539#3 156460679 37052277#1 37052277#2,1.494414446844253,2
193,83,-156460691 319058593 697704135 -319058626 -319058625 -156460688 -394456402#1 -394456402#0 319058645#0 319058645#1 156460683#1 156460683#2 156460683#3 156460683#4 156460683#5 156460683#6 156460683#7 156460683#8 36293459#0 36293459#1 36293459#2 36293459#3 36293459#4 36293459#5 36293459#6 36293459#7 36293459#8 36293459#9 36293459#10 37049908 156460679 37052277#1 37052277#2,1.9633669306455483,3
193,104,156460691 -156460691 319058593 697704135 156460681#0 156460681#1 156460681#2 36293459#0 36293459#1 36293459#2 36293459#3 36293459#4 36293459#5 36293459#6 36293459#7 36293459#8 36293459#9 36293459#10 37049908 156460679 37052277#1 37052277#2 37052277#3 37052277#4 1237352048 1119245070 319058612#0 319058612#1 36936407#0 36936407#1 36936407#2 918716575 918716574#0,1.886000055247379,1
193,104,-156460691 319058593 697704135 156460681#0 37054132 156460683#6 156460683#7 156460683#8 36293459#0 36293459#1 36293459#2 37054066 1119245056 476687231#0 476687231#1 476687231#2 -37051872#1 -37051872#0 36293459#10 37049908 156460679 37052277#1 37052277#2 37052277#3 37052277#4 1237352048 1119245070 319058612#0 319058612#1 36936407#0 36936407#1 36936407#2 918716575 918716574#0,2.573707038688704,2
193,104,-156460691 319058593 697704135 156460681#0 156460681#1 156460681#2 36293459#0 36293459#1 36293459#2 37054066 1119245056 476687231#0 476687231#1 476687231#2 -37051872#1 -37051872#0 36293459#10 37049908 156460679 37052277#1 37052277#2 37052277#3 37052277#4 1237352048 1119245070 319058612#0 319058612#1 36288941#0 36936392#0 36936392#1 1109771198#0 1109771198#1 156480752 36934854#1 918716574#0,2.17990160787137,3
193,144,156460691 394456402#0 394456402#1 1238948417 319058625 319058626 156460681#0 156460681#1,0.5381749460043196,0
193,144,-156460691 319058593 697704135 156460681#0 156460681#1,0.2934605231581473,1
193,144,-156460691 319058593 697704135 -319058626 -319058625 -156460677 -394456402#1 -394456402#0 319058645#0 319058645#1 156460683#1 156460683#2 156460683#3 156460683#4 156460683#5 -37054132 156460681#1,1.3915586753059754,2
193,144,-156460691 156460691 319058645#0 319058645#1 156460683#1 156460683#2 156460683#3 156460683#4 156460683#5 156460683#6 156460683#7 156460683#8 -156460681#2 -156460681#1,1.1542536597072235,3
193,211,-156460691 319058593 697704135 -319058626 -319058625 -156460688 -394456402#1 -394456402#0 319058645#0 319058645#1 156460683#1 156460683#2 156460683#3 156460683#4 156460683#5 -37054132 156460681#1 156460681#2 36293459#0 36293459#1,1.6725341972642187,0
193,211,-156460691 319058593 697704135 156460681#0 156460681#1 156460681#2 36293459#0 36293459#1,0.5433465322774178,1
193,211,156460691 -156460691 319058593 697704135 156460681#0 37054132 156460683#6 156460683#7 156460683#8 36293459#0 36293459#1,0.9813594912407008,2
193,211,-156460691 156460691 319058645#0 319058645#1 156460683#1 156460683#2 156460683#3 156460683#4 156460683#5 -37054132 156460681#1 156460681#2 36293459#0 36293459#1,1.258237341012719,3
194,157,1339510612#2 -36288941#2 -36288941#1 -36288941#0 36936407#0 36936407#1 36936407#2 918716573 156480737#0 394456380 37056002 1119245115 37056017 -159922662#1 -159922662#0 -156460682#0 -37054319 -270968320 37052930 698018294#0 698018294#1 1238956370 36935056 36935040#0 36935040#1 36935040#2 36935040#3 1238956371 187827287 1119245264#0 1119245264#1 36936423#0 36936423#1 36936423#2 36936423#3 36936423#4 36936423#5,2.7585758902283666,0
194,157,1339510612#2 -36288941#2 -36288941#1 -36288941#0 36936407#0 36936407#1 36936407#2 918716575 918716574#0 918716574#1 918716574#2 37051113#0 37051113#1 1119245072 37056055#1 319058606 37052930 698018294#0 698018294#1 1238956370 36935056 36935040#0 36935040#1 36935040#2 36935040#3 1238956371 187827287 1119245264#0 1119245264#1 36936423#0 156467657 -156467656#0 36936423#2 36936423#3 36936423#4 36936423#5,2.631914505680349,1
194,157,1339510612#2 -36288941#2 -36288941#1 36936392#0 36936392#1 1109771198#0 1109771198#1 156480752 36934854#1 918716574#0 918716574#1 918716574#2 37051113#0 37051113#1 1119245072 37056055#1 319058606 37052930 698018294#0 698018294#1 1238956370 36935056 36935040#0 36935040#1 36935040#2 36935040#3 1238956371 187827287 1119245264#0 1119245264#1 36936423#0 36936423#1 36936423#2 36936423#3 36936423#4 36936423#5,2.395308498909092,2
194,157,1339510612#2 -36288941#2 -36288941#1 -36288941#0 36936407#0 36936407#1 36936407#2 918716573 156480737#0 394456380 37056002 1119245115 37056017 -159922662#1 37054401 37056055#1 319058606 37052930 698018294#0 698018294#1 1238956370 36935056 36935040#0 36935040#1 36935040#2 36935040#3 1238956371 187827287 1119245264#0 1119245264#1 36936423#0 156467657 -156467656#0 36936423#2 36936423#3 36936423#4 36936423#5,2.7473367509441435,3
195,158,39820664#7 39820664#8 39820664#9 36933223 36933282#0 36933282#1 36288851#3 36933307#0 36933307#1 153730928 36284386#3 36284386#4 36284386#5 36284386#6 36934854#0 -156480752 -1109771198#1 -1109771198#0 -36936392#1 -36936392#0 -36288941#0 36936407#0 36936407#1 36936407#2 918716573 156480737#0 156480737#1,1.593318476967886,0
195,158,39820664#7 39820664#8 39820664#9 36933223 36933282#0 36933282#1 -36288851#2 36284386#0 36284386#1 36284386#2 36284386#3 36284386#4 36284386#5 36284386#6 36934854#0 36934854#1 -918716575 918716573 156480737#0 156480737#1,0.9622220150445518,1
195,158,39820664#7 36933156 36933113 39820664#9 36933223 36933282#0 36933282#1 -36288851#2 36284386#0 36284386#1 36284386#2 36284386#3 36284386#4 36284386#5 36284386#6 36934854#0 36934854#1 -918716575 918716573 156480737#0 156480737#1,0.9928975610008752,2
195,158,39820664#7 36933156 36933113 39820664#9 36933223 36933282#0 36933282#1 36288851#3 36933307#0 36933307#1 153730928 36284386#3 36284386#4 36284386#5 36284386#6 36934854#0 36934854#1 -918716575 918716573 156480737#0 156480737#1,1.0904977529855169,3
196,159,-37051625#2 -37051625#1 37052277#4 37050515#0 37050515#1 156480755 -156480737#1 394456380 37050590 918716574#1 918716574#2 -36936220 36934835#0 36934835#1 36934835#2 332885553 1339478330 319058604#1 319058604#2 1339478328#1 698018295#1 698018295#2 698018295#3 35802097#0 35802097#1 35802097#2 35802097#3 35802097#4 35802097#5 314422857 710476923 319058591 697627694#0 697627694#1 187827289 187827288 168924812 697624157#0 697624157#1 187827280#0,2.9411700139549994,0
196,159,37051625#2 -37051625#2 -37051625#1 37052277#4 37050515#0 37050515#1 37050515#2 156480737#0 394456380 37050590 918716574#1 918716574#2 37051113#0 37051113#1 1119245072 37056055#1 319058606 37052930 698018294#0 698018294#1 1238956370 36935056 36935040#0 36935040#1 36935040#2 36935040#3 1238956371 187827287 1119245264#0 1119245264#1 319058598 187827272 36286792#0 156467000#0 156467000#1 156467000#2 156467000#3 156467000#4 187827280#0,2.3875308765145657,1
196,159,-37051625#2 -37051625#1 37052277#4 37050515#0 37050515#1 37050515#2 156480737#0 394456380 37050590 918716574#1 918716574#2 37051113#0 37051113#1 1119245072 37056055#1 319058606 37052930 698018294#0 698018294#1 1238956370 36935056 36935040#0 36935040#1 36935040#2 36935040#3 1238956371 187827287 1119245264#0 1119245264#1 319058598 187827272 36286792#0 156467000#0 156467000#1 156467000#2 156467000#3 156467000#4 187827280#0,2.3066213492767447,2
196,159,-37051625#2 -37051625#1 -37051625#0 -156480737#2 -156480737#1 394456380 37056002 1119245115 37056017 -159922662#1 -159922662#0 -156460682#0 -37054319 -270968320 37052930 698018294#0 698018294#1 1238956370 36935056 36935040#0 36935040#1 36935040#2 36935040#3 1238956371 187827287 1119245264#0 1119245264#1 319058598 187827272 -156466999#1 -156466999#0 156467000#2 156467000#3 156467000#4 187827280#0,2.430298209996741,3
197,16,156467000#0 156467000#1 156466999#0 156466999#1 36286792#0 36286792#1 187827271 319058598 37640683 187827276 352492431 187827275 187827274 1119243207 36291218 36292768#0 36292768#1 36292768#2 36292830#1 36292830#2 -319058593 156460691 319058645#0 319058645#1 -156460683#0,2.1844612431005523,0
197,16,156467000#0 156467000#1 156467000#2 156467000#3 156467000#4 36291828#0 36291828#1 36292142#0 36292142#1 36292142#2 36292142#3 187827281 36291218 36292768#0 36292768#1 36292768#2 36292830#1 36292830#2 -319058593 156460691 319058645#0 319058645#1 -156460683#0,1.9994240460763133,1
197,16,156467000#0 156467000#1 156467000#2 156467000#3 156467000#4 36291828#0 156466988#0 -156466990 187827280#1 187827280#2 156466992#0 156466988#3 36290738#2 1119245074 187827282#0 187827282#1 187827282#2 187827281 36291218 36292768#0 36292768#1 -394456359#1 -394456359#0 36292830#1 36292830#2 -319058593 156460691 319058645#0 319058645#1 -156460683#0,2.0627069834413247,2
197,16,156467000#0 156467000#1 156467000#2 156467000#3 156467000#4 36291828#0 36291828#1 -36292047#3 -36292047#2 -36292047#1 -36292047#0 -168924811 -187827288 1119245073 155153634#0 155153634#1 155153634#2 1119243206 36292768#0 36292768#1 -394456359#1 -394456359#0 36292830#1 36292830#2 -319058593 156460691 319058645#0 319058645#1 -156460683#0,2.531566204595589,3
197,175,156467000#0 156467000#1 156467000#2 156467000#3 156467000#4 -697624157#1 -697624157#0 -168924811 -187827288 -187827289 -697627694#1 -697627694#0 -319058591 -710476923 -13937774#1 -13937774#0 -1237369283 -710478296 -710478629#1 -710478629#0 -35802097#5 -35802097#4 -35802097#3 -35802097#2 -35802097#1 -35802097#0 -35801597#4 327343082 327343097#2 327343096,2.0556662693875247,0
197,175,156467000#0 156467000#1 156467000#2 156467000#3 156467000#4 -697624157#1 -697624157#0 -168924811 -187827288 -187827289 -697627694#1 -697627694#0 -319058591 -710476923 -314422857 -35802097#5 -35802097#4 -35802097#3 -35802097#2 -35802097#1 -35802097#0 -35801597#4 327343082 327343097#2 327343096,1.76024990269686,1
197,175,156467000#0 156467000#1 156467000#2 156467000#3 156467000#4 -697624157#1 156456329 -36292047#2 -36292047#1 -36292047#0 -168924811 -187827288 -187827289 -697627696 -707542552 319058623#0 319058623#1 1165362990#1 1165362990#2 -710476923 -314422857 -35802097#5 -35802097#4 -35802097#3 -35802097#2 -35802097#1 -35802097#0 -35801597#4 327343082 327343097#2 327343096,2.0296755716649253,2
197,175,156467000#0 156467000#1 156467000#2 156467000#3 156467000#4 187827280#0 156466990 -156466988#0 36291828#1 -36292047#3 -156456329 -697624157#0 -168924811 -187827288 -187827289 -697627694#1 -697627694#0 -319058591 -710476923 -314422857 -35802097#5 -35802097#4 -35802097#3 -35802097#2 -35802097#1 -35802097#0 -35801597#4 327343082 327343097#2 327343096,1.9320281604362408,3
198,1,698018294#1 1238956370 698018293 37051113#0 37051113#1 1119245072 37056055#1 319058606 37052930,0.5866462063587133,0
198,1,698018294#1 37051131#0 37051131#1 319058606 37052930,0.2369690424766018,1
199,71,-36294383#3 -36294383#2 -36294383#1 -36294383#0 -319058602#1 -319058602#0 -1119245061 -1119245060#2 -1119245060#1 -1119245060#0 37049908 156460679 37052277#1 37052277#2 37052277#3 -37051625#0 -156480737#2 -156480737#1 394456380 37050590 918716574#1 918716574#2 -36936220 36934835#0 36934835#1 36934835#2 332885553 1339478330 319058604#1 319058604#2 1339478328#1 -215094374 698018295#2 698018295#3 35802097#0 35802097#1,2.0802763836447045,0
199,71,-36294383#3 -36294383#2 -36294383#1 -36294383#0 -270968314 -859784039#1 -859784039#0 -36950518#1 37051441#0 37051441#1 37051441#2 -37051625#2 -37051625#1 -37051625#0 -156480737#2 -156480737#1 394456380 37050590 918716574#1 918716574#2 -36936220 36934835#0 36934835#1 36934835#2 332885553 1339478330 319058604#1 319058604#2 1339478328#1 698018295#1 698018295#2 698018295#3 35802097#0 35802097#1,1.889605637304412,1
199,71,-36294383#3 -36294383#2 -36294383#1 -36294383#0 -319058602#1 1024000539#0 1024000539#1 1024000539#2 156460679 37052277#1 37052277#2 37052277#3 -37051625#0 -156480737#2 -156480755 37050515#2 156480737#0 394456380 37050590 918716574#1 918716574#2 -36936220 36934835#0 36934835#1 36934835#2 332885553 1339478330 319058604#1 319058604#2 1339478328#1 -215094374 698018295#2 698018295#3 35802097#0 35802097#1,2.232016244455839,3
200,40,-37055902#1 -37051625#2 -37051625#1 37052277#4 37050515#0 37050515#1 156480755 -156480737#1 394456380 37056002 1119245115 37056017 -159922662#1 -159922662#0 -156460682#0 -37054319 -270968320 37052930 698018294#0 698018294#1 1238956370 36935056 36935040#0 36935040#1 36935040#2 36935040#3 1238956371 187827287 1119245264#0 1119245264#1 319058598 187827272 36286792#0 156467000#0 156467000#1 156467000#2 156467000#3,2.64276521263653,0
200,40,-37055902#1 -37051625#2 -37051625#1 -37051625#0 -156480737#2 -156480737#1 394456380 37050590 918716574#1 918716574#2 37051113#0 37051113#1 1119245072 37056055#1 319058606 37052930 698018294#0 698018294#1 1238956370 36935056 36935040#0 36935040#1 36935040#2 36935040#3 1238956371 187827287 1119245264#0 1119245264#1 319058598 187827272 -156466999#1 -156466999#0 156467000#2 156467000#3,2.2275356761305964,2
200,40,-37055902#1 -37051625#2 -37051625#1 -37051625#0 -156480737#2 -156480755 37050515#2 156480737#0 394456380 37056002 1119245115 37056017 -159922662#1 37054401 37056055#1 319058606 37052930 698018294#0 698018294#1 1238956370 36935056 36935040#0 36935040#1 36935040#2 36935040#3 1238956371 187827287 1119245264#0 1119245264#1 319058598 187827272 -156466999#1 -156466999#0 156467000#2 156467000#3,2.4980607505781283,3
201,161,37051441#2 -37051625#2 -37051625#1 37052277#4 1237352048 37050033#0 -48956015 406210869#0 406210869#1 319058612#0 319058612#1 36288941#0 36288941#1 36288941#2 36936373#0 36936373#1 36936373#2 36936373#3 36936373#4 201772610 157574535 -36933126#2 -36933126#1 -36933126#0 -1239117024 -394443151#2 196288048 -394443151#0 394443143#0 394443143#1 394443143#2 1238948418#0 1238948418#1 509025806#1 509025806#2 1338884372 1338884371#4 1338884374 1338884375 1338884371#6 1338884371#7 1338884371#8 1338884377 243836884#0 243836884#1,3.311633813052405,0
201,161,37051441#2 -37051625#2 -37051625#1 37052277#4 1237352048 1119245070 319058612#0 319058612#1 36288941#0 36288941#1 36288941#2 36936373#0 36936373#1 36936373#2 36936373#3 36936373#4 201772610 157574535 -36933126#2 -36933126#1 -36933126#0 -1239117024 -394443151#2 -394443151#1 -394443151#0 394443143#0 394443143#1 394443143#2 1238948418#0 1238948418#1 509025806#1 509025806#2 1338884372 1338884371#4 1338884371#5 1338884371#6 1338884371#7 1338884371#8 1338884377 243836884#0 243836884#1,2.920339765898732,1
201,161,37051441#2 -37051625#2 -37051625#1 37052277#4 1237352048 1119245070 319058612#0 319058612#1 36288941#0 36288941#1 36288941#2 36936373#0 36936373#1 153730938 -153730933#1 -153730933#0 36936373#3 36936373#4 201772610 157574535 -36933126#2 -36933126#1 -36933126#0 -1239117024 -394443151#2 -394443151#1 -394443151#0 394443143#0 394443143#1 394443143#2 1238948418#0 1238948418#1 509025806#1 509025806#2 1338884372 1338884371#4 1338884371#5 1338884371#6 1338884371#7 1338884371#8 1338884377 243836884#0 243836884#1,3.106265264496108,2
201,161,37051441#2 -37051625#2 -37051625#1 37052277#4 1237352048 1119245070 319058612#0 319058612#1 36288941#0 36288941#1 36288941#2 36936373#0 36936373#1 153730938 -153730933#1 153730925#0 153730925#1 153730936#3 201772610 157574535 -36933126#2 -36933126#1 -36933126#0 -1239117024 -394443151#2 196288048 -394443151#0 394443143#0 394443143#1 394443143#2 1238948418#0 1238948418#1 509025806#1 509025806#2 1338884372 1338884371#4 1338884374 1338884375 1338884371#6 1338884371#7 1338884371#8 1338884377 243836884#0 243836884#1,3.173795369380824,3
202,0,165172642#1 165172642#2 -165170684#0 165171783#0 165171783#1 165171783#2 1371061454 319058613#0 319058613#1 319058613#2 165170673#0 165170673#1 165170673#2 1338884371#8 1338884377 243836884#0 243836884#1 243836884#2 243836884#3 243836884#4 243836884#5,1.1395176828697988,0
202,0,165172642#1 165172642#2 -165170684#0 -698024152#1 -698024152#0 1371061470#0 1371061470#1 1371061468 719004328 36936480#0 36936480#1 36936480#2 39820656#0 39820656#1 -243836884#5,0.4395928739742225,1
202,0,165172642#1 165172642#2 165170684#1 1238426242 698024153 165170686 1238426236 165170681#0 165170681#1 1371061454 -165170994#6 165171448#0 165171448#1 165170815#1 319058613#2 165170673#0 165170673#1 165170673#2 1338884371#8 1338884377 243836884#0 243836884#1 243836884#2 243836884#3 243836884#4 243836884#5,1.1261027560639432,3
202,144,165172642#1 165172642#2 165170684#1 1238426242 165172166 165172165#0 165172165#1 165172165#2 319058601 932857453 319058592#3 698024160 -1239117045 -36936749#5 -36936749#4 -36936749#3 -36936749#2 -36936749#1 -36936749#0 319058644 698026761 37088673#0 37088673#1 1239117016#0 1239117016#1 1239117016#2 -36950447#1 -36950447#0 36950586 -319058589#3 -319058589#2 -319058589#1 -319058589#0 394456356#0 394456356#1 859784039#2 -319058602#1 -319058602#0 -1119245061 -1119245060#2 1119245057#0 1119245057#1 -476687231#3 -476687231#2 -476687231#1 -476687231#0 -1119245056 -37054066 -36293459#2 -36293459#1 -36293459#0 -156460681#2 -156460681#1,4.634575066577932,0
202,144,165172642#1 165172642#2 165170684#1 1238426242 165172166 165172165#0 165172165#1 165172165#2 1238426243 698024160 -1239117045 -36936749#5 -36936749#4 -36936749#3 -36936749#2 -36936749#1 -36936749#0 319058644 698026761 37088673#0 37088673#1 1239117016#0 1239117016#1 1239117016#2 -36950447#1 -36950447#0 36950586 -319058589#3 -319058589#2 -319058589#1 -319058589#0 -394456379 -36950439#1 -36950439#0 36950518#0 37051441#0 37051441#1 37051441#2 37055902#1 37055902#2 156460671 1119245064 156460680#1 -1119245060#2 -1119245060#1 -1119245060#0 -36293459#10 -36293459#9 -36293459#8 -36293459#7 -36293459#6 -36293459#5 -36293459#4 -36293459#3 -36293459#2 -36293459#1 -36293459#0 -156460681#2 -156460681#1,3.740085687834444,1
202,144,165172642#1 165172642#2 165170684#1 1238426242 165172166 165172165#0 165172165#1 165172165#2 319058601 932857453 319058592#3 698024160 -1239117045 -36936749#5 -36936749#4 -36936749#3 -36936749#2 -36936749#1 -36936749#0 319058644 698026761 37088673#0 37088673#1 1239117016#0 1239117016#1 1239117016#2 -36950447#1 -36950447#0 36950586 -319058589#3 -319058589#2 -319058589#1 -319058589#0 394456356#0 394456356#1 859784039#2 -319058602#1 1024000539#0 156460680#1 -1119245060#2 1119245057#0 1119245057#1 -476687231#3 -476687231#2 -476687231#1 -476687231#0 -1119245056 -37054066 -36293459#2 -36293459#1 -36293459#0 -156460681#2 -156460681#1,4.840178618293795,2
202,144,165172642#1 165172642#2 165170684#1 1238426242 165172166 165172165#0 165172165#1 165172165#2 1238426243 698024160 -1239117045 -36936749#5 -36936749#4 -36936749#3 -36936749#2 -36936749#1 -36936749#0 319058644 698026761 37088673#0 37088673#1 1239117016#0 1239117016#1 1239117016#2 -36950447#1 -36950447#0 36950586 -319058589#3 -319058589#2 -319058589#1 -319058589#0 394456356#0 394456356#1 859784039#2 -319058602#1 -319058602#0 -1119245061 -156460680#1 1024000539#1 1024000539#2 -37049908 -36293459#10 37051872#0 37051872#1 -476687231#2 -476687231#1 -476687231#0 -1119245056 -37054066 -36293459#2 -36293459#1 -36293459#0 -156460681#2 -156460681#1,4.4925634896103,3
203,57,218916903 36934835#0 36934835#1 36934835#2 -710476653#1 -710476653#0 -394446867#1 -394446867#0 36288851#0 36288851#1 36284386#0 -36933306 -36933307#0 -36288851#3 -36933282#1 -36933282#0 36933050 39820664#1 39820664#2 39820664#3 243836888#0 243836888#1 39820664#5 39820664#6 39820664#7 36933156 36933151#0 36933151#1 36933126#0 36933126#1 36933126#2 37088447#0 37088447#1 37088447#2 1088466838#0 1088466838#1 319058586 319058587#0 319058587#1 319058587#2 508751758#0 508751758#1 508751758#2 508751757#0 508751757#1 508751757#2 36936541 36936727#0 36936727#1 36936727#2 36936727#3 36936727#4 36936727#5 36936727#6 -650145324#2 -650145324#1,2.460623000744999,0
203,57,-218916903 218916903 39820661#0 39820661#1 36936236#0 36936236#1 36934860#0 36934860#1 36934860#2 36934860#3 1339510612#0 1339510612#1 1339510612#2 36289159#0 36935200 269702561#0 269702561#1 270968317#1 36936396#0 36936396#1 36936396#2 36936396#3 36936396#4 878854447 878854448 -36289599#1 -36289599#0 -157553237#1 -157553237#0 -157553234 -157574536#1 -157574536#0 -710476024#1 -710476024#0 1162674260 508751758#0 508751758#1 508751758#2 508751757#0 508751757#1 508751757#2 36936541 36936727#0 36936727#1 36936727#2 36936727#3 36936727#4 36936727#5 36936727#6 -650145324#2 -650145324#1,1.2385382328729633,1
203,57,-218916903 218916903 39820661#0 39820661#1 36934854#0 -156480752 -1109771198#1 -1109771198#0 -36936392#1 -36936392#0 36288941#1 36288941#2 36936373#0 36936373#1 153730938 153730933#2 269702565#1 36935235#1 36935235#2 36935235#3 36289394#0 36289394#1 36289394#2 -157553238 -157574536#1 -157574536#0 -710476024#1 -710476024#0 1162674260 508751758#0 508751758#1 508751758#2 508751757#0 508751757#1 508751757#2 36936541 36936727#0 36936727#1 36936727#2 36936727#3 36936727#4 36936727#5 36936727#6 -650145324#2 -650145324#1,1.5346234839466666,2
203,57,218916903 36934835#0 36934835#1 36934835#2 332885553 332885554 -710476653#0 -394446867#1 -394446867#0 36288851#0 36288851#1 36288851#2 36288851#3 275506498 269702543 269702544 201772610 157574535 37088447#0 37088447#1 37088447#2 1088466838#0 1088466838#1 319058586 319058587#0 319058587#1 319058587#2 508751758#0 508751758#1 508751758#2 508751757#0 508751757#1 508751757#2 36936541 36936727#0 36936727#1 36936727#2 36936727#3 36936727#4 36936727#5 36936727#6 -650145324#2 -650145324#1,1.724117994952843,3
204,135,187827276 352492431 187827275 156466987 187827282#0 -156466994#2 156466996#1 -187827283#3 -36292142#1 -36292142#0 -36291828#1 -36291828#0 -697624157#1 -697624157#0 -168924811 -187827288 -187827289 -697627694#1 -697627694#0 -319058591 -710476923 -314422857 -35802097#5 -35802097#4 -35802097#3 -35802097#2 -35802097#1 -35802097#0 -698018295#3 -698018295#2 -698018295#1 -698018295#0 -339940214 -36284844 36288851#0,2.156194227150903,0
204,135,187827276 352492431 187827275 156466987 187827282#0 -156466994#2 -156466996#0 -156466997#1 -156466997#0 -36292047#3 -36292047#2 -36292047#1 -36292047#0 -168924811 -187827288 -187827289 -697627694#1 -697627694#0 -319058591 -710476923 -314422857 -35802097#5 -35802097#4 -35802097#3 -35802097#2 -35802097#1 -35802097#0 -698018295#3 -698018295#2 -698018295#1 -698018295#0 -339940214 -36284844 36288851#0,1.938171668955559,1
204,135,187827276 352492431 187827275 156466987 -1119245074 -36290738#2 -156466988#3 -156466992#0 187827280#3 187827279 36286792#0 36286792#1 187827271 36936423#0 36936423#1 36936423#2 36936423#3 36936423#4 36936423#5 36936423#6 36936423#7 698018294#0 698018294#1 1238956370 698018293 -36936220 36934835#0 36934835#1 36934835#2 -710476653#1 -710476653#0 -394446867#1 -394446867#0 36288851#0,1.5932336793608732,2
204,135,187827276 352492431 187827275 156466987 187827282#0 -156466994#2 156466996#1 -187827283#3 -187827283#2 -187827283#1 -187827283#0 -36292047#3 -156456329 -697624157#0 -168924811 -187827288 -187827289 -697627694#1 -697627694#0 -319058591 -710476923 -314422857 -35802097#5 -35802097#4 -35802097#3 -35802097#2 -35802097#1 -35802097#0 -698018295#3 -698018295#2 -698018295#1 -698018295#0 -339940214 -36284844 36288851#0,2.179724344741496,3
204,163,187827276 352492431 187827275 156466987 187827282#0 -156466994#2 -156466994#1 -156466994#0 -187827283#0 -36292047#3 -156456329 -697624157#0 -168924811 -187827288 -187827289 -697627694#1 -697627694#0 -319058591 -710476923 -314422857 -35802097#5 -35802097#4 37640679#0,1.4704850838823649,1
204,163,187827276 352492431 187827275 156466987 -1119245074 -156466997#3 -156466997#2 -156466997#1 -156466997#0 -36292047#3 -36292047#2 -36292047#1 -36292047#0 -168924811 -187827288 -187827289 -697627694#1 -697627694#0 -319058591 -710476923 -314422857 -35802097#5 -35802097#4 37640679#0,1.3800003226632624,2
204,163,187827276 352492431 187827275 156466987 187827282#0 -156466994#2 -156466994#1 -156466994#0 -187827283#0 -36291828#1 -36291828#0 -697624157#1 -697624157#0 -168924811 -187827288 -187827289 -697627694#1 -697627694#0 -319058591 -710476923 -314422857 -35802097#5 -35802097#4 37640679#0,1.470533080042672,3
204,210,187827276 352492431 187827275 187827274 1119243207 -187827281 -36292324 -36292142#2 187827283#3 187827283#4 -187827282#1,0.7877009839212863,0
204,210,187827276 352492431 187827275 156466987 187827282#0 187827282#1,0.2498080153587712,1
204,210,187827276 352492431 187827275 156466987 -1119245074 -156466997#3 -156466997#2 156466996#0 156466994#2 187827282#1,0.435793136549076,2
204,210,187827276 352492431 187827275 156466987 -1119245074 -156466997#3 -156466997#2 156466996#0 -156466994#1 -36292142#0 187827283#0 187827283#1 187827283#2 36292142#2 36292142#3 -187827282#2 -187827282#1,0.9121310295176384,3
205,162,270968323#1 153730936#2 -153730925#1 -153730925#0 -153730933#0 36936373#3 36936373#4 201772610 157574535 -36933126#2 -36933126#1 -36933126#0 -269702559 -36933151#0 36933113 39820664#9 36933223 36933282#0 36933282#1 -36288851#2 36284386#0 36284386#1 36933240 -394446867#0 36284844 339940214 -1339478328#0 -319058604#1,2.047540947399276,0
205,162,270968323#1 153730936#2 153730936#3 201772610 157574535 -36933126#2 -36933126#1 -36933126#0 -269702559 -36933151#0 36933113 39820664#9 36933223 36933282#0 36933282#1 -36288851#2 -36288851#1 -36288851#0 36284844 339940214 -1339478328#0 -319058604#1,1.8038226014826104,1
205,162,270968323#1 153730936#2 153730936#3 201772610 157574535 -36933126#2 -36933126#1 -36933126#0 -269702559 -36933151#0 36933113 39820664#9 39820664#10 39820664#1 243836885 243836889 56080983 35801882#4 35802071#0 36285797#0 36285797#1 36285797#2 319058604#1,1.3733810368077846,2
205,162,270968323#1 -270968323#1 -270968324 153730925#1 153730936#3 201772610 157574535 -36933126#2 -36933126#1 -36933126#0 -269702559 -36933151#0 36933113 39820664#9 36933223 36933282#0 36933282#1 -36288851#2 -36288851#1 -36288851#0 36284844 339940214 -1339478328#0 -319058604#1,1.8778806768365823,3
206,36,319058629 -319058629 -319058646#0 165172165#1 165172165#2 1238426243 698024160 -1239117045 -36936749#5 -36936749#4 153730008#0 153730008#1 -153730020#3 -153730020#2 -319779154 -153730018 -153730020#0,1.4356976788391582,0
206,36,-319058629 -319058646#0 165172165#1 165172165#2 1238426243 698024160 -1239117045 -36936749#5 -36936749#4 153730008#0 153730008#1 -153730020#3 -153730020#2 -153730020#1 -153730020#0,1.2585198530652202,1
206,36,-319058629 -319058646#0 165172165#1 165172165#2 1238426243 698024160 -1239117045 -36936749#5 -153730008#2 -153730020#3 -153730020#2 -153730020#1 -153730020#0,1.1127905555134348,2
206,36,319058629 -319058629 -319058646#0 165172165#1 165172165#2 1238426243 698024160 -1239117045 -36936749#5 -153730008#2 -153730020#3 -153730020#2 -319779154 -153730018 -153730020#0,1.289968381287373,3
206,144,319058629 -319058629 -319058646#0 165172165#1 165172165#2 1238426243 698024160 -1239117045 -36936749#5 -36936749#4 -36936749#3 -36936749#2 -36936749#1 -36936749#0 319058644 698026761 37088673#0 37088673#1 1239117016#0 1239117016#1 1239117016#2 -36950447#1 -36950447#0 36950586 -319058589#3 -319058589#2 -319058589#1 -319058589#0 394456356#0 394456356#1 859784039#2 36294383#0 36294383#1 36294383#2 36294383#3 36294383#4 36294383#5 36294383#6 36294383#7 36294383#8 36294383#9 36294383#10 406210870 36295293#0 37066008 -37055563#2 -37055563#1 332885734#0 332885734#1 332885734#2 -37055217#0 -243957897#3 -243957897#2 394459769#0 394459769#1 139832421#1 -243957897#0 -1339510606#1 -1339510606#0 243957902#0 243957902#1 191799405 -37066023 406210871 36295293#4 243957906 406210872 36295293#6 35573916 617837421#0 -243957899#1 -243957899#0 -36294081#4 -36294081#3 -36294081#2 -36294081#1 -36294081#0 -1119245058 -1119245057#3 -1119245057#2 -1119245057#1 -1119245057#0 1119245060#2 -156460680#1 1024000539#1 1024000539#2 -37049908 -36293459#10 37051872#0 37051872#1 -476687231#2 -476687231#1 -476687231#0 -1119245056 -37054066 -36293459#2 -36293459#1 -36293459#0 -156460681#2 -156460681#1,10.363729564101115,0
206,144,-319058629 -319058646#0 165172165#1 165172165#2 1238426243 698024160 -1239117045 -36936749#5 -36936749#4 -36936749#3 -36936749#2 -36936749#1 -36936749#0 319058644 698026761 37088673#0 37088673#1 1239117016#0 1239117016#1 1239117016#2 -36950447#1 -36950447#0 36950586 -319058589#3 -319058589#2 -319058589#1 -319058589#0 394456356#0 394456356#1 859784039#2 -319058602#1 -319058602#0 -1119245061 -1119245060#2 -1119245060#1 -1119245060#0 -36293459#10 -36293459#9 -36293459#8 -36293459#7 -36293459#6 -36293459#5 -36293459#4 -36293459#3 -36293459#2 -36293459#1 -36293459#0 -156460681#2 -156460681#1,3.4060864077768467,1
206,144,-319058629 -319058646#0 165172165#1 165172165#2 1238426243 698024160 -1239117045 -36936749#5 -36936749#4 -36936749#3 -36936749#2 -36936749#1 -36936749#0 319058644 698026761 37088673#0 37088673#1 1239117016#0 1239117016#1 1239117016#2 -36950447#1 -36950447#0 36950586 -319058589#3 -319058589#2 -319058589#1 -319058589#0 394456356#0 394456356#1 859784039#2 -319058602#1 1024000539#0 156460680#1 -1119245060#2 1119245057#0 1119245057#1 -476687231#3 -476687231#2 -476687231#1 -476687231#0 -1119245056 -37054066 -36293459#2 -36293459#1 -36293459#0 -156460681#2 -156460681#1,4.12699473511066,2
206,144,-319058629 -319058646#0 165172165#1 165172165#2 1238426243 698024160 -1239117045 -36936749#5 -36936749#4 -36936749#3 -36936749#2 -36936749#1 -36936749#0 319058644 698026761 37088673#0 37088673#1 1239117016#0 1239117016#1 1239117016#2 -36950447#1 -36950447#0 36950586 -319058589#3 -319058589#2 -319058589#1 -319058589#0 394456356#0 394456356#1 859784039#2 -319058602#1 1024000539#0 1024000539#1 1024000539#2 -37049908 -36293459#10 37051872#0 37051872#1 -476687231#2 -476687231#1 -476687231#0 -1119245056 -37054066 -36293459#2 -36293459#1 -36293459#0 -156460681#2 -156460681#1,4.205378464412315,3
207,164,734943619 -37640678#2 -37640678#1 -37640678#0 -319058590#0 1237369283 -36287006 -710478629#1 -710478629#0 -35802097#5 -35802097#4 -35802097#3 -35802097#2,1.293892488600912,0
207,164,734943619 -37640678#2 -37640678#1 -37640678#0 -319058590#0 -710478296 -710478629#1 -710478629#0 -35802097#5 -35802097#4 -35802097#3 -35802097#2,1.2542116630669546,1
207,164,734943619 -37640678#2 -37640678#1 -37640678#0 -319058590#0 -710478296 36287006 13937774#0 13937774#1 -314422857 -35802097#5 -35802097#4 -35802097#3 -35802097#2,1.4580153587712985,2
207,164,-734943619 734943619 -37640678#2 -37640678#1 -37640678#0 -319058590#0 -710478296 36287006 13937774#0 13937774#1 -314422857 -35802097#5 -35802097#4 -35802097#3 -35802097#2,1.716870650347972,3
208,166,153730936#3 201772610 157574535 -36933126#2 -36933126#1 -36933126#0 -269702559 -36933151#0 36933113 39820664#9 39820664#10 39820664#1 243836885 243836889 56080983 35801882#4 35802071#0 36285797#0 339940214 -1339478328#0 -319058604#1 -319058604#0 332885554 710476653#1 710476654 -36934835#1 -36934835#0 36936220 37051113#0 37051113#1 1119245072 37056055#1 319058606 37052930 698018294#0 698018294#1 1238956370 36935056 36935040#0 36935040#1 36935040#2 36935040#3 1238956371 187827287 1119245264#0 187827277 187827278#0 156467655#0 156467655#1 36785117#0,3.352197804695645,0
208,166,153730936#3 201772610 157574535 -36933126#2 -36933126#1 -36933126#0 -269702559 -36933151#0 36933113 39820664#9 39820664#10 39820664#1 243836885 243836889 56080983 35801882#4 35801882#1 -319058600#1 35801699#0 35801699#1 698018295#3 35802097#0 35802097#1 35802097#2 35802097#3 35802097#4 35802097#5 314422857 710476923 319058591 697627694#0 697627694#1 187827289 187827288 168924812 697624157#0 697624157#1 187827280#0 187827280#1 187827280#2 187827280#3 187827279 36286792#0 36286792#1 36785117#0,2.7294630520472856,1
208,166,153730936#3 201772610 157574535 -36933126#2 -36933126#1 -36933126#0 -269702559 -36933151#0 36933113 39820664#9 36933223 36933050 39820664#1 243836885 243836889 56080983 35801882#4 35801882#1 -319058600#1 35801699#0 35801699#1 698018295#3 35802097#0 35802097#1 35802097#2 35802097#3 35802097#4 35802097#5 314422857 710476923 319058591 697627694#0 697627694#1 187827289 187827288 168924812 697624157#0 697624157#1 36291828#0 36291828#1 156466997#0 156466997#1 156466997#2 -156466992#1 -156466992#0 187827280#3 187827279 36286792#0 36286792#1 36785117#0,2.862574403139198,2
208,166,153730936#3 201772610 157574535 -36933126#2 -36933126#1 -36933126#0 -269702559 -36933151#0 36933113 39820664#9 36933223 36933050 39820664#1 243836885 243836889 56080983 35801882#4 35801882#1 -319058600#1 35801699#0 -339700984 35801597#3 35801597#4 35802097#0 35802097#1 35802097#2 35802097#3 35802097#4 35802097#5 314422857 710476923 319058591 697627694#0 697627694#1 187827289 187827288 168924812 697624157#0 156456329 36292047#3 -36291828#1 -36291828#0 187827280#0 187827280#1 187827280#2 187827280#3 187827279 36286792#0 36286792#1 36785117#0,2.9721496371204803,3
209,29,-36288851#1 -36288851#0 36284844 36285797#1 36285797#2 -319058604#0 332885554 710476653#1 710476654 -36934835#1 -36934835#0 39820661#0 39820661#1 36936236#0 36936236#1 36934860#0 36934860#1 36934860#2 36936327,0.8765178785697145,0
209,29,36288851#1 36288851#2 36288851#3 36933307#0 36933306 36284386#1 36284386#2 36284386#3 36284386#4 36936288 36936236#1 36934860#0 36934860#1 36934860#2 36936327,0.757163426925846,1
209,29,36288851#1 36284386#0 36284386#1 36284386#2 36284386#3 36284386#4 36936288 36936236#1 36934860#0 36934860#1 36934860#2 36936327,0.5012838972882169,2
209,29,36288851#1 36284386#0 -36933306 36933307#1 153730928 36284386#3 36284386#4 36284386#5 36284386#6 36934854#0 -156480752 1057740871#0 1057740871#1 36934860#0 36934860#1 36934860#2 36936327,0.836609071274298,3
210,110,37051113#1 1119245072 37056055#1 319058606 37052930 698018294#0 698018294#1 1238956370 698018293 -36936220 36934835#0 36934835#1 36934835#2 332885553 332885552 -394446867#1 -394446867#0 36288851#0 36288851#1 36288851#2 36288851#3 275506498 269702543 269702544 201772610 157574535 -36933126#2 -36933126#1 -36933126#0 -1239117024 -394443151#2 -394443151#1 -394443151#0 394443143#0 394443143#1 394443143#2 1238948418#0 1238948418#1 509025806#1 509025806#2 1338884372 1338884371#4 1338884371#5 1338884371#6 1338884371#7 1338884371#8 1338884377 243836884#0 243836884#1 243836884#2 243836884#3 243836884#4 243836884#5 39820657#0 39820657#1 719004331 1371061467 1371061468 36936590#0 36936590#1 36936590#2 36936590#3 36936590#4 36936590#5 36936590#6,4.2253420897266425,0
210,110,37051113#1 1119245072 37056055#1 319058606 37052930 698018294#0 698018294#1 1238956370 698018293 -36936220 36934835#0 36934835#1 36934835#2 -710476653#1 -710476653#0 -394446867#1 -394446867#0 36284844 -36285797#0 -35802071#0 35801882#1 35801882#2 56080984 -550211682 319058640 39820664#3 39820664#4 39820664#5 39820664#6 39820664#7 36933156 36933151#0 36933151#1 -1239117024 -394443151#2 196288048 -394443151#0 394443143#0 394443143#1 394443143#2 1238948418#0 1238948418#1 509025806#1 509025806#2 1338884372 1338884371#4 1338884374 1338884375 1338884371#6 1338884371#7 1338884371#8 1338884377 243836884#0 243836884#1 243836884#2 243836884#3 243836884#4 243836884#5 39820657#0 39820657#1 719004331 1371061467 1371061468 36936590#0 36936590#1 36936590#2 36936590#3 36936590#4 36936590#5 36936590#6,3.887038430889416,1
210,110,37051113#1 1119245072 37056055#1 319058606 37052930 698018294#0 698018294#1 1238956370 698018293 -36936220 36934835#0 36934835#1 36934835#2 -710476653#1 -710476653#0 -394446867#1 -394446867#0 36288851#0 36288851#1 36288851#2 36288851#3 275506498 269702543 269702544 201772610 157574535 -36933126#2 -36933126#1 -36933126#0 -1239117024 -394443151#2 -394443151#1 -394443151#0 394443143#0 394443143#1 394443143#2 1238948418#0 1238948418#1 509025806#1 509025806#2 1338884372 1338884371#4 1338884371#5 1338884371#6 1338884371#7 1338884371#8 1338884377 243836884#0 243836884#1 243836884#2 243836884#3 243836884#4 243836884#5 39820657#0 39820657#1 719004331 1371061467 1371061468 36936590#0 36936590#1 36936590#2 36936590#3 36936590#4 36936590#5 36936590#6,4.188337050129811,2
210,110,37051113#1 1119245072 37056055#1 319058606 37052930 698018294#0 698018294#1 1238956370 698018293 -36936220 36934835#0 36934835#1 36934835#2 332885553 332885552 -394446867#1 -394446867#0 36288851#0 36288851#1 36284386#0 -36933306 -36933307#0 275506498 269702543 269702544 201772610 157574535 -36933126#2 -36933126#1 -36933126#0 -1239117024 -394443151#2 196288048 -394443151#0 394443143#0 394443143#1 394443143#2 1238948418#0 1238948418#1 509025806#1 509025806#2 1338884372 1338884371#4 1338884371#5 1338884371#6 1338884371#7 1338884371#8 1338884377 243836884#0 243836884#1 243836884#2 243836884#3 243836884#4 243836884#5 39820657#0 39820657#1 719004331 1371061467 1371061468 36936590#0 36936590#1 36936590#2 36936590#3 36936590#4 36936590#5 36936590#6,4.374161992057625,3
210,148,37051113#1 1119245072 37056055#1 319058606 37052930 698018294#0 698018294#1 1238956370 698018293 -36936220 36934835#0 36934835#1 36934835#2 332885553 332885554 -710476653#0 -394446867#1 -394446867#0 36288851#0 36288851#1 36288851#2 -36933282#1 -36933282#0 36933050 39820664#1 39820664#2 39820664#3 243836888#0 243836888#1 39820664#5 39820664#6 39820664#7 36933156 36933151#0 36933151#1 -1239117024 -394443151#2 196288048 -394443151#0 394443143#0 394443143#1 394443143#2 1238948418#0 1238948418#1 509025806#1 509025806#2 1338884372 1338884371#4 1338884371#5 1338884371#6 1338884371#7 1338884371#8 1338884377 243836884#0 243836884#1 243836884#2 243836884#3 243836884#4 243836884#5 39820657#0 39820657#1 719004331 1371061467 1371061468 36936590#0 36936590#1 36936590#2 36936590#3 36936590#4 36936590#5 36936590#6 36936590#7 36936590#8 1239117013#1 1239117013#2,4.231021544103545,0
210,148,37051113#1 1119245072 37056055#1 319058606 37052930 698018294#0 698018294#1 1238956370 698018293 -36936220 39820661#0 39820661#1 36936236#0 36936236#1 36934860#0 36934860#1 36934860#2 36934860#3 1339510612#0 1339510612#1 1339510612#2 36936373#0 36936373#1 36936373#2 36936373#3 36936373#4 201772610 157574535 -36933126#2 -36933126#1 -36933126#0 -1239117024 -394443151#2 -394443151#1 -394443151#0 394443143#0 394443143#1 394443143#2 1238948418#0 1238948418#1 509025806#1 509025806#2 1338884372 1338884371#4 1338884371#5 1338884371#6 1338884371#7 1338884371#8 1338884377 243836884#0 243836884#1 243836884#2 243836884#3 243836884#4 243836884#5 39820657#0 39820657#1 719004331 1371061467 1371061468 36936590#0 36936590#1 36936590#2 36936590#3 36936590#4 36936590#5 36936590#6 36936590#7 36936590#8 1239117013#1 1239117013#2,3.7579414727751,1
210,148,37051113#1 1119245072 37056055#1 319058606 37052930 698018294#0 698018294#1 1238956370 698018293 -36936220 36934835#0 36934835#1 36934835#2 -710476653#1 -710476653#0 -394446867#1 -394446867#0 36288851#0 36288851#1 36288851#2 36288851#3 275506498 269702543 269702544 201772610 157574535 -36933126#2 -36933126#1 -36933126#0 -1239117024 -394443151#2 -394443151#1 -394443151#0 394443143#0 394443143#1 394443143#2 1238948418#0 1238948418#1 509025806#1 509025806#2 1338884372 1338884371#4 1338884371#5 1338884371#6 1338884371#7 1338884371#8 1338884377 243836884#0 243836884#1 243836884#2 243836884#3 243836884#4 243836884#5 39820657#0 39820657#1 719004331 1371061469#0 1371061469#1 1371061470#0 1371061470#1 1371061468 36936590#0 36936590#1 36936590#2 36936590#3 36936590#4 36936590#5 36936590#6 36936590#7 36936590#8 1239117013#1 1239117013#2,4.347879122047587,2
210,148,37051113#1 1119245072 37056055#1 319058606 37052930 698018294#0 698018294#1 1238956370 698018293 -36936220 36934835#0 36934835#1 36934835#2 332885553 332885552 -394446867#1 -394446867#0 36288851#0 36288851#1 36288851#2 36288851#3 275506498 269702543 269702544 201772610 157574535 -36933126#2 -36933126#1 -36933126#0 -1239117024 -394443151#2 196288048 -394443151#0 394443143#0 394443143#1 394443143#2 1238948418#0 1238948418#1 509025806#1 509025806#2 1338884372 1338884371#4 1338884371#5 1338884371#6 1338884371#7 1338884371#8 1338884377 243836884#0 243836884#1 243836884#2 243836884#3 243836884#4 243836884#5 39820657#0 39820657#1 719004331 1371061469#0 1371061469#1 1371061470#0 1371061470#1 1371061468 36936590#0 36936590#1 36936590#2 36936590#3 36936590#4 36936590#5 36936590#6 36936590#7 36936590#8 1239117013#1 1239117013#2,4.417709343553035,3
211,108,-153730013#2 -153730014#1 153730017 -153730013#0 153730008#1 153730008#2 -36936749#4 -36936749#3 -36936749#2 -36936749#1 -36936749#0 319058644 319058627 36936541 36936727#0 36936727#1 36936727#2 36936727#3 36936727#4 36936727#5 36936727#6 -650145324#2 -650145324#1 -650145324#0 -650145330#1 -650145330#0,1.2482150536867942,0
211,108,-153730013#2 -153730013#1 -153730013#0 -153730008#0 -36936749#3 -36936749#2 -36936749#1 -36936749#0 319058644 319058627 36936541 36936727#0 36936727#1 36936727#2 36936727#3 36936727#4 36936727#5 36936727#6 -650145324#2 -650145324#1 -650145324#0 -650145330#1 -650145330#0,0.9605491110666142,1
211,108,-153730013#2 -153730014#1 153730017 -153730013#0 -153730008#0 -36936749#3 -36936749#2 -36936749#1 -36936749#0 319058644 319058627 36936541 36936727#0 36936727#1 36936727#2 36936727#3 36936727#4 36936727#5 36936727#6 -650145324#2 -650145324#1 -650145324#0 -650145330#1 -650145330#0,1.0795675895883323,2
211,168,-153730013#2 -153730014#1 153730017 -153730013#0 -153730008#0 -36936749#3 -36936749#2 -36936749#1 -36936749#0 319058644 698026761 37088673#0 37088673#1 1239117016#0 1239117016#1 1239117016#2 -36950447#1 -36950447#0 36950586 -319058589#3 -319058589#2 -319058589#1 -319058589#0 -394456379 -36950439#1 -36950439#0 37088258#0 37050051 1119245067 37055902#0 -37051625#2 -37051625#1 -37051625#0 -156480737#2 -156480737#1 394456380 37056002 1119245115 37056017 -159922662#1 -159922662#0 -156460682#0 -37054319 -270968320 37052930 698018294#0 698018294#1 1238956370 36935056 36935040#0 36935040#1 36935040#2 36935040#3,4.025800929815159,0
211,168,153730013#2 -153730013#2 -153730013#1 -153730013#0 -153730008#0 -36936749#3 -36936749#2 -36936749#1 -36936749#0 319058644 698026761 37088673#0 37088673#1 1239117016#0 1239117016#1 1239117016#2 -36950447#1 -36950447#0 36950586 -319058589#3 -319058589#2 -319058589#1 -319058589#0 -394456379 -36950439#1 -36950439#0 37088258#0 37088258#1 394456378 157555049 1119245067 37055902#0 -37051625#2 -37051625#1 -37051625#0 -156480737#2 -156480737#1 394456380 37056002 1119245115 37056017 -159922662#1 37054401 37056055#1 319058606 37052930 698018294#0 698018294#1 1238956370 36935056 36935040#0 36935040#1 36935040#2 36935040#3,3.869709378723881,1
211,168,-153730013#2 -153730013#1 -153730013#0 -153730008#0 -36936749#3 -36936749#2 -36936749#1 -36936749#0 319058644 698026761 37088673#0 37088673#1 1239117016#0 1239117016#1 1239117016#2 -36950447#1 -36950447#0 36950586 -319058589#3 -319058589#2 -319058589#1 -319058589#0 -394456379 -36950439#1 -36950439#0 36950518#0 37051441#0 37051441#1 37051441#2 -37051625#2 -37051625#1 -37051625#0 -156480737#2 -156480737#1 394456380 37050590 918716574#1 918716574#2 37051113#0 37051113#1 1119245072 37056055#1 319058606 37052930 698018294#0 698018294#1 1238956370 36935056 36935040#0 36935040#1 36935040#2 36935040#3,3.605489799836703,2
211,168,153730013#2 -153730013#2 -153730013#1 -153730017 -153730014#0 153730020#3 -153730008#1 -153730008#0 -36936749#3 -36936749#2 -36936749#1 -36936749#0 319058644 698026761 37088673#0 37088673#1 1239117016#0 1239117016#1 1239117016#2 -36950447#1 -36950447#0 36950586 -319058589#3 -319058589#2 -319058589#1 -319058589#0 -394456379 -36950439#1 -36950439#0 37088258#0 37050051 1119245067 37055902#0 -37051625#2 -37051625#1 37052277#4 37050515#0 37050515#1 37050515#2 156480737#0 394456380 37056002 1119245115 37056017 -159922662#1 -159922662#0 -156460682#0 -37054319 -270968320 37052930 698018294#0 698018294#1 1238956370 36935056 36935040#0 36935040#1 36935040#2 36935040#3,4.06603371119265,3
212,52,36936480#1 36936480#2 39820656#0 39820656#1 -243836884#5 -243836884#4 -243836884#3 -243836884#2 -243836884#1 -243836884#0 1338884376 1338884371#1 1338884371#2 1338884373 -509025806#2 -509025806#1 -509025806#0 -1238948418#0 509033674#0 509033674#1 394443151#0 394443151#1 394443151#2 153732964 -269702559 -36933151#0 36933113 39820664#9 36933223 36933282#0 36933282#1 36288851#3 36933307#0 36933307#1 153730928 36284386#3 36284386#4 36936288 36936236#1 36934860#0 36934860#1 36934860#2 36934860#3 1339510612#0 1339510612#1 1339510612#2 -36288941#2 -36288941#1 -36288941#0 270968317#0 270968317#1 36936396#0 -394456375 36935232,3.344785630323953,0
212,52,36936480#1 36936480#2 719004327 719004331 1371061469#0 1371061469#1 698024152#0 698024152#1 165170684#0 165170684#1 1238426242 165172166 165172165#0 165172165#1 165172165#2 1238426243 698024160 -1239117045 -36936749#5 -36936749#4 -36936749#3 -36936749#2 -36936749#1 -36936749#0 319058644 698026761 39820658#0 39820658#1 39820658#2 -508751758#2 -508751758#1 -508751758#0 -1162674260 37088542 710476024#1 157574536#0 157574536#1 153733877 1339510611 157553237#1 36289599#0 36289599#1 157553231 48955689#0 48955689#1 1119245069 48956015 37050033#1 37055902#0 -37051625#2 -37051625#1 37052277#4 1237352048 1119245070 319058612#0 319058612#1 270968317#0 270968317#1 36936396#0 -394456375 36935232,2.6592969448132724,2
212,52,36936480#1 36936480#2 39820656#0 39820656#1 -243836884#5 -243836884#4 -243836884#3 -243836884#2 -243836884#1 -243836884#0 1338884376 1338884371#1 1338884371#2 1338884373 -509025806#2 -509025806#1 -509025806#0 -1238948418#0 509033674#0 509033674#1 394443151#0 -196288048 394443151#2 153732964 -269702559 -36933151#0 36933113 39820664#9 36933223 36933282#0 36933282#1 36288851#3 36933307#0 36933306 36284386#1 36284386#2 36284386#3 36284386#4 36284386#5 36284386#6 36934854#0 -156480752 -1109771198#1 -1109771198#0 -36936392#1 -36936392#0 -36288941#0 270968317#0 270968317#1 36936396#0 -394456375 36935232,3.263295957420955,3
213,169,157574537#0 157574537#1 36289394#0 153730941#0 -153730939#1 -153730935 878854448 -36289599#1 -36289599#0 -157553237#1 -157553237#0 -157553234 -157574536#1 -157574536#0 -710476024#1 -710476024#0 1162674260 508751758#0 508751758#1 508751758#2 508751757#0 508751757#1 508751757#2 36936541 697740912 319058636 36936749#0 36936749#1 36936749#2 36936749#3 36936749#4 36936749#5 319779134 36936867 319058601 698024155#0 698024155#1 698024155#2 319779133#0 319779133#1 610135150#5 610135150#6 610135150#7 610135149 88525123 610135150#9 610135150#0 610135150#1 1239117050 610135148#0 610135148#1 1102935203 1102935205 1239117048 302162779#5 302162779#6 302162779#1 302162780#0 302162780#1 1239117026 1239117030 1239117037#0,2.7760219110463966,0
213,169,157574537#0 157574537#1 36289394#0 36289394#1 36289394#2 -157553238 -157574536#1 -157574536#0 -710476024#1 -710476024#0 1162674260 508751758#0 508751758#1 508751758#2 508751757#0 508751757#1 508751757#2 36936541 697740912 319058636 36936749#0 36936749#1 36936749#2 36936749#3 36936749#4 36936749#5 319779134 36936867 319058601 698024155#0 698024155#1 698024155#2 319779133#0 319779133#1 610135150#5 610135150#6 610135150#7 610135150#8 610135150#9 610135150#0 610135150#1 1239117050 610135148#0 610135148#1 1102935203 1102935205 1239117048 302162779#5 302162779#6 302162779#1 302162780#0 302162780#1 1239117026 1239117030 1239117037#0,2.359911606711428,1
213,169,157574537#0 157574537#1 36289394#0 36289394#1 36289394#2 -157553238 -157574536#1 -157574536#0 -710476024#1 -710476024#0 1162674260 508751758#0 508751758#1 508751758#2 508751757#0 508751757#1 508751757#2 36936541 697740912 319058636 36936749#0 36936749#1 36936749#2 36936749#3 36936749#4 36936749#5 319779134 36936867 319058601 698024155#0 698024155#1 698024155#2 319779133#0 319779133#1 610135150#5 610135150#6 610135150#7 610135149 88525123 610135150#9 1057740878 1057740881 610135150#1 1239117050 610135148#0 610135148#1 1102935202 1102935204 1102935205 1239117048 302162779#5 302162779#6 302162779#1 302162780#0 302162780#1 1239117026 1239117030 1239117037#0,2.447928507753584,2
214,29,36933126#1 36933126#2 37088447#0 37088447#1 37088447#2 1088466838#0 1088466838#1 319058586 319058587#0 319058587#1 319058587#2 -1162674260 37088542 710476024#1 1239117022#0 1239117022#1 157574537#0 157574537#1 36289394#0 153730941#0 -153730939#1 -153730935 878854448 157553231 48955689#0 48955689#1 1119245069 406210869#0 406210869#1 319058612#0 319058612#1 36936407#0 36936407#1 36936380 1109771198#0 1109771198#1 1057740871#0 1057740871#1 36934860#0 36934860#1 36934860#2 36936327,1.905141282964631,0
214,29,-36933126#1 -36933126#0 -269702559 -36933151#0 36933113 39820664#9 36933223 36933282#0 36933282#1 -36288851#2 36284386#0 36284386#1 36284386#2 36284386#3 36284386#4 36936288 36936236#1 36934860#0 36934860#1 36934860#2 36936327,1.2788036957043434,1
214,29,-36933126#1 -36933126#0 -269702559 -36933151#0 36933113 39820664#9 36933223 36933282#0 36933282#1 -36288851#2 36284386#0 36284386#1 36284386#2 36284386#3 36284386#4 36284386#5 36284386#6 36936236#0 36936236#1 36934860#0 36934860#1 36934860#2 36936327,1.2227921766258698,2
214,29,-36933126#1 -36933126#0 -269702559 -36933151#0 36933113 39820664#9 36933223 36933282#0 36933282#1 36288851#3 36933307#0 36933306 36284386#1 36284386#2 36284386#3 36284386#4 36936288 36936236#1 36934860#0 36934860#1 36934860#2 36936327,1.3657607391408686,3
214,110,36933126#1 36933126#2 37088447#0 37088447#1 37088447#2 1088466838#0 1088466838#1 319058586 319058587#0 319058587#1 319058587#2 508751758#0 508751758#1 508751758#2 508751757#0 508751757#1 508751757#2 36936541 697740912 319058636 36936749#0 36936749#1 36936749#2 36936749#3 36936749#4 36936749#5 319779134 36936867 -165172165#2 -165172165#1 -165172165#0 165172163 -165170684#1 -165170684#0 -698024152#1 -698024152#0 1371061470#0 1371061470#1 1371061468 36936590#0 36936590#1 36936590#2 36936590#3 36936590#4 36936590#5 36936590#6,2.075180676814982,0
214,110,-36933126#1 -36933126#0 -1239117024 -394443151#2 -394443151#1 -394443151#0 394443143#0 394443143#1 394443143#2 1238948418#0 1238948418#1 509025806#1 509025806#2 1338884372 1338884371#4 1338884371#5 1338884371#6 1338884371#7 1338884371#8 1338884377 243836884#0 243836884#1 243836884#2 243836884#3 243836884#4 243836884#5 39820657#0 39820657#1 719004331 1371061467 1371061468 36936590#0 36936590#1 36936590#2 36936590#3 36936590#4 36936590#5 36936590#6,2.1696993292848763,1
214,110,-36933126#1 -36933126#0 -1239117024 -394443151#2 -394443151#1 -394443151#0 394443143#0 394443143#1 394443143#2 1238948418#0 1238948418#1 509025806#1 509025806#2 1338884372 1338884371#4 1338884371#5 1338884371#6 1338884371#7 1338884371#8 1338884377 243836884#0 243836884#1 243836884#2 243836884#3 243836884#4 243836884#5 39820657#0 39820657#1 719004331 1371061469#0 1371061469#1 1371061470#0 1371061470#1 1371061468 36936590#0 36936590#1 36936590#2 36936590#3 36936590#4 36936590#5 36936590#6,2.181049081970728,2
214,110,-36933126#1 -36933126#0 -1239117024 -394443151#2 196288048 -394443151#0 394443143#0 394443143#1 394443143#2 1238948418#0 1238948418#1 509025806#1 509025806#2 1338884372 1338884371#4 1338884374 1338884375 1338884371#6 165170683#0 165170683#1 165170683#2 165170683#3 -319058613#2 -319058613#1 -319058613#0 -1371061454 -165171783#2 -165171783#1 -165171783#0 -698024152#1 -698024152#0 1371061470#0 1371061470#1 1371061468 36936590#0 36936590#1 36936590#2 36936590#3 36936590#4 36936590#5 36936590#6,2.621657931014957,3
215,170,-165171782 165171782 -319058613#0 -1371061454 -165170681#1 -165170681#0 -1238426236 165170685#0 165170685#1 -698024153 165172166 165172165#0 165172165#1 165172165#2 319058601 932857453 319058592#3 698024160 -1239117045 -36936749#5 -36936749#4 -36936749#3 -36936749#2 -36936749#1 -36936749#0 319058644 698026761 37088673#0 37088673#1 1239117016#0 1239117016#1 1239117016#2 -36950447#1 -36950447#0 36950586 -859784611 -37055217#0 -243957897#3 -243957897#2 -243957897#1 -243957897#0 -1339510606#1 -1339510606#0 243957902#0 243957902#1 191799405 -37066023 406210871 36295293#4 36295293#5 36295293#6 35573916 617837421#0 -243957899#1 -243957899#0 -36294081#4 -36294081#3 -36294081#2 -36294081#1 -36294081#0 -1119245058 -1119245057#3,6.801766440142934,0
215,170,165171782 -319058613#0 -1371061454 -165170681#1 -165170681#0 -1238426236 165170685#0 165170685#1 -698024153 165172166 165172165#0 165172165#1 165172165#2 1238426243 698024160 -1239117045 -36936749#5 -36936749#4 -36936749#3 -36936749#2 -36936749#1 -36936749#0 319058644 698026761 37088673#0 37088673#1 1239117016#0 1239117016#1 1239117016#2 -36950447#1 -36950447#0 36950586 -859784611 -37055217#0 -243957897#3 -243957897#2 -243957897#1 -243957897#0 -1339510606#1 -1339510606#0 243957902#0 243957902#1 191799405 -37066023 406210871 36295293#4 36295293#5 36295293#6 35573916 617837421#0 -243957899#1 -243957899#0 -36294081#4 -36294081#3 -36294081#2 -36294081#1 -36294081#0 -1119245058 -1119245057#3,6.201589516403045,1
215,170,165171782 -319058613#0 -1371061454 -165171783#2 -165171783#1 -165171783#0 165170684#0 165170684#1 1238426242 165172166 165172165#0 165172165#1 165172165#2 1238426243 698024160 -1239117045 -36936749#5 -36936749#4 -36936749#3 -36936749#2 -36936749#1 -36936749#0 319058644 698026761 37088673#0 37088673#1 1239117016#0 1239117016#1 1239117016#2 -36950447#1 -36950447#0 36950586 -319058589#3 -319058589#2 -319058589#1 -319058589#0 394456356#0 394456356#1 859784039#2 36294383#0 37055563#0 37055563#1 37055563#2 37066011 36295293#2 36295293#3 36295293#4 36295293#5 36295293#6 35573916 617837421#0 -243957899#1 -243957899#0 -36294081#4 -36294081#3 -36294081#2 -36294081#1 -36294081#0 -1119245058 -1119245057#3,6.098845230095365,2
215,170,165171782 -319058613#0 -1371061454 -165171783#2 -165171783#1 -165171783#0 165170684#0 165170684#1 1238426242 165172166 165172165#0 165172165#1 165172165#2 1238426243 698024160 -1239117045 -36936749#5 -36936749#4 -36936749#3 -36936749#2 -36936749#1 -36936749#0 319058644 698026761 37088673#0 37088673#1 1239117016#0 1239117016#1 1239117016#2 -36950447#1 -36950447#0 36950586 -859784611 -37055217#0 -243957897#3 -243957897#2 394459769#0 394459769#1 139832421#1 -243957897#0 -1339510606#1 -1339510606#0 243957902#0 243957902#1 191799405 -37066023 406210871 36295293#4 243957906 406210872 36295293#6 35573916 617837421#0 -243957899#1 -243957899#0 -36294081#4 -36294081#3 -36294081#2 -36294081#1 -36294081#0 -1119245058 -1119245057#3,6.696192967028885,3
216,47,36936749#2 -36936749#2 -36936749#1 -36936749#0 319058644 698026761 37088673#0 37088673#1 1239117016#0 1239117016#1 1239117016#2 -36950447#1 -36950447#0 36950586 -319058589#3 -319058589#2 -319058589#1 -319058589#0 -394456379 607473249#0 607473249#1 -36950657#1 -36950657#0 -269702562 -1339510609#0 -328471845#1 -328471845#0,2.171814658020138,0
216,47,-36936749#2 -36936749#1 -36936749#0 319058644 698026761 39820658#0 39820658#1 39820658#2 -508751758#2 -508751758#1 -508751758#0 -1162674260 37088542 710476024#1 157574536#0 157574536#1 157574536#2 157553237#0 157553237#1 -319058608#1 -319058608#0 1339510610 -269702562 -1339510609#0 -328471845#1 -328471845#0,0.6433693998874138,1
216,47,-36936749#2 -36936749#1 -36936749#0 319058644 698026761 39820658#0 39820658#1 39820658#2 -508751758#2 -508751758#1 -508751758#0 -1162674260 37088542 710476024#1 157574536#0 157574536#1 153733877 1339510611 157553237#1 -319058608#1 -37088332#3 -37088332#2 371455497 -36950657#0 -269702562 -1339510609#0 -328471845#1 -328471845#0,1.1467183254927171,2
216,47,36936749#2 -36936749#2 -36936749#1 -36936749#0 319058644 698026761 39820658#0 39820658#1 39820658#2 -508751758#2 -508751758#1 -508751758#0 -1162674260 39820659#0 39820659#1 39820659#2 39820659#3 153733879 319058611 328471844,0.717822981002204,3
216,171,-36936749#2 -36936749#1 -36936749#0 319058644 698026761 37088673#0 37088673#1 1239117016#0 1239117016#1 1239117016#2 -36950447#1 -36950447#0 36950586 -319058589#3 -319058589#2 -319058589#1 -319058589#0 394456356#0 394456356#1 -859784039#1 -859784039#0 -36950518#1 37051441#0 37051441#1 37051441#2 -37051625#2 -37051625#1 -37051625#0 -156480737#2 -156480737#1 394456380 37050590 918716574#1 918716574#2 -36936220 36934835#0 36934835#1 36934835#2 332885553 332885554 -710476653#0 -394446867#1 -394446867#0 36284844 339940214 1339478328#1 -215094374 698018295#2 698018295#3,3.906048690897026,0
216,171,-36936749#2 -36936749#1 -36936749#0 319058644 698026761 39820658#0 39820658#1 39820658#2 -508751758#2 -508751758#1 -508751758#0 -319058587#2 -319058587#1 -319058587#0 -319058586 -1088466838#1 -1088466838#0 -37088447#2 -37088447#1 -37088447#0 -36933126#2 -36933126#1 -36933126#0 -269702559 -36933151#0 36933113 39820664#9 39820664#10 39820664#1 243836885 243836889 56080983 35801882#4 35801882#1 -319058600#1 35801699#0 35801699#1 698018295#3,1.6672128551948064,1
216,171,-36936749#2 -36936749#1 -36936749#0 319058644 698026761 39820658#0 39820658#1 39820658#2 -508751758#2 -508751758#1 -508751758#0 -319058587#2 -319058587#1 -319058587#0 -319058586 -1088466838#1 -1088466838#0 -37088447#2 -37088447#1 -37088447#0 -36933126#2 -36933126#1 -36933126#0 -269702559 -36933151#0 36933113 39820664#9 36933223 36933050 39820664#1 243836885 243836889 56080983 35801882#4 35801882#1 -319058600#1 35801699#0 35801699#1 698018295#3,1.703419958626532,2
216,171,-36936749#2 -36936749#1 -36936749#0 319058644 698026761 39820658#0 39820658#1 39820658#2 -508751758#2 -508751758#1 -508751758#0 -319058587#2 -319058587#1 -319058587#0 -319058586 -1088466838#1 -1088466838#0 -37088447#2 -37088447#1 -37088447#0 -36933126#2 -36933126#1 -36933126#0 -269702559 -36933151#0 36933113 39820664#9 36933223 36933282#0 36933282#1 -36288851#2 -36288851#1 -36288851#0 36284844 339940214 1339478328#1 698018295#1 698018295#2 698018295#3,1.953917918789719,3
217,47,165170685#1 -698024153 165172166 165172165#0 165172165#1 165172165#2 319058601 932857453 319058592#3 698024160 -1239117045 -36936749#5 -36936749#4 -36936749#3 -36936749#2 -36936749#1 -36936749#0 319058644 698026761 37088673#0 37088673#1 1239117016#0 1239117016#1 1239117016#2 -36950447#1 -36950447#0 36950506#0 36950506#1 36950506#2 36950506#3 319058611 328471844,2.8497298541949223,0
217,47,165170685#1 -698024153 -1238426242 -165170684#1 -165170684#0 -698024152#1 -698024152#0 1371061470#0 1371061470#1 1371061468 36936590#0 36936590#1 36936590#2 36936590#3 36936590#4 36936590#5 36936590#6 36936590#7 36936590#8 1239117013#1 1239117013#2 36936494#0 36936494#1 36936655#0 36936655#1 36936655#2 36936655#3 36936655#4 36936655#5 36936655#6 319779156#0 319779156#1 319058636 319058644 698026761 39820658#0 39820658#1 39820658#2 -508751758#2 -508751758#1 -508751758#0 -1162674260 39820659#0 39820659#1 39820659#2 39820659#3 153733879 319058611 328471844,1.6851224539300584,1
217,47,165170685#1 -698024153 165172166 165172165#0 165172165#1 165172165#2 319058601 932857453 319058592#3 698024160 -1239117045 -36936749#5 -153730008#2 -153730008#1 -153730008#0 -36936749#3 -36936749#2 -36936749#1 -36936749#0 319058644 698026761 39820658#0 39820658#1 39820658#2 -508751758#2 -508751758#1 -508751758#0 -1162674260 39820659#0 39820659#1 39820659#2 39820659#3 153733879 319058611 328471844,2.320449085945312,2
217,125,165170685#1 -698024153 -1238426242 -165170684#1 -165170684#0 165171783#0 165171783#1 165171783#2 1371061454 -165170994#6 165171448#0 165171448#1 165170815#1 319058613#2 165170673#0 165170673#1 165170673#2 1338884371#8 1338884377 1338884376 1338884371#1 1338884371#2 1338884373 -509025806#2 -509025806#1 -509025806#0 -1238948418#0 509033674#0 509033674#1 394443151#0 -196288048 394443151#2 153732964 -269702559 -36933151#0,2.7323644949442523,0
217,125,165170685#1 -698024153 165172166 165172165#0 165172165#1 165172165#2 1238426243 698024160 -1239117045 -36936749#5 -36936749#4 -36936749#3 -36936749#2 -36936749#1 -36936749#0 319058644 698026761 39820658#0 39820658#1 39820658#2 -508751758#2 -508751758#1 -508751758#0 -319058587#2 -319058587#1 -319058587#0 -319058586 -1088466838#1 -1088466838#0 -37088447#2 -37088447#1 -37088447#0 -36933126#2 -36933126#1 -36933126#0 -269702559 -36933151#0,2.104714380725329,1
217,125,165170685#1 -698024153 -1238426242 -165170684#1 -165170684#0 165171783#0 165171783#1 165171783#2 1371061454 319058613#0 319058613#1 319058613#2 165170673#0 165170673#1 165170673#2 1338884371#8 1338884377 1338884376 1338884371#1 1338884371#2 1338884373 -509025806#2 -509025806#1 -509025806#0 -1238948418#0 509033674#0 509033674#1 394443151#0 394443151#1 394443151#2 153732964 -269702559 -36933151#0,2.597787453184424,2
217,125,165170685#1 -698024153 -1238426242 -165170684#1 -165170684#0 165171783#0 165171783#1 165171783#2 1371061454 -165170994#6 165171448#0 165171448#1 165170815#1 319058613#2 165170673#0 165170673#1 165170673#2 1338884371#8 1338884371#0 1338884371#1 1338884371#2 1338884373 -509025806#2 -509025806#1 -509025806#0 -1238948418#0 509033674#0 509033674#1 394443151#0 394443151#1 394443151#2 153732964 -269702559 -36933151#0,2.698407153383385,3
217,173,165170685#1 -698024153 165172166 165172165#0 165172165#1 165172165#2 319058601 698024155#0 698024155#1 698024155#2 319779133#0,1.060576354611703,2
217,188,165170685#1 -698024153 -1238426242 -165170684#1 -165170684#0 -698024152#1 -698024152#0 1371061470#0 1371061470#1 1371061468 719004328 36936480#0 36936480#1 36936480#2 39820656#0 39820656#1 -243836884#5 -243836884#4 -243836884#3 -243836884#2 -243836884#1 -243836884#0 1338884376 1338884371#1 1338884371#2 1338884373 -509025806#2 -509025806#1 -509025806#0,0.7551857615567171,1
217,188,165170685#1 -698024153 165172166 165172163 -165170684#1 -165170684#0 165171783#0 165171783#1 165171783#2 1371061454 319058613#0 319058613#1 319058613#2 165170673#0 165170673#1 165170673#2 1338884371#8 1338884371#0 1338884371#1 1338884371#2 1338884373 -509025806#2 -509025806#1 -509025806#0,1.0191132936187786,2
217,188,165170685#1 -698024153 165172166 165172163 -165170684#1 -165170684#0 165171783#0 165171783#1 165171783#2 1371061454 -165170994#6 165171448#0 165171448#1 165170815#1 319058613#2 165170673#0 165170673#1 165170673#2 1338884371#8 1338884371#0 1338884371#1 1338884371#2 1338884373 -509025806#2 -509025806#1 -509025806#0,1.1350120217205302,3
218,30,319779133#0 319779133#1 610135150#5 610135150#6 610135150#7 610135150#8 610135150#9 1057740878 1057740881 610135150#1 1239117050 1239117049 610135150#3 610135147#0 610135147#1 610135147#2 319058592#0 319058592#1 319058592#2 319058592#3 -1238426243 -165172165#2 -165172165#1 -165172165#0 165172163 1238426242 698024153 165170686 1238426236 165170816 -165170818#8 394443152#0 394443152#1 -394443149#0 165170685#1,1.89286824470784,0
218,30,319779133#0 319779133#1 610135150#5 610135150#6 610135150#7 610135150#8 610135150#9 610135150#0 610135150#1 610135150#2 610135150#3 610135147#0 610135147#1 610135147#2 319058592#0 319058592#1 319058592#2 319058592#3 -1238426243 -165172165#2 -165172165#1 -165172165#0 165172163 1238426242 698024153 165170686 165170685#0 165170685#1,1.618810169353868,1
218,30,319779133#0 319779133#1 610135150#5 610135150#6 610135150#7 610135149 88525123 610135150#9 1057740878 1057740881 610135150#1 610135150#2 610135150#3 610135147#0 610135147#1 610135147#2 319058592#0 319058592#1 319058592#2 319058592#3 -1238426243 -165172165#2 -165172165#1 -165172165#0 165172163 1238426242 698024153 165170686 165170685#0 165170685#1,1.6988357097048794,2
218,30,319779133#0 319779133#1 610135150#5 610135150#6 610135150#7 610135149 88525123 610135150#9 610135150#0 610135150#1 1239117050 1239117049 610135150#3 610135147#0 610135147#1 610135147#2 319058592#0 319058592#1 319058592#2 319058592#3 -1238426243 -165172165#2 -165172165#1 -165172165#0 165172163 1238426242 698024153 165170686 1238426236 165170816 -165170818#8 394443152#0 394443152#1 -394443149#0 165170685#1,1.8924762184641784,3
219,5,165170681#0 165170681#1 -165171783#2 -165171783#1 -165171783#0 165170684#0 165170684#1 1238426242 165172166 165172165#0 165172165#1 165172165#2 1238426243 698024160 -1239117045 -36936749#5 -36936749#4 -36936749#3 -36936749#2 -36936749#1 -36936749#0 319058644 698026761 37088673#0 37088673#1 1239117016#0 1239117016#1 1239117016#2 -36950447#1 -36950447#0 36950586 -319058589#3 -319058589#2 -319058589#1 -319058589#0 394456356#0 394456356#1 859784039#2 -319058602#1 -319058602#0 -1119245061 -1119245060#2 -1119245060#1 -1119245060#0,3.756074408736769,0
219,5,-165170681#0 -1238426236 165170685#0 165170685#1 -698024153 165172166 165172165#0 165172165#1 165172165#2 1238426243 698024160 -1239117045 -36936749#5 -36936749#4 -36936749#3 -36936749#2 -36936749#1 -36936749#0 319058644 698026761 37088673#0 37088673#1 1239117016#0 1239117016#1 1239117016#2 -36950447#1 -36950447#0 36950586 -319058589#3 -319058589#2 -319058589#1 -319058589#0 394456356#0 394456356#1 859784039#2 -319058602#1 -319058602#0 -1119245061 -1119245060#2 -1119245060#1 -1119245060#0,3.4234730168481207,1
219,5,-165170681#0 -1238426236 165170685#0 165170685#1 -698024153 165172166 165172165#0 165172165#1 165172165#2 1238426243 698024160 -1239117045 -36936749#5 -153730008#2 -153730008#1 -153730008#0 -36936749#3 -36936749#2 -36936749#1 -36936749#0 319058644 698026761 37088673#0 37088673#1 1239117016#0 1239117016#1 1239117016#2 -36950447#1 -36950447#0 36950586 -319058589#3 -319058589#2 -319058589#1 -319058589#0 394456356#0 394456356#1 859784039#2 -319058602#1 1024000539#0 156460680#1 -1119245060#2 -1119245060#1 -1119245060#0,3.670496299089952,2
219,5,-165170681#0 -1238426236 165170685#0 165170685#1 -698024153 165172166 165172165#0 165172165#1 165172165#2 1238426243 698024160 -1239117045 -36936749#5 -36936749#4 -36936749#3 -36936749#2 -36936749#1 -36936749#0 319058644 698026761 37088673#0 37088673#1 1239117016#0 1239117016#1 1239117016#2 -36950447#1 -36950447#0 36950586 -319058589#3 -319058589#2 -319058589#1 -319058589#0 394456356#0 394456356#1 859784039#2 -319058602#1 -319058602#0 -1119245061 -156460680#1 1024000539#1 1024000539#2 -37049908 1119245060#0,3.82340102260766,3
219,46,165170681#0 165170681#1 1371061454 319058613#0 319058613#1 -165170815#1 -165170815#0 165170818#0 165170818#1 165170818#2 165170818#3 165170818#4 165170818#5 -394443147#1 394443146,0.8076673866090713,0
219,46,-165170681#0 165170816 -165170818#8 -165170818#7 -165170818#6 -394443147#1 394443146,0.2843772498200144,1
219,46,-165170681#0 -1238426236 165170685#0 394443149#0 -394443152#1 -394443152#0 -165170818#7 -165170818#6 -394443147#1 394443146,0.5313654907607391,2
219,46,-165170681#0 -1238426236 165170685#0 165170685#1 -698024153 165172166 165172163 -165170684#1 -165170684#0 165171783#0 165171783#1 165171783#2 1371061454 -165170994#6 165171448#0 165171448#1 -165170815#0 165170818#0 165170818#1 165170818#2 165170818#3 165170818#4 165170818#5 -394443147#1 394443146,1.6517758579313655,3
219,85,165170681#0 165170681#1 -165171783#2 -165171783#1 -165171783#0 165170684#0 165170684#1 1238426242 165172166 165172165#0 165172165#1 165172165#2 1238426243 698024160 -1239117045 -36936749#5 -36936749#4 -36936749#3 -36936749#2 -36936749#1 -36936749#0 319058644 319058627 36936541 36936727#0 36936727#1 36936727#2 36936727#3 36936727#4 36936727#5 36936727#6 36936727#7 319058652 719004329 36936494#0 319779150#0 319779150#1 319779150#2,2.254824321525025,0
219,85,165170681#0 165170681#1 1371061454 319058613#0 319058613#1 319058613#2 165170673#0 165170673#1 165170673#2 1338884371#8 1338884377 243836884#0 243836884#1 243836884#2 243836884#3 243836884#4 243836884#5 39820657#0 39820657#1 719004331 1371061467 1371061468 36936590#0 36936590#1 36936590#2 36936590#3 36936590#4 36936590#5 36936590#6 36936590#7 36936590#8 1239117013#1 1239117013#2 36936494#0 319779150#0 319779150#1 319779150#2,1.0186946772431025,1
219,85,-165170681#0 -1238426236 165170685#0 165170685#1 -698024153 165172166 165172163 -165170684#1 -165170684#0 -698024152#1 -698024152#0 1371061470#0 1371061470#1 1371061468 36936590#0 36936590#1 36936590#2 36936590#3 36936590#4 36936590#5 36936590#6 36936590#7 36936590#8 1239117013#1 1239117013#2 36936494#0 319779150#0 319779150#1 319779150#2,1.165863605799025,2
219,85,165170681#0 165170681#1 1371061454 319058613#0 319058613#1 -165170815#1 -165171448#1 -165171448#0 -165170994#5 -165170994#4 -165170994#3 -165170994#2 -165170994#1 -165170994#0 165170818#0 165170818#1 165170818#2 165170818#3 165170818#4 165170818#5 165170818#6 165170818#7 165170818#8 165170817 165170685#0 165170685#1 -698024153 165172166 165172163 -165170684#1 -165170684#0 -698024152#1 -698024152#0 1371061470#0 1371061470#1 1371061468 36936590#0 36936590#1 36936590#2 36936590#3 36936590#4 36936590#5 36936590#6 36936590#7 36936590#8 1239117013#1 1239117013#2 36936494#0 319779150#0 319779150#1 319779150#2,2.1425014747695075,3
220,174,-698018295#1 -698018295#0 -339940214 -36284844 36288851#0 36288851#1 36288851#2 -36933282#1 -36933282#0 36933050 39820664#1 39820664#2 39820664#3 243836888#0 243836888#1 39820664#5 39820664#6 39820664#7 36933156 36933151#0 36933151#1 36933126#0 36933126#1 36933126#2 37088447#0 37088447#1 37088447#2 1088466838#0 1088466838#1 319058586 319058587#0 319058587#1 319058587#2 508751758#0 508751758#1 508751758#2 508751757#0 508751757#1 508751757#2 36936541 697740912 319058636 36936749#0 36936749#1 36936749#2 36936749#3 36936749#4 36936749#5 319779134 36936867 -165172165#2 -165172165#1,2.731114617941276,0
220,174,-698018295#1 -698018295#0 -339940214 -36284844 36288851#0 36288851#1 36288851#2 36288851#3 275506498 269702543 269702544 201772610 157574535 37088447#0 37088447#1 37088447#2 1088466838#0 1088466838#1 319058586 319058587#0 319058587#1 319058587#2 508751758#0 508751758#1 508751758#2 508751757#0 508751757#1 508751757#2 36936541 697740912 319058636 36936749#0 36936749#1 36936749#2 36936749#3 36936749#4 36936749#5 319779134 36936867 -165172165#2 -165172165#1,2.119567615508851,1
220,174,-698018295#1 -698018295#0 -339940214 -36284844 36288851#0 36288851#1 36288851#2 36288851#3 275506498 269702543 269702544 201772610 157574535 37088447#0 37088447#1 37088447#2 1088466838#0 1088466838#1 319058586 319058587#0 319058587#1 319058587#2 508751758#0 508751758#1 508751758#2 508751757#0 508751757#1 508751757#2 36936541 697740912 319058636 36936749#0 36936749#1 36936749#2 36936749#3 153730008#0 153730008#1 153730008#2 36936749#5 319779134 36936867 -165172165#2 -165172165#1,2.162527732254868,2
220,174,-215094374 215094374 -698018295#0 -339940214 -36284844 36288851#0 36288851#1 36284386#0 -36933306 -36933307#0 275506498 269702543 269702544 201772610 157574535 37088447#0 37088447#1 37088447#2 1088466838#0 1088466838#1 319058586 319058587#0 319058587#1 319058587#2 508751758#0 508751758#1 508751758#2 508751757#0 508751757#1 508751757#2 36936541 697740912 319058636 36936749#0 36936749#1 36936749#2 36936749#3 36936749#4 36936749#5 319779134 36936867 -165172165#2 -165172165#1,2.55748458215152,3
221,30,36935040#2 36935040#3 1238956371 187827287 1119245264#0 1119245264#1 36936423#0 36936423#1 36936423#2 36936423#3 36936423#4 36936423#5 36936423#6 36936423#7 698018294#0 698018294#1 1238956370 698018293 -36936220 36934835#0 36934835#1 36934835#2 332885553 332885554 -710476653#0 -394446867#1 -394446867#0 36288851#0 36288851#1 36288851#2 36288851#3 275506498 269702543 269702544 201772610 157574535 -36933126#2 -36933126#1 -36933126#0 -1239117024 -394443151#2 -394443151#1 -394443151#0 394443143#0 394443143#1 394443143#2 1238948418#0 1238948418#1 509025806#1 509025806#2 1338884372 1338884371#4 1338884371#5 1338884371#6 165170683#0 165170683#1 165170683#2 165170683#3 -319058613#2 -165170815#1 -165171448#1 -165171448#0 165170994#6 -1371061454 -165170681#1 -165170681#0 -1238426236 165170685#0 165170685#1,4.7053015165548535,0
221,30,36935040#2 36935040#3 1238956371 187827287 1119245264#0 1119245264#1 36936423#0 36936423#1 36936423#2 36936423#3 36936423#4 36936423#5 36936423#6 36936423#7 698018294#0 698018294#1 1238956370 698018293 -36936220 39820661#0 39820661#1 36936236#0 36936236#1 36934860#0 36934860#1 36934860#2 36934860#3 1339510612#0 1339510612#1 1339510612#2 36936373#0 36936373#1 36936373#2 153730933#0 153730925#0 153730925#1 153730936#3 201772610 157574535 -36933126#2 -36933126#1 -36933126#0 -1239117024 -394443151#2 -394443151#1 -394443151#0 394443143#0 394443143#1 394443143#2 1238948418#0 1238948418#1 509025806#1 509025806#2 1338884372 1338884371#4 1338884374 1338884375 1338884371#6 165170683#0 165170683#1 165170683#2 165170683#3 -319058613#2 -319058613#1 -319058613#0 -1371061454 -165170681#1 -165170681#0 -1238426236 165170685#0 165170685#1,4.132212879397403,1
221,30,36935040#2 36935040#3 1238956371 187827287 1119245264#0 1119245264#1 36936423#0 156467657 -156467656#0 36936423#2 36936423#3 36936423#4 36936423#5 36936423#6 36936423#7 698018294#0 698018294#1 1238956370 698018293 -36936220 36934835#0 36934835#1 36934835#2 -710476653#1 -710476653#0 -394446867#1 -394446867#0 36288851#0 36288851#1 36288851#2 36288851#3 275506498 269702543 269702544 201772610 157574535 -36933126#2 -36933126#1 -36933126#0 -1239117024 -394443151#2 -394443151#1 -394443151#0 394443143#0 394443143#1 394443143#2 1238948418#0 1238948418#1 509025806#1 509025806#2 1338884372 1338884371#4 1338884371#5 1338884371#6 165170683#0 165170683#1 165170683#2 165170683#3 -319058613#2 -319058613#1 -319058613#0 -1371061454 -165170681#1 -165170681#0 -1238426236 165170685#0 165170685#1,4.561253040432944,2
221,30,36935040#2 36935040#3 1238956371 187827287 1119245264#0 1119245264#1 319058598 37640683 155153635#0 -156467656#1 -156467656#0 36936423#2 36936423#3 36936423#4 36936423#5 36936423#6 36936423#7 698018294#0 698018294#1 1238956370 698018293 -36936220 36934835#0 36934835#1 36934835#2 -710476653#1 -710476653#0 -394446867#1 -394446867#0 36288851#0 36288851#1 36288851#2 36288851#3 275506498 269702543 269702544 201772610 157574535 -36933126#2 -36933126#1 -36933126#0 -1239117024 -394443151#2 196288048 -394443151#0 394443143#0 394443143#1 394443143#2 1238948418#0 1238948418#1 509025806#1 509025806#2 1338884372 1338884371#4 1338884371#5 1338884371#6 165170683#0 165170683#1 165170683#2 165170683#3 -319058613#2 -319058613#1 -319058613#0 -1371061454 -165170681#1 -165170681#0 -1238426236 165170685#0 165170685#1,4.703305484160615,3
222,132,153730022#1 153730022#2 153730022#3 -153730015#0 36936749#2 36936749#3 36936749#4 36936749#5 319779134 36936867 -165172165#2 -165172165#1 -165172165#0 165172163 1238426242 698024153,1.249447045136479,1
222,132,153730022#1 153730022#2 153730022#3 -153730015#0 36936749#2 36936749#3 153730008#0 153730013#0 153730013#1 -153730014#1 -153730014#0 153730020#3 153730008#2 36936749#5 319779134 36936867 -165172165#2 -165172165#1 -165172165#0 165172163 1238426242 698024153,1.3639334397802632,2
222,132,153730022#1 153730022#2 153730022#3 -153730015#0 36936749#2 36936749#3 36936749#4 36936749#5 319779134 36936867 -165172165#2 -165172165#1 -165172165#0 165172163 -165170684#1 -165170684#0 165171783#0 165171783#1 165171783#2 -165170681#1 -165170681#0 165170816 -165170818#8 394443152#0 394443152#1 -394443149#0 165170685#1 -698024153,2.3106901456884343,3
223,57,36288851#0 36288851#1 36284386#0 -36933306 -36933307#0 -36288851#3 -36933282#1 -36933282#0 36933050 39820664#1 39820664#2 39820664#3 39820664#4 39820664#5 39820664#6 39820664#7 36933156 36933151#0 36933151#1 36933126#0 36933126#1 36933126#2 37088447#0 37088447#1 37088447#2 1088466838#0 1088466838#1 319058586 319058587#0 319058587#1 319058587#2 508751758#0 508751758#1 508751758#2 508751757#0 508751757#1 508751757#2 36936541 36936727#0 36936727#1 36936727#2 36936727#3 36936727#4 36936727#5 36936727#6 -650145324#2 -650145324#1,2.017834423831152,0
223,57,36288851#0 36288851#1 36288851#2 36288851#3 275506498 269702543 269702544 201772610 157574535 37088447#0 37088447#1 37088447#2 1088466838#0 1088466838#1 319058586 319058587#0 319058587#1 319058587#2 508751758#0 508751758#1 508751758#2 508751757#0 508751757#1 508751757#2 36936541 36936727#0 36936727#1 36936727#2 36936727#3 36936727#4 36936727#5 36936727#6 -650145324#2 -650145324#1,1.24179258098596,1
223,57,36288851#0 36288851#1 36288851#2 36288851#3 36933307#0 36933307#1 153730928 36284386#3 36284386#4 36936288 36936236#1 36934860#0 36934860#1 36934860#2 36934860#3 1339510612#0 1339510612#1 1339510612#2 36936373#0 36936373#1 153730938 -153730933#1 153730925#0 153730925#1 153730936#3 201772610 157574535 37088447#0 37088447#1 37088447#2 1088466838#0 1088466838#1 319058586 319058587#0 319058587#1 319058587#2 508751758#0 508751758#1 508751758#2 508751757#0 508751757#1 508751757#2 36936541 36936727#0 36936727#1 36936727#2 36936727#3 36936727#4 36936727#5 36936727#6 -650145324#2 -650145324#1,2.0019681125779965,2
223,57,-36288851#0 36288851#0 36288851#1 36284386#0 -36933306 -36933307#0 275506498 269702543 269702544 201772610 157574535 37088447#0 37088447#1 37088447#2 1088466838#0 1088466838#1 319058586 319058587#0 319058587#1 319058587#2 508751758#0 508751758#1 508751758#2 508751757#0 508751757#1 508751757#2 36936541 36936727#0 36936727#1 36936727#2 36936727#3 36936727#4 36936727#5 36936727#6 -650145324#2 -650145324#1,1.5403886932969757,3
223,71,-36288851#0 394446867#0 394446867#1 710476653#0 710476653#1 332885553 1339478330 319058604#1 319058604#2 1339478328#1 -215094374 698018295#2 -35801699#1 -339700984 35801597#3 35801597#4 35802097#0 35802097#1,1.4932685385169189,0
223,71,-36288851#0 36284844 339940214 1339478328#1 698018295#1 698018295#2 698018295#3 35802097#0 35802097#1,0.549424046076314,1
223,71,-36288851#0 394446867#0 394446867#1 710476653#0 710476653#1 332885553 1339478330 -36285797#2 -36285797#1 339940214 1339478328#1 698018295#1 698018295#2 698018295#3 35802097#0 35802097#1,0.9563354931605472,2
223,71,36288851#0 36288851#1 36288851#2 36288851#3 36933307#0 36933306 36284386#1 36933240 -394446867#0 36284844 339940214 1339478328#1 -215094374 698018295#2 698018295#3 35802097#0 35802097#1,1.245992320614351,3
224,176,-36294081#0 -1119245058 -1119245057#3 -1119245057#2 -476687231#3 -37051872#1 -37051872#0 36293459#10 37049908 -1024000539#2 -1024000539#1 156460680#1 1119245061 319058602#0 319058602#1 36294383#0 37055563#0 332885734#0 332885734#1 332885734#2 37055217#1 -859785184 36950447#0 36950447#1 -1239117016#2 -1239117016#1 -1239117016#0 -37088673#1 -37088673#0 39820658#0 39820658#1 39820658#2 508751757#0 508751757#1 508751757#2 36936541 697740912 319058636 36936749#0 36936749#1 36936749#2 36936749#3 153730008#0 153730013#0 -153730017 -153730014#0 153730020#3 153730008#2 36936749#5 319779134 36936867 -165172165#2 -165172165#1 -165172165#0 165172163 -165170684#1 -165170684#0 165171783#0 165171783#1 165171783#2 1371061454 -165170994#6 -165170994#5 -165170994#4 -165170994#3 -165170994#2 -165170994#1,5.104834187522423,0
224,176,-36294081#0 -1119245058 -1119245057#3 -1119245057#2 -1119245057#1 -1119245057#0 1119245060#2 1119245061 319058602#0 319058602#1 36294383#0 37055563#0 332885734#0 332885734#1 332885734#2 37055217#1 -859785184 36950447#0 36950447#1 -1239117016#2 -1239117016#1 -1239117016#0 -37088673#1 -37088673#0 39820658#0 39820658#1 39820658#2 508751757#0 508751757#1 508751757#2 36936541 697740912 319058636 36936749#0 36936749#1 36936749#2 36936749#3 36936749#4 36936749#5 319779134 36936867 -165172165#2 -165172165#1 -165172165#0 165172163 -165170684#1 -165170684#0 165171783#0 165171783#1 165171783#2 1371061454 -165170994#6 -165170994#5 -165170994#4 -165170994#3 -165170994#2 -165170994#1,4.465575774640098,1
224,176,-36294081#0 -1119245058 -1119245057#3 -1119245057#2 -1119245057#1 -1119245057#0 -1119245060#1 -1119245060#0 37049908 156460679 37052277#1 37052277#2 37052277#3 37052277#4 1237352048 1119245070 319058612#0 319058612#1 36288941#0 36288941#1 36288941#2 36936373#0 36936373#1 36936373#2 36936373#3 36936373#4 201772610 157574535 -36933126#2 -36933126#1 -36933126#0 -1239117024 -394443151#2 196288048 -394443151#0 394443143#0 394443143#1 394443143#2 1238948418#0 1238948418#1 509025806#1 509025806#2 1338884372 1338884371#4 1338884374 1338884375 1338884371#6 165170683#0 165170683#1 165170683#2 165170683#3 -319058613#2 -319058613#1 -319058613#0 -165170994#6 -165170994#5 -165170994#4 -165170994#3 -165170994#2 -165170994#1,3.854855581233542,2
224,176,-36294081#0 -1119245058 -1119245057#3 -1119245057#2 -1119245057#1 -1119245057#0 1119245060#2 -156460680#1 -1024000539#0 319058602#1 36294383#0 37055563#0 332885734#0 332885734#1 332885734#2 37055217#1 -859785184 36950447#0 36950447#1 -1239117016#2 -1239117016#1 -1239117016#0 -37088673#1 -37088673#0 39820658#0 39820658#1 39820658#2 508751757#0 508751757#1 508751757#2 36936541 697740912 319058636 36936749#0 36936749#1 36936749#2 36936749#3 153730008#0 153730008#1 153730008#2 36936749#5 319779134 36936867 -165172165#2 -165172165#1 -165172165#0 165172163 -165170684#1 -165170684#0 165171783#0 165171783#1 165171783#2 1371061454 -165170994#6 -165170994#5 -165170994#4 -165170994#3 -165170994#2 -165170994#1,4.718927060092617,3
225,172,-35802071#0 35801882#1 35801882#2 56080984 -550211682 319058640 39820664#3 243836888#0 243836888#1 39820664#5 39820664#6 39820664#7 36933156 36933151#0 36933151#1 -1239117024 -394443151#2 -394443151#1 -394443151#0 394443143#0 394443143#1 394443143#2 1238948418#0 1238948418#1 509025806#1 509025806#2 1338884372 1338884371#4 1338884374 1338884375 1338884371#6 165170683#0 165170683#1 165170683#2 165170683#3 -319058613#2 -165170815#1 -165171448#1 -165171448#0 -165170994#5 -165170994#4,2.429275929493494,0
225,172,-35802071#0 35801882#1 35801882#2 56080984 -550211682 319058640 39820664#3 39820664#4 39820664#5 39820664#6 39820664#7 36933156 36933151#0 36933151#1 -1239117024 -394443151#2 -394443151#1 -394443151#0 394443143#0 394443143#1 394443143#2 1238948418#0 1238948418#1 509025806#1 509025806#2 1338884372 1338884371#4 1338884371#5 1338884371#6 165170683#0 165170683#1 165170683#2 165170683#3 -319058613#2 -319058613#1 -319058613#0 -165170994#6 -165170994#5 -165170994#4,2.330850260792714,1
225,172,-35802071#0 35801882#1 35801882#2 56080984 -550211682 319058640 39820664#3 243836888#0 243836888#1 39820664#5 39820664#6 39820664#7 36933156 36933151#0 36933151#1 -1239117024 -394443151#2 196288048 -394443151#0 394443143#0 394443143#1 394443143#2 1238948418#0 1238948418#1 509025806#1 509025806#2 1338884372 1338884371#4 1338884371#5 1338884371#6 165170683#0 165170683#1 165170683#2 165170683#3 -319058613#2 -319058613#1 -319058613#0 -165170994#6 -165170994#5 -165170994#4,2.3872175593320004,2
225,172,-35802071#0 35801882#1 35801882#2 56080984 -550211682 319058640 39820664#3 39820664#4 39820664#5 39820664#6 39820664#7 36933156 36933151#0 36933151#1 -1239117024 -394443151#2 196288048 -394443151#0 394443143#0 394443143#1 394443143#2 1238948418#0 1238948418#1 509025806#1 509025806#2 1338884372 1338884371#4 1338884371#5 1338884371#6 165170683#0 165170683#1 165170683#2 165170683#3 -319058613#2 -165170815#1 -165171448#1 -165171448#0 -165170994#5 -165170994#4,2.4272103599079538,3
225,177,35802071#0 36285797#0 36285797#1 36285797#2 -319058604#0 332885554 710476653#1 710476654 -36934835#1 -36934835#0 36936220 37051113#0 37051113#1 1119245072 37056055#1,1.061183105351572,0
225,177,35802071#0 35802071#1 35802071#2 394446867#0 394446867#1 710476653#0 710476653#1 710476654 -36934835#1 -36934835#0 36936220 37051113#0 37051113#1 1119245072 37056055#1,0.9372930165586753,1
225,177,35802071#0 35802071#1 35802071#2 36284844 36285797#1 36284751 394446867#1 710476653#0 710476653#1 710476654 -36934835#1 -36934835#0 36936220 37051113#0 37051113#1 1119245072 37056055#1,1.014830813534917,2
225,177,35802071#0 36285797#0 339940214 -1339478328#0 -319058604#1 -319058604#0 332885554 710476653#1 710476654 -36934835#1 -36934835#0 36936220 37051113#0 37051113#1 1119245072 37056055#1,1.2957163426925848,3
226,178,37052381#1 37052381#2 36293459#9 36293459#10 1119245060#0 1119245060#1 1119245060#2 1119245061 319058602#0 319058602#1 36294383#0 37055563#0 332885734#0 332885734#1 332885734#2 37055217#1 -859785184 36950447#0 36950447#1 -1239117016#2 -1239117016#1 -1239117016#0 -37088673#1 -37088673#0 39820658#0 39820658#1 39820658#2 508751757#0 508751757#1 508751757#2 36936541 697740912 319058636 36936749#0 36936749#1 36936749#2 36936749#3 36936749#4 36936749#5 319779134 36936867 -165172165#2 -165172165#1 -165172165#0 165172163 1238426242 698024153 165170686 1238426236 165170681#0 165170681#1 -165171783#2,3.744571454985672,0
226,178,-37052381#1 -37052381#0 -1024000539#3 -1024000539#2 -1024000539#1 -1024000539#0 319058602#1 36294383#0 37055563#0 332885734#0 332885734#1 332885734#2 37055217#1 -859785184 36950447#0 36950447#1 -1239117016#2 -1239117016#1 -1239117016#0 -37088673#1 -37088673#0 39820658#0 39820658#1 39820658#2 508751757#0 508751757#1 508751757#2 36936541 697740912 319058636 36936749#0 36936749#1 36936749#2 36936749#3 36936749#4 36936749#5 319779134 36936867 -165172165#2 -165172165#1 -165172165#0 165172163 -165170684#1 -165170684#0 165171783#0 165171783#1 165171783#2,3.734186285799206,1
226,178,-37052381#1 -37052381#0 -1024000539#3 156460679 37052277#1 37052277#2 37052277#3 37052277#4 1237352048 1119245070 319058612#0 319058612#1 36288941#0 36288941#1 36288941#2 36936373#0 36936373#1 36936373#2 36936373#3 36936373#4 201772610 157574535 -36933126#2 -36933126#1 -36933126#0 -1239117024 -394443151#2 -394443151#1 -394443151#0 394443143#0 394443143#1 394443143#2 1238948418#0 1238948418#1 509025806#1 509025806#2 1338884372 1338884371#4 1338884374 1338884375 1338884371#6 165170683#0 165170683#1 165170683#2 165170683#3 -319058613#2 -319058613#1 -319058613#0 -1371061454 -165171783#2,3.0952725399536747,2
226,178,-37052381#1 -37052381#0 -1024000539#3 156460679 37052277#1 37052277#2 37052277#3 37052277#4 1237352048 37050033#0 -48956015 406210869#0 406210869#1 319058612#0 319058612#1 36288941#0 36288941#1 36288941#2 36936373#0 36936373#1 36936373#2 36936373#3 36936373#4 201772610 157574535 -36933126#2 -36933126#1 -36933126#0 -1239117024 -394443151#2 -394443151#1 -394443151#0 394443143#0 394443143#1 394443143#2 1238948418#0 1238948418#1 509025806#1 509025806#2 1338884372 1338884371#4 1338884371#5 1338884371#6 165170683#0 165170683#1 165170683#2 165170683#3 -319058613#2 -319058613#1 -319058613#0 -1371061454 -165171783#2,3.4310441354717582,3
227,0,319058646#0 -319058646#0 -165172165#0 165172163 -165170684#1 -165170684#0 165171783#0 165171783#1 165171783#2 1371061454 319058613#0 319058613#1 319058613#2 165170673#0 165170673#1 165170673#2 1338884371#8 1338884377 243836884#0 243836884#1 243836884#2 243836884#3 243836884#4 243836884#5,1.1117159070118674,0
227,0,-319058646#0 -165172165#0 165172163 -165170684#1 -165170684#0 -698024152#1 -698024152#0 1371061470#0 1371061470#1 1371061468 719004328 36936480#0 36936480#1 36936480#2 39820656#0 39820656#1 -243836884#5,0.3588753313776302,1
227,0,-319058646#0 -165172165#0 165172163 1238426242 698024153 165170686 1238426236 165170681#0 165170681#1 1371061454 -165170994#6 165171448#0 165171448#1 165170815#1 319058613#2 165170673#0 165170673#1 165170673#2 1338884371#8 1338884377 243836884#0 243836884#1 243836884#2 243836884#3 243836884#4 243836884#5,1.008116194988829,2
227,0,319058646#0 -319058646#0 -165172165#0 165172163 -165170684#1 -165170684#0 165171783#0 165171783#1 165171783#2 1371061454 -165170994#6 165171448#0 165171448#1 165170815#1 319058613#2 165170673#0 165170673#1 165170673#2 1338884371#8 1338884377 243836884#0 243836884#1 243836884#2 243836884#3 243836884#4 243836884#5,1.2276146351136192,3
227,108,-319058646#0 165172165#1 165172165#2 1238426243 698024160 -1239117045 -36936749#5 -153730008#2 -153730008#1 -153730008#0 -36936749#3 -36936749#2 -36936749#1 -36936749#0 319058644 319058627 36936541 36936727#0 36936727#1 36936727#2 36936727#3 36936727#4 36936727#5 36936727#6 -650145324#2 -650145324#1 -650145324#0 -650145330#1 -650145330#0,1.879867144381825,0
227,108,-319058646#0 -165172165#0 165172163 -165170684#1 -165170684#0 -698024152#1 -698024152#0 1371061470#0 1371061470#1 1371061468 36936590#0 36936590#1 36936590#2 36936590#3 36936590#4 36936590#5 36936590#6 36936590#7 36936590#8 1239117013#1 1239117013#2 36936494#0 36936494#1 36936655#0 -650145324#3 -650145324#2 -650145324#1 -650145324#0 -650145330#1 -650145330#0,1.2322130377184588,1
227,108,-319058646#0 -165172165#0 165172163 -165170684#1 -165170684#0 -698024152#1 -698024152#0 1371061470#0 1371061470#1 1371061468 36936590#0 36936590#1 36936590#2 36936590#3 36936590#4 36936590#5 36936590#6 36936590#7 36936590#8 1239117013#1 243704191#0 243704191#1 -650145327 650145330#4 650145330#5,0.6571671854010455,2
227,108,-319058646#0 -165172165#0 165172163 1238426242 698024153 165170686 1238426236 165170681#0 165170681#1 -165171783#2 -165171783#1 -165171783#0 -698024152#1 -698024152#0 1371061470#0 1371061470#1 1371061468 36936590#0 36936590#1 36936590#2 36936590#3 36936590#4 36936590#5 36936590#6 36936590#7 36936590#8 1239117013#1 243704191#0 243704191#1 -650145327 -650145330#3 -650145330#2 -650145330#1 -650145330#0,1.437956722238099,3
227,138,319058646#0 -319058646#0 165172165#1 165172165#2 319058601 698024155#0 698024155#1 698024155#2 319779133#0 319779133#1 610135150#5 610135150#6 610135150#7 610135150#8 610135150#9 1057740878 1057740881 610135150#1 1239117050 610135148#0 610135148#1 1102935203 1102935205 1239117048 302162779#5 302162779#6 302162779#1 302162780#0 302162780#1,1.418098953523862,0
227,138,-319058646#0 165172165#1 165172165#2 319058601 698024155#0 698024155#1 698024155#2 319779133#0 319779133#1 610135150#5 610135150#6 610135150#7 610135150#8 610135150#9 610135150#0 610135150#1 1239117050 610135148#0 610135148#1 1102935203 1102935205 1239117048 302162779#5 302162779#6 302162779#1 302162780#0 302162780#1,1.324974403487865,1
227,138,-319058646#0 165172165#1 165172165#2 319058601 698024155#0 698024155#1 698024155#2 319779133#0 319779133#1 610135150#5 610135150#6 610135150#7 610135150#8 610135150#9 610135150#0 610135150#1 1239117050 610135148#0 610135148#1 1102935202 1102935204 1102935205 1239117048 302162779#5 302162779#6 302162779#1 302162780#0 302162780#1,1.3329657641790098,2
227,138,319058646#0 -319058646#0 165172165#1 165172165#2 319058601 698024155#0 698024155#1 698024155#2 319779133#0 319779133#1 610135150#5 610135150#6 610135150#7 610135149 88525123 610135150#9 610135150#0 610135150#1 1239117050 610135148#0 610135148#1 1102935203 1102935205 1239117048 302162779#5 302162779#6 302162779#1 302162780#0 302162780#1,1.4177069272802012,3
227,179,319058646#0 -319058646#0 165172165#1 165172165#2 1238426243 698024160 -1239117045 -36936749#5 -36936749#4 -36936749#3 -36936749#2 -36936749#1 -36936749#0 319058644 698026761 37088673#0 37088673#1 1239117016#0 1239117016#1 1239117016#2 -36950447#1 -36950447#0 36950586 -319058589#3 -319058589#2 -319058589#1 -319058589#0 -394456379 -36950439#1 -36950439#0 37088258#0 37050051 1119245067 37055902#0 -37051625#2 -37051625#1 -37051625#0 -156480737#2 -156480737#1 394456380 37056002 1119245115 37056017 -159922662#1 -159922662#0 -156460682#0 -37054319 -270968319 -37053056#8 -37053056#7 -37053056#6 -37053056#5,4.447200679259377,0
227,179,-319058646#0 165172165#1 165172165#2 1238426243 698024160 -1239117045 -36936749#5 -36936749#4 -36936749#3 -36936749#2 -36936749#1 -36936749#0 319058644 698026761 37088673#0 37088673#1 1239117016#0 1239117016#1 1239117016#2 -36950447#1 -36950447#0 36950586 -319058589#3 -319058589#2 -319058589#1 -319058589#0 -394456379 -36950439#1 -36950439#0 37088258#0 37088258#1 394456378 157555049 1119245067 37055902#0 -37051625#2 -37051625#1 -37051625#0 -156480737#2 -156480755 37050515#2 156480737#0 394456380 37056002 1119245115 37056017 -159922662#1 37054401 37056055#1 319058606 159922661 -270968319 -37053056#8 -37053056#7 -37053056#6 -37053056#5,4.524166483579666,1
227,179,-319058646#0 -165172165#0 165172163 1238426242 698024153 165170686 1238426236 165170681#0 165170681#1 1371061454 319058613#0 319058613#1 319058613#2 165170673#0 165170673#1 165170673#2 1338884371#8 1338884371#0 1338884371#1 1338884371#2 1338884373 -509025806#2 -509025806#1 -509025806#0 -1238948418#0 509033674#0 509033674#1 394443151#0 394443151#1 394443151#2 153732964 -269702559 -36933151#0 36933113 39820664#9 36933223 36933282#0 36933282#1 36288851#3 36933307#0 36933306 36284386#1 36933240 394446867#1 710476653#0 710476653#1 710476654 -36934835#1 -36934835#0 36936220 37051113#0 37051113#1 1119245072 37056055#1 319058606 159922661 -270968319 -37053056#8 -37053056#7 -37053056#6 -37053056#5,4.088225967878226,2
227,179,-319058646#0 -165172165#0 165172163 1238426242 698024153 165170686 165170685#0 394443149#0 -394443152#1 -394443152#0 -165170818#7 -165170818#6 -165170818#5 -165170818#4 -165170818#3 -165170818#2 -165170818#1 -165170818#0 165170815#0 165170815#1 319058613#2 165170673#0 165170673#1 165170673#2 1338884371#8 1338884377 1338884376 1338884371#1 1338884371#2 1338884373 -509025806#2 -509025806#1 -509025806#0 -1238948418#0 509033674#0 509033674#1 394443151#0 394443151#1 394443151#2 153732964 -269702559 -36933151#0 36933113 39820664#9 36933223 36933282#0 36933282#1 -36288851#2 -36288851#1 -36288851#0 394446867#0 394446867#1 710476653#0 710476653#1 710476654 -36934835#1 -36934835#0 36936220 37051113#0 37051113#1 1119245072 37056055#1 319058606 159922661 -270968319 -37053056#8 -37053056#7 -37053056#6 -37053056#5,4.788722178406404,3
228,180,39820659#1 39820659#2 39820659#3 153733879 319058611 328471844 328471845#1 1339510609#0 1339510609#1 36950657#0 36950657#1 1119245066#0 1119245066#1 269702545 319058589#0 319058589#1 319058589#2 319058589#3 -859785184 36950447#0 36950447#1 -1239117016#2 -1239117016#1 -1239117016#0 -37088673#1 -37088673#0 39820658#0 39820658#1 39820658#2 508751757#0 508751757#1 508751757#2 36936541 697740912 319058636 36936749#0 36936749#1,2.539590900834383,0
228,180,39820659#1 39820659#2 39820659#3 153733879 319058611 328471844 328471845#1 1339510609#0 1339510609#1 -1339510610 319058608#0 319058608#1 -157553237#1 -157553237#0 -157553234 -157574536#1 -157574536#0 -710476024#1 -710476024#0 1162674260 508751758#0 508751758#1 508751758#2 508751757#0 508751757#1 508751757#2 36936541 697740912 319058636 36936749#0 36936749#1,1.0885153721152052,1
228,180,39820659#1 39820659#2 39820659#3 153733879 -36950506#3 -36950506#2 -36950506#1 -36950506#0 36950447#0 36950447#1 -1239117016#2 -1239117016#1 -1239117016#0 -37088673#1 -37088673#0 39820658#0 39820658#1 39820658#2 508751757#0 508751757#1 508751757#2 36936541 36936727#0 36936727#1 36936727#2 357228242 319779156#0 319779156#1 319058636 36936749#0 36936749#1,1.7351467220156145,2
228,180,39820659#1 39820659#2 39820659#3 153733879 -36950506#3 -36950506#2 -36950506#1 -36950506#0 36950447#0 36950447#1 -1239117016#2 -1239117016#1 -1239117016#0 -37088673#1 -37088673#0 39820658#0 39820658#1 39820658#2 508751757#0 508751757#1 508751757#2 36936541 697740912 319058636 36936749#0 36936749#1,1.5489931498549423,3
229,108,-35802071#1 36285797#0 -36284844 36288851#0 36288851#1 36288851#2 -36933282#1 -36933282#0 36933050 39820664#1 39820664#2 39820664#3 39820664#4 39820664#5 39820664#6 39820664#7 36933156 36933151#0 36933151#1 36933126#0 36933126#1 36933126#2 37088447#0 37088447#1 37088447#2 1088466838#0 1088466838#1 319058586 319058587#0 319058587#1 319058587#2 508751758#0 508751758#1 508751758#2 508751757#0 508751757#1 508751757#2 36936541 36936727#0 36936727#1 36936727#2 36936727#3 36936727#4 36936727#5 36936727#6 -650145324#2 -650145324#1 -650145324#0 -650145330#1 -650145330#0,2.3866609177116413,0
229,108,35802071#1 35802071#2 36288851#0 36288851#1 36284386#0 -36933306 -36933307#0 275506498 269702543 269702544 201772610 157574535 37088447#0 37088447#1 37088447#2 1088466838#0 1088466838#1 319058586 319058587#0 319058587#1 319058587#2 508751758#0 508751758#1 508751758#2 508751757#0 508751757#1 508751757#2 36936541 36936727#0 36936727#1 36936727#2 36936727#3 36936727#4 36936727#5 36936727#6 -650145324#2 -650145324#1 -650145324#0 -650145330#1 -650145330#0,1.826781781849891,1
229,108,35802071#1 35802071#2 36288851#0 36288851#1 36288851#2 36288851#3 275506498 269702543 269702544 201772610 157574535 37088447#0 37088447#1 37088447#2 1088466838#0 1088466838#1 319058586 319058587#0 319058587#1 319058587#2 508751758#0 508751758#1 508751758#2 508751757#0 508751757#1 508751757#2 36936541 36936727#0 36936727#1 36936727#2 36936727#3 36936727#4 36936727#5 36936727#6 -650145324#2 -650145324#1 -650145324#0 650145330#2 650145330#3 650145330#4 650145330#5,1.7098511363015347,2
229,108,-35802071#1 36285797#0 -36284844 36288851#0 36288851#1 36284386#0 -36933306 -36933307#0 275506498 269702543 269702544 201772610 157574535 37088447#0 37088447#1 37088447#2 1088466838#0 1088466838#1 319058586 319058587#0 319058587#1 319058587#2 508751758#0 508751758#1 508751758#2 508751757#0 508751757#1 508751757#2 36936541 36936727#0 36936727#1 36936727#2 36936727#3 36936727#4 36936727#5 36936727#6 -650145324#2 -650145324#1 -650145324#0 -650145330#1 -650145330#0,1.9146507523322525,3
230,60,1238956371 187827287 1119245264#0 1119245264#1 36936423#0 36936423#1 36936423#2 36936423#3 36936423#4 36936423#5 36936423#6 36936423#7 698018294#0 698018294#1 1238956370 698018293 -36936220 36934835#0 36934835#1 36934835#2 332885553 332885552 -394446867#1 -394446867#0 36288851#0 36288851#1 36288851#2 -36933282#1 -36933282#0 36933050 39820664#1 243836885 319058640 39820664#3 243836888#0 243836888#1 39820664#5 39820664#6 39820664#7 36933156 36933151#0 36933151#1 -1239117024 -394443151#2 -394443151#1 -394443151#0 394443143#0 394443143#1 394443143#2 1238948418#0 1238948418#1 509025806#1 509025806#2 1338884372 1338884371#4 1338884371#5 1338884371#6 165170683#0 165170683#1 165170683#2 165170683#3 -319058613#2 -319058613#1 -319058613#0 -1371061454 -165171783#2 -165171783#1 -165171783#0 165170684#0 -165172642#2 -165172642#1 -165172642#0,4.762678852560595,0
230,60,1238956371 187827287 1119245264#0 1119245264#1 36936423#0 36936423#1 36936423#2 36936423#3 36936423#4 36936423#5 36936423#6 36936423#7 698018294#0 698018294#1 1238956370 698018293 -36936220 39820661#0 39820661#1 36934854#0 -156480752 -1109771198#1 -1109771198#0 -36936392#1 -36936392#0 36288941#1 36288941#2 36289159#0 36289159#1 36289159#2 36289295#0 153730939#0 153730939#1 153730941#1 -36289599#0 -157553237#1 -157553237#0 -157553234 -157574536#1 -157574536#0 -710476024#1 -710476024#0 1162674260 508751758#0 508751758#1 508751758#2 508751757#0 508751757#1 508751757#2 36936541 697740912 319058636 36936749#0 36936749#1 36936749#2 36936749#3 36936749#4 36936749#5 319779134 36936867 -165172165#2 -165172165#1 -165172165#0 165172163 -165170684#1 -165172642#2 -165172642#1 -165172642#0,3.4528204209723983,1
230,60,1238956371 187827287 1119245264#0 1119245264#1 36936423#0 36936423#1 36936423#2 36936423#3 36936423#4 36936423#5 36936423#6 36936423#7 698018294#0 698018294#1 1238956370 698018293 -36936220 36934835#0 36934835#1 36934835#2 -710476653#1 -710476653#0 -394446867#1 -394446867#0 36288851#0 36288851#1 36288851#2 36288851#3 275506498 269702543 269702544 201772610 157574535 -36933126#2 -36933126#1 -36933126#0 -1239117024 -394443151#2 -394443151#1 -394443151#0 394443143#0 394443143#1 394443143#2 1238948418#0 1238948418#1 509025806#1 509025806#2 1338884372 1338884371#4 1338884371#5 1338884371#6 165170683#0 165170683#1 165170683#2 165170683#3 -319058613#2 -319058613#1 -319058613#0 -1371061454 -165171783#2 -165171783#1 -165171783#0 165170684#0 -165172642#2 -165172642#1 -165172642#0,4.898474062751162,2
230,60,1238956371 187827287 1119245264#0 1119245264#1 36936423#0 36936423#1 36936423#2 36936423#3 36936423#4 36936423#5 36936423#6 36936423#7 698018294#0 698018294#1 1238956370 698018293 -36936220 36934835#0 36934835#1 36934835#2 -710476653#1 -710476653#0 -394446867#1 -394446867#0 36288851#0 36288851#1 36284386#0 -36933306 -36933307#0 275506498 269702543 269702544 201772610 157574535 -36933126#2 -36933126#1 -36933126#0 -1239117024 -394443151#2 196288048 -394443151#0 394443143#0 394443143#1 394443143#2 1238948418#0 1238948418#1 509025806#1 509025806#2 1338884372 1338884371#4 1338884371#5 1338884371#6 165170683#0 165170683#1 165170683#2 165170683#3 -319058613#2 -319058613#1 -319058613#0 -1371061454 -165171783#2 -165171783#1 -165171783#0 165170684#0 -165172642#2 -165172642#1 -165172642#0,5.047293965082142,3
231,3,-37088673#0 37088673#0 -153730010#2,0.4835493160547155,0
231,3,37088673#0 -153730010#2,0.2423206143508519,1
232,183,36936749#1 -36936749#1 -36936749#0 319058644 698026761 37088673#0 37088673#1 1239117016#0 1239117016#1 1239117016#2 -36950447#1 -36950447#0 36950586 -319058589#3 -319058589#2 -319058589#1 -319058589#0 -394456379 607473249#0 607473249#1 -36950657#1 -36950657#0 -269702562 -1339510609#0 -328471845#1 -328471845#0 -319058611,2.135788528396372,0
232,183,-36936749#1 -36936749#0 319058644 698026761 39820658#0 39820658#1 39820658#2 -508751758#2 -508751758#1 -508751758#0 -1162674260 37088542 710476024#1 157574536#0 157574536#1 157574536#2 157553237#0 157553237#1 -319058608#1 -319058608#0 1339510610 -269702562 -1339510609#0 -328471845#1 -328471845#0 -319058611,0.6309106269993208,1
232,183,-36936749#1 -36936749#0 319058644 698026761 39820658#0 39820658#1 39820658#2 -508751758#2 -508751758#1 -508751758#0 -1162674260 39820659#0 39820659#1 39820659#2 39820659#3 153733879 319058611,0.548480609400033,2
233,31,36289394#2 -157553238 -157574536#1 -157574536#0 -710476024#1 -710476024#0 1162674260 508751758#0 508751758#1 508751758#2 508751757#0 508751757#1 508751757#2 36936541 697740912 319058636 36936749#0 36936749#1 36936749#2 36936749#3 36936749#4 36936749#5 319779134 36936867 319058601 698024155#0 698024155#1 698024155#2 319779133#0 319779133#1 610135150#5 610135150#6 610135150#7 610135150#8 610135150#9 1057740878 1057740881 610135150#1 1239117050 1239117049 610135150#3 610135147#0 610135147#1,1.4404961824476188,0
233,31,36289394#2 1339510611 -157553237#0 -157553234 -157574536#1 -157574536#0 -710476024#1 -710476024#0 1162674260 508751758#0 508751758#1 508751758#2 508751757#0 508751757#1 508751757#2 36936541 697740912 319058636 36936749#0 36936749#1 36936749#2 36936749#3 36936749#4 36936749#5 319779134 36936867 319058601 698024155#0 698024155#1 698024155#2 319779133#0 319779133#1 610135150#5 610135150#6 610135150#7 610135150#8 610135150#9 610135150#0 610135150#1 610135150#2 610135150#3 610135147#0 610135147#1,1.3355739839642715,1
233,31,36289394#2 -157553238 -157574536#1 -157574536#0 -710476024#1 -710476024#0 1162674260 508751758#0 508751758#1 508751758#2 508751757#0 508751757#1 508751757#2 36936541 697740912 319058636 36936749#0 36936749#1 36936749#2 36936749#3 36936749#4 36936749#5 319779134 36936867 319058601 698024155#0 698024155#1 698024155#2 319779133#0 319779133#1 610135150#5 610135150#6 610135150#7 610135150#8 610135150#9 1057740878 1057740881 610135150#1 610135150#2 610135150#3 610135147#0 610135147#1,1.421861673208358,2
233,31,36289394#2 -157553238 -157574536#1 -157574536#0 -710476024#1 -710476024#0 1162674260 508751758#0 508751758#1 508751758#2 508751757#0 508751757#1 508751757#2 36936541 697740912 319058636 36936749#0 36936749#1 36936749#2 36936749#3 36936749#4 36936749#5 319779134 36936867 319058601 698024155#0 698024155#1 698024155#2 319779133#0 319779133#1 610135150#5 610135150#6 610135150#7 610135149 88525123 610135150#9 1057740878 1057740881 610135150#1 610135150#2 610135150#3 610135147#0 610135147#1,1.4616784302620334,3
234,6,165172165#1 -165172165#1 319058646#0 319058646#1,0.5212383009359252,0
234,6,-165172165#1 319058646#0 319058646#1,0.285037197024238,2
234,132,165172165#1 -165172165#1 -165172165#0 165172163 -165170684#1 -165170684#0 165171783#0 165171783#1 165171783#2 1371061454 319058613#0 319058613#1 -165170815#1 -165171448#1 -165171448#0 -165170994#5 -165170994#4 -165170994#3 -165170994#2 -165170994#1 -165170994#0 165170818#0 165170818#1 165170818#2 165170818#3 165170818#4 165170818#5 165170818#6 165170818#7 165170818#8 165170817 165170685#0 165170685#1 -698024153,2.2802495800335976,0
234,132,-165172165#1 -165172165#0 165172163 -165170684#1 -165170684#0 165171783#0 165171783#1 165171783#2 -165170681#1 -165170681#0 165170816 165170817 165170685#0 165170685#1 -698024153,1.221082313414927,1
234,132,-165172165#1 -165172165#0 165172163 1238426242 698024153,0.3088192944564434,2
234,132,165172165#1 -165172165#1 -165172165#0 165172163 -165170684#1 -165170684#0 165171783#0 165171783#1 165171783#2 -165170681#1 -165170681#0 165170816 -165170818#8 394443152#0 394443152#1 -394443149#0 165170685#1 -698024153,1.606263498920086,3
234,178,-165172165#1 -165172165#0 165172163 1238426242 698024153 165170686 1238426236 165170816 -165170818#8 -165170818#7 -165170818#6 -165170818#5 -165170818#4 -165170818#3 -165170818#2 -165170818#1 -165170818#0 165170815#0 165170815#1 -319058613#1 -319058613#0 -1371061454 -165171783#2,1.4692464602831774,0
234,178,-165172165#1 -165172165#0 165172163 -165170684#1 -165170684#0 165171783#0 165171783#1 165171783#2,0.4840652747780177,1
234,178,-165172165#1 -165172165#0 165172163 1238426242 698024153 165170686 1238426236 165170816 -165170818#8 -165170818#7 -165170818#6 -165170818#5 -165170818#4 -165170818#3 -165170818#2 -165170818#1 -165170818#0 165170815#0 -165171448#1 -165171448#0 165170994#6 -1371061454 -165171783#2,1.372354211663067,2
234,178,165172165#1 -165172165#1 -165172165#0 165172163 1238426242 698024153 165170686 1238426236 165170816 -165170818#8 -165170818#7 -165170818#6 -165170818#5 -165170818#4 -165170818#3 -165170818#2 -165170818#1 -165170818#0 165170815#0 -165171448#1 -165171448#0 165170994#6 -1371061454 -165171783#2,1.608555315574754,3
234,185,-165172165#1 -165172165#0 165172163 -165170684#1 -165170684#0 165171783#0 165171783#1 165171783#2 1371061454 319058613#0 319058613#1 319058613#2 165170673#0 165170673#1 165170673#2 1338884371#8 1338884377 1338884376 1338884371#1 1338884371#2 1338884373 -509025806#2 -509025806#1 -509025806#0 -1238948418#0 509033674#0 509033674#1 394443151#0 394443151#1 394443151#2 153732964 -269702559 -36933151#0 36933113 39820664#9 36933223 36933282#0 36933282#1 -36288851#2 -36288851#1 -36288851#0 -35802071#2,3.352701060095871,0
234,185,165172165#1 165172165#2 1238426243 698024160 -1239117045 -36936749#5 -36936749#4 -36936749#3 -36936749#2 -36936749#1 -36936749#0 319058644 698026761 39820658#0 39820658#1 39820658#2 -508751758#2 -508751758#1 -508751758#0 -319058587#2 -319058587#1 -319058587#0 -319058586 -1088466838#1 -1088466838#0 -37088447#2 -37088447#1 -37088447#0 -36933126#2 -36933126#1 -36933126#0 -269702559 -36933151#0 36933113 39820664#9 36933223 36933282#0 36933282#1 -36288851#2 -36288851#1 -36288851#0 -35802071#2,2.5486248678863563,1
234,185,-165172165#1 -165172165#0 165172163 1238426242 698024153 165170686 1238426236 165170681#0 165170681#1 1371061454 319058613#0 319058613#1 319058613#2 165170673#0 165170673#1 165170673#2 1338884371#8 1338884371#0 1338884371#1 1338884371#2 1338884373 -509025806#2 -509025806#1 -509025806#0 -1238948418#0 509033674#0 509033674#1 394443151#0 -196288048 394443151#2 153732964 -269702559 -36933151#0 36933113 39820664#9 36933223 36933282#0 36933282#1 -36288851#2 -36288851#1 -36288851#0 -35802071#2,3.189517672465028,2
234,185,-165172165#1 -165172165#0 165172163 -165170684#1 -165170684#0 165171783#0 165171783#1 165171783#2 1371061454 319058613#0 319058613#1 319058613#2 165170673#0 165170673#1 165170673#2 1338884371#8 1338884371#0 1338884371#1 1338884371#2 1338884373 -509025806#2 -509025806#1 -509025806#0 -1238948418#0 509033674#0 509033674#1 394443151#0 -196288048 394443151#2 153732964 -269702559 -36933151#0 36933113 39820664#9 36933223 36933282#0 36933282#1 -36288851#2 -36288851#1 -36288851#0 -35802071#2,3.356100345851157,3
235,161,610135147#0 610135147#1 610135147#2 319058592#0 319058592#1 319058592#2 319058592#3 -1238426243 -165172165#2 -165172165#1 -165172165#0 165172163 -165170684#1 -165170684#0 165171783#0 165171783#1 165171783#2 1371061454 319058613#0 319058613#1 319058613#2 165170673#0 165170673#1 165170673#2 1338884371#8 1338884377 243836884#0 243836884#1,1.795450317169946,0
235,161,610135147#0 610135147#1 610135147#2 319058592#0 319058592#1 319058592#2 319058592#3 -1238426243 -165172165#2 -165172165#1 -165172165#0 165172163 -165170684#1 -165170684#0 -698024152#1 -698024152#0 1371061470#0 1371061470#1 1371061468 719004328 36936480#0 36936480#1 36936480#2 39820656#0 39820656#1 -243836884#5 -243836884#4 -243836884#3 -243836884#2 -243836884#1,1.4168576414876908,1
235,161,610135147#0 610135147#1 610135147#2 319058592#0 319058592#1 319058592#2 319058592#3 -1238426243 -165172165#2 -165172165#1 -165172165#0 165172163 1238426242 698024153 165170686 1238426236 165170681#0 165170681#1 1371061454 -165170994#6 165171448#0 165171448#1 165170815#1 319058613#2 165170673#0 165170673#1 165170673#2 1338884371#8 1338884377 243836884#0 243836884#1,1.7447663718855688,2
235,161,610135147#0 610135147#1 610135147#2 319058592#0 319058592#1 319058592#2 319058592#3 -1238426243 -165172165#2 -165172165#1 -165172165#0 165172163 -165170684#1 -165170684#0 165171783#0 165171783#1 165171783#2 1371061454 -165170994#6 165171448#0 165171448#1 165170815#1 319058613#2 165170673#0 165170673#1 165170673#2 1338884371#8 1338884377 243836884#0 243836884#1,1.911349045271698,3
235,186,610135147#0 610135147#1 610135147#2 319058592#0 319058592#1 319058592#2 319058592#3 -1238426243 -165172165#2 -165172165#1 -165172165#0 165172163 -165170684#1 -165170684#0 -698024152#1 -698024152#0 1371061470#0 1371061470#1 1371061468 36936590#0 36936590#1 36936590#2 36936590#3 36936590#4 36936590#5 36936590#6 36936590#7 36936590#8 1239117013#1 1239117013#2 36936494#0 36936494#1 36936655#0 36936655#1 153732960#0 153732960#1 394443153#1 202422660#0,2.029058364799764,0
235,186,610135147#0 610135147#1 610135147#2 319058592#0 319058592#1 319058592#2 319058592#3 698024160 -1239117045 -36936749#5 -36936749#4 -36936749#3 -36936749#2 -36936749#1 -36936749#0 319058644 319058627 36936541 36936727#0 36936727#1 36936727#2 357228242 -202422660#2 -202422660#1 -202422660#0,1.3439023923990674,1
235,186,610135147#0 610135147#1 610135147#2 319058592#0 319058592#1 319058592#2 319058592#3 698024160 -1239117045 -36936749#5 -153730008#2 -153730020#3 153730014#0 153730014#1 -153730013#1 -153730013#0 -153730008#0 -36936749#3 -36936749#2 -36936749#1 -36936749#0 319058644 319058627 36936541 36936727#0 36936727#1 36936727#2 357228242 -202422660#2 -202422660#1 -202422660#0,1.4551085400116688,2
235,186,610135147#0 610135147#1 610135147#2 319058592#0 319058592#1 319058592#2 319058592#3 -1238426243 -165172165#2 -165172165#1 -165172165#0 165172163 1238426242 698024153 165170686 1238426236 165170681#0 165170681#1 -165171783#2 -165171783#1 -165171783#0 -698024152#1 -698024152#0 1371061470#0 1371061470#1 1371061468 36936590#0 36936590#1 36936590#2 36936590#3 36936590#4 36936590#5 36936590#6 36936590#7 36936590#8 1239117013#1 1239117013#2 36936494#0 36936494#1 36936655#0 36936655#1 153732960#0 153732960#1 -327342938 153732962#2 153732962#3 -153732963#1 -202422660#0,3.0122154145166977,3
236,31,39820661#0 39820661#1 36934854#0 -156480752 -1109771198#1 -1109771198#0 -36936392#1 -36936392#0 -36288941#0 270968317#0 270968317#1 36936396#0 -394456375 36935232 36289159#2 36935235#0 -269702565#1 153730934 36935235#2 36935235#3 36289394#0 36289394#1 36289394#2 -157553238 -157574536#1 -157574536#0 -710476024#1 -710476024#0 1162674260 508751758#0 508751758#1 508751758#2 508751757#0 508751757#1 508751757#2 36936541 697740912 319058636 36936749#0 36936749#1 36936749#2 36936749#3 36936749#4 36936749#5 319779134 36936867 319058601 698024155#0 698024155#1 698024155#2 319779133#0 319779133#1 610135150#5 610135150#6 610135150#7 610135150#8 610135150#9 610135150#0 610135150#1 1239117050 1239117049 610135150#3 610135147#0 610135147#1,2.2251971903453844,0
236,31,39820661#0 39820661#1 36934854#0 -156480752 -1109771198#1 -1109771198#0 -36936392#1 -36936392#0 36288941#1 36288941#2 36289159#0 36289159#1 36289159#2 36935235#0 36935235#1 36935235#2 36935235#3 36289394#0 36289394#1 36289394#2 -157553238 -157574536#1 -157574536#0 -710476024#1 -710476024#0 1162674260 508751758#0 508751758#1 508751758#2 508751757#0 508751757#1 508751757#2 36936541 697740912 319058636 36936749#0 36936749#1 36936749#2 36936749#3 36936749#4 36936749#5 319779134 36936867 319058601 698024155#0 698024155#1 698024155#2 319779133#0 319779133#1 610135150#5 610135150#6 610135150#7 610135150#8 610135150#9 610135150#0 610135150#1 610135150#2 610135150#3 610135147#0 610135147#1,2.083464744962617,1
236,31,39820661#0 39820661#1 36934854#0 -156480752 1057740871#0 1057740871#1 36934860#0 36934860#1 36934860#2 36934860#3 1339510612#0 1339510612#1 1339510612#2 36289159#0 36289159#1 36289159#2 36935235#0 -269702565#1 153730934 36935235#2 36935235#3 36289394#0 36289394#1 36289394#2 1339510611 -157553237#0 -157553234 -157574536#1 -157574536#0 -710476024#1 -710476024#0 1162674260 508751758#0 508751758#1 508751758#2 508751757#0 508751757#1 508751757#2 36936541 697740912 319058636 36936749#0 36936749#1 36936749#2 36936749#3 153730008#0 153730008#1 153730008#2 36936749#5 319779134 36936867 319058601 698024155#0 698024155#1 698024155#2 319779133#0 319779133#1 610135150#5 610135150#6 610135150#7 610135150#8 610135150#9 610135150#0 610135150#1 610135150#2 610135150#3 610135147#0 610135147#1,1.9724145902711223,2
236,31,39820661#0 39820661#1 36934854#0 -156480752 -1109771198#1 -1109771198#0 -36936392#1 -36936392#0 36288941#1 36288941#2 36936373#0 36936373#1 153730938 153730933#2 269702565#1 36935235#1 36935235#2 36935235#3 36289394#0 36289394#1 36289394#2 -157553238 -157574536#1 -157574536#0 -710476024#1 -710476024#0 1162674260 508751758#0 508751758#1 508751758#2 508751757#0 508751757#1 508751757#2 36936541 697740912 319058636 36936749#0 36936749#1 36936749#2 36936749#3 36936749#4 36936749#5 319779134 36936867 319058601 698024155#0 698024155#1 698024155#2 319779133#0 319779133#1 610135150#5 610135150#6 610135150#7 610135150#8 610135150#9 610135150#0 610135150#1 610135150#2 610135150#3 610135147#0 610135147#1,2.29323347561538,3
237,0,36936373#0 36936373#1 153730938 -153730933#1 -153730933#0 36936373#3 36936373#4 201772610 157574535 -36933126#2 -36933126#1 -36933126#0 -1239117024 -394443151#2 -394443151#1 -394443151#0 394443143#0 394443143#1 394443143#2 1238948418#0 1238948418#1 509025806#1 509025806#2 1338884372 1338884371#4 1338884374 1338884375 1338884371#6 1338884371#7 1338884371#8 1338884377 243836884#0 243836884#1 243836884#2 243836884#3 243836884#4 243836884#5,2.5895215112870944,0
237,0,36936373#0 36936373#1 36936373#2 36936373#3 36936373#4 201772610 157574535 -36933126#2 -36933126#1 -36933126#0 -1239117024 -394443151#2 -394443151#1 -394443151#0 394443143#0 394443143#1 394443143#2 1238948418#0 1238948418#1 509025806#1 509025806#2 1338884372 1338884371#4 1338884371#5 1338884371#6 1338884371#7 1338884371#8 1338884377 243836884#0 243836884#1 243836884#2 243836884#3 243836884#4 243836884#5,2.3922473778262314,1
237,0,36936373#0 36936373#1 153730938 -153730933#1 -153730933#0 36936373#3 36936373#4 201772610 157574535 -36933126#2 -36933126#1 -36933126#0 -1239117024 -394443151#2 -394443151#1 -394443151#0 394443143#0 394443143#1 394443143#2 1238948418#0 1238948418#1 509025806#1 509025806#2 1338884372 1338884371#4 1338884371#5 1338884371#6 1338884371#7 1338884371#8 1338884377 243836884#0 243836884#1 243836884#2 243836884#3 243836884#4 243836884#5,2.578172876423608,2
237,0,36936373#0 36936373#1 153730938 -153730933#1 153730925#0 153730925#1 153730936#3 201772610 157574535 -36933126#2 -36933126#1 -36933126#0 -1239117024 -394443151#2 196288048 -394443151#0 394443143#0 394443143#1 394443143#2 1238948418#0 1238948418#1 509025806#1 509025806#2 1338884372 1338884371#4 1338884371#5 1338884371#6 1338884371#7 1338884371#8 1338884377 243836884#0 243836884#1 243836884#2 243836884#3 243836884#4 243836884#5,2.634354346444837,3
237,31,36936373#0 36936373#1 153730938 -153730933#1 153730925#0 270968324 270968323#1 153730936#2 153730936#3 201772610 157574535 37088447#0 37088447#1 37088447#2 1088466838#0 1088466838#1 319058586 319058587#0 319058587#1 319058587#2 508751758#0 508751758#1 508751758#2 508751757#0 508751757#1 508751757#2 36936541 697740912 319058636 36936749#0 36936749#1 36936749#2 36936749#3 36936749#4 36936749#5 319779134 36936867 319058601 698024155#0 698024155#1 698024155#2 319779133#0 319779133#1 610135150#5 610135150#6 610135150#7 610135150#8 610135150#9 610135150#0 610135150#1 1239117050 1239117049 610135150#3 610135147#0 610135147#1,2.0684734726172405,0
237,31,36936373#0 36936373#1 36936373#2 36936373#3 36936373#4 201772610 157574535 37088447#0 37088447#1 37088447#2 1088466838#0 1088466838#1 319058586 319058587#0 319058587#1 319058587#2 508751758#0 508751758#1 508751758#2 508751757#0 508751757#1 508751757#2 36936541 697740912 319058636 36936749#0 36936749#1 36936749#2 36936749#3 36936749#4 36936749#5 319779134 36936867 319058601 698024155#0 698024155#1 698024155#2 319779133#0 319779133#1 610135150#5 610135150#6 610135150#7 610135150#8 610135150#9 610135150#0 610135150#1 610135150#2 610135150#3 610135147#0 610135147#1,1.6927050048417374,1
237,31,36936373#0 36936373#1 153730938 153730933#2 153730934 36935235#2 36935235#3 36289394#0 36289394#1 36289394#2 -157553238 -157574536#1 -157574536#0 -710476024#1 -710476024#0 1162674260 508751758#0 508751758#1 508751758#2 508751757#0 508751757#1 508751757#2 36936541 697740912 319058636 36936749#0 36936749#1 36936749#2 36936749#3 36936749#4 36936749#5 319779134 36936867 319058601 698024155#0 698024155#1 698024155#2 319779133#0 319779133#1 610135150#5 610135150#6 610135150#7 610135150#8 610135150#9 610135150#0 610135150#1 1239117050 1239117049 610135150#3 610135147#0 610135147#1,1.861364025171416,2
238,14,-394443152#0 165170818#8 165170817 165170685#0 165170685#1 -698024153 165172166 165172165#0 165172165#1 165172165#2 319058601 932857453 319058592#3 698024160 -1239117045 -36936749#5 -36936749#4 -36936749#3 -36936749#2 -36936749#1 -36936749#0 319058644 698026761 37088673#0 37088673#1 1239117016#0 1239117016#1 1239117016#2 698026762,2.846586105694802,0
238,14,394443152#0 394443152#1 -394443149#0 165170685#1 -698024153 -1238426242 -165170684#1 -165170684#0 -698024152#1 -698024152#0 1371061470#0 1371061470#1 1371061468 36936590#0 36936590#1 36936590#2 36936590#3 36936590#4 36936590#5 36936590#6 36936590#7 36936590#8 1239117013#1 1239117013#2 36936494#0 36936494#1 36936655#0 36936655#1 36936655#2 36936655#3 36936655#4 36936655#5 36936655#6 319779156#0 319779156#1 319058636 319058644 698026761 37088673#0 37088673#1 1239117016#0 1239117016#1 1239117016#2 698026762,2.17523739954989,1
238,14,394443152#0 394443152#1 -394443149#0 165170685#1 -698024153 -1238426242 -165170684#1 -165170684#0 -698024152#1 -698024152#0 1371061470#0 1371061470#1 1371061468 36936590#0 36936590#1 36936590#2 36936590#3 36936590#4 36936590#5 36936590#6 36936590#7 36936590#8 1239117013#1 1239117013#2 36936494#0 36936494#1 36936655#0 36936655#1 153732960#0 153732960#1 394443153#1 202422660#0 202422660#1 202422660#2 319779156#0 319779156#1 319058636 319058644 698026761 37088673#0 37088673#1 1239117016#0 1239117016#1 1239117016#2 698026762,2.5495007330106665,2
238,14,-394443152#0 165170818#8 165170817 165170685#0 165170685#1 -698024153 165172166 165172165#0 165172165#1 165172165#2 1238426243 698024160 -1239117045 -36936749#5 -36936749#4 -36936749#3 -36936749#2 -36936749#1 -36936749#0 319058644 698026761 37088673#0 37088673#1 1239117016#0 1239117016#1 1239117016#2 698026762,2.3552644735315864,3
239,8,243836884#5 39820657#0 39820657#1 719004331 1371061469#0 1371061469#1 698024152#0 698024152#1 165171783#0 165171783#1,0.2309506382603703,1
239,8,243836884#5 39820657#0 39820657#1 719004331 1371061469#0 1371061469#1 698024152#0 698024152#1 165170684#0 165170684#1 1238426242 698024153 165170686 1238426236 165170816 -165170818#8 -165170818#7 -165170818#6 -165170818#5 -165170818#4 -165170818#3 -165170818#2 -165170818#1 -165170818#0 165170815#0 -165171448#1 -165171448#0 165170994#6 -1371061454 -165171783#2 -165171783#1,1.7419177608905598,3
239,132,243836884#5 39820657#0 39820657#1 719004331 1371061469#0 1371061469#1 698024152#0 698024152#1 165170684#0 165170684#1 1238426242 698024153,0.287370124701455,1
239,132,243836884#5 39820657#0 39820657#1 719004331 1371061469#0 1371061469#1 698024152#0 698024152#1 165171783#0 165171783#1 165171783#2 1371061454 -165170994#6 165171448#0 165171448#1 -165170815#0 165170818#0 165170818#1 165170818#2 165170818#3 165170818#4 165170818#5 165170818#6 165170818#7 165170818#8 165170817 165170685#0 165170685#1 -698024153,1.5848743243654817,2
239,132,243836884#5 39820657#0 39820657#1 719004331 1371061469#0 1371061469#1 698024152#0 698024152#1 165171783#0 165171783#1 165171783#2 1371061454 -165170994#6 165171448#0 165171448#1 -165170815#0 165170818#0 165170818#1 165170818#2 165170818#3 165170818#4 165170818#5 165170818#6 165170818#7 394443152#0 394443152#1 -394443149#0 165170685#1 -698024153,1.600569068785928,3
239,174,243836884#5 39820657#0 39820657#1 719004331 1371061469#0 1371061469#1 698024152#0 698024152#1 165170684#0 165170684#1 1238426242 165172166 165172165#0 165172165#1,0.3356302638903199,1
239,174,243836884#5 39820657#0 39820657#1 719004331 1371061469#0 1371061469#1 698024152#0 698024152#1 165171783#0 165171783#1 165171783#2 -165170681#1 -165170681#0 165170816 165170817 165170685#0 165170685#1 -698024153 165172166 165172165#0 165172165#1,1.0995491503794008,3
240,18,165170681#1 -165171783#2 -165171783#1 -165171783#0 165170684#0 165170684#1 1238426242 165172166 165172165#0 165172165#1 165172165#2 1238426243 698024160 -1239117045 -36936749#5 -36936749#4 -36936749#3 -36936749#2 -36936749#1 -36936749#0 319058644,1.737521419528562,0
240,18,-165170681#1 -165170681#0 -1238426236 165170685#0 165170685#1 -698024153 -1238426242 -165170684#1 -165170684#0 -698024152#1 -698024152#0 1371061470#0 1371061470#1 1371061468 36936590#0 36936590#1 36936590#2 36936590#3 36936590#4 36936590#5 36936590#6 36936590#7 36936590#8 1239117013#1 1239117013#2 36936494#0 36936494#1 36936655#0 36936655#1 36936655#2 36936655#3 36936655#4 36936655#5 36936655#6 319779156#0 319779156#1 319058636 319058644,1.406966387783487,1
240,18,-165170681#1 -165170681#0 -1238426236 165170685#0 165170685#1 -698024153 165172166 165172165#0 165172165#1 165172165#2 1238426243 698024160 -1239117045 -36936749#5 -153730008#2 -153730008#1 -153730008#0 -36936749#3 -36936749#2 -36936749#1 -36936749#0 319058644,1.550971387635524,2
240,18,165170681#1 -165170681#1 -165170681#0 165170816 165170817 165170685#0 165170685#1 -698024153 165172166 165172165#0 165172165#1 165172165#2 1238426243 698024160 -1239117045 -36936749#5 -36936749#4 -36936749#3 -36936749#2 -36936749#1 -36936749#0 319058644,1.558591733903412,3
240,60,165170681#1 1371061454 -165170994#6 165171448#0 165171448#1 165170815#1 319058613#2 165170673#0 165170673#1 165170673#2 1338884371#8 1338884377 243836884#0 243836884#1 243836884#2 243836884#3 243836884#4 243836884#5 39820657#0 39820657#1 719004331 1371061469#0 1371061469#1 698024152#0 698024152#1 165170684#0 -165172642#2 -165172642#1 -165172642#0,0.9547735767097228,0
240,60,-165170681#1 -165170681#0 -1238426236 165170685#0 165170685#1 -698024153 -1238426242 -165170684#1 -165172642#2 -165172642#1 -165172642#0,0.6530597552195825,1
240,60,-165170681#1 -165170681#0 165170816 165170817 165170685#0 165170685#1 -698024153 165172166 165172163 -165170684#1 -165172642#2 -165172642#1 -165172642#0,0.7462203023758098,3
240,71,165170681#1 1371061454 -165170994#6 165171448#0 165171448#1 165170815#1 319058613#2 165170673#0 165170673#1 165170673#2 1338884371#8 1338884371#0 1338884371#1 1338884371#2 1338884373 -509025806#2 -509025806#1 -509025806#0 -1238948418#0 509033674#0 509033674#1 394443151#0 394443151#1 394443151#2 153732964 -269702559 -36933151#0 36933113 39820664#9 39820664#10 39820664#1 243836885 243836889 56080983 35801882#4 35802071#0 36285797#0 36285797#1 36285797#2 319058604#1 319058604#2 1339478328#1 698018295#1 698018295#2 698018295#3 35802097#0 35802097#1,2.833918312490658,0
240,71,165170681#1 1371061454 319058613#0 319058613#1 319058613#2 165170673#0 165170673#1 165170673#2 1338884371#8 1338884377 1338884376 1338884371#1 1338884371#2 1338884373 -509025806#2 -509025806#1 -509025806#0 -1238948418#0 509033674#0 509033674#1 394443151#0 394443151#1 394443151#2 153732964 -269702559 -36933151#0 36933113 39820664#9 39820664#10 39820664#1 243836885 243836889 56080983 35801882#4 35801882#1 -319058600#1 35801699#0 35801699#1 698018295#3 35802097#0 35802097#1,2.5748392890375564,1
240,71,165170681#1 1371061454 319058613#0 319058613#1 319058613#2 165170673#0 165170673#1 165170673#2 1338884371#8 1338884371#0 1338884371#1 1338884371#2 1338884373 -509025806#2 -509025806#1 -509025806#0 -1238948418#0 509033674#0 509033674#1 -648178450#1 -648178450#0 648178453#0 648178452#0 648178452#1 648178452#2 599886761#1 394446873#0 394446869 394446872#1 35802343#1 35802343#2 35802343#3 918828156#0 918828156#1 1238426234#0 1238426234#1 35801597#0 35801597#1 35801597#2 35801597#3 35801597#4 35802097#0 35802097#1,2.079937685993221,2
240,71,165170681#1 1371061454 -165170994#6 165171448#0 165171448#1 165170815#1 319058613#2 165170673#0 165170673#1 165170673#2 1338884371#8 1338884371#0 1338884371#1 1338884371#2 1338884373 -509025806#2 -509025806#1 -509025806#0 -1238948418#0 509033674#0 509033674#1 394443151#0 -196288048 394443151#2 153732964 -269702559 -36933151#0 36933113 39820664#9 39820664#10 39820664#1 243836885 243836889 56080983 35801882#4 35801882#1 -319058600#1 35801699#0 35801699#1 698018295#3 35802097#0 35802097#1,2.6941373028945947,3
241,190,-394443151#2 -394443151#1 -394443151#0 394443143#0 394443143#1 394443143#2 1238948418#0 1238948418#1 509025806#1 509025806#2 1338884372 1338884371#4 1338884374 1338884375 1338884371#6 165170683#0 165170683#1 165170683#2 165170683#3 -319058613#2 -319058613#1 -319058613#0 -1371061454 -165171783#2 -165171783#1 -165171783#0 165170684#0 165170684#1 1238426242 165172166 165172165#0,1.5506042232299946,0
241,190,-394443151#2 -394443151#1 -394443151#0 394443143#0 394443143#1 394443143#2 1238948418#0 1238948418#1 509025806#1 509025806#2 1338884372 1338884371#4 1338884371#5 1338884371#6 1338884371#7 1338884371#8 1338884377 243836884#0 243836884#1 243836884#2 243836884#3 243836884#4 243836884#5 39820657#0 39820657#1 719004331 1371061469#0 1371061469#1 698024152#0 698024152#1 165170684#0 165170684#1 1238426242 165172166 165172165#0,1.3183905104980302,1
241,190,-394443151#2 -394443151#1 -394443151#0 394443143#0 394443143#1 394443143#2 1238948418#0 1238948418#1 509025806#1 509025806#2 1338884372 1338884371#4 1338884371#5 1338884371#6 165170683#0 165170683#1 165170683#2 165170683#3 -319058613#2 -319058613#1 -319058613#0 -1371061454 -165170681#1 -165170681#0 165170816 165170817 165170685#0 165170685#1 -698024153 165172166 165172165#0,1.3603259027413583,2
241,190,-394443151#2 196288048 -394443151#0 394443143#0 394443143#1 394443143#2 1238948418#0 1238948418#1 509025806#1 509025806#2 1338884372 1338884371#4 1338884371#5 1338884371#6 165170683#0 165170683#1 165170683#2 165170683#3 -319058613#2 -319058613#1 -319058613#0 -1371061454 -165170681#1 -165170681#0 165170816 165170817 165170685#0 165170685#1 -698024153 165172166 165172165#0,1.3931510846499746,3
241,207,-394443151#2 -394443151#1 -394443151#0 394443143#0 394443143#1 394443143#2 1238948418#0 1238948418#1 509025806#1 509025806#2 1338884372 1338884371#4 1338884374 1338884375 1338884371#6 165170683#0 165170683#1 165170683#2 165170683#3 -319058613#2 -165170815#1 -165171448#1 -165171448#0 165170994#6 -1371061454 -165170681#1 -165170681#0 165170816 -165170818#8,1.1547918882167951,0
241,207,-394443151#2 196288048 -394443151#0 394443143#0 394443143#1 394443143#2 1238948418#0 1238948418#1 509025806#1 509025806#2 1338884372 1338884371#4 1338884374 1338884375 1338884371#6 165170683#0 165170683#1 165170683#2 165170683#3 -319058613#2 -319058613#1 -319058613#0 -1371061454 -165170681#1 -165170681#0 165170816 -165170818#8,1.0684306050426189,1
241,207,-394443151#2 -394443151#1 -394443151#0 394443143#0 394443143#1 394443143#2 1238948418#0 1238948418#1 509025806#1 509025806#2 1338884372 1338884371#4 1338884371#5 1338884371#6 165170683#0 165170683#1 165170683#2 165170683#3 -319058613#2 -319058613#1 -319058613#0 -1371061454 -165170681#1 -165170681#0 165170816 -165170818#8,1.024256788270516,2
241,207,-394443151#2 196288048 -394443151#0 394443143#0 394443143#1 394443143#2 1238948418#0 1238948418#1 509025806#1 509025806#2 1338884372 1338884371#4 1338884371#5 1338884371#6 165170683#0 165170683#1 165170683#2 165170683#3 -319058613#2 -165170815#1 -165171448#1 -165171448#0 165170994#6 -1371061454 -165170681#1 -165170681#0 165170816 -165170818#8,1.1762684352619257,3
242,0,165172165#0 -165172165#0 165172163 -165170684#1 -165170684#0 165171783#0 165171783#1 165171783#2 1371061454 319058613#0 319058613#1 319058613#2 165170673#0 165170673#1 165170673#2 1338884371#8 1338884377 243836884#0 243836884#1 243836884#2 243836884#3 243836884#4 243836884#5,1.0159635671990526,0
242,0,-165172165#0 165172163 -165170684#1 -165170684#0 -698024152#1 -698024152#0 1371061470#0 1371061470#1 1371061468 719004328 36936480#0 36936480#1 36936480#2 39820656#0 39820656#1 -243836884#5,0.304867651991981,1
242,0,-165172165#0 165172163 1238426242 698024153 165170686 1238426236 165170681#0 165170681#1 1371061454 -165170994#6 165171448#0 165171448#1 165170815#1 319058613#2 165170673#0 165170673#1 165170673#2 1338884371#8 1338884377 243836884#0 243836884#1 243836884#2 243836884#3 243836884#4 243836884#5,0.95410851560318,2
242,0,-165172165#0 165172163 -165170684#1 -165170684#0 165171783#0 165171783#1 165171783#2 1371061454 -165170994#6 165171448#0 165171448#1 165170815#1 319058613#2 165170673#0 165170673#1 165170673#2 1338884371#8 1338884377 243836884#0 243836884#1 243836884#2 243836884#3 243836884#4 243836884#5,1.1206911889893092,3
242,197,165172165#0 165172165#1 165172165#2 1238426243 698024160 -1239117045 -36936749#5 -36936749#4 -36936749#3 -36936749#2 -36936749#1 -36936749#0 319058644 698026761 39820658#0 39820658#1 39820658#2 -508751758#2 -508751758#1 -508751758#0 -1162674260 37088542 710476024#1 1239117022#0 1239117022#1 157574537#0 157574537#1 36289394#0 153730941#0 -153730939#1 -153730939#0 36289295#1 -777654407 1119245693,1.6820937277313048,0
242,197,165172165#0 165172165#1 165172165#2 1238426243 698024160 -1239117045 -36936749#5 -36936749#4 -36936749#3 -36936749#2 -36936749#1 -36936749#0 319058644 698026761 39820658#0 39820658#1 39820658#2 -508751758#2 -508751758#1 -508751758#0 -1162674260 37088542 710476024#1 157574536#0 157574536#1 157574536#2 157553237#0 157553237#1 36289599#0 36289599#1 157553231 48955689#0 48955997 -1119245693,1.410783826762806,1
242,197,165172165#0 165172165#1 165172165#2 1238426243 698024160 -1239117045 -36936749#5 -153730008#2 -153730008#1 -153730008#0 -36936749#3 -36936749#2 -36936749#1 -36936749#0 319058644 698026761 39820658#0 39820658#1 39820658#2 -508751758#2 -508751758#1 -508751758#0 -1162674260 37088542 710476024#1 157574536#0 157574536#1 153733877 1339510611 157553237#1 36289599#0 36289599#1 157553231 48955689#0 48955997 -1119245693,1.512583920379079,2
243,0,165171446 -165171448#0 165170994#6 319058613#0 319058613#1 319058613#2 165170673#0 165170673#1 165170673#2 1338884371#8 1338884377 243836884#0 243836884#1 243836884#2 243836884#3 243836884#4 243836884#5,0.4691433128194029,1
243,0,-165171446 165171446 165171448#1 165170815#1 -319058613#1 -319058613#0 -1371061454 -165171783#2 -165171783#1 -165171783#0 -698024152#1 -698024152#0 1371061470#0 1371061470#1 1371061468 719004328 36936480#0 36936480#1 36936480#2 39820656#0 39820656#1 -243836884#5,0.9827774192106032,3
243,60,-165171446 165171446 -165171448#0 165170994#6 319058613#0 319058613#1 319058613#2 165170673#0 165170673#1 165170673#2 1338884371#8 1338884377 243836884#0 243836884#1 243836884#2 243836884#3 243836884#4 243836884#5 39820657#0 39820657#1 719004331 1371061469#0 1371061469#1 698024152#0 698024152#1 165170684#0 -165172642#2 -165172642#1 -165172642#0,0.9800435551114508,0
243,60,-165171446 165171446 -165171448#0 165170994#6 -1371061454 -165170681#1 -165170681#0 -1238426236 165170685#0 165170685#1 -698024153 -1238426242 -165170684#1 -165172642#2 -165172642#1 -165172642#0,0.8095032397408208,1
243,60,165171446 165171448#1 -165170815#0 165170994#0 165170994#1 165170994#2 165170994#3 165170994#4 165170994#5 165170994#6 -1371061454 -165171783#2 -165171783#1 -165171783#0 165170684#0 -165172642#2 -165172642#1 -165172642#0,1.5111831053515716,3
244,191,36936407#2 918716575 918716574#0 918716574#1 918716574#2 -36936220 36934835#0 36934835#1 36934835#2 332885553 332885552 -394446867#1 -394446867#0 36288851#0 36288851#1 36284386#0 -36933306 -36933307#0 -36288851#3 -36933282#1 -36933282#0 36933050 39820664#1 243836885 319058640 39820664#3 243836888#0 243836888#1 39820664#5 39820664#6 39820664#7 36933156 36933151#0 36933151#1 -1239117024 -394443151#2 -394443151#1 -394443151#0 394443143#0 394443143#1 394443143#2 1238948418#0 1238948418#1 509025806#1 509025806#2 1338884372 1338884371#4 1338884371#5 1338884371#6 165170683#0 165170683#1 165170683#2 165170683#3 -319058613#2 -319058613#1 -319058613#0,3.822509244620771,0
244,191,36936407#2 918716573 156480737#0 156480737#1 156480737#2 37051625#0 37052277#4 1237352048 1119245070 319058612#0 319058612#1 36288941#0 36288941#1 36288941#2 36936373#0 36936373#1 36936373#2 36936373#3 36936373#4 201772610 157574535 -36933126#2 -36933126#1 -36933126#0 -1239117024 -394443151#2 -394443151#1 -394443151#0 394443143#0 394443143#1 394443143#2 1238948418#0 1238948418#1 509025806#1 509025806#2 1338884372 1338884371#4 1338884371#5 1338884371#6 165170683#0 165170683#1 165170683#2 165170683#3 -319058613#2 -319058613#1 -319058613#0,3.2695113314773723,1
244,191,36936407#2 918716573 156480737#0 156480737#1 156480737#2 37051625#0 37052277#4 1237352048 1119245070 319058612#0 319058612#1 36288941#0 36288941#1 36288941#2 36936373#0 36936373#1 36936373#2 153730933#0 153730925#0 153730925#1 153730936#3 201772610 157574535 -36933126#2 -36933126#1 -36933126#0 -1239117024 -394443151#2 -394443151#1 -394443151#0 394443143#0 394443143#1 394443143#2 1238948418#0 1238948418#1 509025806#1 509025806#2 1338884372 1338884371#4 1338884374 1338884375 1338884371#6 165170683#0 165170683#1 165170683#2 165170683#3 -319058613#2 -319058613#1 -319058613#0,3.457276009673054,2
244,191,36936407#2 918716573 156480737#0 156480737#1 156480737#2 37051625#0 37052277#4 1237352048 1119245070 319058612#0 319058612#1 36288941#0 36288941#1 36288941#2 36936373#0 36936373#1 36936373#2 153730933#0 153730925#0 153730925#1 153730936#3 201772610 157574535 -36933126#2 -36933126#1 -36933126#0 -1239117024 -394443151#2 196288048 -394443151#0 394443143#0 394443143#1 394443143#2 1238948418#0 1238948418#1 509025806#1 509025806#2 1338884372 1338884371#4 1338884374 1338884375 1338884371#6 165170683#0 165170683#1 165170683#2 165170683#3 -319058613#2 -319058613#1 -319058613#0,3.490101191581671,3
245,1,-319058646#1 -319058646#0 165172165#1 165172165#2 1238426243 698024160 -1239117045 -36936749#5 -36936749#4 -36936749#3 -36936749#2 -36936749#1 -36936749#0 319058644 698026761 37088673#0 37088673#1 1239117016#0 1239117016#1 1239117016#2 -36950447#1 -36950447#0 36950586 -319058589#3 -319058589#2 -319058589#1 -319058589#0 394456356#0 394456356#1 -859784039#1 -859784039#0 -36950518#1 -36950518#0 37088258#0 37050051 1119245067 37055902#0 -37051625#2 -37051625#1 -37051625#0 -156480737#2 -156480737#1 394456380 37056002 1119245115 37056017 -159922662#1 -159922662#0 -156460682#0 -37054319 -270968320 37052930,4.70957768909859,0
245,1,-319058646#1 -319058646#0 165172165#1 165172165#2 1238426243 698024160 -1239117045 -36936749#5 -36936749#4 -36936749#3 -36936749#2 -36936749#1 -36936749#0 319058644 698026761 37088673#0 37088673#1 1239117016#0 1239117016#1 1239117016#2 -36950447#1 -36950447#0 36950586 -319058589#3 -319058589#2 -319058589#1 -319058589#0 -394456379 -36950439#1 -36950439#0 36950518#0 37051441#0 37051441#1 37051441#2 -37051625#2 -37051625#1 37052277#4 37050515#0 37050515#1 156480755 -156480737#1 394456380 37050590 918716574#1 918716574#2 37051113#0 37051113#1 1119245072 37056055#1 319058606 37052930,4.2095149392497255,1
245,1,-319058646#1 -319058646#0 165172165#1 165172165#2 1238426243 698024160 -1239117045 -36936749#5 -36936749#4 -36936749#3 -36936749#2 -36936749#1 -36936749#0 319058644 698026761 39820658#0 39820658#1 39820658#2 -508751758#2 -508751758#1 -508751758#0 -1162674260 37088542 710476024#1 157574536#0 157574536#1 153733877 1339510611 157553237#1 36289599#0 36289599#1 157553231 48955689#0 48955689#1 -36950525 157555049 1119245067 37055902#0 -37051625#2 -37051625#1 -37051625#0 -156480737#2 -156480737#1 394456380 37056002 1119245115 37056017 -159922662#1 37054401 37056055#1 319058606 37052930,3.199796848992017,2
245,1,-319058646#1 -319058646#0 -165172165#0 165172163 1238426242 698024153 165170686 1238426236 165170681#0 165170681#1 1371061454 319058613#0 319058613#1 319058613#2 165170673#0 165170673#1 165170673#2 1338884371#8 1338884377 1338884376 1338884371#1 1338884371#2 1338884373 -509025806#2 -509025806#1 -509025806#0 -1238948418#0 509033674#0 509033674#1 394443151#0 394443151#1 394443151#2 153732964 -269702559 -36933151#0 36933113 39820664#9 36933223 36933282#0 36933282#1 -36288851#2 36284386#0 36284386#1 36933240 394446867#1 710476653#0 710476653#1 710476654 -36934835#1 -36934835#0 36936220 37051113#0 37051113#1 1119245072 37056055#1 319058606 37052930,3.903001036097791,3
245,54,-319058646#1 -319058646#0 165172165#1 165172165#2 1238426243 698024160 -1239117045 -36936749#5 -36936749#4 -36936749#3 -36936749#2 -36936749#1 -36936749#0 319058644 698026761 39820658#0 39820658#1 39820658#2 -508751758#2 -508751758#1 -508751758#0 -319058587#2 -319058587#1 -319058587#0 -319058586 -1088466838#1 -1088466838#0 -37088447#2 -37088447#1 -37088447#0 -36933126#2 -36933126#1 -36933126#0 -269702559 -36933151#0 36933113 39820664#9 39820664#10 39820664#1 243836885 243836889 56080983 35801882#4 35801882#1 -319058600#1 35801699#0 35801699#1 698018295#3 35802097#0 35802097#1 35802097#2 35802097#3 35802097#4 35802097#5 710478629#0 710478629#1 710478296,3.3254187243778373,1
245,54,-319058646#1 -319058646#0 -165172165#0 165172163 1238426242 698024153 165170686 1238426236 165170681#0 165170681#1 1371061454 319058613#0 319058613#1 319058613#2 165170673#0 165170673#1 165170673#2 1338884371#8 1338884371#0 1338884371#1 1338884371#2 1338884373 -509025806#2 -509025806#1 -509025806#0 -1238948418#0 509033674#0 509033674#1 394443151#0 394443151#1 394443151#2 153732964 -269702559 -36933151#0 36933113 39820664#9 39820664#10 39820664#1 243836885 243836889 56080983 35801882#4 35801882#1 -319058600#1 35801699#0 35801699#1 698018295#3 35802097#0 35802097#1 35802097#2 35802097#3 35802097#4 35802097#5 314422857 -13937774#1 -13937774#0 -1237369283 -710478296,3.984926231857108,2
245,54,319058646#1 -319058646#1 -319058646#0 -165172165#0 165172163 1238426242 698024153 165170686 1238426236 165170681#0 165170681#1 1371061454 319058613#0 319058613#1 319058613#2 165170673#0 165170673#1 165170673#2 1338884371#8 1338884371#0 1338884371#1 1338884371#2 1338884373 -509025806#2 -509025806#1 -509025806#0 -1238948418#0 509033674#0 509033674#1 394443151#0 -196288048 394443151#2 153732964 -269702559 -36933151#0 36933113 39820664#9 36933223 36933282#0 36933282#1 -36288851#2 -36288851#1 -36288851#0 36284844 36285797#1 36285797#2 319058604#1 319058604#2 1339478328#1 698018295#1 698018295#2 698018295#3 35802097#0 35802097#1 35802097#2 35802097#3 35802097#4 35802097#5 314422857 -13937774#1 -13937774#0 -36287006 710478296,4.3471850590741,3
245,161,319058646#1 -319058646#1 -319058646#0 165172165#1 165172165#2 1238426243 698024160 -1239117045 -36936749#5 -36936749#4 -36936749#3 -36936749#2 -36936749#1 -36936749#0 319058644 319058627 36936541 36936727#0 36936727#1 36936727#2 36936727#3 36936727#4 36936727#5 36936727#6 -650145324#2 -650145324#1 -650145324#0 650145330#2 650145330#3 650145327 243704191#2 1239117012#4 1239117012#5 36936616#1 36936616#2 36936616#3 36936616#4 36936616#5 36936616#6 36936480#0 36936480#1 36936480#2 39820656#0 39820656#1 -243836884#5 -243836884#4 -243836884#3 -243836884#2 -243836884#1,2.441740081135543,0
245,161,-319058646#1 -319058646#0 -165172165#0 165172163 -165170684#1 -165170684#0 -698024152#1 -698024152#0 1371061470#0 1371061470#1 1371061468 719004328 36936480#0 36936480#1 36936480#2 39820656#0 39820656#1 -243836884#5 -243836884#4 -243836884#3 -243836884#2 -243836884#1,0.5499485207700036,1
245,161,-319058646#1 -319058646#0 -165172165#0 165172163 1238426242 698024153 165170686 1238426236 165170681#0 165170681#1 1371061454 319058613#0 319058613#1 319058613#2 165170673#0 165170673#1 165170673#2 1338884371#8 1338884377 243836884#0 243836884#1,0.7619585230661294,2
245,161,-319058646#1 -319058646#0 -165172165#0 165172163 -165170684#1 -165170684#0 165171783#0 165171783#1 165171783#2 1371061454 319058613#0 319058613#1 319058613#2 165170673#0 165170673#1 165170673#2 1338884371#8 1338884377 243836884#0 243836884#1,0.9285411964522584,3
245,212,319058646#1 -319058646#1 -319058646#0 165172165#1 165172165#2 1238426243 698024160 -1239117045 -36936749#5 -36936749#4 -36936749#3 -36936749#2 -36936749#1 -36936749#0 319058644 698026761 37088673#0 37088673#1 1239117016#0 1239117016#1 1239117016#2 -36950447#1 -36950447#0 36950586 -319058589#3 -319058589#2 -319058589#1 -319058589#0 394456356#0 394456356#1 859784039#2 -319058602#1 1024000539#0 1024000539#1 1024000539#2 -37049908 -36293459#10 -36293459#9 -36293459#8 -36293459#7 -36293459#6 -36293459#5 -36293459#4 -36293459#3 -36293459#2 -36293459#1 -36293459#0 -156460681#2 -156460681#1 -156460681#0 -697704135 -1024000548 -36292830#1 394456359#0 394456359#1 -36292768#1 -36292768#0 -36291218 -1119243207 -187827274 156466987 -1119245074 -36290738#2 -36290738#1 -36290738#0 187827279,5.7471591219597125,0
245,212,-319058646#1 -319058646#0 165172165#1 165172165#2 1238426243 698024160 -1239117045 -36936749#5 -36936749#4 -36936749#3 -36936749#2 -36936749#1 -36936749#0 319058644 698026761 37088673#0 37088673#1 1239117016#0 1239117016#1 1239117016#2 -36950447#1 -36950447#0 36950586 -319058589#3 -319058589#2 -319058589#1 -319058589#0 394456356#0 394456356#1 859784039#2 -319058602#1 -319058602#0 -1119245061 -1119245060#2 1119245057#0 1119245057#1 -476687231#3 -476687231#2 -476687231#1 -476687231#0 -1119245056 -37054066 -36293459#2 -36293459#1 -36293459#0 -156460681#2 -156460681#1 -156460681#0 -697704135 -1024000548 -36292830#1 -36292830#0 -36292768#1 -36292768#0 -36291218 -187827281 -187827282#2 -187827282#1 -187827282#0 -1119245074 -36290738#2 -36290738#1 -36290738#0 187827279,5.6873019105366245,1
245,212,-319058646#1 -319058646#0 -165172165#0 165172163 1238426242 698024153 165170686 1238426236 165170681#0 165170681#1 1371061454 319058613#0 319058613#1 319058613#2 165170673#0 165170673#1 165170673#2 1338884371#8 1338884371#0 1338884371#1 1338884371#2 1338884373 -509025806#2 -509025806#1 -509025806#0 -1238948418#0 509033674#0 509033674#1 394443151#0 394443151#1 394443151#2 153732964 -269702559 -36933151#0 36933113 39820664#9 36933223 36933050 39820664#1 243836885 243836889 56080983 35801882#4 35801882#1 -319058600#1 35801699#0 35801699#1 698018295#3 35802097#0 35802097#1 35802097#2 35802097#3 35802097#4 35802097#5 314422857 710476923 319058591 697627694#0 697627694#1 187827289 187827288 168924812 697624157#0 697624157#1 187827280#0 187827280#1 187827280#2 187827280#3 187827279,4.3989936082677135,2
245,212,319058646#1 -319058646#1 -319058646#0 165172165#1 165172165#2 1238426243 698024160 -1239117045 -36936749#5 -36936749#4 -36936749#3 -36936749#2 -36936749#1 -36936749#0 319058644 698026761 37088673#0 37088673#1 1239117016#0 1239117016#1 1239117016#2 -36950447#1 -36950447#0 36950586 -319058589#3 -319058589#2 -319058589#1 -319058589#0 394456356#0 394456356#1 859784039#2 -319058602#1 1024000539#0 156460680#1 -1119245060#2 1119245057#0 1119245057#1 -476687231#3 -476687231#2 -476687231#1 -476687231#0 -1119245056 -37054066 -36293459#2 -36293459#1 -36293459#0 -156460681#2 -156460681#1 -156460681#0 -697704135 -1024000548 -36292830#1 -36292830#0 -36292768#1 -36292768#0 -36291218 -1119243207 -187827274 156466987 -1119245074 -156466997#3 -156466992#1 156466988#3 -36290738#1 -36290738#0 187827279,6.136653962372477,3
246,66,-165170994#4 -165170994#3 -165170994#2 -165170994#1 -165170994#0 165170815#0 -165171448#1 -165171448#0 165170994#6 319058613#0 -165171782,0.7137508999280058,0
246,66,165170994#4 165170994#5 165170994#6 319058613#0 -165171782,0.1963402927765778,1
246,66,-165170994#4 -165170994#3 -165170994#2 -165170994#1 -165170994#0 165170815#0 165170815#1 -319058613#1 -165171782,0.7497480201583873,3
247,192,319058643#0 319058643#1 314422858#0 314422858#1 314422858#2 -710478618#1 -710478618#0 314422683 -36287006 -710478629#1 -710478629#0 -35802097#5 -35802097#4 -35802097#3 -35802097#2 -35802097#1 -35802097#0 -698018295#3 -35801699#1 -35801699#0 319058600#1 35801882#2 56080984 -550211682 319058640 39820664#3 39820664#4 39820664#5 39820664#6 39820664#7 36933156 36933151#0 36933151#1 -1239117024 -394443151#2 -394443151#1 -394443151#0 394443143#0 394443143#1 394443143#2 1238948418#0 1238948418#1 509025806#1 509025806#2 1338884372 1338884371#4 1338884371#5 1338884371#6 165170683#0 165170683#1 165170683#2 165170683#3 -319058613#2 -319058613#1 -319058613#0 -1371061454 -165170681#1 -165170681#0 165170816 165170817 165170685#0,4.025189562569436,1
247,192,319058643#0 319058643#1 314422858#0 314422858#1 314422858#2 -710478618#1 -710478618#0 314422683 13937774#0 13937774#1 -314422857 -35802097#5 -35802097#4 -35802097#3 -35802097#2 -35802097#1 -35802097#0 -698018295#3 -35801699#1 -35801699#0 319058600#1 35801882#2 56080984 -550211682 319058640 39820664#3 243836888#0 243836888#1 39820664#5 39820664#6 39820664#7 36933156 36933151#0 36933151#1 -1239117024 -394443151#2 -394443151#1 -394443151#0 394443143#0 394443143#1 394443143#2 1238948418#0 1238948418#1 509025806#1 509025806#2 1338884372 1338884371#4 1338884374 1338884375 1338884371#6 165170683#0 165170683#1 165170683#2 165170683#3 -319058613#2 -319058613#1 -319058613#0 -1371061454 -165170681#1 -165170681#0 -1238426236 165170685#0,4.13964594881281,2
247,192,319058643#0 319058643#1 319058643#2 319058643#3 319058643#4 -710478618#2 -710478618#1 -710478618#0 314422683 -36287006 -710478629#1 -710478629#0 -35802097#5 -35802097#4 -35802097#3 -35802097#2 -35802097#1 -35802097#0 -698018295#3 -35801699#1 -35801699#0 319058600#1 35801882#2 56080984 -550211682 319058640 39820664#3 243836888#0 243836888#1 39820664#5 39820664#6 39820664#7 36933156 36933151#0 36933151#1 -1239117024 -394443151#2 196288048 -394443151#0 394443143#0 394443143#1 394443143#2 1238948418#0 1238948418#1 509025806#1 509025806#2 1338884372 1338884371#4 1338884371#5 1338884371#6 165170683#0 165170683#1 165170683#2 165170683#3 -319058613#2 -319058613#1 -319058613#0 -165170994#6 165171448#0 165171448#1 -165170815#0 165170818#0 165170818#1 165170818#2 165170818#3 165170818#4 165170818#5 165170818#6 165170818#7 165170818#8 165170817 165170685#0,4.668269607542245,3
248,193,1238948418#1 509025806#1 509025806#2 1338884372 1338884371#4 1338884374 1338884375 1338884371#6 165170683#0 165170683#1 165170683#2 165170683#3 -319058613#2 -319058613#1 -319058613#0 -165170994#6 165171448#0 165171448#1 -165170815#0 165170818#0 165170818#1 165170818#2 165170818#3 165170818#4 165170818#5 -394443147#1,0.8210469913082021,0
248,193,1238948418#1 509025806#1 509025806#2 1338884372 1338884371#4 1338884374 1338884375 1338884371#6 165170683#0 165170683#1 165170683#2 165170683#3 -319058613#2 -165170815#1 -165171448#1 -165171448#0 165170994#6 -1371061454 -165170681#1 -165170681#0 165170816 -165170818#8 -165170818#7 -165170818#6 -394443147#1,0.6370297126904915,1
248,193,1238948418#1 509025806#1 509025806#2 1338884372 1338884371#4 1338884371#5 1338884371#6 165170683#0 165170683#1 165170683#2 165170683#3 -319058613#2 -319058613#1 -319058613#0 -1371061454 -165170681#1 -165170681#0 165170816 -165170818#8 -165170818#7 -165170818#6 -394443147#1,0.5064946127442118,2
248,193,1238948418#1 509025806#1 509025806#2 1338884372 1338884371#4 1338884371#5 1338884371#6 165170683#0 165170683#1 165170683#2 165170683#3 -319058613#2 -319058613#1 -319058613#0 -165170994#6 165171448#0 165171448#1 -165170815#0 165170818#0 165170818#1 165170818#2 165170818#3 165170818#4 165170818#5 -394443147#1,0.8096983564447158,3
249,105,-165170818#1 -165170818#0 165170815#0 165170815#1 319058613#2 165170673#0 165170673#1 165170673#2 1338884371#8 1338884377 1338884376 1338884371#1 1338884371#2 1338884373 -509025806#2 -509025806#1 -509025806#0 -1238948418#0 509033674#0 509033674#1 394443151#0 -196288048 394443151#2 153732964 -269702559 -36933151#0 36933113 39820664#9 36933223 36933282#0 36933282#1 36288851#3 36933307#0 36933307#1 153730928 36284386#3 36284386#4 36284386#5 36284386#6 36934854#0 36934854#1 -918716575 918716573 156480737#0 156480737#1 156480737#2,3.4384789985897166,0
249,105,-165170818#1 -165170818#0 165170815#0 165170815#1 319058613#2 165170673#0 165170673#1 165170673#2 1338884371#8 1338884371#0 1338884371#1 1338884371#2 1338884373 -509025806#2 -509025806#1 -509025806#0 -1238948418#0 509033674#0 509033674#1 394443151#0 394443151#1 394443151#2 153732964 -269702559 -36933151#0 36933113 39820664#9 36933223 36933282#0 36933282#1 -36288851#2 36284386#0 36284386#1 36284386#2 36284386#3 36284386#4 36284386#5 36284386#6 36934854#0 36934854#1 -918716575 918716573 156480737#0 156480737#1 156480737#2,3.3069214650442085,2
249,105,-165170818#1 -165170818#0 165170815#0 165170815#1 319058613#2 165170673#0 165170673#1 165170673#2 1338884371#8 1338884371#0 1338884371#1 1338884371#2 1338884373 -509025806#2 -509025806#1 -509025806#0 -1238948418#0 509033674#0 509033674#1 394443151#0 -196288048 394443151#2 153732964 -269702559 -36933151#0 36933113 39820664#9 36933223 36933282#0 36933282#1 36288851#3 36933307#0 36933307#1 153730928 36284386#3 36284386#4 36284386#5 36284386#6 36934854#0 36934854#1 -918716575 918716573 156480737#0 156480737#1 156480737#2,3.4231999706869263,3
249,150,-165170818#1 -165170818#0 165170815#0 -165171448#1 -165171448#0 165170994#6 319058613#0 319058613#1 319058613#2 165170673#0 165170673#1 165170673#2 1338884371#8 1338884377 243836884#0 243836884#1 243836884#2 243836884#3 243836884#4 243836884#5 39820657#0 39820657#1 719004331 1371061467 1371061468 36936590#0 36936590#1,0.8867445707853723,0
249,150,-165170818#1 -165170818#0 165170815#0 165170815#1 319058613#2 165170673#0 165170673#1 165170673#2 1338884371#8 1338884377 243836884#0 243836884#1 243836884#2 243836884#3 243836884#4 243836884#5 39820657#0 39820657#1 719004331 1371061467 1371061468 36936590#0 36936590#1,0.7757534500750293,1
249,150,-165170818#1 -165170818#0 165170815#0 165170815#1 319058613#2 165170673#0 165170673#1 165170673#2 1338884371#8 1338884377 243836884#0 243836884#1 243836884#2 243836884#3 243836884#4 243836884#5 39820657#0 39820657#1 719004331 1371061469#0 1371061469#1 1371061470#0 1371061470#1 1371061468 36936590#0 36936590#1,0.787103202760881,2
249,150,-165170818#1 -165170818#0 165170815#0 -165171448#1 -165171448#0 165170994#6 -1371061454 -165170681#1 -165170681#0 -1238426236 165170685#0 165170685#1 -698024153 -1238426242 -165170684#1 -165170684#0 -698024152#1 -698024152#0 1371061470#0 1371061470#1 1371061468 36936590#0 36936590#1,1.0972804299868433,3
250,195,-327343082 35801597#4 -698018295#3 -698018295#2 -698018295#1 -698018295#0 -1339478328#0 -319058604#1 -319058604#0 332885552 -394446867#1 -394446867#0 36288851#0 36288851#1 36284386#0 36284386#1 36284386#2 36284386#3 36284386#4 36284386#5 36284386#6 36934854#0 36934854#1 -918716575 918716573 156480737#0 394456380 37056002 1119245115 37056017 -159922662#1,2.232134422051991,0
250,195,-327343082 35801597#4 -698018295#3 -698018295#2 -698018295#1 -698018295#0 -339940214 -36284844 394446867#0 394446867#1 710476653#0 710476653#1 710476654 -36934835#1 -36934835#0 36936220 37051113#0 37051113#1 1119245072 37056055#1 319058606 159922661 37054319 156460682#0 159922662#0 159922662#1,1.966926684280624,1
250,195,-327343082 35801597#4 -698018295#3 -698018295#2 215094374 -698018295#0 -1339478328#0 -319058604#1 -319058604#0 332885554 710476653#1 710476654 -36934835#1 -36934835#0 39820661#0 39820661#1 36934854#0 36934854#1 -918716575 918716573 156480737#0 394456380 37056002 1119245115 37056017 -159922662#1,1.9772868098609664,2
250,195,-327343082 -35801597#3 339700984 35801699#1 -698018295#2 215094374 -698018295#0 -339940214 36285797#1 36285797#2 -319058604#0 332885554 710476653#1 710476654 -36934835#1 -36934835#0 36936220 37051113#0 37051113#1 1119245072 37056055#1 319058606 159922661 37054319 156460682#0 159922662#0 159922662#1,2.4242460987274685,3
251,172,1119245693 159922990 48955996 406210869#0 406210869#1 319058612#0 319058612#1 36288941#0 36288941#1 36288941#2 36936373#0 36936373#1 36936373#2 36936373#3 36936373#4 201772610 157574535 -36933126#2 -36933126#1 -36933126#0 -1239117024 -394443151#2 -394443151#1 -394443151#0 394443143#0 394443143#1 394443143#2 1238948418#0 1238948418#1 509025806#1 509025806#2 1338884372 1338884371#4 1338884374 1338884375 1338884371#6 165170683#0 165170683#1 165170683#2 165170683#3 -319058613#2 -165170815#1 -165171448#1 -165171448#0 -165170994#5 -165170994#4,2.8848453741269418,0
251,172,-1119245693 -1119245692 36936396#2 36936396#3 36936396#4 878854447 878854448 -36289599#1 -36289599#0 -157553237#1 -157553237#0 -157553234 -157574536#1 -157574536#0 -710476024#1 -710476024#0 1162674260 508751758#0 508751758#1 508751758#2 508751757#0 508751757#1 508751757#2 36936541 697740912 319058636 36936749#0 36936749#1 36936749#2 36936749#3 36936749#4 36936749#5 319779134 36936867 -165172165#2 -165172165#1 -165172165#0 165172163 1238426242 698024153 165170686 1238426236 165170681#0 165170681#1 1371061454 -165170994#6 -165170994#5 -165170994#4,1.9509015426380656,1
251,172,1119245693 159922990 48955996 406210869#0 406210869#1 319058612#0 319058612#1 36288941#0 36288941#1 36288941#2 36936373#0 36936373#1 36936373#2 36936373#3 36936373#4 201772610 157574535 -36933126#2 -36933126#1 -36933126#0 -1239117024 -394443151#2 196288048 -394443151#0 394443143#0 394443143#1 394443143#2 1238948418#0 1238948418#1 509025806#1 509025806#2 1338884372 1338884371#4 1338884371#5 1338884371#6 165170683#0 165170683#1 165170683#2 165170683#3 -319058613#2 -319058613#1 -319058613#0 -165170994#6 -165170994#5 -165170994#4,2.8427870039654475,2
251,172,1119245693 159922990 48955996 48956015 37050033#1 37055902#0 -37051625#2 -37051625#1 37052277#4 1237352048 1119245070 319058612#0 319058612#1 36288941#0 36288941#1 36288941#2 36936373#0 36936373#1 36936373#2 36936373#3 36936373#4 201772610 157574535 -36933126#2 -36933126#1 -36933126#0 -1239117024 -394443151#2 -394443151#1 -394443151#0 394443143#0 394443143#1 394443143#2 1238948418#0 1238948418#1 509025806#1 509025806#2 1338884372 1338884371#4 1338884371#5 1338884371#6 165170683#0 165170683#1 165170683#2 165170683#3 -319058613#2 -165170815#1 -165171448#1 -165171448#0 -165170994#5 -165170994#4,3.3659013468948444,3
252,172,406210869#0 406210869#1 319058612#0 319058612#1 36288941#0 36288941#1 36288941#2 36936373#0 36936373#1 36936373#2 36936373#3 36936373#4 201772610 157574535 -36933126#2 -36933126#1 -36933126#0 -1239117024 -394443151#2 -394443151#1 -394443151#0 394443143#0 394443143#1 394443143#2 1238948418#0 1238948418#1 509025806#1 509025806#2 1338884372 1338884371#4 1338884371#5 1338884371#6 165170683#0 165170683#1 165170683#2 165170683#3 -319058613#2 -319058613#1 -319058613#0 -165170994#6 -165170994#5 -165170994#4,2.7059781407513355,1
252,172,406210869#0 406210869#1 319058612#0 319058612#1 36288941#0 36288941#1 36288941#2 36936373#0 36936373#1 153730938 -153730933#1 -153730933#0 36936373#3 36936373#4 201772610 157574535 -36933126#2 -36933126#1 -36933126#0 -1239117024 -394443151#2 -394443151#1 -394443151#0 394443143#0 394443143#1 394443143#2 1238948418#0 1238948418#1 509025806#1 509025806#2 1338884372 1338884371#4 1338884374 1338884375 1338884371#6 165170683#0 165170683#1 165170683#2 165170683#3 -319058613#2 -319058613#1 -319058613#0 -165170994#6 -165170994#5 -165170994#4,2.903252274212198,2
252,172,406210869#0 406210869#1 319058612#0 319058612#1 36288941#0 36288941#1 36288941#2 36936373#0 36936373#1 36936373#2 36936373#3 36936373#4 201772610 157574535 -36933126#2 -36933126#1 -36933126#0 -1239117024 -394443151#2 196288048 -394443151#0 394443143#0 394443143#1 394443143#2 1238948418#0 1238948418#1 509025806#1 509025806#2 1338884372 1338884371#4 1338884371#5 1338884371#6 165170683#0 165170683#1 165170683#2 165170683#3 -319058613#2 -165170815#1 -165170815#0 165170994#0 165170994#1 165170994#2 165170994#3 165170994#4,3.150346399213829,3
253,198,36289159#2 36935235#0 36935235#1 -153730934 -269702565#0 -153730938 36936373#2 36936373#3 36936373#4 201772610 157574535 -36933126#2 -36933126#1 -36933126#0 -1239117024 -394443151#2 -394443151#1 -394443151#0 394443143#0 394443143#1 394443143#2 1238948418#0 1238948418#1 509025806#1 509025806#2 1338884372 1338884371#4 1338884374 1338884375 1338884371#6 1338884371#7 1338884371#8 1338884377 243836884#0 243836884#1 243836884#2 243836884#3 243836884#4,2.665238877840165,0
253,198,36289159#2 36935235#0 -269702565#1 -269702565#0 -153730933#1 -153730933#0 36936373#3 36936373#4 201772610 157574535 -36933126#2 -36933126#1 -36933126#0 -1239117024 -394443151#2 -394443151#1 -394443151#0 394443143#0 394443143#1 394443143#2 1238948418#0 1238948418#1 509025806#1 509025806#2 1338884372 1338884371#4 1338884371#5 1338884371#6 1338884371#7 1338884371#8 1338884377 243836884#0 243836884#1 243836884#2 243836884#3 243836884#4,2.5581502748113945,1
253,198,36289159#2 36935235#0 36935235#1 -153730934 -269702565#0 -153730933#1 153730925#0 153730925#1 153730936#3 201772610 157574535 -36933126#2 -36933126#1 -36933126#0 -1239117024 -394443151#2 196288048 -394443151#0 394443143#0 394443143#1 394443143#2 1238948418#0 1238948418#1 509025806#1 509025806#2 1338884372 1338884371#4 1338884371#5 1338884371#6 1338884371#7 1338884371#8 1338884377 243836884#0 243836884#1 243836884#2 243836884#3 243836884#4,2.624254950976132,2
253,198,36289159#2 36935235#0 -269702565#1 -269702565#0 -153730933#1 153730925#0 270968324 270968323#1 153730936#2 153730936#3 201772610 157574535 -36933126#2 -36933126#1 -36933126#0 -1239117024 -394443151#2 -394443151#1 -394443151#0 394443143#0 394443143#1 394443143#2 1238948418#0 1238948418#1 509025806#1 509025806#2 1338884372 1338884371#4 1338884371#5 1338884371#6 1338884371#7 1338884371#8 1338884377 243836884#0 243836884#1 243836884#2 243836884#3 243836884#4,2.729358734750261,3
254,95,165170817 1238426236 165170816 -165170818#8 394443152#0 394443152#1 -394443149#0 165170685#1 -698024153 165172166 165172165#0 165172165#1 165172165#2 1238426243 698024160 -1239117045 -36936749#5 -36936749#4 -36936749#3 -36936749#2 -36936749#1 -36936749#0 319058644 698026761 37088673#0 37088673#1 1239117016#0 1239117016#1 1239117016#2 -36950447#1 -36950447#0 36950586 -319058589#3 -319058589#2 -319058589#1 -319058589#0 -394456379 -36950439#1 -36950439#0 37088258#0 37088258#1 394456378 36950525 1119245069 406210869#0 406210869#1 319058612#0 319058612#1,3.4180854478536404,0
254,95,165170817 165170685#0 165170685#1 -698024153 -1238426242 -165170684#1 -165170684#0 -698024152#1 -698024152#0 1371061470#0 1371061470#1 1371061468 36936590#0 36936590#1 36936590#2 36936590#3 36936590#4 36936590#5 36936590#6 36936590#7 36936590#8 1239117013#1 1239117013#2 36936494#0 36936494#1 36936655#0 36936655#1 36936655#2 36936655#3 36936655#4 36936655#5 36936655#6 319779156#0 319779156#1 319058636 319058644 698026761 39820658#0 39820658#1 39820658#2 -508751758#2 -508751758#1 -508751758#0 -1162674260 37088542 710476024#1 157574536#0 157574536#1 157574536#2 157553237#0 157553237#1 36289599#0 36289599#1 157553231 48955689#0 48955997 159922990 48955996 406210869#0 406210869#1 319058612#0 319058612#1,1.920497573515451,1
254,95,165170817 165170685#0 165170685#1 -698024153 165172166 165172165#0 165172165#1 165172165#2 1238426243 698024160 -1239117045 -36936749#5 -36936749#4 -36936749#3 -36936749#2 -36936749#1 -36936749#0 319058644 698026761 39820658#0 39820658#1 39820658#2 -508751758#2 -508751758#1 -508751758#0 -1162674260 37088542 710476024#1 1239117022#0 1239117022#1 157574537#0 157574537#1 36289394#0 153730941#0 153730941#1 36289599#1 157553231 48955689#0 48955689#1 1119245069 48956015 37050033#1 37055902#0 -37051625#2 -37051625#1 37052277#4 1237352048 1119245070 319058612#0 319058612#1,2.7345866660100144,2
254,95,165170817 165170685#0 165170685#1 -698024153 165172166 165172165#0 165172165#1 165172165#2 1238426243 698024160 -1239117045 -36936749#5 -36936749#4 -36936749#3 -36936749#2 -36936749#1 -36936749#0 319058644 698026761 39820658#0 39820658#1 39820658#2 -508751758#2 -508751758#1 -508751758#0 -1162674260 37088542 710476024#1 157574536#0 157574536#1 157574536#2 157553237#0 157553237#1 36289599#0 36289599#1 157553231 48955689#0 48955689#1 1119245069 48956015 37050033#1 37055902#0 -37051625#2 -37051625#1 37052277#4 1237352048 1119245070 319058612#0 319058612#1,2.4836594242577608,3
254,132,165170817 1238426236 165170681#0 165170681#1 1371061454 319058613#0 319058613#1 319058613#2 165170673#0 165170673#1 165170673#2 1338884371#8 1338884377 243836884#0 243836884#1 243836884#2 243836884#3 243836884#4 243836884#5 39820657#0 39820657#1 719004331 1371061469#0 1371061469#1 698024152#0 698024152#1 165170684#0 165170684#1 1238426242 698024153,0.7958342918525114,0
254,132,165170817 165170685#0 165170685#1 -698024153,0.2158987281017518,1
254,132,165170817 1238426236 165170681#0 165170681#1 -165171783#2 -165171783#1 -165171783#0 165170684#0 165170684#1 1238426242 698024153,0.754643628509719,3
255,199,-650145324#1 -650145324#0 650145330#2 650145330#3 650145327 243704191#2 1239117012#4 1239117012#5 36936616#1 36936616#2 36936616#3 36936616#4 36936616#5 36936616#6 36936480#0 36936480#1 36936480#2 719004327 719004331 1371061469#0 1371061469#1 698024152#0 698024152#1 165170684#0 165170684#1 1238426242 165172166 165172165#0 165172165#1 165172165#2 1238426243 698024160 -1239117045 -36936749#5 -36936749#4,1.8651883222879524,0
255,199,650145324#1 650145324#2 650145324#3 36936655#1 36936655#2 36936655#3 36936655#4 36936655#5 36936655#6 319779156#0 319779156#1 319058636 36936749#0 36936749#1 36936749#2 36936749#3 36936749#4,0.6034305752389494,1
255,199,650145324#1 650145324#2 650145324#3 36936655#1 153732960#0 153732962#0 153732962#1 327342937 394443153#1 202422660#0 202422660#1 202422660#2 319779156#0 319779156#1 319058636 36936749#0 36936749#1 36936749#2 36936749#3 36936749#4,0.9949282322347548,2
255,199,650145324#1 650145324#2 650145324#3 36936655#1 153732960#0 153732962#0 327342936 -153732962#2 327342937 394443153#1 202422660#0 202422660#1 202422660#2 319779156#0 319779156#1 319058636 36936749#0 36936749#1 36936749#2 36936749#3 36936749#4,1.2613548028630064,3
256,60,-319779154 -153730018 153730020#1 153730020#2 153730014#0 153730014#1 -153730013#1 -153730013#0 -153730008#0 36936749#4 36936749#5 319779134 36936867 -165172165#2 -165172165#1 -165172165#0 165172163 -165170684#1 -165172642#2 -165172642#1 -165172642#0,1.8410399733277865,0
256,60,319779154 153730020#2 153730014#0 153730014#1 -153730013#1 -153730013#0 -153730008#0 36936749#4 36936749#5 319779134 36936867 -165172165#2 -165172165#1 -165172165#0 165172163 -165170684#1 -165172642#2 -165172642#1 -165172642#0,1.4433077919023003,1
256,60,319779154 153730020#2 153730020#3 153730008#2 36936749#5 319779134 36936867 -165172165#2 -165172165#1 -165172165#0 165172163 -165170684#1 -165172642#2 -165172642#1 -165172642#0,1.2519866511489162,2
256,60,-319779154 -153730018 153730020#1 153730020#2 153730014#0 153730017 -153730013#0 153730008#1 153730008#2 36936749#5 319779134 36936867 -165172165#2 -165172165#1 -165172165#0 165172163 -165170684#1 -165172642#2 -165172642#1 -165172642#0,1.803498530198592,3
257,172,159922990 48955996 406210869#0 406210869#1 319058612#0 319058612#1 36288941#0 36288941#1 36288941#2 36936373#0 36936373#1 36936373#2 36936373#3 36936373#4 201772610 157574535 -36933126#2 -36933126#1 -36933126#0 -1239117024 -394443151#2 196288048 -394443151#0 394443143#0 394443143#1 394443143#2 1238948418#0 1238948418#1 509025806#1 509025806#2 1338884372 1338884371#4 1338884371#5 1338884371#6 165170683#0 165170683#1 165170683#2 165170683#3 -319058613#2 -165170815#1 -165171448#1 -165171448#0 -165170994#5 -165170994#4,2.906081940370536,1
257,172,159922990 48955996 406210869#0 406210869#1 319058612#0 319058612#1 36288941#0 36288941#1 36288941#2 36936373#0 36936373#1 36936373#2 36936373#3 36936373#4 201772610 157574535 -36933126#2 -36933126#1 -36933126#0 -1239117024 -394443151#2 -394443151#1 -394443151#0 394443143#0 394443143#1 394443143#2 1238948418#0 1238948418#1 509025806#1 509025806#2 1338884372 1338884371#4 1338884371#5 1338884371#6 165170683#0 165170683#1 165170683#2 165170683#3 -319058613#2 -319058613#1 -319058613#0 -165170994#6 -165170994#5 -165170994#4,2.809721841255295,2
257,172,159922990 48955996 48956015 37050033#1 37055902#0 -37051625#2 -37051625#1 37052277#4 1237352048 1119245070 319058612#0 319058612#1 36288941#0 36288941#1 36288941#2 36936373#0 36936373#1 36936373#2 36936373#3 36936373#4 201772610 157574535 -36933126#2 -36933126#1 -36933126#0 -1239117024 -394443151#2 -394443151#1 -394443151#0 394443143#0 394443143#1 394443143#2 1238948418#0 1238948418#1 509025806#1 509025806#2 1338884372 1338884371#4 1338884371#5 1338884371#6 165170683#0 165170683#1 165170683#2 165170683#3 -319058613#2 -319058613#1 -319058613#0 -165170994#6 -165170994#5 -165170994#4,3.302126448886684,3
258,125,-1239117045 -36936749#5 -36936749#4 -36936749#3 -36936749#2 -36936749#1 -36936749#0 319058644 698026761 39820658#0 39820658#1 39820658#2 -508751758#2 -508751758#1 -508751758#0 -1162674260 37088542 710476024#1 1239117022#0 1239117022#1 153730936#0 153730936#1 -270968323#1 -270968324 -153730925#0 -153730933#0 36936373#3 36936373#4 201772610 157574535 -36933126#2 -36933126#1 -36933126#0 -269702559 -36933151#0,1.722020555187268,0
258,125,-1239117045 -36936749#5 -36936749#4 -36936749#3 -36936749#2 -36936749#1 -36936749#0 319058644 698026761 39820658#0 39820658#1 39820658#2 -508751758#2 -508751758#1 -508751758#0 -319058587#2 -319058587#1 -319058587#0 -319058586 -1088466838#1 -1088466838#0 -37088447#2 -37088447#1 -37088447#0 -36933126#2 -36933126#1 -36933126#0 -269702559 -36933151#0,1.3687405295605153,1
258,125,-1239117045 -36936749#5 -36936749#4 -36936749#3 -36936749#2 -36936749#1 -36936749#0 319058644 698026761 39820658#0 39820658#1 39820658#2 -508751758#2 -508751758#1 -508751758#0 -1162674260 37088542 710476024#1 1239117022#0 1239117022#1 153730936#0 153730936#1 -270968323#1 -270968324 153730925#1 153730936#3 201772610 157574535 -36933126#2 -36933126#1 -36933126#0 -269702559 -36933151#0,1.651640342219967,2
258,125,319779134 36936867 -165172165#2 -165172165#1 -165172165#0 165172163 -165170684#1 -165170684#0 165171783#0 165171783#1 165171783#2 1371061454 319058613#0 319058613#1 319058613#2 165170673#0 165170673#1 165170673#2 1338884371#8 1338884371#0 1338884371#1 1338884371#2 1338884373 -509025806#2 -509025806#1 -509025806#0 -1238948418#0 509033674#0 509033674#1 394443151#0 394443151#1 394443151#2 153732964 -269702559 -36933151#0,3.162107141092739,3
259,132,394443147#1 165170818#6 165170818#7 165170818#8 165170817 1238426236 165170681#0 165170681#1 1371061454 -165170994#6 165171448#0 165171448#1 165170815#1 319058613#2 165170673#0 165170673#1 165170673#2 1338884371#8 1338884377 243836884#0 243836884#1 243836884#2 243836884#3 243836884#4 243836884#5 39820657#0 39820657#1 719004331 1371061469#0 1371061469#1 698024152#0 698024152#1 165170684#0 165170684#1 1238426242 698024153,1.0785916712621586,0
259,132,394443147#1 165170818#6 165170818#7 165170818#8 165170817 165170685#0 165170685#1 -698024153,0.3827573794096471,1
259,132,394443147#1 165170818#6 165170818#7 165170818#8 165170817 1238426236 165170681#0 165170681#1 1371061454 319058613#0 319058613#1 319058613#2 165170673#0 165170673#1 165170673#2 1338884371#8 1338884377 243836884#0 243836884#1 243836884#2 243836884#3 243836884#4 243836884#5 39820657#0 39820657#1 719004331 1371061469#0 1371061469#1 698024152#0 698024152#1 165170684#0 165170684#1 1238426242 698024153,0.9626929431604068,2
259,132,-394443147#1 394443147#1 165170818#6 165170818#7 165170818#8 165170817 1238426236 165170681#0 165170681#1 -165171783#2 -165171783#1 -165171783#0 165170684#0 165170684#1 1238426242 698024153,0.9287377009839212,3
260,172,-36289599#1 -36289599#0 -157553237#1 -157553237#0 -157553234 -157574536#1 -157574536#0 -710476024#1 -710476024#0 1162674260 508751758#0 508751758#1 508751758#2 508751757#0 508751757#1 508751757#2 36936541 697740912 319058636 36936749#0 36936749#1 36936749#2 36936749#3 36936749#4 36936749#5 319779134 36936867 -165172165#2 -165172165#1 -165172165#0 165172163 -165170684#1 -165170684#0 165171783#0 165171783#1 165171783#2 1371061454 319058613#0 319058613#1 -165170815#1 -165171448#1 -165171448#0 -165170994#5 -165170994#4,2.2988160641118105,0
260,172,-36289599#1 -36289599#0 -157553237#1 -157553237#0 -157553234 -157574536#1 -157574536#0 -710476024#1 -710476024#0 1162674260 508751758#0 508751758#1 508751758#2 508751757#0 508751757#1 508751757#2 36936541 697740912 319058636 36936749#0 36936749#1 36936749#2 36936749#3 36936749#4 36936749#5 319779134 36936867 -165172165#2 -165172165#1 -165172165#0 165172163 1238426242 698024153 165170686 1238426236 165170681#0 165170681#1 1371061454 -165170994#6 -165170994#5 -165170994#4,1.8608151041886047,1
260,172,-36289599#1 -36289599#0 -157553237#1 -157553237#0 -157553234 -157574536#1 -157574536#0 -710476024#1 -710476024#0 1162674260 508751758#0 508751758#1 508751758#2 508751757#0 508751757#1 508751757#2 36936541 697740912 319058636 36936749#0 36936749#1 36936749#2 36936749#3 153730008#0 153730008#1 153730008#2 36936749#5 319779134 36936867 -165172165#2 -165172165#1 -165172165#0 165172163 -165170684#1 -165170684#0 165171783#0 165171783#1 165171783#2 1371061454 -165170994#6 -165170994#5 -165170994#4,2.070357894320749,2
260,172,-36289599#1 -36289599#0 -157553237#1 -157553237#0 -157553234 -157574536#1 -157574536#0 -710476024#1 -710476024#0 1162674260 508751758#0 508751758#1 508751758#2 508751757#0 508751757#1 508751757#2 36936541 697740912 319058636 36936749#0 36936749#1 36936749#2 36936749#3 36936749#4 36936749#5 319779134 36936867 -165172165#2 -165172165#1 -165172165#0 165172163 -165170684#1 -165170684#0 165171783#0 165171783#1 165171783#2 1371061454 -165170994#6 165171448#0 165171448#1 -165170815#0 165170994#0 165170994#1 165170994#2 165170994#3 165170994#4,2.546644237857912,3
261,110,165172642#2 -165170684#0 165171783#0 165171783#1 165171783#2 1371061454 319058613#0 319058613#1 319058613#2 165170673#0 165170673#1 165170673#2 1338884371#8 1338884377 243836884#0 243836884#1 243836884#2 243836884#3 243836884#4 243836884#5 39820657#0 39820657#1 719004331 1371061469#0 1371061469#1 1371061470#0 1371061470#1 1371061468 36936590#0 36936590#1 36936590#2 36936590#3 36936590#4 36936590#5 36936590#6,1.2828389156410245,0
261,110,165172642#2 -165170684#0 -698024152#1 -698024152#0 1371061470#0 1371061470#1 1371061468 36936590#0 36936590#1 36936590#2 36936590#3 36936590#4 36936590#5 36936590#6,0.4743696345876488,1
261,110,165172642#2 165170684#1 1238426242 698024153 165170686 1238426236 165170681#0 165170681#1 -165171783#2 -165171783#1 -165171783#0 -698024152#1 -698024152#0 1371061470#0 1371061470#1 1371061468 36936590#0 36936590#1 36936590#2 36936590#3 36936590#4 36936590#5 36936590#6,1.2879045517942729,3
262,71,156460683#1 156460683#2 156460683#3 156460683#4 156460683#5 -37054132 -156460681#0 -697704135 -1024000548 -36292830#1 -36292830#0 -36292768#1 -36292768#0 -36291218 -187827281 -187827282#2 -187827283#4 -156466996#1 -156466994#1 -36292142#0 -36292047#3 -156456329 -697624157#0 -168924811 -187827288 -187827289 -697627694#1 -697627694#0 -319058591 -710476923 -314422857 -35802097#5 -35802097#4 -35802097#3 -35802097#2 -35802097#1,3.4755666773548866,0
262,71,-156460683#1 -319058645#1 -319058645#0 -156460691 319058593 -1024000548 -36292830#1 -36292830#0 -36292768#1 -36292768#0 -36291218 -187827281 -187827282#2 -187827283#4 -156466996#1 -156466994#1 -36292142#0 -36292047#3 -36292047#2 -36292047#1 -36292047#0 -168924811 -187827288 -187827289 -697627694#1 -697627694#0 -319058591 -710476923 -314422857 -35802097#5 -35802097#4 -35802097#3 -35802097#2 -35802097#1,2.979892331302571,1
262,71,-156460683#1 -319058645#1 -319058645#0 -156460691 319058593 -1024000548 -36292830#1 394456359#0 394456359#1 -36292768#1 -36292768#0 -36291218 -187827281 -36292324 -36292142#2 -36292142#1 -36292142#0 -36291828#1 -36291828#0 -697624157#1 -697624157#0 -168924811 -187827288 -187827289 -697627694#1 -697627694#0 -319058591 -710476923 -314422857 -35802097#5 -35802097#4 -35802097#3 -35802097#2 -35802097#1,3.043991203392804,2
262,71,-156460683#1 -319058645#1 -319058645#0 -156460691 319058593 -1024000548 -36292830#1 394456359#0 394456359#1 -36292768#1 -36292768#0 -36291218 -187827281 -36292324 -36292142#2 -36292142#1 -156466994#0 -187827283#0 -36292047#3 -156456329 -697624157#0 -168924811 -187827288 -187827289 -697627694#1 -697627694#0 -319058591 -710476923 -314422857 -35802097#5 -35802097#4 -35802097#3 -35802097#2 -35802097#1,3.0611258326224653,3
262,208,156460683#1 156460683#2 156460683#3 156460683#4 156460683#5 -37054132 156460681#1 156460681#2 36293459#0,0.8015718742500599,0
262,208,-156460683#1 -319058645#1 -319058645#0 -156460691 319058593 697704135 156460681#0 156460681#1 156460681#2 36293459#0,0.6592872570194385,1
262,208,-156460683#1 -319058645#1 -319058645#0 -156460691 319058593 697704135 156460681#0 37054132 156460683#6 156460683#7 156460683#8 36293459#0,0.9830693544516438,2
262,208,-156460683#1 156460683#1 156460683#2 156460683#3 156460683#4 156460683#5 -37054132 156460681#1 156460681#2 36293459#0,0.8836813054955603,3
263,139,156460683#8 -156460681#2 -156460681#1 -156460681#0 -319058626 -319058625 -156460677 -394456402#1 -394456402#0 -156460691 319058593 -1024000548 -36292830#1 394456359#0 394456359#1 -36292768#1 -36292768#0 -36291218 -1119243207 -187827274 156466987 187827282#0 -156466994#2 156466996#1 -187827283#3 -36292142#1 -36292142#0 -36292047#3 -156456329 -697624157#0 -168924811 -187827288 -187827289 -697627696 -707542552 319058623#0 319058623#1 1165362990#1 1165362990#2 -710476923 -314422857 -35802097#5 -35802097#4 -35802097#3 -35802097#2 -35802097#1 -35802097#0 -35801597#4 -35801597#3,4.259613176656525,0
263,139,156460683#8 -156460681#2 -156460681#1 -156460681#0 -697704135 -1024000548 -36292830#1 -36292830#0 -36292768#1 -36292768#0 -36291218 -187827281 -36292324 -36292142#2 -36292142#1 -156466994#0 -187827283#0 -36292047#3 -36292047#2 -36292047#1 -36292047#0 -168924811 -187827288 -187827289 -697627694#1 -697627694#0 -319058591 -710476923 -314422857 -35802097#5 -35802097#4 -35802097#3 -35802097#2 -35802097#1 -35802097#0 -35801597#4 -35801597#3,3.2374337279908363,1
263,139,156460683#8 -156460681#2 -156460681#1 -156460681#0 -697704135 -1024000548 -36292830#1 394456359#0 394456359#1 -36292768#1 -36292768#0 -36291218 -187827281 -36292324 -36292142#2 -36292142#1 156466994#1 -156466996#0 -156466997#1 -156466997#0 -36291828#1 -36291828#0 -697624157#1 -697624157#0 -168924811 -187827288 -187827289 -697627694#1 -697627694#0 -319058591 -710476923 -314422857 -35802097#5 -35802097#4 -35802097#3 -35802097#2 -35802097#1 -35802097#0 -35801597#4 -35801597#3,3.3699391275588706,2
263,139,-156460683#8 -156460683#7 -156460683#6 -37054132 -156460681#0 -697704135 -1024000548 -36292830#1 394456359#0 394456359#1 -36292768#1 -36292768#0 -36291218 -187827281 -36292324 -36292142#2 187827283#3 -156466996#1 -156466994#1 -36292142#0 -36292047#3 -156456329 -697624157#0 -168924811 -187827288 -187827289 -697627694#1 -697627694#0 -319058591 -710476923 -314422857 -35802097#5 -35802097#4 -35802097#3 -35802097#2 -35802097#1 -35802097#0 -35801597#4 -35801597#3,3.5677313041847403,3
263,215,156460683#8 -156460681#2 -156460681#1 -156460681#0 -319058626 -319058625 -156460677 -394456402#1 -394456402#0 -156460691 319058593 -1024000548 -36292830#1 -36292830#0 -36292768#1 -36292768#0 -36291218 -187827281 -36292324 -36292142#2 -187827283#2 -187827283#1 -187827283#0 -36292047#3 -156456329 -697624157#0 -168924811 -187827288 -187827289 -697627694#1 -697627694#0 -319058591 -710476923 -314422857 -35802097#5 -35802097#4 -35802097#3 -35802097#2 -35802097#1 -35802097#0 -698018295#3 -35801699#1 -35801699#0 -319058600#0 -319058599 -1238426234#0 918828154#0 918828154#1 35802343#5 243836886#0 243836886#1 -394446873#2,4.369681148197217,0
263,215,156460683#8 36293459#0 36293459#1 36293459#2 36293459#3 36293459#4 36293459#5 36293459#6 36293459#7 36293459#8 36293459#9 36293459#10 37049908 156460679 37052277#1 37052277#2 37052277#3 -37051625#0 -156480737#2 -156480737#1 394456380 37050590 918716574#1 918716574#2 -36936220 36934835#0 36934835#1 36934835#2 -710476653#1 -710476653#0 -394446867#1 -394446867#0 -35802071#2 -35802071#1 -35802071#0 35801882#1 -319058600#1 -319058600#0 -319058599 -1238426234#0 918828154#0 918828154#1 35802343#5 243836886#0 243836886#1 -394446873#2,2.437973767853968,1
263,215,156460683#8 36293459#0 36293459#1 36293459#2 37054066 1119245056 476687231#0 476687231#1 476687231#2 -37051872#1 -37051872#0 36293459#10 37049908 156460679 37052277#1 37052277#2 37052277#3 -37051625#0 -156480737#2 -156480737#1 394456380 37050590 918716574#1 918716574#2 -36936220 36934835#0 36934835#1 36934835#2 332885553 1339478330 319058604#1 319058604#2 -339940214 36285797#1 36284751 -394446867#0 -35802071#2 -35802071#1 -35802071#0 35801882#1 -319058600#1 -319058600#0 -319058599 -1238426234#0 918828154#0 918828154#1 35802343#5 243836886#0 243836886#1 -394446873#2,3.4162495057949323,2
263,215,-156460683#8 -156460683#7 -156460683#6 -37054132 -156460681#0 -697704135 -1024000548 -36292830#1 -36292830#0 -36292768#1 -36292768#0 -36291218 -187827281 -187827282#2 -187827283#4 -156466996#1 -156466994#1 -36292142#0 -36291828#1 -36291828#0 -697624157#1 -697624157#0 -168924811 -187827288 -187827289 -697627694#1 -697627694#0 -319058591 -710476923 -314422857 -35802097#5 -35802097#4 -35802097#3 -35802097#2 -35802097#1 -35802097#0 -698018295#3 -35801699#1 -339700984 -35801597#2 -35801597#1 -35801597#0 -319058599 -1238426234#0 918828154#0 918828154#1 35802343#5 243836886#0 243836886#1 -394446873#2,4.287085755828607,3
264,40,-36293752#3 -36293752#2 -36293752#1 -36293752#0 -36293459#5 -36293459#4 -36293459#3 -36293459#2 -36293459#1 -36293459#0 -156460681#2 -156460681#1 -156460681#0 -697704135 -1024000548 -36292830#1 -36292830#0 -36292768#1 -36292768#0 -36291218 -187827281 -187827282#2 -187827282#1 -187827282#0 -1119245074 -36290738#2 -36290738#1 -36290738#0 187827279 -156466999#1 -156466999#0 156467000#2 156467000#3,2.115238780897528,1
264,40,-36293752#3 -36293752#2 -36293752#1 -36293752#0 -36293459#5 -36293459#4 -36293459#3 -36293459#2 -36293459#1 -36293459#0 -156460681#2 -156460681#1 -156460681#0 -319058626 -319058625 -156460677 -394456402#1 -394456402#0 -156460691 319058593 -1024000548 -36292830#1 -36292830#0 -36292768#1 -36292768#0 -36291218 -1119243207 -187827274 156466987 -1119245074 -36290738#2 -36290738#1 -36290738#0 187827279 -156466999#1 -156466999#0 156467000#2 156467000#3,2.6965982721382287,2
264,40,36293752#3 36293752#4 36293752#5 36293752#6 36293752#7 -476687231#0 -1119245056 -37054066 -36293459#2 -36293459#1 -36293459#0 -156460681#2 -156460681#1 -156460681#0 -697704135 -1024000548 -36292830#1 394456359#0 394456359#1 -36292768#1 -36292768#0 -36291218 -1119243207 -187827274 156466987 -1119245074 -36290738#2 -36290738#1 -36290738#0 187827279 -156466999#1 -156466999#0 156467000#2 156467000#3,2.656713462922966,3
265,152,-394456402#0 -156460691 319058593 -1024000548 -36292830#1 394456359#0 394456359#1 -36292768#1 -36292768#0 -36291218 -1119243207 -187827274 156466987 -1119245074 -36290738#2 -36290738#1 -36290738#0 187827279 36286792#0 156467000#0,1.942920566354692,0
265,152,-394456402#0 -156460691 319058593 -1024000548 -36292830#1 -36292830#0 -36292768#1 -36292768#0 -36291218 -1119243207 -187827274 156466987 -1119245074 -156466997#3 -156466992#1 -156466992#0 187827280#3 187827279 36286792#0 156467000#0,1.930885529157668,1
265,152,-394456402#0 -156460691 319058593 -1024000548 -36292830#1 -36292830#0 -36292768#1 -36292768#0 -36291218 -187827281 -187827282#2 -187827282#1 -187827282#0 -1119245074 -36290738#2 -156466988#3 -156466992#0 187827280#3 187827279 36286792#0 156467000#0,1.742596592272618,2
265,152,-394456402#0 -156460691 319058593 -1024000548 -36292830#1 -36292830#0 -36292768#1 -36292768#0 -36291218 -1119243207 -187827274 156466987 187827282#0 187827282#1 -187827283#4 -156466996#1 -156466996#0 156466997#2 -156466992#1 -156466992#0 187827280#3 187827279 36286792#0 156467000#0,2.1767458603311733,3
266,10,698018295#3 35802097#0 35802097#1 35802097#2 35802097#3 35802097#4 35802097#5 314422857 710476923 319058591 697627694#0 697627694#1 187827289 187827288 168924812 697624157#0 156456329 36292047#3 156466997#0 156466997#1 156466997#2 156466997#3 -36290738#2 -36290738#1 -36290738#0 187827279 36286792#0 36286792#1 187827271 319058598 37640683 187827276,1.53681155687617,0
266,10,698018295#3 35802097#0 35802097#1 35802097#2 35802097#3 35802097#4 35802097#5 314422857 710476923 319058591 697627694#0 697627694#1 187827289 187827288 168924812 697624157#0 697624157#1 187827280#0 187827280#1 187827280#2 187827280#3 187827279 36286792#0 36286792#1 187827271 319058598 37640683 187827276,1.4335238198951286,1
266,10,-698018295#3 -35801699#1 -339700984 35801597#3 35801597#4 35802097#0 35802097#1 35802097#2 35802097#3 35802097#4 35802097#5 314422857 710476923 319058591 697627694#0 697627694#1 187827289 187827288 168924812 697624157#0 697624157#1 36291828#0 156466988#0 156466988#1 156466988#2 -156466992#0 187827280#3 187827279 36286792#0 36286792#1 187827271 319058598 37640683 187827276,2.034267760379889,2
266,10,698018295#3 35802097#0 35802097#1 35802097#2 35802097#3 35802097#4 35802097#5 314422857 710476923 319058591 697627694#0 697627694#1 187827289 187827288 168924812 697624157#0 697624157#1 187827280#0 187827280#1 187827280#2 156466992#0 156466988#3 -36290738#1 -36290738#0 187827279 36286792#0 36286792#1 -156467655#1 -156467655#0 187827278#1 218916675 932810907#0 932810907#1 427935403 697624497 1119245265 156489084#0 156489084#1 1238956371 187827287 1119245264#0 1119245264#1 319058598 37640683 187827276,2.2063503010995618,3
267,2,-319058593 156460691 394456402#0 394456402#1 156460677 319058625 319058626 156460681#0 156460681#1 156460681#2 -156460683#8 -156460683#7 -156460683#6 -156460683#5,0.9869870410367172,0
267,2,-319058593 319058593 697704135 156460681#0 156460681#1 156460681#2 -156460683#8 -156460683#7 -156460683#6 -156460683#5,0.6502999760019198,1
267,2,319058593 697704135 156460681#0 37054132 -156460683#5,0.3685985121190305,2
267,2,-319058593 319058593 697704135 -319058626 -319058625 -156460688 -394456402#1 -394456402#0 319058645#0 319058645#1 156460683#1 156460683#2 156460683#3 156460683#4 156460683#5,1.01871250299976,3
268,78,319058598 37640683 187827276 352492431 187827275 156466987 187827282#0 187827282#1 -187827283#4 -187827283#3 36292142#2 36292142#3 187827281 36291218 36292768#0 36292768#1 36292768#2 36292830#1 36292830#2 697704135 156460681#0 156460681#1 156460681#2 36293459#0 36293459#1 36293459#2 37054066,2.23884689224862,0
268,78,319058598 37640683 187827276 352492431 187827275 156466987 187827282#0 187827282#1 187827282#2 187827281 36291218 36292768#0 36292768#1 36292768#2 36292830#1 36292830#2 697704135 156460681#0 156460681#1 156460681#2 36293459#0 36293459#1 36293459#2 37054066,2.112592992560596,1
268,78,319058598 37640683 155153635#0 -156467656#1 -156467657 36936423#1 36936423#2 36936423#3 36936423#4 36936423#5 36936423#6 36936423#7 698018294#0 698018294#1 1238956370 698018293 -36936220 39820661#0 39820661#1 36934854#0 36934854#1 -918716575 918716573 156480737#0 156480737#1 156480737#2 37051625#0 -37052277#3 -37052277#2 -37052277#1 -37052277#0 -37049908 -36293459#10 -36293459#9 -36293459#8 -36293459#7 -36293459#6 -36293459#5 -36293459#4 -36293459#3 37054066,2.055635680006577,2
268,78,319058598 37640683 187827276 352492431 187827275 187827274 1119243207 36291218 36292768#0 36292768#1 36292768#2 36292830#1 36292830#2 -319058593 156460691 394456402#0 394456402#1 156460677 319058625 319058626 156460681#0 156460681#1 156460681#2 36293459#0 36293459#1 36293459#2 37054066,2.602567794576433,3
269,2,36936423#6 36936423#7 698018294#0 698018294#1 1238956370 36935056 36935040#0 36935040#1 36935040#2 36935040#3 1238956371 187827287 1119245264#0 1119245264#1 36936423#0 156467657 156467656#1 155153635#1 155153635#2 155153635#3 155153635#4 187827275 187827274 1119243207 36291218 36292768#0 36292768#1 -394456359#1 -394456359#0 36292830#1 36292830#2 697704135 156460681#0 37054132 -156460683#5,2.9580344304748536,0
269,2,36936423#6 36936423#7 698018294#0 698018294#1 1238956370 36935056 36935040#0 36935040#1 36935040#2 36935040#3 1238956371 187827287 1119245264#0 1119245264#1 319058598 37640683 187827276 352492431 187827275 156466987 187827282#0 187827282#1 187827282#2 187827281 36291218 36292768#0 36292768#1 36292768#2 36292830#1 36292830#2 697704135 156460681#0 37054132 -156460683#5,2.7728172478494635,1
269,2,36936423#6 36936423#7 698018294#0 698018294#1 1238956370 36935056 36935040#0 36935040#1 36935040#2 36935040#3 1238956371 187827287 1119245264#0 1119245264#1 319058598 37640683 187827276 352492431 187827275 156466987 187827282#0 187827282#1 187827282#2 187827281 36291218 36292768#0 36292768#1 -394456359#1 -394456359#0 36292830#1 36292830#2 697704135 156460681#0 37054132 -156460683#5,2.7832924098365046,2
269,2,36936423#6 36936423#7 698018294#0 698018294#1 1238956370 36935056 36935040#0 36935040#1 36935040#2 36935040#3 1238956371 187827287 1119245264#0 1119245264#1 319058598 37640683 187827276 352492431 187827275 187827274 1119243207 36291218 36292768#0 36292768#1 -394456359#1 -394456359#0 36292830#1 36292830#2 -319058593 156460691 319058645#0 319058645#1 156460683#1 156460683#2 156460683#3 156460683#4 156460683#5,3.142195697573486,3
270,71,319058625 319058626 156460681#0 37054132 -156460683#5 -156460683#4 -156460683#3 -156460683#2 -156460683#1 -319058645#1 -319058645#0 -156460691 319058593 -1024000548 -36292830#1 -36292830#0 -36292768#1 -36292768#0 -36291218 -1119243207 -187827274 156466987 187827282#0 -156466994#2 -156466994#1 -36292142#0 -36292047#3 -156456329 -697624157#0 -168924811 -187827288 -187827289 -697627694#1 -697627694#0 -319058591 -710476923 -314422857 -35802097#5 -35802097#4 -35802097#3 -35802097#2 -35802097#1,3.894333176034992,0
270,71,319058625 319058626 -697704135 -1024000548 -36292830#1 -36292830#0 -36292768#1 -36292768#0 -36291218 -187827281 -36292324 -36292142#2 -36292142#1 -36292142#0 -36292047#3 -156456329 -697624157#0 -168924811 -187827288 -187827289 -697627694#1 -697627694#0 -319058591 -710476923 -314422857 -35802097#5 -35802097#4 -35802097#3 -35802097#2 -35802097#1,2.838645631038593,1
270,71,319058625 319058626 -697704135 -1024000548 -36292830#1 394456359#0 394456359#1 -36292768#1 -36292768#0 -36291218 -187827281 -36292324 -36292142#2 -187827283#2 -187827283#1 156466994#0 -36292142#0 -36291828#1 -36291828#0 -697624157#1 -697624157#0 -168924811 -187827288 -187827289 -697627694#1 -697627694#0 -319058591 -710476923 -314422857 -35802097#5 -35802097#4 -35802097#3 -35802097#2 -35802097#1,2.8840140015689504,2
270,71,319058625 -319058625 -156460677 -394456402#1 -394456402#0 -156460691 319058593 -1024000548 -36292830#1 -36292830#0 -36292768#1 -36292768#0 -36291218 -187827281 -36292324 -36292142#2 -187827283#2 -187827283#1 -187827283#0 -36292047#3 -36292047#2 -36292047#1 -36292047#0 -168924811 -187827288 -187827289 -697627694#1 -697627694#0 -319058591 -710476923 -314422857 -35802097#5 -35802097#4 -35802097#3 -35802097#2 -35802097#1,3.109037999649104,3
271,2,-156460677 1238948417 319058625 319058626 156460681#0 156460681#1 156460681#2 -156460683#8 -156460683#7 -156460683#6 -156460683#5,0.9650047996160308,0
271,2,1238948417 319058625 319058626 156460681#0 156460681#1 156460681#2 -156460683#8 -156460683#7 -156460683#6 -156460683#5,0.7663486921046315,1
271,2,1238948417 319058625 319058626 156460681#0 37054132 -156460683#5,0.5148488120950323,2
271,2,1238948417 319058625 319058626 -697704135 -319058593 156460691 319058645#0 319058645#1 156460683#1 156460683#2 156460683#3 156460683#4 156460683#5,0.9965742740580752,3
272,71,-187827283#2 -187827283#1 -187827283#0 -36291828#1 -36291828#0 -697624157#1 -697624157#0 -168924811 -187827288 -187827289 -697627694#1 -697627694#0 -319058591 -710476923 -314422857 -35802097#5 -35802097#4 -35802097#3 -35802097#2 -35802097#1,1.36623742369518,0
272,71,187827283#2 -36292142#1 -36292142#0 -36292047#3 -36292047#2 -36292047#1 -36292047#0 -168924811 -187827288 -187827289 -697627694#1 -697627694#0 -319058591 -710476923 -314422857 -35802097#5 -35802097#4 -35802097#3 -35802097#2 -35802097#1,1.292143351220978,1
272,71,187827283#2 -36292142#1 -36292142#0 -36292047#3 -156456329 -697624157#0 -168924811 -187827288 -187827289 -697627694#1 -697627694#0 -319058591 -710476923 -314422857 -35802097#5 -35802097#4 -35802097#3 -35802097#2 -35802097#1,1.34801088181853,2
272,71,-187827283#2 -187827283#1 156466994#0 -36292142#0 -36292047#3 -156456329 -697624157#0 -168924811 -187827288 -187827289 -697627694#1 -697627694#0 -319058591 -710476923 -314422857 -35802097#5 -35802097#4 -35802097#3 -35802097#2 -35802097#1,1.3737728208634064,3
273,213,-187827282#1 -187827282#0 -1119245074 -36290738#2 -156466988#3 -156466992#0 187827280#3 187827279 36286792#0 36286792#1 187827271 36936423#0 36936423#1 36936423#2 36936423#3 36936423#4 36936423#5 36936423#6 36936423#7 698018294#0 698018294#1 1238956370 698018293 -36936220 36934835#0 36934835#1 36934835#2,1.2448415507311634,1
273,213,-187827282#1 -187827282#0 -1119245074 -36290738#2 -36290738#1 -36290738#0 187827279 36286792#0 36286792#1 187827271 36936423#0 36936423#1 36936423#2 36936423#3 36936423#4 36936423#5 36936423#6 36936423#7 698018294#0 698018294#1 1238956370 698018293 -36936220 36934835#0 36934835#1 36934835#2,1.2458854672178443,2
273,213,-187827282#1 187827282#1 -187827283#4 -156466996#1 -156466996#0 156466997#2 -156466992#1 -156466992#0 187827280#3 187827279 36286792#0 36286792#1 187827271 36936423#0 36936423#1 36936423#2 36936423#3 36936423#4 36936423#5 36936423#6 36936423#7 698018294#0 698018294#1 1238956370 698018293 -36936220 36934835#0 36934835#1 36934835#2,1.4933896668818716,3
274,78,-1238426234#0 1238426234#0 1238426234#1 319058600#0 35801699#0 35801699#1 698018295#3 35802097#0 35802097#1 35802097#2 35802097#3 35802097#4 35802097#5 314422857 710476923 319058591 697627694#0 697627694#1 187827289 1119245073 155153634#0 155153634#1 155153634#2 1119243206 36292768#0 36292768#1 36292768#2 36292830#1 36292830#2 697704135 156460681#0 37054132 156460683#6 156460683#7 156460683#8 36293459#0 36293459#1 36293459#2 37054066,4.329105443473285,0
274,78,1238426234#0 1238426234#1 319058600#0 35801699#0 35801699#1 698018295#3 35802097#0 35802097#1 35802097#2 35802097#3 35802097#4 35802097#5 314422857 710476923 319058591 697627694#0 697627694#1 187827289 1119245073 155153634#0 155153634#1 155153634#2 1119243206 36292768#0 36292768#1 -394456359#1 -394456359#0 36292830#1 36292830#2 697704135 156460681#0 156460681#1 156460681#2 36293459#0 36293459#1 36293459#2 37054066,3.9696382008526943,1
274,78,1238426234#0 1238426234#1 319058600#0 319058600#1 35801882#2 35801882#3 35801882#4 35802071#0 35802071#1 35802071#2 36288851#0 36288851#1 36284386#0 36284386#1 36284386#2 36284386#3 36284386#4 36284386#5 36284386#6 36934854#0 36934854#1 -918716575 918716573 156480737#0 156480737#1 156480737#2 37051625#0 -37052277#3 -37052277#2 -37052277#1 -37052277#0 -37049908 -36293459#10 37051872#0 37051872#1 -476687231#2 -476687231#1 -476687231#0 -1119245056 -37054066,2.4728051683922847,2
275,1,-551044539 -551044538#0 -35802097#1 -35802097#0 -698018295#3 -698018295#2 -698018295#1 -698018295#0 -339940214 -36285797#0 35802071#1 35802071#2 394446867#0 394446867#1 710476653#0 710476653#1 710476654 -36934835#1 -36934835#0 36936220 37051113#0 37051113#1 1119245072 37056055#1 319058606 37052930,1.5379732598582994,0
275,1,-551044539 -551044538#0 -35802097#1 -35802097#0 -698018295#3 -698018295#2 -698018295#1 -698018295#0 -1339478328#0 -319058604#1 -319058604#0 332885552 710476653#0 710476653#1 710476654 -36934835#1 -36934835#0 36936220 37051113#0 37051113#1 1119245072 37056055#1 319058606 37052930,1.3931088490111672,1
275,1,-551044539 -551044538#0 -35802097#1 -35802097#0 -698018295#3 -698018295#2 -698018295#1 -698018295#0 -339940214 36285797#1 36284751 394446867#1 710476653#0 710476653#1 710476654 -36934835#1 -36934835#0 36936220 37051113#0 37051113#1 1119245072 37056055#1 319058606 37052930,1.459871507998448,2
275,1,-551044539 -551044538#0 -35802097#1 -35802097#0 -35801597#4 -35801597#3 339700984 35801699#1 -698018295#2 215094374 -698018295#0 -1339478328#0 -319058604#1 -319058604#0 332885554 710476653#1 710476654 -36934835#1 -36934835#0 36936220 37051113#0 37051113#1 1119245072 37056055#1 319058606 37052930,2.054423943803584,3
276,27,327343097#1 -327343082 -35801597#3 339700984 35801699#1 -698018295#2 215094374 -698018295#0 -1339478328#0 -319058604#1 -319058604#0 332885554 710476653#1 710476654 -36934835#1 -36934835#0 39820661#0 39820661#1 36934854#0 36934854#1 -918716575 918716573 156480737#0 156480737#1 156480737#2 37051625#0 -37052277#3 -37052277#2 -37052277#1 -37052277#0 -1024000539#2 -1024000539#1 156460680#1 -1119245060#2 -1119245060#1 -1119245060#0 -36293459#10 -36293459#9 -36293459#8,2.5489030805593105,0
276,27,327343097#1 -327343082 35801597#4 -698018295#3 -698018295#2 -698018295#1 -698018295#0 -1339478328#0 -319058604#1 -319058604#0 332885554 710476653#1 710476654 -36934835#1 -36934835#0 39820661#0 39820661#1 36934854#0 36934854#1 -918716575 918716573 156480737#0 156480737#1 156480737#2 37051625#0 -37052277#3 -37052277#2 -37052277#1 -37052277#0 -37049908 -36293459#10 -36293459#9 -36293459#8,2.0243050484018834,1
276,27,327343097#2 327343097#1 -327343082 35801597#4 -698018295#3 -698018295#2 -698018295#1 -698018295#0 -1339478328#0 -319058604#1 -36285797#2 36284751 394446867#1 710476653#0 710476653#1 710476654 -36934835#1 -36934835#0 39820661#0 39820661#1 36934854#0 36934854#1 -918716575 918716573 156480737#0 156480737#1 156480737#2 37051625#0 -37052277#3 -37052277#2 -37052277#1 -37052277#0 -37049908 -36293459#10 -36293459#9 -36293459#8,2.124641021524033,2
276,27,327343097#1 -327343082 35801597#4 -698018295#3 -698018295#2 215094374 -698018295#0 -1339478328#0 -319058604#1 -319058604#0 332885554 -710476653#0 -394446867#1 -394446867#0 36288851#0 36288851#1 36284386#0 36284386#1 36284386#2 36284386#3 36284386#4 36284386#5 36284386#6 36934854#0 36934854#1 -918716575 918716573 156480737#0 156480737#1 156480737#2 37051625#0 -37052277#3 -37052277#2 -37052277#1 -37052277#0 -37049908 -36293459#10 -36293459#9 -36293459#8,2.524473034962958,3
277,214,-339701637 35801597#2 35801597#3 35801597#4 -698018295#3 -698018295#2 215094374 -698018295#0 -1339478328#0 -319058604#1 -319058604#0 332885554 710476653#1 710476654 -36934835#1 -36934835#0 39820661#0 39820661#1 36934854#0 -156480752 -1109771198#1 -1109771198#0 -36936392#1 -36936392#0 -36288941#0 270968317#0 270968317#1 48955998 313248247 48956000 406210869#1 319058612#0,1.890706214249935,1
277,214,-339701637 35801597#2 339700984 -35801699#0 319058600#1 35801882#2 35801882#3 35801882#4 35802071#0 36285797#0 36285797#1 36284751 394446867#1 710476653#0 710476653#1 710476654 -36934835#1 -36934835#0 39820661#0 39820661#1 36934854#0 36934854#1 -918716575 918716573 156480737#0 156480737#1 156480737#2 37051625#0 37052277#4 1237352048 1119245070 319058612#0,2.2121800184042826,2
277,214,339701637 -339701637 35801597#2 339700984 35801699#1 -698018295#2 -698018295#1 -698018295#0 -339940214 -36284844 394446867#0 394446867#1 710476653#0 710476653#1 710476654 -36934835#1 -36934835#0 39820661#0 39820661#1 36934854#0 36934854#1 -918716575 918716573 156480737#0 156480737#1 156480737#2 37051625#0 37052277#4 1237352048 1119245070 319058612#0,2.5367660515216333,3
278,216,-156480737#1 394456380 37050590 918716574#1 918716574#2 -36936220 36934835#0 36934835#1 36934835#2 332885553 1339478330 319058604#1 319058604#2 1339478328#1 -215094374 698018295#2 698018295#3 -35801597#4 -35801597#3 -35801597#2 -35801597#1 -35801597#0 -319058599 -1238426234#0 918828154#0 918828154#1 35802343#5 35802343#6 35802343#7 -394446872#1 -394446869 -394446873#0,2.378512524753416,0
278,216,-156480737#1 394456380 37050590 918716574#1 918716574#2 -36936220 36934835#0 36934835#1 36934835#2 -710476653#1 -710476653#0 -394446867#1 -394446867#0 -35802071#2 -35802071#1 -35802071#0 35801882#1 -319058600#1 -319058600#0 -319058599 -1238426234#0 918828154#0 918828154#1 35802343#5 243836886#0 243836886#1 -394446873#2 -394446873#1 -394446873#0,1.6892276675419924,1
278,216,-156480737#1 394456380 37050590 918716574#1 918716574#2 -36936220 36934835#0 36934835#1 36934835#2 332885553 1339478330 -36285797#2 36284751 -394446867#0 36284844 -36285797#0 -35802071#0 35801882#1 -319058600#1 -319058600#0 -319058599 -1238426234#0 918828154#0 918828154#1 35802343#5 243836886#0 243836886#1 -394446873#2 -394446873#1 -394446873#0,1.947746985996516,2
278,216,-156480737#1 394456380 37050590 918716574#1 918716574#2 -36936220 36934835#0 36934835#1 36934835#2 -710476653#1 -710476653#0 -394446867#1 -394446867#0 -35802071#2 -35802071#1 36285797#0 339940214 1339478328#1 -215094374 698018295#2 698018295#3 -35801597#4 -35801597#3 -35801597#2 -35801597#1 -35801597#0 -319058599 -1238426234#0 918828154#0 918828154#1 35802343#5 35802343#6 35802343#7 -394446872#1 -394446869 -394446873#0,2.514389654583029,3
279,71,-187827282#0 -1119245074 -156466997#3 -156466997#2 -156466997#1 -156466997#0 -36291828#1 -36291828#0 -697624157#1 -697624157#0 -168924811 -187827288 -187827289 -697627694#1 -697627694#0 -319058591 -710476923 -314422857 -35802097#5 -35802097#4 -35802097#3 -35802097#2 -35802097#1,1.3000027224712778,0
279,71,-187827282#0 187827282#0 -156466994#2 -156466996#0 -156466997#1 -156466997#0 -36292047#3 -156456329 -697624157#0 -168924811 -187827288 -187827289 -697627694#1 -697627694#0 -319058591 -710476923 -314422857 -35802097#5 -35802097#4 -35802097#3 -35802097#2 -35802097#1,1.3403674932896124,1
279,71,187827282#0 -156466994#2 -156466994#1 -36292142#0 -36292047#3 -36292047#2 -36292047#1 -36292047#0 -168924811 -187827288 -187827289 -697627694#1 -697627694#0 -319058591 -710476923 -314422857 -35802097#5 -35802097#4 -35802097#3 -35802097#2 -35802097#1,1.261281820143464,2
279,71,187827282#0 -156466994#2 156466996#1 -187827283#3 -36292142#1 -156466994#0 -187827283#0 -36292047#3 -156456329 -697624157#0 -168924811 -187827288 -187827289 -697627694#1 -697627694#0 -319058591 -710476923 -314422857 -35802097#5 -35802097#4 -35802097#3 -35802097#2 -35802097#1,1.5194171693155305,3
280,172,-37053056#2 37053056#2 37053056#3 37053056#4 37053056#5 37053056#6 37053056#7 37053056#8 37053056#9 -270968320 37052930 698018294#0 698018294#1 1238956370 698018293 -36936220 39820661#0 39820661#1 36934854#0 -156480752 -1109771198#1 -1109771198#0 -36936392#1 -36936392#0 36288941#1 36288941#2 36936373#0 36936373#1 36936373#2 36936373#3 36936373#4 201772610 157574535 -36933126#2 -36933126#1 -36933126#0 -1239117024 -394443151#2 196288048 -394443151#0 394443143#0 394443143#1 394443143#2 1238948418#0 1238948418#1 509025806#1 509025806#2 1338884372 1338884371#4 1338884374 1338884375 1338884371#6 165170683#0 165170683#1 165170683#2 165170683#3 -319058613#2 -165170815#1 -165170815#0 165170994#0 165170994#1 165170994#2 165170994#3 165170994#4,4.404244768153811,0
280,172,-37053056#2 37053056#2 37053056#3 37053056#4 37053056#5 37053056#6 37053056#7 37053056#8 37053056#9 -270968320 37052930 698018294#0 698018294#1 1238956370 698018293 -36936220 39820661#0 39820661#1 36934854#0 -156480752 1057740871#0 1057740871#1 36934860#0 36934860#1 36934860#2 36934860#3 1339510612#0 1339510612#1 1339510612#2 36936373#0 36936373#1 36936373#2 36936373#3 36936373#4 201772610 157574535 -36933126#2 -36933126#1 -36933126#0 -1239117024 -394443151#2 196288048 -394443151#0 394443143#0 394443143#1 394443143#2 1238948418#0 1238948418#1 509025806#1 509025806#2 1338884372 1338884371#4 1338884374 1338884375 1338884371#6 165170683#0 165170683#1 165170683#2 165170683#3 -319058613#2 -319058613#1 -319058613#0 -165170994#6 -165170994#5 -165170994#4,3.86176816628196,1
280,172,37053056#2 37053056#3 37053056#4 37053056#5 37053056#6 37053056#7 37053056#8 37053056#9 -270968320 37052930 698018294#0 698018294#1 1238956370 698018293 -36936220 36934835#0 36934835#1 36934835#2 -710476653#1 -710476653#0 -394446867#1 -394446867#0 36288851#0 36288851#1 36288851#2 36288851#3 275506498 269702543 269702544 201772610 157574535 -36933126#2 -36933126#1 -36933126#0 -1239117024 -394443151#2 -394443151#1 -394443151#0 394443143#0 394443143#1 394443143#2 1238948418#0 1238948418#1 509025806#1 509025806#2 1338884372 1338884371#4 1338884374 1338884375 1338884371#6 165170683#0 165170683#1 165170683#2 165170683#3 -319058613#2 -165170815#1 -165171448#1 -165171448#0 -165170994#5 -165170994#4,4.320669829844066,2
280,172,37053056#2 37053056#3 37053056#4 37053056#5 37053056#6 37053056#7 37053056#8 37053056#9 -270968320 37052930 698018294#0 698018294#1 1238956370 698018293 -36936220 36934835#0 36934835#1 36934835#2 332885553 332885552 -394446867#1 -394446867#0 36288851#0 36288851#1 36284386#0 -36933306 -36933307#0 275506498 269702543 269702544 201772610 157574535 -36933126#2 -36933126#1 -36933126#0 -1239117024 -394443151#2 -394443151#1 -394443151#0 394443143#0 394443143#1 394443143#2 1238948418#0 1238948418#1 509025806#1 509025806#2 1338884372 1338884371#4 1338884371#5 1338884371#6 165170683#0 165170683#1 165170683#2 165170683#3 -319058613#2 -319058613#1 -319058613#0 -165170994#6 -165170994#5 -165170994#4,4.398786037793156,3
281,66,698018293 -36936220 36934835#0 36934835#1 36934835#2 332885553 1339478330 319058604#1 319058604#2 1339478328#1 698018295#1 698018295#2 698018295#3 -35801597#4 -35801597#3 339700984 -35801699#0 319058600#1 35801882#2 56080984 -550211682 319058640 39820664#3 39820664#4 39820664#5 39820664#6 39820664#7 36933156 36933151#0 36933151#1 -1239117024 -394443151#2 -394443151#1 -394443151#0 394443143#0 394443143#1 394443143#2 1238948418#0 1238948418#1 509025806#1 509025806#2 1338884372 1338884371#4 1338884371#5 1338884371#6 165170683#0 165170683#1 165170683#2 165170683#3 -319058613#2 -319058613#1 -165171782,3.485667940204292,0
281,66,698018293 -36936220 39820661#0 39820661#1 36936236#0 36936236#1 36934860#0 36934860#1 36934860#2 36934860#3 1339510612#0 1339510612#1 1339510612#2 36936373#0 36936373#1 36936373#2 36936373#3 36936373#4 201772610 157574535 -36933126#2 -36933126#1 -36933126#0 -1239117024 -394443151#2 196288048 -394443151#0 394443143#0 394443143#1 394443143#2 1238948418#0 1238948418#1 509025806#1 509025806#2 1338884372 1338884371#4 1338884371#5 1338884371#6 165170683#0 165170683#1 165170683#2 165170683#3 -319058613#2 -319058613#1 -165171782,2.76813504094842,1
281,66,698018293 -36936220 36934835#0 36934835#1 36934835#2 332885553 332885552 -394446867#1 -394446867#0 36288851#0 36288851#1 36288851#2 36288851#3 275506498 269702543 269702544 201772610 157574535 -36933126#2 -36933126#1 -36933126#0 -1239117024 -394443151#2 196288048 -394443151#0 394443143#0 394443143#1 394443143#2 1238948418#0 1238948418#1 509025806#1 509025806#2 1338884372 1338884371#4 1338884374 1338884375 1338884371#6 165170683#0 165170683#1 165170683#2 165170683#3 -319058613#2 -319058613#1 -165171782,3.395076611995373,2
281,66,698018293 -36936220 36934835#0 36934835#1 36934835#2 332885553 332885554 -710476653#0 -394446867#1 -394446867#0 36288851#0 36288851#1 36284386#0 -36933306 -36933307#0 275506498 269702543 269702544 201772610 157574535 -36933126#2 -36933126#1 -36933126#0 -1239117024 -394443151#2 -394443151#1 -394443151#0 394443143#0 394443143#1 394443143#2 1238948418#0 1238948418#1 509025806#1 509025806#2 1338884372 1338884371#4 1338884371#5 1338884371#6 165170683#0 165170683#1 165170683#2 165170683#3 -319058613#2 -319058613#1 -165171782,3.492971429732509,3
282,152,-35802097#1 -35802097#0 -698018295#3 -698018295#2 -698018295#1 -698018295#0 -1339478328#0 -319058604#1 -319058604#0 332885552 710476653#0 710476653#1 710476654 -36934835#1 -36934835#0 36936220 37051113#0 37051113#1 1119245072 37056055#1 319058606 37052930 698018294#0 698018294#1 1238956370 36935056 36935040#0 36935040#1 36935040#2 36935040#3 1238956371 187827287 1119245264#0 1119245264#1 319058598 187827272 36286792#0 156467000#0,2.132572467431897,0
282,152,35802097#1 35802097#2 35802097#3 35802097#4 35802097#5 314422857 710476923 319058591 697627694#0 697627694#1 187827289 187827288 168924812 697624157#0 697624157#1 36291828#0 156466988#0 -156466990 187827280#1 187827280#2 187827280#3 187827279 36286792#0 156467000#0,1.339679327454524,1
282,152,35802097#1 35802097#2 35802097#3 35802097#4 35802097#5 314422857 710476923 319058591 697627694#0 697627694#1 187827289 187827288 168924812 697624157#0 697624157#1 187827280#0 187827280#1 187827280#2 187827280#3 187827279 36286792#0 156467000#0,1.3005864548843296,2
282,152,35802097#1 35802097#2 35802097#3 35802097#4 35802097#5 314422857 710476923 319058591 697627694#0 697627694#1 187827289 187827288 168924812 697624157#0 697624157#1 187827280#0 156466990 156466988#1 156466988#2 156466988#3 -36290738#1 -36290738#0 187827279 36286792#0 156467000#0,1.353070256180226,3
283,10,-327343096 327343097#1 -327343082 35801597#4 -698018295#3 -698018295#2 -698018295#1 -698018295#0 -339940214 -36284844 394446867#0 394446867#1 710476653#0 710476653#1 710476654 -36934835#1 -36934835#0 36936220 37051113#0 37051113#1 1119245072 37056055#1 319058606 37052930 698018294#0 698018294#1 1238956370 36935056 36935040#0 36935040#1 36935040#2 36935040#3 1238956371 187827287 1119245264#0 1119245264#1 319058598 37640683 187827276,2.631120583582605,0
283,10,-327343096 327343097#1 -327343082 35801597#4 35802097#0 35802097#1 35802097#2 35802097#3 35802097#4 35802097#5 314422857 710476923 319058591 697627694#0 697627694#1 187827289 187827288 168924812 697624157#0 697624157#1 187827280#0 187827280#1 187827280#2 187827280#3 187827279 36286792#0 36286792#1 187827271 319058598 37640683 187827276,1.9632094450451163,1
283,10,327343096 -327343096 327343097#1 -327343082 35801597#4 35802097#0 35802097#1 35802097#2 35802097#3 35802097#4 35802097#5 314422857 710476923 -1165362989 -1165362990#1 -1165362990#0 -319058623#0 707542552 697627696 187827289 187827288 168924812 697624157#0 697624157#1 187827280#0 156466990 156466988#1 156466988#2 -156466992#0 187827280#3 187827279 36286792#0 36286792#1 187827271 319058598 37640683 187827276,2.338250664769122,2
283,10,-327343096 327343097#1 -327343082 -35801597#3 339700984 35801699#1 698018295#3 35802097#0 35802097#1 35802097#2 35802097#3 35802097#4 35802097#5 314422857 710476923 319058591 697627694#0 697627694#1 187827289 187827288 168924812 697624157#0 697624157#1 36291828#0 36291828#1 156466997#0 156466997#1 156466997#2 -156466992#1 -156466992#0 187827280#3 187827279 36286792#0 36286792#1 187827271 319058598 37640683 187827276,2.354114172666907,3
284,125,-394446873#1 394446869 394446872#1 35802343#1 35802343#2 35802343#3 918828156#0 918828156#1 1238426234#0 1238426234#1 319058600#0 319058600#1 35801882#2 56080984 -550211682 319058640 39820664#3 39820664#4 39820664#5 39820664#6 39820664#7 36933156 36933151#0,1.1320554355651549,1
284,125,-394446873#1 -394446873#0 -599886761#1 -648178452#2 -648178452#1 -648178452#0 648178453#1 648178453#2 1079723597#0 1079723597#1 648178453#4 648178451 648178450#1 394443151#0 394443151#1 394443151#2 153732964 -269702559 -36933151#0,2.381877611660315,2
284,125,-394446873#1 -394446873#0 -599886761#1 -648178452#2 -648178452#1 -648178452#0 648178453#1 648178453#2 1079723597#0 1079723597#1 648178453#4 648178451 648178450#1 394443151#0 -196288048 394443151#2 153732964 -269702559 -36933151#0,2.400555925318392,3
